Inventory_ID,Store_ID,Product_ID,Stock,Reorder_Level,Last_Updated
INV000001,STR001,PROD0001,84,73,2025-06-30
INV000002,STR001,PROD0002,353,73,2025-06-30
INV000003,STR001,PROD0003,325,56,2025-06-30
INV000004,STR001,PROD0004,245,47,2025-06-30
INV000005,STR001,PROD0005,405,80,2025-06-30
INV000006,STR001,PROD0006,413,85,2025-06-30
INV000007,STR001,PROD0007,93,84,2025-06-30
INV000008,STR001,PROD0008,270,50,2025-06-30
INV000009,STR001,PROD0009,403,20,2025-06-30
INV000010,STR001,PROD0010,7,67,2025-06-30
INV000011,STR001,PROD0011,477,94,2025-06-30
INV000012,STR001,PROD0012,219,28,2025-06-30
INV000013,STR001,PROD0013,74,49,2025-06-30
INV000014,STR001,PROD0014,471,49,2025-06-30
INV000015,STR001,PROD0015,355,25,2025-06-30
INV000016,STR001,PROD0016,223,72,2025-06-30
INV000017,STR001,PROD0017,315,76,2025-06-30
INV000018,STR001,PROD0018,17,62,2025-06-30
INV000019,STR001,PROD0019,276,83,2025-06-30
INV000020,STR001,PROD0020,355,34,2025-06-30
INV000021,STR001,PROD0021,332,67,2025-06-30
INV000022,STR001,PROD0022,11,39,2025-06-30
INV000023,STR001,PROD0023,379,31,2025-06-30
INV000024,STR001,PROD0024,63,22,2025-06-30
INV000025,STR001,PROD0025,232,40,2025-06-30
INV000026,STR001,PROD0026,282,63,2025-06-30
INV000027,STR001,PROD0027,205,82,2025-06-30
INV000028,STR001,PROD0028,77,43,2025-06-30
INV000029,STR001,PROD0029,340,24,2025-06-30
INV000030,STR001,PROD0030,240,50,2025-06-30
INV000031,STR001,PROD0031,38,45,2025-06-30
INV000032,STR001,PROD0032,106,94,2025-06-30
INV000033,STR001,PROD0033,373,29,2025-06-30
INV000034,STR001,PROD0034,62,91,2025-06-30
INV000035,STR001,PROD0035,243,91,2025-06-30
INV000036,STR001,PROD0036,423,69,2025-06-30
INV000037,STR001,PROD0037,102,63,2025-06-30
INV000038,STR001,PROD0038,472,38,2025-06-30
INV000039,STR001,PROD0039,454,88,2025-06-30
INV000040,STR001,PROD0040,209,57,2025-06-30
INV000041,STR001,PROD0041,186,77,2025-06-30
INV000042,STR001,PROD0042,256,69,2025-06-30
INV000043,STR001,PROD0043,162,82,2025-06-30
INV000044,STR001,PROD0044,197,54,2025-06-30
INV000045,STR001,PROD0045,13,31,2025-06-30
INV000046,STR001,PROD0046,81,83,2025-06-30
INV000047,STR001,PROD0047,1,82,2025-06-30
INV000048,STR001,PROD0048,35,90,2025-06-30
INV000049,STR001,PROD0049,306,86,2025-06-30
INV000050,STR001,PROD0050,113,93,2025-06-30
INV000051,STR002,PROD0001,311,60,2025-06-30
INV000052,STR002,PROD0002,284,99,2025-06-30
INV000053,STR002,PROD0003,57,43,2025-06-30
INV000054,STR002,PROD0004,342,41,2025-06-30
INV000055,STR002,PROD0005,320,64,2025-06-30
INV000056,STR002,PROD0006,426,62,2025-06-30
INV000057,STR002,PROD0007,177,96,2025-06-30
INV000058,STR002,PROD0008,476,59,2025-06-30
INV000059,STR002,PROD0009,125,33,2025-06-30
INV000060,STR002,PROD0010,86,28,2025-06-30
INV000061,STR002,PROD0011,472,42,2025-06-30
INV000062,STR002,PROD0012,397,74,2025-06-30
INV000063,STR002,PROD0013,191,40,2025-06-30
INV000064,STR002,PROD0014,349,24,2025-06-30
INV000065,STR002,PROD0015,346,86,2025-06-30
INV000066,STR002,PROD0016,460,50,2025-06-30
INV000067,STR002,PROD0017,208,40,2025-06-30
INV000068,STR002,PROD0018,492,95,2025-06-30
INV000069,STR002,PROD0019,7,64,2025-06-30
INV000070,STR002,PROD0020,251,84,2025-06-30
INV000071,STR002,PROD0021,192,51,2025-06-30
INV000072,STR002,PROD0022,479,51,2025-06-30
INV000073,STR002,PROD0023,83,91,2025-06-30
INV000074,STR002,PROD0024,35,76,2025-06-30
INV000075,STR002,PROD0025,412,72,2025-06-30
INV000076,STR002,PROD0026,396,81,2025-06-30
INV000077,STR002,PROD0027,29,56,2025-06-30
INV000078,STR002,PROD0028,26,53,2025-06-30
INV000079,STR002,PROD0029,337,57,2025-06-30
INV000080,STR002,PROD0030,17,73,2025-06-30
INV000081,STR002,PROD0031,127,41,2025-06-30
INV000082,STR002,PROD0032,201,28,2025-06-30
INV000083,STR002,PROD0033,445,63,2025-06-30
INV000084,STR002,PROD0034,330,38,2025-06-30
INV000085,STR002,PROD0035,77,81,2025-06-30
INV000086,STR002,PROD0036,25,52,2025-06-30
INV000087,STR002,PROD0037,71,87,2025-06-30
INV000088,STR002,PROD0038,466,81,2025-06-30
INV000089,STR002,PROD0039,14,47,2025-06-30
INV000090,STR002,PROD0040,460,66,2025-06-30
INV000091,STR002,PROD0041,407,39,2025-06-30
INV000092,STR002,PROD0042,451,67,2025-06-30
INV000093,STR002,PROD0043,307,74,2025-06-30
INV000094,STR002,PROD0044,248,94,2025-06-30
INV000095,STR002,PROD0045,462,81,2025-06-30
INV000096,STR002,PROD0046,157,37,2025-06-30
INV000097,STR002,PROD0047,273,95,2025-06-30
INV000098,STR002,PROD0048,141,37,2025-06-30
INV000099,STR002,PROD0049,393,21,2025-06-30
INV000100,STR002,PROD0050,195,36,2025-06-30
INV000101,STR003,PROD0001,488,23,2025-06-30
INV000102,STR003,PROD0002,135,95,2025-06-30
INV000103,STR003,PROD0003,166,51,2025-06-30
INV000104,STR003,PROD0004,436,94,2025-06-30
INV000105,STR003,PROD0005,215,52,2025-06-30
INV000106,STR003,PROD0006,349,71,2025-06-30
INV000107,STR003,PROD0007,384,37,2025-06-30
INV000108,STR003,PROD0008,68,38,2025-06-30
INV000109,STR003,PROD0009,48,70,2025-06-30
INV000110,STR003,PROD0010,48,43,2025-06-30
INV000111,STR003,PROD0011,12,77,2025-06-30
INV000112,STR003,PROD0012,402,38,2025-06-30
INV000113,STR003,PROD0013,36,35,2025-06-30
INV000114,STR003,PROD0014,335,56,2025-06-30
INV000115,STR003,PROD0015,64,58,2025-06-30
INV000116,STR003,PROD0016,275,61,2025-06-30
INV000117,STR003,PROD0017,202,83,2025-06-30
INV000118,STR003,PROD0018,454,48,2025-06-30
INV000119,STR003,PROD0019,318,41,2025-06-30
INV000120,STR003,PROD0020,92,43,2025-06-30
INV000121,STR003,PROD0021,439,68,2025-06-30
INV000122,STR003,PROD0022,103,90,2025-06-30
INV000123,STR003,PROD0023,387,25,2025-06-30
INV000124,STR003,PROD0024,309,84,2025-06-30
INV000125,STR003,PROD0025,447,27,2025-06-30
INV000126,STR003,PROD0026,404,21,2025-06-30
INV000127,STR003,PROD0027,198,79,2025-06-30
INV000128,STR003,PROD0028,442,28,2025-06-30
INV000129,STR003,PROD0029,203,92,2025-06-30
INV000130,STR003,PROD0030,89,49,2025-06-30
INV000131,STR003,PROD0031,129,97,2025-06-30
INV000132,STR003,PROD0032,160,25,2025-06-30
INV000133,STR003,PROD0033,125,69,2025-06-30
INV000134,STR003,PROD0034,79,59,2025-06-30
INV000135,STR003,PROD0035,371,57,2025-06-30
INV000136,STR003,PROD0036,418,84,2025-06-30
INV000137,STR003,PROD0037,411,90,2025-06-30
INV000138,STR003,PROD0038,250,93,2025-06-30
INV000139,STR003,PROD0039,50,89,2025-06-30
INV000140,STR003,PROD0040,307,27,2025-06-30
INV000141,STR003,PROD0041,260,96,2025-06-30
INV000142,STR003,PROD0042,376,61,2025-06-30
INV000143,STR003,PROD0043,495,86,2025-06-30
INV000144,STR003,PROD0044,158,57,2025-06-30
INV000145,STR003,PROD0045,358,99,2025-06-30
INV000146,STR003,PROD0046,269,91,2025-06-30
INV000147,STR003,PROD0047,97,28,2025-06-30
INV000148,STR003,PROD0048,315,61,2025-06-30
INV000149,STR003,PROD0049,500,45,2025-06-30
INV000150,STR003,PROD0050,181,28,2025-06-30
INV000151,STR004,PROD0001,162,73,2025-06-30
INV000152,STR004,PROD0002,55,29,2025-06-30
INV000153,STR004,PROD0003,333,29,2025-06-30
INV000154,STR004,PROD0004,320,77,2025-06-30
INV000155,STR004,PROD0005,258,99,2025-06-30
INV000156,STR004,PROD0006,484,22,2025-06-30
INV000157,STR004,PROD0007,348,76,2025-06-30
INV000158,STR004,PROD0008,241,86,2025-06-30
INV000159,STR004,PROD0009,262,69,2025-06-30
INV000160,STR004,PROD0010,448,71,2025-06-30
INV000161,STR004,PROD0011,36,48,2025-06-30
INV000162,STR004,PROD0012,12,26,2025-06-30
INV000163,STR004,PROD0013,338,75,2025-06-30
INV000164,STR004,PROD0014,21,51,2025-06-30
INV000165,STR004,PROD0015,141,95,2025-06-30
INV000166,STR004,PROD0016,418,71,2025-06-30
INV000167,STR004,PROD0017,370,74,2025-06-30
INV000168,STR004,PROD0018,233,50,2025-06-30
INV000169,STR004,PROD0019,204,69,2025-06-30
INV000170,STR004,PROD0020,167,82,2025-06-30
INV000171,STR004,PROD0021,116,100,2025-06-30
INV000172,STR004,PROD0022,468,30,2025-06-30
INV000173,STR004,PROD0023,19,81,2025-06-30
INV000174,STR004,PROD0024,88,82,2025-06-30
INV000175,STR004,PROD0025,190,97,2025-06-30
INV000176,STR004,PROD0026,455,47,2025-06-30
INV000177,STR004,PROD0027,399,77,2025-06-30
INV000178,STR004,PROD0028,320,100,2025-06-30
INV000179,STR004,PROD0029,388,99,2025-06-30
INV000180,STR004,PROD0030,342,97,2025-06-30
INV000181,STR004,PROD0031,357,53,2025-06-30
INV000182,STR004,PROD0032,125,81,2025-06-30
INV000183,STR004,PROD0033,469,83,2025-06-30
INV000184,STR004,PROD0034,197,59,2025-06-30
INV000185,STR004,PROD0035,314,68,2025-06-30
INV000186,STR004,PROD0036,422,87,2025-06-30
INV000187,STR004,PROD0037,493,20,2025-06-30
INV000188,STR004,PROD0038,82,60,2025-06-30
INV000189,STR004,PROD0039,103,59,2025-06-30
INV000190,STR004,PROD0040,448,70,2025-06-30
INV000191,STR004,PROD0041,366,38,2025-06-30
INV000192,STR004,PROD0042,46,90,2025-06-30
INV000193,STR004,PROD0043,89,30,2025-06-30
INV000194,STR004,PROD0044,267,58,2025-06-30
INV000195,STR004,PROD0045,317,68,2025-06-30
INV000196,STR004,PROD0046,380,79,2025-06-30
INV000197,STR004,PROD0047,55,41,2025-06-30
INV000198,STR004,PROD0048,360,75,2025-06-30
INV000199,STR004,PROD0049,105,62,2025-06-30
INV000200,STR004,PROD0050,190,94,2025-06-30
INV000201,STR005,PROD0001,348,44,2025-06-30
INV000202,STR005,PROD0002,133,30,2025-06-30
INV000203,STR005,PROD0003,487,23,2025-06-30
INV000204,STR005,PROD0004,164,85,2025-06-30
INV000205,STR005,PROD0005,130,39,2025-06-30
INV000206,STR005,PROD0006,460,84,2025-06-30
INV000207,STR005,PROD0007,102,50,2025-06-30
INV000208,STR005,PROD0008,306,55,2025-06-30
INV000209,STR005,PROD0009,366,68,2025-06-30
INV000210,STR005,PROD0010,80,70,2025-06-30
INV000211,STR005,PROD0011,239,71,2025-06-30
INV000212,STR005,PROD0012,223,78,2025-06-30
INV000213,STR005,PROD0013,315,55,2025-06-30
INV000214,STR005,PROD0014,342,42,2025-06-30
INV000215,STR005,PROD0015,341,69,2025-06-30
INV000216,STR005,PROD0016,318,54,2025-06-30
INV000217,STR005,PROD0017,50,44,2025-06-30
INV000218,STR005,PROD0018,499,47,2025-06-30
INV000219,STR005,PROD0019,17,64,2025-06-30
INV000220,STR005,PROD0020,414,100,2025-06-30
INV000221,STR005,PROD0021,478,67,2025-06-30
INV000222,STR005,PROD0022,9,29,2025-06-30
INV000223,STR005,PROD0023,256,94,2025-06-30
INV000224,STR005,PROD0024,20,70,2025-06-30
INV000225,STR005,PROD0025,311,76,2025-06-30
INV000226,STR005,PROD0026,358,77,2025-06-30
INV000227,STR005,PROD0027,122,20,2025-06-30
INV000228,STR005,PROD0028,482,89,2025-06-30
INV000229,STR005,PROD0029,75,32,2025-06-30
INV000230,STR005,PROD0030,498,59,2025-06-30
INV000231,STR005,PROD0031,97,78,2025-06-30
INV000232,STR005,PROD0032,189,20,2025-06-30
INV000233,STR005,PROD0033,189,41,2025-06-30
INV000234,STR005,PROD0034,69,93,2025-06-30
INV000235,STR005,PROD0035,405,75,2025-06-30
INV000236,STR005,PROD0036,271,26,2025-06-30
INV000237,STR005,PROD0037,158,44,2025-06-30
INV000238,STR005,PROD0038,213,71,2025-06-30
INV000239,STR005,PROD0039,451,90,2025-06-30
INV000240,STR005,PROD0040,125,48,2025-06-30
INV000241,STR005,PROD0041,294,94,2025-06-30
INV000242,STR005,PROD0042,473,79,2025-06-30
INV000243,STR005,PROD0043,452,22,2025-06-30
INV000244,STR005,PROD0044,337,94,2025-06-30
INV000245,STR005,PROD0045,37,30,2025-06-30
INV000246,STR005,PROD0046,223,44,2025-06-30
INV000247,STR005,PROD0047,77,27,2025-06-30
INV000248,STR005,PROD0048,254,87,2025-06-30
INV000249,STR005,PROD0049,310,88,2025-06-30
INV000250,STR005,PROD0050,317,82,2025-06-30
INV000251,STR006,PROD0001,241,63,2025-06-30
INV000252,STR006,PROD0002,78,54,2025-06-30
INV000253,STR006,PROD0003,78,65,2025-06-30
INV000254,STR006,PROD0004,147,58,2025-06-30
INV000255,STR006,PROD0005,327,100,2025-06-30
INV000256,STR006,PROD0006,4,29,2025-06-30
INV000257,STR006,PROD0007,342,28,2025-06-30
INV000258,STR006,PROD0008,95,85,2025-06-30
INV000259,STR006,PROD0009,50,44,2025-06-30
INV000260,STR006,PROD0010,184,54,2025-06-30
INV000261,STR006,PROD0011,180,27,2025-06-30
INV000262,STR006,PROD0012,82,24,2025-06-30
INV000263,STR006,PROD0013,299,83,2025-06-30
INV000264,STR006,PROD0014,140,71,2025-06-30
INV000265,STR006,PROD0015,80,24,2025-06-30
INV000266,STR006,PROD0016,53,49,2025-06-30
INV000267,STR006,PROD0017,476,65,2025-06-30
INV000268,STR006,PROD0018,275,52,2025-06-30
INV000269,STR006,PROD0019,209,45,2025-06-30
INV000270,STR006,PROD0020,353,44,2025-06-30
INV000271,STR006,PROD0021,372,87,2025-06-30
INV000272,STR006,PROD0022,216,30,2025-06-30
INV000273,STR006,PROD0023,166,48,2025-06-30
INV000274,STR006,PROD0024,109,84,2025-06-30
INV000275,STR006,PROD0025,20,65,2025-06-30
INV000276,STR006,PROD0026,310,88,2025-06-30
INV000277,STR006,PROD0027,324,100,2025-06-30
INV000278,STR006,PROD0028,329,42,2025-06-30
INV000279,STR006,PROD0029,10,67,2025-06-30
INV000280,STR006,PROD0030,252,81,2025-06-30
INV000281,STR006,PROD0031,82,76,2025-06-30
INV000282,STR006,PROD0032,413,22,2025-06-30
INV000283,STR006,PROD0033,464,55,2025-06-30
INV000284,STR006,PROD0034,347,27,2025-06-30
INV000285,STR006,PROD0035,111,98,2025-06-30
INV000286,STR006,PROD0036,273,97,2025-06-30
INV000287,STR006,PROD0037,465,34,2025-06-30
INV000288,STR006,PROD0038,496,59,2025-06-30
INV000289,STR006,PROD0039,199,46,2025-06-30
INV000290,STR006,PROD0040,482,79,2025-06-30
INV000291,STR006,PROD0041,479,66,2025-06-30
INV000292,STR006,PROD0042,5,65,2025-06-30
INV000293,STR006,PROD0043,88,98,2025-06-30
INV000294,STR006,PROD0044,135,97,2025-06-30
INV000295,STR006,PROD0045,12,68,2025-06-30
INV000296,STR006,PROD0046,331,40,2025-06-30
INV000297,STR006,PROD0047,93,88,2025-06-30
INV000298,STR006,PROD0048,256,72,2025-06-30
INV000299,STR006,PROD0049,105,48,2025-06-30
INV000300,STR006,PROD0050,263,91,2025-06-30
INV000301,STR007,PROD0001,146,77,2025-06-30
INV000302,STR007,PROD0002,378,66,2025-06-30
INV000303,STR007,PROD0003,465,30,2025-06-30
INV000304,STR007,PROD0004,122,71,2025-06-30
INV000305,STR007,PROD0005,306,42,2025-06-30
INV000306,STR007,PROD0006,180,89,2025-06-30
INV000307,STR007,PROD0007,343,66,2025-06-30
INV000308,STR007,PROD0008,293,36,2025-06-30
INV000309,STR007,PROD0009,13,74,2025-06-30
INV000310,STR007,PROD0010,488,94,2025-06-30
INV000311,STR007,PROD0011,386,23,2025-06-30
INV000312,STR007,PROD0012,340,46,2025-06-30
INV000313,STR007,PROD0013,379,33,2025-06-30
INV000314,STR007,PROD0014,108,88,2025-06-30
INV000315,STR007,PROD0015,267,67,2025-06-30
INV000316,STR007,PROD0016,458,85,2025-06-30
INV000317,STR007,PROD0017,151,35,2025-06-30
INV000318,STR007,PROD0018,82,50,2025-06-30
INV000319,STR007,PROD0019,339,74,2025-06-30
INV000320,STR007,PROD0020,314,79,2025-06-30
INV000321,STR007,PROD0021,394,83,2025-06-30
INV000322,STR007,PROD0022,384,44,2025-06-30
INV000323,STR007,PROD0023,333,47,2025-06-30
INV000324,STR007,PROD0024,129,43,2025-06-30
INV000325,STR007,PROD0025,220,68,2025-06-30
INV000326,STR007,PROD0026,113,82,2025-06-30
INV000327,STR007,PROD0027,244,53,2025-06-30
INV000328,STR007,PROD0028,20,88,2025-06-30
INV000329,STR007,PROD0029,439,78,2025-06-30
INV000330,STR007,PROD0030,105,24,2025-06-30
INV000331,STR007,PROD0031,404,63,2025-06-30
INV000332,STR007,PROD0032,300,76,2025-06-30
INV000333,STR007,PROD0033,411,58,2025-06-30
INV000334,STR007,PROD0034,377,37,2025-06-30
INV000335,STR007,PROD0035,374,48,2025-06-30
INV000336,STR007,PROD0036,81,68,2025-06-30
INV000337,STR007,PROD0037,72,70,2025-06-30
INV000338,STR007,PROD0038,16,20,2025-06-30
INV000339,STR007,PROD0039,398,94,2025-06-30
INV000340,STR007,PROD0040,151,93,2025-06-30
INV000341,STR007,PROD0041,426,78,2025-06-30
INV000342,STR007,PROD0042,100,82,2025-06-30
INV000343,STR007,PROD0043,116,90,2025-06-30
INV000344,STR007,PROD0044,415,81,2025-06-30
INV000345,STR007,PROD0045,344,27,2025-06-30
INV000346,STR007,PROD0046,13,67,2025-06-30
INV000347,STR007,PROD0047,469,36,2025-06-30
INV000348,STR007,PROD0048,255,62,2025-06-30
INV000349,STR007,PROD0049,236,65,2025-06-30
INV000350,STR007,PROD0050,199,92,2025-06-30
INV000351,STR008,PROD0001,321,77,2025-06-30
INV000352,STR008,PROD0002,306,29,2025-06-30
INV000353,STR008,PROD0003,443,52,2025-06-30
INV000354,STR008,PROD0004,384,33,2025-06-30
INV000355,STR008,PROD0005,191,52,2025-06-30
INV000356,STR008,PROD0006,375,78,2025-06-30
INV000357,STR008,PROD0007,405,35,2025-06-30
INV000358,STR008,PROD0008,475,45,2025-06-30
INV000359,STR008,PROD0009,304,62,2025-06-30
INV000360,STR008,PROD0010,455,29,2025-06-30
INV000361,STR008,PROD0011,381,59,2025-06-30
INV000362,STR008,PROD0012,127,36,2025-06-30
INV000363,STR008,PROD0013,74,53,2025-06-30
INV000364,STR008,PROD0014,53,98,2025-06-30
INV000365,STR008,PROD0015,151,47,2025-06-30
INV000366,STR008,PROD0016,263,46,2025-06-30
INV000367,STR008,PROD0017,68,83,2025-06-30
INV000368,STR008,PROD0018,394,83,2025-06-30
INV000369,STR008,PROD0019,111,24,2025-06-30
INV000370,STR008,PROD0020,351,62,2025-06-30
INV000371,STR008,PROD0021,471,86,2025-06-30
INV000372,STR008,PROD0022,188,21,2025-06-30
INV000373,STR008,PROD0023,98,38,2025-06-30
INV000374,STR008,PROD0024,145,27,2025-06-30
INV000375,STR008,PROD0025,134,72,2025-06-30
INV000376,STR008,PROD0026,30,35,2025-06-30
INV000377,STR008,PROD0027,387,97,2025-06-30
INV000378,STR008,PROD0028,335,85,2025-06-30
INV000379,STR008,PROD0029,10,49,2025-06-30
INV000380,STR008,PROD0030,304,76,2025-06-30
INV000381,STR008,PROD0031,249,84,2025-06-30
INV000382,STR008,PROD0032,275,90,2025-06-30
INV000383,STR008,PROD0033,191,75,2025-06-30
INV000384,STR008,PROD0034,325,22,2025-06-30
INV000385,STR008,PROD0035,325,66,2025-06-30
INV000386,STR008,PROD0036,73,64,2025-06-30
INV000387,STR008,PROD0037,205,76,2025-06-30
INV000388,STR008,PROD0038,325,78,2025-06-30
INV000389,STR008,PROD0039,368,85,2025-06-30
INV000390,STR008,PROD0040,300,48,2025-06-30
INV000391,STR008,PROD0041,224,49,2025-06-30
INV000392,STR008,PROD0042,10,78,2025-06-30
INV000393,STR008,PROD0043,431,48,2025-06-30
INV000394,STR008,PROD0044,396,95,2025-06-30
INV000395,STR008,PROD0045,461,94,2025-06-30
INV000396,STR008,PROD0046,383,31,2025-06-30
INV000397,STR008,PROD0047,176,82,2025-06-30
INV000398,STR008,PROD0048,79,41,2025-06-30
INV000399,STR008,PROD0049,6,54,2025-06-30
INV000400,STR008,PROD0050,167,62,2025-06-30
INV000401,STR009,PROD0001,153,47,2025-06-30
INV000402,STR009,PROD0002,493,26,2025-06-30
INV000403,STR009,PROD0003,233,43,2025-06-30
INV000404,STR009,PROD0004,103,39,2025-06-30
INV000405,STR009,PROD0005,5,99,2025-06-30
INV000406,STR009,PROD0006,80,39,2025-06-30
INV000407,STR009,PROD0007,113,90,2025-06-30
INV000408,STR009,PROD0008,57,41,2025-06-30
INV000409,STR009,PROD0009,273,34,2025-06-30
INV000410,STR009,PROD0010,321,71,2025-06-30
INV000411,STR009,PROD0011,62,35,2025-06-30
INV000412,STR009,PROD0012,104,46,2025-06-30
INV000413,STR009,PROD0013,275,22,2025-06-30
INV000414,STR009,PROD0014,43,51,2025-06-30
INV000415,STR009,PROD0015,112,96,2025-06-30
INV000416,STR009,PROD0016,290,32,2025-06-30
INV000417,STR009,PROD0017,125,46,2025-06-30
INV000418,STR009,PROD0018,221,93,2025-06-30
INV000419,STR009,PROD0019,403,86,2025-06-30
INV000420,STR009,PROD0020,357,21,2025-06-30
INV000421,STR009,PROD0021,204,58,2025-06-30
INV000422,STR009,PROD0022,491,60,2025-06-30
INV000423,STR009,PROD0023,412,65,2025-06-30
INV000424,STR009,PROD0024,452,73,2025-06-30
INV000425,STR009,PROD0025,17,93,2025-06-30
INV000426,STR009,PROD0026,255,25,2025-06-30
INV000427,STR009,PROD0027,456,71,2025-06-30
INV000428,STR009,PROD0028,394,94,2025-06-30
INV000429,STR009,PROD0029,246,43,2025-06-30
INV000430,STR009,PROD0030,19,30,2025-06-30
INV000431,STR009,PROD0031,398,52,2025-06-30
INV000432,STR009,PROD0032,397,80,2025-06-30
INV000433,STR009,PROD0033,368,53,2025-06-30
INV000434,STR009,PROD0034,271,40,2025-06-30
INV000435,STR009,PROD0035,148,63,2025-06-30
INV000436,STR009,PROD0036,189,82,2025-06-30
INV000437,STR009,PROD0037,335,53,2025-06-30
INV000438,STR009,PROD0038,199,57,2025-06-30
INV000439,STR009,PROD0039,27,34,2025-06-30
INV000440,STR009,PROD0040,147,94,2025-06-30
INV000441,STR009,PROD0041,46,82,2025-06-30
INV000442,STR009,PROD0042,166,37,2025-06-30
INV000443,STR009,PROD0043,385,39,2025-06-30
INV000444,STR009,PROD0044,159,59,2025-06-30
INV000445,STR009,PROD0045,199,34,2025-06-30
INV000446,STR009,PROD0046,138,76,2025-06-30
INV000447,STR009,PROD0047,464,49,2025-06-30
INV000448,STR009,PROD0048,25,67,2025-06-30
INV000449,STR009,PROD0049,381,74,2025-06-30
INV000450,STR009,PROD0050,262,33,2025-06-30
INV000451,STR010,PROD0001,321,80,2025-06-30
INV000452,STR010,PROD0002,111,91,2025-06-30
INV000453,STR010,PROD0003,452,66,2025-06-30
INV000454,STR010,PROD0004,371,45,2025-06-30
INV000455,STR010,PROD0005,23,83,2025-06-30
INV000456,STR010,PROD0006,320,58,2025-06-30
INV000457,STR010,PROD0007,311,62,2025-06-30
INV000458,STR010,PROD0008,222,43,2025-06-30
INV000459,STR010,PROD0009,394,22,2025-06-30
INV000460,STR010,PROD0010,217,84,2025-06-30
INV000461,STR010,PROD0011,102,40,2025-06-30
INV000462,STR010,PROD0012,16,47,2025-06-30
INV000463,STR010,PROD0013,109,41,2025-06-30
INV000464,STR010,PROD0014,444,63,2025-06-30
INV000465,STR010,PROD0015,6,49,2025-06-30
INV000466,STR010,PROD0016,435,77,2025-06-30
INV000467,STR010,PROD0017,127,65,2025-06-30
INV000468,STR010,PROD0018,270,68,2025-06-30
INV000469,STR010,PROD0019,97,55,2025-06-30
INV000470,STR010,PROD0020,358,96,2025-06-30
INV000471,STR010,PROD0021,460,43,2025-06-30
INV000472,STR010,PROD0022,354,67,2025-06-30
INV000473,STR010,PROD0023,245,38,2025-06-30
INV000474,STR010,PROD0024,168,67,2025-06-30
INV000475,STR010,PROD0025,456,38,2025-06-30
INV000476,STR010,PROD0026,147,30,2025-06-30
INV000477,STR010,PROD0027,450,27,2025-06-30
INV000478,STR010,PROD0028,125,58,2025-06-30
INV000479,STR010,PROD0029,167,91,2025-06-30
INV000480,STR010,PROD0030,194,41,2025-06-30
INV000481,STR010,PROD0031,369,70,2025-06-30
INV000482,STR010,PROD0032,14,100,2025-06-30
INV000483,STR010,PROD0033,295,54,2025-06-30
INV000484,STR010,PROD0034,469,54,2025-06-30
INV000485,STR010,PROD0035,108,98,2025-06-30
INV000486,STR010,PROD0036,392,49,2025-06-30
INV000487,STR010,PROD0037,404,35,2025-06-30
INV000488,STR010,PROD0038,446,23,2025-06-30
INV000489,STR010,PROD0039,457,46,2025-06-30
INV000490,STR010,PROD0040,421,68,2025-06-30
INV000491,STR010,PROD0041,500,44,2025-06-30
INV000492,STR010,PROD0042,255,85,2025-06-30
INV000493,STR010,PROD0043,108,41,2025-06-30
INV000494,STR010,PROD0044,335,75,2025-06-30
INV000495,STR010,PROD0045,194,57,2025-06-30
INV000496,STR010,PROD0046,394,36,2025-06-30
INV000497,STR010,PROD0047,265,69,2025-06-30
INV000498,STR010,PROD0048,24,37,2025-06-30
INV000499,STR010,PROD0049,365,20,2025-06-30
INV000500,STR010,PROD0050,386,31,2025-06-30
INV000501,STR011,PROD0001,84,78,2025-06-30
INV000502,STR011,PROD0002,56,80,2025-06-30
INV000503,STR011,PROD0003,24,29,2025-06-30
INV000504,STR011,PROD0004,325,61,2025-06-30
INV000505,STR011,PROD0005,56,42,2025-06-30
INV000506,STR011,PROD0006,261,94,2025-06-30
INV000507,STR011,PROD0007,151,77,2025-06-30
INV000508,STR011,PROD0008,446,57,2025-06-30
INV000509,STR011,PROD0009,211,70,2025-06-30
INV000510,STR011,PROD0010,486,90,2025-06-30
INV000511,STR011,PROD0011,59,55,2025-06-30
INV000512,STR011,PROD0012,178,20,2025-06-30
INV000513,STR011,PROD0013,359,72,2025-06-30
INV000514,STR011,PROD0014,427,52,2025-06-30
INV000515,STR011,PROD0015,237,100,2025-06-30
INV000516,STR011,PROD0016,464,60,2025-06-30
INV000517,STR011,PROD0017,451,53,2025-06-30
INV000518,STR011,PROD0018,433,64,2025-06-30
INV000519,STR011,PROD0019,69,87,2025-06-30
INV000520,STR011,PROD0020,176,100,2025-06-30
INV000521,STR011,PROD0021,180,46,2025-06-30
INV000522,STR011,PROD0022,323,40,2025-06-30
INV000523,STR011,PROD0023,419,31,2025-06-30
INV000524,STR011,PROD0024,142,40,2025-06-30
INV000525,STR011,PROD0025,1,63,2025-06-30
INV000526,STR011,PROD0026,22,41,2025-06-30
INV000527,STR011,PROD0027,404,64,2025-06-30
INV000528,STR011,PROD0028,354,47,2025-06-30
INV000529,STR011,PROD0029,258,23,2025-06-30
INV000530,STR011,PROD0030,21,23,2025-06-30
INV000531,STR011,PROD0031,88,61,2025-06-30
INV000532,STR011,PROD0032,293,90,2025-06-30
INV000533,STR011,PROD0033,118,36,2025-06-30
INV000534,STR011,PROD0034,433,61,2025-06-30
INV000535,STR011,PROD0035,318,41,2025-06-30
INV000536,STR011,PROD0036,310,45,2025-06-30
INV000537,STR011,PROD0037,49,42,2025-06-30
INV000538,STR011,PROD0038,475,59,2025-06-30
INV000539,STR011,PROD0039,211,52,2025-06-30
INV000540,STR011,PROD0040,167,47,2025-06-30
INV000541,STR011,PROD0041,372,70,2025-06-30
INV000542,STR011,PROD0042,196,57,2025-06-30
INV000543,STR011,PROD0043,381,25,2025-06-30
INV000544,STR011,PROD0044,124,58,2025-06-30
INV000545,STR011,PROD0045,164,49,2025-06-30
INV000546,STR011,PROD0046,155,75,2025-06-30
INV000547,STR011,PROD0047,394,44,2025-06-30
INV000548,STR011,PROD0048,489,30,2025-06-30
INV000549,STR011,PROD0049,316,79,2025-06-30
INV000550,STR011,PROD0050,235,43,2025-06-30
INV000551,STR012,PROD0001,95,98,2025-06-30
INV000552,STR012,PROD0002,224,26,2025-06-30
INV000553,STR012,PROD0003,450,68,2025-06-30
INV000554,STR012,PROD0004,466,82,2025-06-30
INV000555,STR012,PROD0005,43,91,2025-06-30
INV000556,STR012,PROD0006,249,41,2025-06-30
INV000557,STR012,PROD0007,418,90,2025-06-30
INV000558,STR012,PROD0008,465,35,2025-06-30
INV000559,STR012,PROD0009,315,21,2025-06-30
INV000560,STR012,PROD0010,369,23,2025-06-30
INV000561,STR012,PROD0011,158,86,2025-06-30
INV000562,STR012,PROD0012,72,20,2025-06-30
INV000563,STR012,PROD0013,322,28,2025-06-30
INV000564,STR012,PROD0014,446,76,2025-06-30
INV000565,STR012,PROD0015,46,93,2025-06-30
INV000566,STR012,PROD0016,208,66,2025-06-30
INV000567,STR012,PROD0017,310,70,2025-06-30
INV000568,STR012,PROD0018,403,76,2025-06-30
INV000569,STR012,PROD0019,250,53,2025-06-30
INV000570,STR012,PROD0020,95,92,2025-06-30
INV000571,STR012,PROD0021,152,48,2025-06-30
INV000572,STR012,PROD0022,154,28,2025-06-30
INV000573,STR012,PROD0023,474,38,2025-06-30
INV000574,STR012,PROD0024,81,72,2025-06-30
INV000575,STR012,PROD0025,334,60,2025-06-30
INV000576,STR012,PROD0026,285,53,2025-06-30
INV000577,STR012,PROD0027,393,65,2025-06-30
INV000578,STR012,PROD0028,200,88,2025-06-30
INV000579,STR012,PROD0029,381,34,2025-06-30
INV000580,STR012,PROD0030,188,88,2025-06-30
INV000581,STR012,PROD0031,261,26,2025-06-30
INV000582,STR012,PROD0032,466,30,2025-06-30
INV000583,STR012,PROD0033,328,45,2025-06-30
INV000584,STR012,PROD0034,454,50,2025-06-30
INV000585,STR012,PROD0035,235,63,2025-06-30
INV000586,STR012,PROD0036,241,57,2025-06-30
INV000587,STR012,PROD0037,263,50,2025-06-30
INV000588,STR012,PROD0038,336,90,2025-06-30
INV000589,STR012,PROD0039,242,55,2025-06-30
INV000590,STR012,PROD0040,394,44,2025-06-30
INV000591,STR012,PROD0041,351,93,2025-06-30
INV000592,STR012,PROD0042,161,60,2025-06-30
INV000593,STR012,PROD0043,315,95,2025-06-30
INV000594,STR012,PROD0044,381,81,2025-06-30
INV000595,STR012,PROD0045,273,73,2025-06-30
INV000596,STR012,PROD0046,385,49,2025-06-30
INV000597,STR012,PROD0047,323,53,2025-06-30
INV000598,STR012,PROD0048,104,42,2025-06-30
INV000599,STR012,PROD0049,500,89,2025-06-30
INV000600,STR012,PROD0050,270,41,2025-06-30
INV000601,STR013,PROD0001,48,43,2025-06-30
INV000602,STR013,PROD0002,135,81,2025-06-30
INV000603,STR013,PROD0003,216,96,2025-06-30
INV000604,STR013,PROD0004,273,54,2025-06-30
INV000605,STR013,PROD0005,127,84,2025-06-30
INV000606,STR013,PROD0006,131,31,2025-06-30
INV000607,STR013,PROD0007,443,97,2025-06-30
INV000608,STR013,PROD0008,329,100,2025-06-30
INV000609,STR013,PROD0009,466,34,2025-06-30
INV000610,STR013,PROD0010,434,57,2025-06-30
INV000611,STR013,PROD0011,288,28,2025-06-30
INV000612,STR013,PROD0012,104,88,2025-06-30
INV000613,STR013,PROD0013,87,21,2025-06-30
INV000614,STR013,PROD0014,261,90,2025-06-30
INV000615,STR013,PROD0015,259,50,2025-06-30
INV000616,STR013,PROD0016,327,75,2025-06-30
INV000617,STR013,PROD0017,357,73,2025-06-30
INV000618,STR013,PROD0018,350,70,2025-06-30
INV000619,STR013,PROD0019,133,99,2025-06-30
INV000620,STR013,PROD0020,354,43,2025-06-30
INV000621,STR013,PROD0021,220,44,2025-06-30
INV000622,STR013,PROD0022,7,57,2025-06-30
INV000623,STR013,PROD0023,495,68,2025-06-30
INV000624,STR013,PROD0024,213,45,2025-06-30
INV000625,STR013,PROD0025,456,53,2025-06-30
INV000626,STR013,PROD0026,476,100,2025-06-30
INV000627,STR013,PROD0027,340,70,2025-06-30
INV000628,STR013,PROD0028,251,56,2025-06-30
INV000629,STR013,PROD0029,300,49,2025-06-30
INV000630,STR013,PROD0030,30,66,2025-06-30
INV000631,STR013,PROD0031,128,67,2025-06-30
INV000632,STR013,PROD0032,491,63,2025-06-30
INV000633,STR013,PROD0033,271,74,2025-06-30
INV000634,STR013,PROD0034,262,27,2025-06-30
INV000635,STR013,PROD0035,135,40,2025-06-30
INV000636,STR013,PROD0036,489,49,2025-06-30
INV000637,STR013,PROD0037,442,43,2025-06-30
INV000638,STR013,PROD0038,52,62,2025-06-30
INV000639,STR013,PROD0039,335,48,2025-06-30
INV000640,STR013,PROD0040,87,94,2025-06-30
INV000641,STR013,PROD0041,88,60,2025-06-30
INV000642,STR013,PROD0042,304,87,2025-06-30
INV000643,STR013,PROD0043,369,97,2025-06-30
INV000644,STR013,PROD0044,43,24,2025-06-30
INV000645,STR013,PROD0045,489,26,2025-06-30
INV000646,STR013,PROD0046,434,81,2025-06-30
INV000647,STR013,PROD0047,423,92,2025-06-30
INV000648,STR013,PROD0048,307,43,2025-06-30
INV000649,STR013,PROD0049,86,70,2025-06-30
INV000650,STR013,PROD0050,192,58,2025-06-30
INV000651,STR014,PROD0001,237,25,2025-06-30
INV000652,STR014,PROD0002,84,38,2025-06-30
INV000653,STR014,PROD0003,95,95,2025-06-30
INV000654,STR014,PROD0004,194,100,2025-06-30
INV000655,STR014,PROD0005,229,41,2025-06-30
INV000656,STR014,PROD0006,206,69,2025-06-30
INV000657,STR014,PROD0007,175,35,2025-06-30
INV000658,STR014,PROD0008,344,46,2025-06-30
INV000659,STR014,PROD0009,329,85,2025-06-30
INV000660,STR014,PROD0010,424,42,2025-06-30
INV000661,STR014,PROD0011,50,34,2025-06-30
INV000662,STR014,PROD0012,172,25,2025-06-30
INV000663,STR014,PROD0013,58,68,2025-06-30
INV000664,STR014,PROD0014,409,63,2025-06-30
INV000665,STR014,PROD0015,281,71,2025-06-30
INV000666,STR014,PROD0016,407,81,2025-06-30
INV000667,STR014,PROD0017,139,30,2025-06-30
INV000668,STR014,PROD0018,415,71,2025-06-30
INV000669,STR014,PROD0019,27,87,2025-06-30
INV000670,STR014,PROD0020,294,52,2025-06-30
INV000671,STR014,PROD0021,75,65,2025-06-30
INV000672,STR014,PROD0022,264,83,2025-06-30
INV000673,STR014,PROD0023,45,60,2025-06-30
INV000674,STR014,PROD0024,431,32,2025-06-30
INV000675,STR014,PROD0025,233,70,2025-06-30
INV000676,STR014,PROD0026,210,77,2025-06-30
INV000677,STR014,PROD0027,417,81,2025-06-30
INV000678,STR014,PROD0028,389,56,2025-06-30
INV000679,STR014,PROD0029,452,99,2025-06-30
INV000680,STR014,PROD0030,410,27,2025-06-30
INV000681,STR014,PROD0031,210,51,2025-06-30
INV000682,STR014,PROD0032,329,26,2025-06-30
INV000683,STR014,PROD0033,395,93,2025-06-30
INV000684,STR014,PROD0034,135,50,2025-06-30
INV000685,STR014,PROD0035,241,53,2025-06-30
INV000686,STR014,PROD0036,139,93,2025-06-30
INV000687,STR014,PROD0037,407,91,2025-06-30
INV000688,STR014,PROD0038,218,49,2025-06-30
INV000689,STR014,PROD0039,399,75,2025-06-30
INV000690,STR014,PROD0040,194,63,2025-06-30
INV000691,STR014,PROD0041,455,44,2025-06-30
INV000692,STR014,PROD0042,160,66,2025-06-30
INV000693,STR014,PROD0043,430,56,2025-06-30
INV000694,STR014,PROD0044,387,56,2025-06-30
INV000695,STR014,PROD0045,350,77,2025-06-30
INV000696,STR014,PROD0046,13,100,2025-06-30
INV000697,STR014,PROD0047,46,55,2025-06-30
INV000698,STR014,PROD0048,35,35,2025-06-30
INV000699,STR014,PROD0049,464,83,2025-06-30
INV000700,STR014,PROD0050,484,80,2025-06-30
INV000701,STR015,PROD0001,163,74,2025-06-30
INV000702,STR015,PROD0002,168,69,2025-06-30
INV000703,STR015,PROD0003,116,87,2025-06-30
INV000704,STR015,PROD0004,132,29,2025-06-30
INV000705,STR015,PROD0005,400,37,2025-06-30
INV000706,STR015,PROD0006,90,89,2025-06-30
INV000707,STR015,PROD0007,383,29,2025-06-30
INV000708,STR015,PROD0008,102,67,2025-06-30
INV000709,STR015,PROD0009,321,71,2025-06-30
INV000710,STR015,PROD0010,271,90,2025-06-30
INV000711,STR015,PROD0011,494,85,2025-06-30
INV000712,STR015,PROD0012,204,82,2025-06-30
INV000713,STR015,PROD0013,54,86,2025-06-30
INV000714,STR015,PROD0014,385,38,2025-06-30
INV000715,STR015,PROD0015,44,99,2025-06-30
INV000716,STR015,PROD0016,204,83,2025-06-30
INV000717,STR015,PROD0017,97,73,2025-06-30
INV000718,STR015,PROD0018,407,49,2025-06-30
INV000719,STR015,PROD0019,116,55,2025-06-30
INV000720,STR015,PROD0020,418,46,2025-06-30
INV000721,STR015,PROD0021,9,41,2025-06-30
INV000722,STR015,PROD0022,332,45,2025-06-30
INV000723,STR015,PROD0023,26,62,2025-06-30
INV000724,STR015,PROD0024,306,70,2025-06-30
INV000725,STR015,PROD0025,306,45,2025-06-30
INV000726,STR015,PROD0026,290,34,2025-06-30
INV000727,STR015,PROD0027,474,71,2025-06-30
INV000728,STR015,PROD0028,144,31,2025-06-30
INV000729,STR015,PROD0029,422,94,2025-06-30
INV000730,STR015,PROD0030,468,54,2025-06-30
INV000731,STR015,PROD0031,449,24,2025-06-30
INV000732,STR015,PROD0032,352,51,2025-06-30
INV000733,STR015,PROD0033,469,82,2025-06-30
INV000734,STR015,PROD0034,408,69,2025-06-30
INV000735,STR015,PROD0035,216,64,2025-06-30
INV000736,STR015,PROD0036,31,67,2025-06-30
INV000737,STR015,PROD0037,244,54,2025-06-30
INV000738,STR015,PROD0038,12,22,2025-06-30
INV000739,STR015,PROD0039,276,36,2025-06-30
INV000740,STR015,PROD0040,16,82,2025-06-30
INV000741,STR015,PROD0041,282,95,2025-06-30
INV000742,STR015,PROD0042,198,60,2025-06-30
INV000743,STR015,PROD0043,484,79,2025-06-30
INV000744,STR015,PROD0044,363,30,2025-06-30
INV000745,STR015,PROD0045,297,54,2025-06-30
INV000746,STR015,PROD0046,417,100,2025-06-30
INV000747,STR015,PROD0047,351,26,2025-06-30
INV000748,STR015,PROD0048,134,60,2025-06-30
INV000749,STR015,PROD0049,157,43,2025-06-30
INV000750,STR015,PROD0050,368,25,2025-06-30
INV000751,STR016,PROD0001,67,96,2025-06-30
INV000752,STR016,PROD0002,458,41,2025-06-30
INV000753,STR016,PROD0003,291,24,2025-06-30
INV000754,STR016,PROD0004,423,53,2025-06-30
INV000755,STR016,PROD0005,261,40,2025-06-30
INV000756,STR016,PROD0006,198,98,2025-06-30
INV000757,STR016,PROD0007,267,48,2025-06-30
INV000758,STR016,PROD0008,404,23,2025-06-30
INV000759,STR016,PROD0009,500,30,2025-06-30
INV000760,STR016,PROD0010,132,75,2025-06-30
INV000761,STR016,PROD0011,355,31,2025-06-30
INV000762,STR016,PROD0012,406,87,2025-06-30
INV000763,STR016,PROD0013,177,68,2025-06-30
INV000764,STR016,PROD0014,242,80,2025-06-30
INV000765,STR016,PROD0015,401,52,2025-06-30
INV000766,STR016,PROD0016,36,82,2025-06-30
INV000767,STR016,PROD0017,496,63,2025-06-30
INV000768,STR016,PROD0018,124,88,2025-06-30
INV000769,STR016,PROD0019,340,63,2025-06-30
INV000770,STR016,PROD0020,111,20,2025-06-30
INV000771,STR016,PROD0021,80,81,2025-06-30
INV000772,STR016,PROD0022,362,70,2025-06-30
INV000773,STR016,PROD0023,485,94,2025-06-30
INV000774,STR016,PROD0024,84,20,2025-06-30
INV000775,STR016,PROD0025,271,21,2025-06-30
INV000776,STR016,PROD0026,245,53,2025-06-30
INV000777,STR016,PROD0027,481,29,2025-06-30
INV000778,STR016,PROD0028,73,43,2025-06-30
INV000779,STR016,PROD0029,133,25,2025-06-30
INV000780,STR016,PROD0030,71,93,2025-06-30
INV000781,STR016,PROD0031,114,81,2025-06-30
INV000782,STR016,PROD0032,471,45,2025-06-30
INV000783,STR016,PROD0033,103,66,2025-06-30
INV000784,STR016,PROD0034,436,81,2025-06-30
INV000785,STR016,PROD0035,160,26,2025-06-30
INV000786,STR016,PROD0036,442,38,2025-06-30
INV000787,STR016,PROD0037,66,64,2025-06-30
INV000788,STR016,PROD0038,144,73,2025-06-30
INV000789,STR016,PROD0039,343,55,2025-06-30
INV000790,STR016,PROD0040,152,66,2025-06-30
INV000791,STR016,PROD0041,197,67,2025-06-30
INV000792,STR016,PROD0042,106,96,2025-06-30
INV000793,STR016,PROD0043,93,63,2025-06-30
INV000794,STR016,PROD0044,446,90,2025-06-30
INV000795,STR016,PROD0045,16,54,2025-06-30
INV000796,STR016,PROD0046,125,87,2025-06-30
INV000797,STR016,PROD0047,132,89,2025-06-30
INV000798,STR016,PROD0048,295,72,2025-06-30
INV000799,STR016,PROD0049,112,96,2025-06-30
INV000800,STR016,PROD0050,161,63,2025-06-30
INV000801,STR017,PROD0001,79,90,2025-06-30
INV000802,STR017,PROD0002,4,97,2025-06-30
INV000803,STR017,PROD0003,24,93,2025-06-30
INV000804,STR017,PROD0004,18,78,2025-06-30
INV000805,STR017,PROD0005,80,83,2025-06-30
INV000806,STR017,PROD0006,344,74,2025-06-30
INV000807,STR017,PROD0007,232,87,2025-06-30
INV000808,STR017,PROD0008,79,86,2025-06-30
INV000809,STR017,PROD0009,223,75,2025-06-30
INV000810,STR017,PROD0010,350,49,2025-06-30
INV000811,STR017,PROD0011,75,87,2025-06-30
INV000812,STR017,PROD0012,446,86,2025-06-30
INV000813,STR017,PROD0013,278,25,2025-06-30
INV000814,STR017,PROD0014,174,81,2025-06-30
INV000815,STR017,PROD0015,60,91,2025-06-30
INV000816,STR017,PROD0016,257,74,2025-06-30
INV000817,STR017,PROD0017,163,53,2025-06-30
INV000818,STR017,PROD0018,218,35,2025-06-30
INV000819,STR017,PROD0019,145,22,2025-06-30
INV000820,STR017,PROD0020,134,51,2025-06-30
INV000821,STR017,PROD0021,156,80,2025-06-30
INV000822,STR017,PROD0022,421,43,2025-06-30
INV000823,STR017,PROD0023,34,62,2025-06-30
INV000824,STR017,PROD0024,171,79,2025-06-30
INV000825,STR017,PROD0025,372,64,2025-06-30
INV000826,STR017,PROD0026,226,42,2025-06-30
INV000827,STR017,PROD0027,364,75,2025-06-30
INV000828,STR017,PROD0028,183,81,2025-06-30
INV000829,STR017,PROD0029,113,85,2025-06-30
INV000830,STR017,PROD0030,95,97,2025-06-30
INV000831,STR017,PROD0031,416,51,2025-06-30
INV000832,STR017,PROD0032,369,98,2025-06-30
INV000833,STR017,PROD0033,251,98,2025-06-30
INV000834,STR017,PROD0034,40,68,2025-06-30
INV000835,STR017,PROD0035,87,29,2025-06-30
INV000836,STR017,PROD0036,180,39,2025-06-30
INV000837,STR017,PROD0037,413,77,2025-06-30
INV000838,STR017,PROD0038,392,92,2025-06-30
INV000839,STR017,PROD0039,439,57,2025-06-30
INV000840,STR017,PROD0040,282,80,2025-06-30
INV000841,STR017,PROD0041,196,60,2025-06-30
INV000842,STR017,PROD0042,41,45,2025-06-30
INV000843,STR017,PROD0043,193,59,2025-06-30
INV000844,STR017,PROD0044,292,98,2025-06-30
INV000845,STR017,PROD0045,419,48,2025-06-30
INV000846,STR017,PROD0046,266,27,2025-06-30
INV000847,STR017,PROD0047,404,61,2025-06-30
INV000848,STR017,PROD0048,191,58,2025-06-30
INV000849,STR017,PROD0049,346,88,2025-06-30
INV000850,STR017,PROD0050,407,61,2025-06-30
INV000851,STR018,PROD0001,307,22,2025-06-30
INV000852,STR018,PROD0002,88,20,2025-06-30
INV000853,STR018,PROD0003,198,58,2025-06-30
INV000854,STR018,PROD0004,228,34,2025-06-30
INV000855,STR018,PROD0005,406,41,2025-06-30
INV000856,STR018,PROD0006,350,29,2025-06-30
INV000857,STR018,PROD0007,15,46,2025-06-30
INV000858,STR018,PROD0008,121,75,2025-06-30
INV000859,STR018,PROD0009,36,98,2025-06-30
INV000860,STR018,PROD0010,348,70,2025-06-30
INV000861,STR018,PROD0011,81,99,2025-06-30
INV000862,STR018,PROD0012,104,29,2025-06-30
INV000863,STR018,PROD0013,226,22,2025-06-30
INV000864,STR018,PROD0014,291,30,2025-06-30
INV000865,STR018,PROD0015,400,82,2025-06-30
INV000866,STR018,PROD0016,208,98,2025-06-30
INV000867,STR018,PROD0017,17,37,2025-06-30
INV000868,STR018,PROD0018,247,75,2025-06-30
INV000869,STR018,PROD0019,461,95,2025-06-30
INV000870,STR018,PROD0020,101,37,2025-06-30
INV000871,STR018,PROD0021,399,20,2025-06-30
INV000872,STR018,PROD0022,29,92,2025-06-30
INV000873,STR018,PROD0023,375,64,2025-06-30
INV000874,STR018,PROD0024,65,45,2025-06-30
INV000875,STR018,PROD0025,158,99,2025-06-30
INV000876,STR018,PROD0026,469,100,2025-06-30
INV000877,STR018,PROD0027,388,85,2025-06-30
INV000878,STR018,PROD0028,49,58,2025-06-30
INV000879,STR018,PROD0029,90,72,2025-06-30
INV000880,STR018,PROD0030,182,70,2025-06-30
INV000881,STR018,PROD0031,34,95,2025-06-30
INV000882,STR018,PROD0032,132,91,2025-06-30
INV000883,STR018,PROD0033,276,77,2025-06-30
INV000884,STR018,PROD0034,215,59,2025-06-30
INV000885,STR018,PROD0035,481,25,2025-06-30
INV000886,STR018,PROD0036,222,48,2025-06-30
INV000887,STR018,PROD0037,26,36,2025-06-30
INV000888,STR018,PROD0038,156,81,2025-06-30
INV000889,STR018,PROD0039,326,78,2025-06-30
INV000890,STR018,PROD0040,433,29,2025-06-30
INV000891,STR018,PROD0041,148,88,2025-06-30
INV000892,STR018,PROD0042,179,69,2025-06-30
INV000893,STR018,PROD0043,364,100,2025-06-30
INV000894,STR018,PROD0044,272,31,2025-06-30
INV000895,STR018,PROD0045,307,24,2025-06-30
INV000896,STR018,PROD0046,159,48,2025-06-30
INV000897,STR018,PROD0047,245,53,2025-06-30
INV000898,STR018,PROD0048,389,74,2025-06-30
INV000899,STR018,PROD0049,448,32,2025-06-30
INV000900,STR018,PROD0050,437,67,2025-06-30
INV000901,STR019,PROD0001,4,39,2025-06-30
INV000902,STR019,PROD0002,173,90,2025-06-30
INV000903,STR019,PROD0003,494,75,2025-06-30
INV000904,STR019,PROD0004,8,38,2025-06-30
INV000905,STR019,PROD0005,415,59,2025-06-30
INV000906,STR019,PROD0006,177,35,2025-06-30
INV000907,STR019,PROD0007,227,70,2025-06-30
INV000908,STR019,PROD0008,52,38,2025-06-30
INV000909,STR019,PROD0009,179,27,2025-06-30
INV000910,STR019,PROD0010,102,38,2025-06-30
INV000911,STR019,PROD0011,374,43,2025-06-30
INV000912,STR019,PROD0012,66,78,2025-06-30
INV000913,STR019,PROD0013,468,96,2025-06-30
INV000914,STR019,PROD0014,411,77,2025-06-30
INV000915,STR019,PROD0015,260,35,2025-06-30
INV000916,STR019,PROD0016,132,77,2025-06-30
INV000917,STR019,PROD0017,289,92,2025-06-30
INV000918,STR019,PROD0018,81,38,2025-06-30
INV000919,STR019,PROD0019,18,66,2025-06-30
INV000920,STR019,PROD0020,38,75,2025-06-30
INV000921,STR019,PROD0021,41,56,2025-06-30
INV000922,STR019,PROD0022,404,67,2025-06-30
INV000923,STR019,PROD0023,330,55,2025-06-30
INV000924,STR019,PROD0024,459,29,2025-06-30
INV000925,STR019,PROD0025,109,66,2025-06-30
INV000926,STR019,PROD0026,117,96,2025-06-30
INV000927,STR019,PROD0027,256,81,2025-06-30
INV000928,STR019,PROD0028,477,61,2025-06-30
INV000929,STR019,PROD0029,92,81,2025-06-30
INV000930,STR019,PROD0030,145,28,2025-06-30
INV000931,STR019,PROD0031,432,59,2025-06-30
INV000932,STR019,PROD0032,92,75,2025-06-30
INV000933,STR019,PROD0033,451,39,2025-06-30
INV000934,STR019,PROD0034,220,97,2025-06-30
INV000935,STR019,PROD0035,212,22,2025-06-30
INV000936,STR019,PROD0036,334,55,2025-06-30
INV000937,STR019,PROD0037,405,90,2025-06-30
INV000938,STR019,PROD0038,137,44,2025-06-30
INV000939,STR019,PROD0039,199,98,2025-06-30
INV000940,STR019,PROD0040,196,89,2025-06-30
INV000941,STR019,PROD0041,224,40,2025-06-30
INV000942,STR019,PROD0042,447,100,2025-06-30
INV000943,STR019,PROD0043,407,49,2025-06-30
INV000944,STR019,PROD0044,44,76,2025-06-30
INV000945,STR019,PROD0045,230,66,2025-06-30
INV000946,STR019,PROD0046,369,78,2025-06-30
INV000947,STR019,PROD0047,63,92,2025-06-30
INV000948,STR019,PROD0048,488,58,2025-06-30
INV000949,STR019,PROD0049,317,35,2025-06-30
INV000950,STR019,PROD0050,137,46,2025-06-30
INV000951,STR020,PROD0001,99,32,2025-06-30
INV000952,STR020,PROD0002,33,49,2025-06-30
INV000953,STR020,PROD0003,1,99,2025-06-30
INV000954,STR020,PROD0004,172,25,2025-06-30
INV000955,STR020,PROD0005,465,79,2025-06-30
INV000956,STR020,PROD0006,387,32,2025-06-30
INV000957,STR020,PROD0007,282,62,2025-06-30
INV000958,STR020,PROD0008,271,85,2025-06-30
INV000959,STR020,PROD0009,313,85,2025-06-30
INV000960,STR020,PROD0010,474,35,2025-06-30
INV000961,STR020,PROD0011,429,47,2025-06-30
INV000962,STR020,PROD0012,153,97,2025-06-30
INV000963,STR020,PROD0013,408,76,2025-06-30
INV000964,STR020,PROD0014,1,65,2025-06-30
INV000965,STR020,PROD0015,371,99,2025-06-30
INV000966,STR020,PROD0016,321,78,2025-06-30
INV000967,STR020,PROD0017,469,36,2025-06-30
INV000968,STR020,PROD0018,223,23,2025-06-30
INV000969,STR020,PROD0019,424,51,2025-06-30
INV000970,STR020,PROD0020,263,86,2025-06-30
INV000971,STR020,PROD0021,445,79,2025-06-30
INV000972,STR020,PROD0022,412,45,2025-06-30
INV000973,STR020,PROD0023,226,37,2025-06-30
INV000974,STR020,PROD0024,140,46,2025-06-30
INV000975,STR020,PROD0025,467,37,2025-06-30
INV000976,STR020,PROD0026,417,51,2025-06-30
INV000977,STR020,PROD0027,71,39,2025-06-30
INV000978,STR020,PROD0028,493,58,2025-06-30
INV000979,STR020,PROD0029,190,43,2025-06-30
INV000980,STR020,PROD0030,289,69,2025-06-30
INV000981,STR020,PROD0031,439,84,2025-06-30
INV000982,STR020,PROD0032,250,23,2025-06-30
INV000983,STR020,PROD0033,384,91,2025-06-30
INV000984,STR020,PROD0034,62,51,2025-06-30
INV000985,STR020,PROD0035,210,92,2025-06-30
INV000986,STR020,PROD0036,423,30,2025-06-30
INV000987,STR020,PROD0037,228,33,2025-06-30
INV000988,STR020,PROD0038,183,40,2025-06-30
INV000989,STR020,PROD0039,183,78,2025-06-30
INV000990,STR020,PROD0040,117,84,2025-06-30
INV000991,STR020,PROD0041,298,95,2025-06-30
INV000992,STR020,PROD0042,341,82,2025-06-30
INV000993,STR020,PROD0043,91,35,2025-06-30
INV000994,STR020,PROD0044,189,25,2025-06-30
INV000995,STR020,PROD0045,297,25,2025-06-30
INV000996,STR020,PROD0046,196,100,2025-06-30
INV000997,STR020,PROD0047,4,87,2025-06-30
INV000998,STR020,PROD0048,444,36,2025-06-30
INV000999,STR020,PROD0049,4,43,2025-06-30
INV001000,STR020,PROD0050,148,54,2025-06-30
INV001001,STR021,PROD0001,148,62,2025-06-30
INV001002,STR021,PROD0002,307,89,2025-06-30
INV001003,STR021,PROD0003,378,38,2025-06-30
INV001004,STR021,PROD0004,358,51,2025-06-30
INV001005,STR021,PROD0005,412,89,2025-06-30
INV001006,STR021,PROD0006,141,60,2025-06-30
INV001007,STR021,PROD0007,341,69,2025-06-30
INV001008,STR021,PROD0008,369,86,2025-06-30
INV001009,STR021,PROD0009,0,67,2025-06-30
INV001010,STR021,PROD0010,14,97,2025-06-30
INV001011,STR021,PROD0011,388,73,2025-06-30
INV001012,STR021,PROD0012,239,67,2025-06-30
INV001013,STR021,PROD0013,51,96,2025-06-30
INV001014,STR021,PROD0014,269,57,2025-06-30
INV001015,STR021,PROD0015,56,61,2025-06-30
INV001016,STR021,PROD0016,165,24,2025-06-30
INV001017,STR021,PROD0017,467,85,2025-06-30
INV001018,STR021,PROD0018,232,79,2025-06-30
INV001019,STR021,PROD0019,360,56,2025-06-30
INV001020,STR021,PROD0020,205,48,2025-06-30
INV001021,STR021,PROD0021,40,28,2025-06-30
INV001022,STR021,PROD0022,121,23,2025-06-30
INV001023,STR021,PROD0023,5,36,2025-06-30
INV001024,STR021,PROD0024,414,29,2025-06-30
INV001025,STR021,PROD0025,16,82,2025-06-30
INV001026,STR021,PROD0026,366,78,2025-06-30
INV001027,STR021,PROD0027,335,95,2025-06-30
INV001028,STR021,PROD0028,484,59,2025-06-30
INV001029,STR021,PROD0029,469,71,2025-06-30
INV001030,STR021,PROD0030,413,73,2025-06-30
INV001031,STR021,PROD0031,207,75,2025-06-30
INV001032,STR021,PROD0032,342,40,2025-06-30
INV001033,STR021,PROD0033,76,99,2025-06-30
INV001034,STR021,PROD0034,54,92,2025-06-30
INV001035,STR021,PROD0035,102,88,2025-06-30
INV001036,STR021,PROD0036,478,95,2025-06-30
INV001037,STR021,PROD0037,431,31,2025-06-30
INV001038,STR021,PROD0038,316,51,2025-06-30
INV001039,STR021,PROD0039,254,65,2025-06-30
INV001040,STR021,PROD0040,124,48,2025-06-30
INV001041,STR021,PROD0041,365,30,2025-06-30
INV001042,STR021,PROD0042,17,29,2025-06-30
INV001043,STR021,PROD0043,215,48,2025-06-30
INV001044,STR021,PROD0044,379,68,2025-06-30
INV001045,STR021,PROD0045,200,22,2025-06-30
INV001046,STR021,PROD0046,482,51,2025-06-30
INV001047,STR021,PROD0047,166,85,2025-06-30
INV001048,STR021,PROD0048,348,74,2025-06-30
INV001049,STR021,PROD0049,408,36,2025-06-30
INV001050,STR021,PROD0050,79,89,2025-06-30
INV001051,STR022,PROD0001,35,78,2025-06-30
INV001052,STR022,PROD0002,222,99,2025-06-30
INV001053,STR022,PROD0003,119,21,2025-06-30
INV001054,STR022,PROD0004,277,39,2025-06-30
INV001055,STR022,PROD0005,473,33,2025-06-30
INV001056,STR022,PROD0006,58,82,2025-06-30
INV001057,STR022,PROD0007,494,77,2025-06-30
INV001058,STR022,PROD0008,46,30,2025-06-30
INV001059,STR022,PROD0009,307,83,2025-06-30
INV001060,STR022,PROD0010,24,77,2025-06-30
INV001061,STR022,PROD0011,0,54,2025-06-30
INV001062,STR022,PROD0012,385,41,2025-06-30
INV001063,STR022,PROD0013,399,34,2025-06-30
INV001064,STR022,PROD0014,115,97,2025-06-30
INV001065,STR022,PROD0015,383,38,2025-06-30
INV001066,STR022,PROD0016,468,32,2025-06-30
INV001067,STR022,PROD0017,376,86,2025-06-30
INV001068,STR022,PROD0018,434,58,2025-06-30
INV001069,STR022,PROD0019,155,87,2025-06-30
INV001070,STR022,PROD0020,240,49,2025-06-30
INV001071,STR022,PROD0021,122,28,2025-06-30
INV001072,STR022,PROD0022,3,94,2025-06-30
INV001073,STR022,PROD0023,410,75,2025-06-30
INV001074,STR022,PROD0024,144,82,2025-06-30
INV001075,STR022,PROD0025,460,97,2025-06-30
INV001076,STR022,PROD0026,242,78,2025-06-30
INV001077,STR022,PROD0027,286,47,2025-06-30
INV001078,STR022,PROD0028,346,97,2025-06-30
INV001079,STR022,PROD0029,491,93,2025-06-30
INV001080,STR022,PROD0030,301,66,2025-06-30
INV001081,STR022,PROD0031,473,63,2025-06-30
INV001082,STR022,PROD0032,137,97,2025-06-30
INV001083,STR022,PROD0033,242,63,2025-06-30
INV001084,STR022,PROD0034,323,92,2025-06-30
INV001085,STR022,PROD0035,283,83,2025-06-30
INV001086,STR022,PROD0036,443,25,2025-06-30
INV001087,STR022,PROD0037,456,38,2025-06-30
INV001088,STR022,PROD0038,103,95,2025-06-30
INV001089,STR022,PROD0039,171,88,2025-06-30
INV001090,STR022,PROD0040,43,62,2025-06-30
INV001091,STR022,PROD0041,157,40,2025-06-30
INV001092,STR022,PROD0042,207,58,2025-06-30
INV001093,STR022,PROD0043,266,89,2025-06-30
INV001094,STR022,PROD0044,61,31,2025-06-30
INV001095,STR022,PROD0045,469,91,2025-06-30
INV001096,STR022,PROD0046,471,69,2025-06-30
INV001097,STR022,PROD0047,394,50,2025-06-30
INV001098,STR022,PROD0048,325,57,2025-06-30
INV001099,STR022,PROD0049,253,78,2025-06-30
INV001100,STR022,PROD0050,191,99,2025-06-30
INV001101,STR023,PROD0001,413,95,2025-06-30
INV001102,STR023,PROD0002,10,43,2025-06-30
INV001103,STR023,PROD0003,44,43,2025-06-30
INV001104,STR023,PROD0004,420,68,2025-06-30
INV001105,STR023,PROD0005,11,69,2025-06-30
INV001106,STR023,PROD0006,95,30,2025-06-30
INV001107,STR023,PROD0007,499,100,2025-06-30
INV001108,STR023,PROD0008,241,64,2025-06-30
INV001109,STR023,PROD0009,310,74,2025-06-30
INV001110,STR023,PROD0010,422,93,2025-06-30
INV001111,STR023,PROD0011,421,73,2025-06-30
INV001112,STR023,PROD0012,90,78,2025-06-30
INV001113,STR023,PROD0013,29,35,2025-06-30
INV001114,STR023,PROD0014,131,87,2025-06-30
INV001115,STR023,PROD0015,155,31,2025-06-30
INV001116,STR023,PROD0016,445,70,2025-06-30
INV001117,STR023,PROD0017,423,48,2025-06-30
INV001118,STR023,PROD0018,176,63,2025-06-30
INV001119,STR023,PROD0019,398,33,2025-06-30
INV001120,STR023,PROD0020,123,26,2025-06-30
INV001121,STR023,PROD0021,423,43,2025-06-30
INV001122,STR023,PROD0022,27,23,2025-06-30
INV001123,STR023,PROD0023,98,78,2025-06-30
INV001124,STR023,PROD0024,315,65,2025-06-30
INV001125,STR023,PROD0025,36,34,2025-06-30
INV001126,STR023,PROD0026,129,54,2025-06-30
INV001127,STR023,PROD0027,357,65,2025-06-30
INV001128,STR023,PROD0028,38,42,2025-06-30
INV001129,STR023,PROD0029,239,41,2025-06-30
INV001130,STR023,PROD0030,284,28,2025-06-30
INV001131,STR023,PROD0031,145,72,2025-06-30
INV001132,STR023,PROD0032,92,67,2025-06-30
INV001133,STR023,PROD0033,30,37,2025-06-30
INV001134,STR023,PROD0034,241,27,2025-06-30
INV001135,STR023,PROD0035,389,77,2025-06-30
INV001136,STR023,PROD0036,470,25,2025-06-30
INV001137,STR023,PROD0037,70,90,2025-06-30
INV001138,STR023,PROD0038,51,56,2025-06-30
INV001139,STR023,PROD0039,37,27,2025-06-30
INV001140,STR023,PROD0040,254,48,2025-06-30
INV001141,STR023,PROD0041,52,80,2025-06-30
INV001142,STR023,PROD0042,420,40,2025-06-30
INV001143,STR023,PROD0043,102,69,2025-06-30
INV001144,STR023,PROD0044,317,92,2025-06-30
INV001145,STR023,PROD0045,386,44,2025-06-30
INV001146,STR023,PROD0046,167,88,2025-06-30
INV001147,STR023,PROD0047,413,68,2025-06-30
INV001148,STR023,PROD0048,419,54,2025-06-30
INV001149,STR023,PROD0049,12,27,2025-06-30
INV001150,STR023,PROD0050,32,84,2025-06-30
INV001151,STR024,PROD0001,449,21,2025-06-30
INV001152,STR024,PROD0002,26,75,2025-06-30
INV001153,STR024,PROD0003,149,79,2025-06-30
INV001154,STR024,PROD0004,281,41,2025-06-30
INV001155,STR024,PROD0005,217,98,2025-06-30
INV001156,STR024,PROD0006,79,21,2025-06-30
INV001157,STR024,PROD0007,227,43,2025-06-30
INV001158,STR024,PROD0008,371,87,2025-06-30
INV001159,STR024,PROD0009,239,43,2025-06-30
INV001160,STR024,PROD0010,385,65,2025-06-30
INV001161,STR024,PROD0011,258,79,2025-06-30
INV001162,STR024,PROD0012,161,35,2025-06-30
INV001163,STR024,PROD0013,74,99,2025-06-30
INV001164,STR024,PROD0014,487,79,2025-06-30
INV001165,STR024,PROD0015,321,94,2025-06-30
INV001166,STR024,PROD0016,212,34,2025-06-30
INV001167,STR024,PROD0017,494,26,2025-06-30
INV001168,STR024,PROD0018,421,34,2025-06-30
INV001169,STR024,PROD0019,113,55,2025-06-30
INV001170,STR024,PROD0020,45,98,2025-06-30
INV001171,STR024,PROD0021,178,37,2025-06-30
INV001172,STR024,PROD0022,378,27,2025-06-30
INV001173,STR024,PROD0023,328,91,2025-06-30
INV001174,STR024,PROD0024,440,54,2025-06-30
INV001175,STR024,PROD0025,394,68,2025-06-30
INV001176,STR024,PROD0026,491,30,2025-06-30
INV001177,STR024,PROD0027,482,30,2025-06-30
INV001178,STR024,PROD0028,64,37,2025-06-30
INV001179,STR024,PROD0029,439,64,2025-06-30
INV001180,STR024,PROD0030,494,41,2025-06-30
INV001181,STR024,PROD0031,499,43,2025-06-30
INV001182,STR024,PROD0032,490,61,2025-06-30
INV001183,STR024,PROD0033,49,94,2025-06-30
INV001184,STR024,PROD0034,53,40,2025-06-30
INV001185,STR024,PROD0035,326,94,2025-06-30
INV001186,STR024,PROD0036,416,67,2025-06-30
INV001187,STR024,PROD0037,26,97,2025-06-30
INV001188,STR024,PROD0038,78,22,2025-06-30
INV001189,STR024,PROD0039,459,35,2025-06-30
INV001190,STR024,PROD0040,191,96,2025-06-30
INV001191,STR024,PROD0041,309,63,2025-06-30
INV001192,STR024,PROD0042,346,100,2025-06-30
INV001193,STR024,PROD0043,62,74,2025-06-30
INV001194,STR024,PROD0044,225,85,2025-06-30
INV001195,STR024,PROD0045,381,52,2025-06-30
INV001196,STR024,PROD0046,10,45,2025-06-30
INV001197,STR024,PROD0047,136,93,2025-06-30
INV001198,STR024,PROD0048,15,47,2025-06-30
INV001199,STR024,PROD0049,471,34,2025-06-30
INV001200,STR024,PROD0050,84,43,2025-06-30
INV001201,STR025,PROD0001,168,72,2025-06-30
INV001202,STR025,PROD0002,403,44,2025-06-30
INV001203,STR025,PROD0003,227,42,2025-06-30
INV001204,STR025,PROD0004,184,51,2025-06-30
INV001205,STR025,PROD0005,406,70,2025-06-30
INV001206,STR025,PROD0006,229,53,2025-06-30
INV001207,STR025,PROD0007,195,67,2025-06-30
INV001208,STR025,PROD0008,67,92,2025-06-30
INV001209,STR025,PROD0009,207,99,2025-06-30
INV001210,STR025,PROD0010,430,37,2025-06-30
INV001211,STR025,PROD0011,181,96,2025-06-30
INV001212,STR025,PROD0012,488,32,2025-06-30
INV001213,STR025,PROD0013,183,65,2025-06-30
INV001214,STR025,PROD0014,243,94,2025-06-30
INV001215,STR025,PROD0015,216,96,2025-06-30
INV001216,STR025,PROD0016,231,63,2025-06-30
INV001217,STR025,PROD0017,66,48,2025-06-30
INV001218,STR025,PROD0018,275,96,2025-06-30
INV001219,STR025,PROD0019,97,29,2025-06-30
INV001220,STR025,PROD0020,161,50,2025-06-30
INV001221,STR025,PROD0021,33,78,2025-06-30
INV001222,STR025,PROD0022,455,81,2025-06-30
INV001223,STR025,PROD0023,333,48,2025-06-30
INV001224,STR025,PROD0024,343,45,2025-06-30
INV001225,STR025,PROD0025,118,76,2025-06-30
INV001226,STR025,PROD0026,380,29,2025-06-30
INV001227,STR025,PROD0027,303,93,2025-06-30
INV001228,STR025,PROD0028,320,100,2025-06-30
INV001229,STR025,PROD0029,36,23,2025-06-30
INV001230,STR025,PROD0030,484,46,2025-06-30
INV001231,STR025,PROD0031,444,77,2025-06-30
INV001232,STR025,PROD0032,82,39,2025-06-30
INV001233,STR025,PROD0033,326,46,2025-06-30
INV001234,STR025,PROD0034,215,69,2025-06-30
INV001235,STR025,PROD0035,127,63,2025-06-30
INV001236,STR025,PROD0036,203,24,2025-06-30
INV001237,STR025,PROD0037,450,49,2025-06-30
INV001238,STR025,PROD0038,283,100,2025-06-30
INV001239,STR025,PROD0039,52,62,2025-06-30
INV001240,STR025,PROD0040,338,72,2025-06-30
INV001241,STR025,PROD0041,135,55,2025-06-30
INV001242,STR025,PROD0042,302,98,2025-06-30
INV001243,STR025,PROD0043,102,57,2025-06-30
INV001244,STR025,PROD0044,374,39,2025-06-30
INV001245,STR025,PROD0045,303,76,2025-06-30
INV001246,STR025,PROD0046,56,34,2025-06-30
INV001247,STR025,PROD0047,295,86,2025-06-30
INV001248,STR025,PROD0048,469,61,2025-06-30
INV001249,STR025,PROD0049,89,76,2025-06-30
INV001250,STR025,PROD0050,389,91,2025-06-30
INV001251,STR026,PROD0001,209,29,2025-06-30
INV001252,STR026,PROD0002,323,23,2025-06-30
INV001253,STR026,PROD0003,274,92,2025-06-30
INV001254,STR026,PROD0004,104,90,2025-06-30
INV001255,STR026,PROD0005,439,52,2025-06-30
INV001256,STR026,PROD0006,364,40,2025-06-30
INV001257,STR026,PROD0007,246,78,2025-06-30
INV001258,STR026,PROD0008,492,93,2025-06-30
INV001259,STR026,PROD0009,137,35,2025-06-30
INV001260,STR026,PROD0010,468,87,2025-06-30
INV001261,STR026,PROD0011,374,62,2025-06-30
INV001262,STR026,PROD0012,100,75,2025-06-30
INV001263,STR026,PROD0013,355,87,2025-06-30
INV001264,STR026,PROD0014,442,93,2025-06-30
INV001265,STR026,PROD0015,360,88,2025-06-30
INV001266,STR026,PROD0016,337,21,2025-06-30
INV001267,STR026,PROD0017,122,98,2025-06-30
INV001268,STR026,PROD0018,386,57,2025-06-30
INV001269,STR026,PROD0019,482,53,2025-06-30
INV001270,STR026,PROD0020,411,20,2025-06-30
INV001271,STR026,PROD0021,242,83,2025-06-30
INV001272,STR026,PROD0022,30,93,2025-06-30
INV001273,STR026,PROD0023,85,26,2025-06-30
INV001274,STR026,PROD0024,43,78,2025-06-30
INV001275,STR026,PROD0025,399,92,2025-06-30
INV001276,STR026,PROD0026,277,23,2025-06-30
INV001277,STR026,PROD0027,222,40,2025-06-30
INV001278,STR026,PROD0028,175,71,2025-06-30
INV001279,STR026,PROD0029,135,26,2025-06-30
INV001280,STR026,PROD0030,363,60,2025-06-30
INV001281,STR026,PROD0031,344,86,2025-06-30
INV001282,STR026,PROD0032,281,40,2025-06-30
INV001283,STR026,PROD0033,68,42,2025-06-30
INV001284,STR026,PROD0034,43,78,2025-06-30
INV001285,STR026,PROD0035,378,86,2025-06-30
INV001286,STR026,PROD0036,229,71,2025-06-30
INV001287,STR026,PROD0037,407,95,2025-06-30
INV001288,STR026,PROD0038,256,62,2025-06-30
INV001289,STR026,PROD0039,23,34,2025-06-30
INV001290,STR026,PROD0040,86,21,2025-06-30
INV001291,STR026,PROD0041,142,51,2025-06-30
INV001292,STR026,PROD0042,172,44,2025-06-30
INV001293,STR026,PROD0043,306,66,2025-06-30
INV001294,STR026,PROD0044,254,56,2025-06-30
INV001295,STR026,PROD0045,172,41,2025-06-30
INV001296,STR026,PROD0046,404,68,2025-06-30
INV001297,STR026,PROD0047,352,95,2025-06-30
INV001298,STR026,PROD0048,72,59,2025-06-30
INV001299,STR026,PROD0049,409,31,2025-06-30
INV001300,STR026,PROD0050,275,86,2025-06-30
INV001301,STR027,PROD0001,441,98,2025-06-30
INV001302,STR027,PROD0002,245,86,2025-06-30
INV001303,STR027,PROD0003,361,41,2025-06-30
INV001304,STR027,PROD0004,76,60,2025-06-30
INV001305,STR027,PROD0005,292,44,2025-06-30
INV001306,STR027,PROD0006,159,99,2025-06-30
INV001307,STR027,PROD0007,50,77,2025-06-30
INV001308,STR027,PROD0008,165,59,2025-06-30
INV001309,STR027,PROD0009,349,27,2025-06-30
INV001310,STR027,PROD0010,170,59,2025-06-30
INV001311,STR027,PROD0011,208,82,2025-06-30
INV001312,STR027,PROD0012,300,68,2025-06-30
INV001313,STR027,PROD0013,138,38,2025-06-30
INV001314,STR027,PROD0014,139,89,2025-06-30
INV001315,STR027,PROD0015,366,56,2025-06-30
INV001316,STR027,PROD0016,388,81,2025-06-30
INV001317,STR027,PROD0017,59,43,2025-06-30
INV001318,STR027,PROD0018,284,88,2025-06-30
INV001319,STR027,PROD0019,72,45,2025-06-30
INV001320,STR027,PROD0020,156,43,2025-06-30
INV001321,STR027,PROD0021,8,28,2025-06-30
INV001322,STR027,PROD0022,239,56,2025-06-30
INV001323,STR027,PROD0023,316,48,2025-06-30
INV001324,STR027,PROD0024,448,29,2025-06-30
INV001325,STR027,PROD0025,391,78,2025-06-30
INV001326,STR027,PROD0026,489,87,2025-06-30
INV001327,STR027,PROD0027,477,44,2025-06-30
INV001328,STR027,PROD0028,269,54,2025-06-30
INV001329,STR027,PROD0029,112,84,2025-06-30
INV001330,STR027,PROD0030,111,32,2025-06-30
INV001331,STR027,PROD0031,35,84,2025-06-30
INV001332,STR027,PROD0032,191,43,2025-06-30
INV001333,STR027,PROD0033,378,59,2025-06-30
INV001334,STR027,PROD0034,324,71,2025-06-30
INV001335,STR027,PROD0035,210,36,2025-06-30
INV001336,STR027,PROD0036,125,42,2025-06-30
INV001337,STR027,PROD0037,364,96,2025-06-30
INV001338,STR027,PROD0038,61,83,2025-06-30
INV001339,STR027,PROD0039,114,89,2025-06-30
INV001340,STR027,PROD0040,106,74,2025-06-30
INV001341,STR027,PROD0041,293,74,2025-06-30
INV001342,STR027,PROD0042,444,43,2025-06-30
INV001343,STR027,PROD0043,470,67,2025-06-30
INV001344,STR027,PROD0044,265,34,2025-06-30
INV001345,STR027,PROD0045,184,30,2025-06-30
INV001346,STR027,PROD0046,258,94,2025-06-30
INV001347,STR027,PROD0047,127,42,2025-06-30
INV001348,STR027,PROD0048,389,76,2025-06-30
INV001349,STR027,PROD0049,137,22,2025-06-30
INV001350,STR027,PROD0050,147,70,2025-06-30
INV001351,STR028,PROD0001,338,61,2025-06-30
INV001352,STR028,PROD0002,31,22,2025-06-30
INV001353,STR028,PROD0003,164,98,2025-06-30
INV001354,STR028,PROD0004,72,78,2025-06-30
INV001355,STR028,PROD0005,305,72,2025-06-30
INV001356,STR028,PROD0006,115,36,2025-06-30
INV001357,STR028,PROD0007,326,77,2025-06-30
INV001358,STR028,PROD0008,137,66,2025-06-30
INV001359,STR028,PROD0009,118,63,2025-06-30
INV001360,STR028,PROD0010,168,39,2025-06-30
INV001361,STR028,PROD0011,69,80,2025-06-30
INV001362,STR028,PROD0012,57,69,2025-06-30
INV001363,STR028,PROD0013,424,30,2025-06-30
INV001364,STR028,PROD0014,202,34,2025-06-30
INV001365,STR028,PROD0015,206,45,2025-06-30
INV001366,STR028,PROD0016,392,85,2025-06-30
INV001367,STR028,PROD0017,437,78,2025-06-30
INV001368,STR028,PROD0018,325,32,2025-06-30
INV001369,STR028,PROD0019,381,20,2025-06-30
INV001370,STR028,PROD0020,141,94,2025-06-30
INV001371,STR028,PROD0021,301,87,2025-06-30
INV001372,STR028,PROD0022,38,58,2025-06-30
INV001373,STR028,PROD0023,44,67,2025-06-30
INV001374,STR028,PROD0024,180,95,2025-06-30
INV001375,STR028,PROD0025,167,60,2025-06-30
INV001376,STR028,PROD0026,359,21,2025-06-30
INV001377,STR028,PROD0027,454,25,2025-06-30
INV001378,STR028,PROD0028,53,54,2025-06-30
INV001379,STR028,PROD0029,140,29,2025-06-30
INV001380,STR028,PROD0030,36,81,2025-06-30
INV001381,STR028,PROD0031,149,46,2025-06-30
INV001382,STR028,PROD0032,108,84,2025-06-30
INV001383,STR028,PROD0033,278,26,2025-06-30
INV001384,STR028,PROD0034,440,89,2025-06-30
INV001385,STR028,PROD0035,331,25,2025-06-30
INV001386,STR028,PROD0036,274,96,2025-06-30
INV001387,STR028,PROD0037,304,50,2025-06-30
INV001388,STR028,PROD0038,116,70,2025-06-30
INV001389,STR028,PROD0039,434,56,2025-06-30
INV001390,STR028,PROD0040,139,24,2025-06-30
INV001391,STR028,PROD0041,97,81,2025-06-30
INV001392,STR028,PROD0042,162,48,2025-06-30
INV001393,STR028,PROD0043,339,36,2025-06-30
INV001394,STR028,PROD0044,141,66,2025-06-30
INV001395,STR028,PROD0045,456,56,2025-06-30
INV001396,STR028,PROD0046,61,87,2025-06-30
INV001397,STR028,PROD0047,186,66,2025-06-30
INV001398,STR028,PROD0048,428,55,2025-06-30
INV001399,STR028,PROD0049,356,41,2025-06-30
INV001400,STR028,PROD0050,271,33,2025-06-30
INV001401,STR029,PROD0001,144,75,2025-06-30
INV001402,STR029,PROD0002,210,26,2025-06-30
INV001403,STR029,PROD0003,493,77,2025-06-30
INV001404,STR029,PROD0004,373,43,2025-06-30
INV001405,STR029,PROD0005,459,29,2025-06-30
INV001406,STR029,PROD0006,173,54,2025-06-30
INV001407,STR029,PROD0007,401,80,2025-06-30
INV001408,STR029,PROD0008,342,75,2025-06-30
INV001409,STR029,PROD0009,472,94,2025-06-30
INV001410,STR029,PROD0010,46,69,2025-06-30
INV001411,STR029,PROD0011,210,92,2025-06-30
INV001412,STR029,PROD0012,165,53,2025-06-30
INV001413,STR029,PROD0013,362,76,2025-06-30
INV001414,STR029,PROD0014,414,91,2025-06-30
INV001415,STR029,PROD0015,219,67,2025-06-30
INV001416,STR029,PROD0016,71,24,2025-06-30
INV001417,STR029,PROD0017,473,88,2025-06-30
INV001418,STR029,PROD0018,54,93,2025-06-30
INV001419,STR029,PROD0019,464,47,2025-06-30
INV001420,STR029,PROD0020,56,72,2025-06-30
INV001421,STR029,PROD0021,247,25,2025-06-30
INV001422,STR029,PROD0022,59,49,2025-06-30
INV001423,STR029,PROD0023,329,50,2025-06-30
INV001424,STR029,PROD0024,423,54,2025-06-30
INV001425,STR029,PROD0025,81,30,2025-06-30
INV001426,STR029,PROD0026,172,68,2025-06-30
INV001427,STR029,PROD0027,126,67,2025-06-30
INV001428,STR029,PROD0028,140,96,2025-06-30
INV001429,STR029,PROD0029,31,53,2025-06-30
INV001430,STR029,PROD0030,372,91,2025-06-30
INV001431,STR029,PROD0031,238,97,2025-06-30
INV001432,STR029,PROD0032,81,93,2025-06-30
INV001433,STR029,PROD0033,230,71,2025-06-30
INV001434,STR029,PROD0034,60,94,2025-06-30
INV001435,STR029,PROD0035,50,88,2025-06-30
INV001436,STR029,PROD0036,74,53,2025-06-30
INV001437,STR029,PROD0037,243,31,2025-06-30
INV001438,STR029,PROD0038,13,75,2025-06-30
INV001439,STR029,PROD0039,99,25,2025-06-30
INV001440,STR029,PROD0040,212,22,2025-06-30
INV001441,STR029,PROD0041,236,91,2025-06-30
INV001442,STR029,PROD0042,386,100,2025-06-30
INV001443,STR029,PROD0043,295,94,2025-06-30
INV001444,STR029,PROD0044,195,29,2025-06-30
INV001445,STR029,PROD0045,330,40,2025-06-30
INV001446,STR029,PROD0046,347,53,2025-06-30
INV001447,STR029,PROD0047,38,30,2025-06-30
INV001448,STR029,PROD0048,128,100,2025-06-30
INV001449,STR029,PROD0049,208,33,2025-06-30
INV001450,STR029,PROD0050,380,76,2025-06-30
INV001451,STR030,PROD0001,307,36,2025-06-30
INV001452,STR030,PROD0002,129,43,2025-06-30
INV001453,STR030,PROD0003,51,79,2025-06-30
INV001454,STR030,PROD0004,13,34,2025-06-30
INV001455,STR030,PROD0005,373,81,2025-06-30
INV001456,STR030,PROD0006,432,53,2025-06-30
INV001457,STR030,PROD0007,457,49,2025-06-30
INV001458,STR030,PROD0008,130,24,2025-06-30
INV001459,STR030,PROD0009,417,49,2025-06-30
INV001460,STR030,PROD0010,39,35,2025-06-30
INV001461,STR030,PROD0011,468,25,2025-06-30
INV001462,STR030,PROD0012,250,94,2025-06-30
INV001463,STR030,PROD0013,278,22,2025-06-30
INV001464,STR030,PROD0014,8,99,2025-06-30
INV001465,STR030,PROD0015,213,56,2025-06-30
INV001466,STR030,PROD0016,463,69,2025-06-30
INV001467,STR030,PROD0017,121,67,2025-06-30
INV001468,STR030,PROD0018,385,67,2025-06-30
INV001469,STR030,PROD0019,42,96,2025-06-30
INV001470,STR030,PROD0020,282,95,2025-06-30
INV001471,STR030,PROD0021,138,74,2025-06-30
INV001472,STR030,PROD0022,309,39,2025-06-30
INV001473,STR030,PROD0023,426,86,2025-06-30
INV001474,STR030,PROD0024,201,86,2025-06-30
INV001475,STR030,PROD0025,253,75,2025-06-30
INV001476,STR030,PROD0026,387,21,2025-06-30
INV001477,STR030,PROD0027,87,95,2025-06-30
INV001478,STR030,PROD0028,466,87,2025-06-30
INV001479,STR030,PROD0029,285,39,2025-06-30
INV001480,STR030,PROD0030,50,52,2025-06-30
INV001481,STR030,PROD0031,288,54,2025-06-30
INV001482,STR030,PROD0032,96,83,2025-06-30
INV001483,STR030,PROD0033,380,81,2025-06-30
INV001484,STR030,PROD0034,430,87,2025-06-30
INV001485,STR030,PROD0035,465,41,2025-06-30
INV001486,STR030,PROD0036,36,90,2025-06-30
INV001487,STR030,PROD0037,448,93,2025-06-30
INV001488,STR030,PROD0038,479,43,2025-06-30
INV001489,STR030,PROD0039,77,69,2025-06-30
INV001490,STR030,PROD0040,41,88,2025-06-30
INV001491,STR030,PROD0041,237,24,2025-06-30
INV001492,STR030,PROD0042,114,35,2025-06-30
INV001493,STR030,PROD0043,411,85,2025-06-30
INV001494,STR030,PROD0044,281,46,2025-06-30
INV001495,STR030,PROD0045,148,96,2025-06-30
INV001496,STR030,PROD0046,261,46,2025-06-30
INV001497,STR030,PROD0047,463,92,2025-06-30
INV001498,STR030,PROD0048,319,82,2025-06-30
INV001499,STR030,PROD0049,38,51,2025-06-30
INV001500,STR030,PROD0050,472,25,2025-06-30
INV001501,STR031,PROD0001,480,60,2025-06-30
INV001502,STR031,PROD0002,373,73,2025-06-30
INV001503,STR031,PROD0003,262,78,2025-06-30
INV001504,STR031,PROD0004,274,26,2025-06-30
INV001505,STR031,PROD0005,282,100,2025-06-30
INV001506,STR031,PROD0006,192,36,2025-06-30
INV001507,STR031,PROD0007,236,66,2025-06-30
INV001508,STR031,PROD0008,52,89,2025-06-30
INV001509,STR031,PROD0009,318,90,2025-06-30
INV001510,STR031,PROD0010,184,24,2025-06-30
INV001511,STR031,PROD0011,416,34,2025-06-30
INV001512,STR031,PROD0012,445,83,2025-06-30
INV001513,STR031,PROD0013,118,69,2025-06-30
INV001514,STR031,PROD0014,178,39,2025-06-30
INV001515,STR031,PROD0015,127,32,2025-06-30
INV001516,STR031,PROD0016,148,49,2025-06-30
INV001517,STR031,PROD0017,329,78,2025-06-30
INV001518,STR031,PROD0018,70,77,2025-06-30
INV001519,STR031,PROD0019,387,34,2025-06-30
INV001520,STR031,PROD0020,391,66,2025-06-30
INV001521,STR031,PROD0021,394,30,2025-06-30
INV001522,STR031,PROD0022,451,54,2025-06-30
INV001523,STR031,PROD0023,199,79,2025-06-30
INV001524,STR031,PROD0024,212,44,2025-06-30
INV001525,STR031,PROD0025,323,50,2025-06-30
INV001526,STR031,PROD0026,77,25,2025-06-30
INV001527,STR031,PROD0027,395,82,2025-06-30
INV001528,STR031,PROD0028,116,59,2025-06-30
INV001529,STR031,PROD0029,112,83,2025-06-30
INV001530,STR031,PROD0030,90,42,2025-06-30
INV001531,STR031,PROD0031,199,54,2025-06-30
INV001532,STR031,PROD0032,329,45,2025-06-30
INV001533,STR031,PROD0033,102,31,2025-06-30
INV001534,STR031,PROD0034,125,71,2025-06-30
INV001535,STR031,PROD0035,374,76,2025-06-30
INV001536,STR031,PROD0036,412,98,2025-06-30
INV001537,STR031,PROD0037,278,90,2025-06-30
INV001538,STR031,PROD0038,378,22,2025-06-30
INV001539,STR031,PROD0039,366,65,2025-06-30
INV001540,STR031,PROD0040,5,47,2025-06-30
INV001541,STR031,PROD0041,121,100,2025-06-30
INV001542,STR031,PROD0042,313,60,2025-06-30
INV001543,STR031,PROD0043,362,30,2025-06-30
INV001544,STR031,PROD0044,345,25,2025-06-30
INV001545,STR031,PROD0045,236,86,2025-06-30
INV001546,STR031,PROD0046,120,81,2025-06-30
INV001547,STR031,PROD0047,173,36,2025-06-30
INV001548,STR031,PROD0048,204,91,2025-06-30
INV001549,STR031,PROD0049,384,88,2025-06-30
INV001550,STR031,PROD0050,428,78,2025-06-30
INV001551,STR032,PROD0001,7,29,2025-06-30
INV001552,STR032,PROD0002,481,79,2025-06-30
INV001553,STR032,PROD0003,142,69,2025-06-30
INV001554,STR032,PROD0004,131,22,2025-06-30
INV001555,STR032,PROD0005,158,63,2025-06-30
INV001556,STR032,PROD0006,188,71,2025-06-30
INV001557,STR032,PROD0007,280,89,2025-06-30
INV001558,STR032,PROD0008,148,39,2025-06-30
INV001559,STR032,PROD0009,233,24,2025-06-30
INV001560,STR032,PROD0010,140,76,2025-06-30
INV001561,STR032,PROD0011,183,48,2025-06-30
INV001562,STR032,PROD0012,390,31,2025-06-30
INV001563,STR032,PROD0013,136,82,2025-06-30
INV001564,STR032,PROD0014,320,82,2025-06-30
INV001565,STR032,PROD0015,463,62,2025-06-30
INV001566,STR032,PROD0016,288,61,2025-06-30
INV001567,STR032,PROD0017,480,61,2025-06-30
INV001568,STR032,PROD0018,54,86,2025-06-30
INV001569,STR032,PROD0019,183,33,2025-06-30
INV001570,STR032,PROD0020,68,38,2025-06-30
INV001571,STR032,PROD0021,368,78,2025-06-30
INV001572,STR032,PROD0022,481,60,2025-06-30
INV001573,STR032,PROD0023,271,63,2025-06-30
INV001574,STR032,PROD0024,429,81,2025-06-30
INV001575,STR032,PROD0025,467,59,2025-06-30
INV001576,STR032,PROD0026,488,83,2025-06-30
INV001577,STR032,PROD0027,72,99,2025-06-30
INV001578,STR032,PROD0028,241,22,2025-06-30
INV001579,STR032,PROD0029,84,48,2025-06-30
INV001580,STR032,PROD0030,343,87,2025-06-30
INV001581,STR032,PROD0031,302,95,2025-06-30
INV001582,STR032,PROD0032,117,75,2025-06-30
INV001583,STR032,PROD0033,168,95,2025-06-30
INV001584,STR032,PROD0034,393,84,2025-06-30
INV001585,STR032,PROD0035,221,93,2025-06-30
INV001586,STR032,PROD0036,386,84,2025-06-30
INV001587,STR032,PROD0037,143,56,2025-06-30
INV001588,STR032,PROD0038,350,83,2025-06-30
INV001589,STR032,PROD0039,45,84,2025-06-30
INV001590,STR032,PROD0040,410,26,2025-06-30
INV001591,STR032,PROD0041,63,84,2025-06-30
INV001592,STR032,PROD0042,495,95,2025-06-30
INV001593,STR032,PROD0043,276,33,2025-06-30
INV001594,STR032,PROD0044,358,67,2025-06-30
INV001595,STR032,PROD0045,109,29,2025-06-30
INV001596,STR032,PROD0046,173,80,2025-06-30
INV001597,STR032,PROD0047,276,98,2025-06-30
INV001598,STR032,PROD0048,284,98,2025-06-30
INV001599,STR032,PROD0049,29,58,2025-06-30
INV001600,STR032,PROD0050,341,93,2025-06-30
INV001601,STR033,PROD0001,252,43,2025-06-30
INV001602,STR033,PROD0002,351,60,2025-06-30
INV001603,STR033,PROD0003,21,75,2025-06-30
INV001604,STR033,PROD0004,407,24,2025-06-30
INV001605,STR033,PROD0005,33,60,2025-06-30
INV001606,STR033,PROD0006,272,65,2025-06-30
INV001607,STR033,PROD0007,104,32,2025-06-30
INV001608,STR033,PROD0008,455,90,2025-06-30
INV001609,STR033,PROD0009,476,91,2025-06-30
INV001610,STR033,PROD0010,97,23,2025-06-30
INV001611,STR033,PROD0011,269,67,2025-06-30
INV001612,STR033,PROD0012,338,77,2025-06-30
INV001613,STR033,PROD0013,364,26,2025-06-30
INV001614,STR033,PROD0014,455,59,2025-06-30
INV001615,STR033,PROD0015,364,55,2025-06-30
INV001616,STR033,PROD0016,78,36,2025-06-30
INV001617,STR033,PROD0017,363,44,2025-06-30
INV001618,STR033,PROD0018,280,67,2025-06-30
INV001619,STR033,PROD0019,57,60,2025-06-30
INV001620,STR033,PROD0020,390,54,2025-06-30
INV001621,STR033,PROD0021,52,45,2025-06-30
INV001622,STR033,PROD0022,15,35,2025-06-30
INV001623,STR033,PROD0023,72,47,2025-06-30
INV001624,STR033,PROD0024,320,51,2025-06-30
INV001625,STR033,PROD0025,299,49,2025-06-30
INV001626,STR033,PROD0026,412,44,2025-06-30
INV001627,STR033,PROD0027,397,38,2025-06-30
INV001628,STR033,PROD0028,69,29,2025-06-30
INV001629,STR033,PROD0029,459,92,2025-06-30
INV001630,STR033,PROD0030,490,80,2025-06-30
INV001631,STR033,PROD0031,42,36,2025-06-30
INV001632,STR033,PROD0032,238,51,2025-06-30
INV001633,STR033,PROD0033,495,38,2025-06-30
INV001634,STR033,PROD0034,154,64,2025-06-30
INV001635,STR033,PROD0035,41,57,2025-06-30
INV001636,STR033,PROD0036,459,67,2025-06-30
INV001637,STR033,PROD0037,416,75,2025-06-30
INV001638,STR033,PROD0038,355,84,2025-06-30
INV001639,STR033,PROD0039,142,52,2025-06-30
INV001640,STR033,PROD0040,256,100,2025-06-30
INV001641,STR033,PROD0041,476,25,2025-06-30
INV001642,STR033,PROD0042,178,63,2025-06-30
INV001643,STR033,PROD0043,127,69,2025-06-30
INV001644,STR033,PROD0044,469,27,2025-06-30
INV001645,STR033,PROD0045,363,84,2025-06-30
INV001646,STR033,PROD0046,405,32,2025-06-30
INV001647,STR033,PROD0047,73,58,2025-06-30
INV001648,STR033,PROD0048,386,20,2025-06-30
INV001649,STR033,PROD0049,240,26,2025-06-30
INV001650,STR033,PROD0050,198,48,2025-06-30
INV001651,STR034,PROD0001,463,93,2025-06-30
INV001652,STR034,PROD0002,61,98,2025-06-30
INV001653,STR034,PROD0003,231,73,2025-06-30
INV001654,STR034,PROD0004,218,43,2025-06-30
INV001655,STR034,PROD0005,409,57,2025-06-30
INV001656,STR034,PROD0006,74,33,2025-06-30
INV001657,STR034,PROD0007,253,28,2025-06-30
INV001658,STR034,PROD0008,267,83,2025-06-30
INV001659,STR034,PROD0009,335,35,2025-06-30
INV001660,STR034,PROD0010,190,31,2025-06-30
INV001661,STR034,PROD0011,225,47,2025-06-30
INV001662,STR034,PROD0012,467,92,2025-06-30
INV001663,STR034,PROD0013,375,84,2025-06-30
INV001664,STR034,PROD0014,367,23,2025-06-30
INV001665,STR034,PROD0015,327,74,2025-06-30
INV001666,STR034,PROD0016,204,97,2025-06-30
INV001667,STR034,PROD0017,87,40,2025-06-30
INV001668,STR034,PROD0018,430,78,2025-06-30
INV001669,STR034,PROD0019,335,88,2025-06-30
INV001670,STR034,PROD0020,148,63,2025-06-30
INV001671,STR034,PROD0021,473,73,2025-06-30
INV001672,STR034,PROD0022,1,61,2025-06-30
INV001673,STR034,PROD0023,290,65,2025-06-30
INV001674,STR034,PROD0024,467,34,2025-06-30
INV001675,STR034,PROD0025,277,85,2025-06-30
INV001676,STR034,PROD0026,180,97,2025-06-30
INV001677,STR034,PROD0027,271,38,2025-06-30
INV001678,STR034,PROD0028,190,45,2025-06-30
INV001679,STR034,PROD0029,325,52,2025-06-30
INV001680,STR034,PROD0030,428,30,2025-06-30
INV001681,STR034,PROD0031,43,29,2025-06-30
INV001682,STR034,PROD0032,254,42,2025-06-30
INV001683,STR034,PROD0033,169,71,2025-06-30
INV001684,STR034,PROD0034,461,36,2025-06-30
INV001685,STR034,PROD0035,156,47,2025-06-30
INV001686,STR034,PROD0036,351,69,2025-06-30
INV001687,STR034,PROD0037,243,42,2025-06-30
INV001688,STR034,PROD0038,423,73,2025-06-30
INV001689,STR034,PROD0039,195,85,2025-06-30
INV001690,STR034,PROD0040,353,57,2025-06-30
INV001691,STR034,PROD0041,197,27,2025-06-30
INV001692,STR034,PROD0042,427,54,2025-06-30
INV001693,STR034,PROD0043,260,63,2025-06-30
INV001694,STR034,PROD0044,305,37,2025-06-30
INV001695,STR034,PROD0045,28,28,2025-06-30
INV001696,STR034,PROD0046,458,80,2025-06-30
INV001697,STR034,PROD0047,364,76,2025-06-30
INV001698,STR034,PROD0048,283,87,2025-06-30
INV001699,STR034,PROD0049,487,37,2025-06-30
INV001700,STR034,PROD0050,309,97,2025-06-30
INV001701,STR035,PROD0001,33,72,2025-06-30
INV001702,STR035,PROD0002,357,66,2025-06-30
INV001703,STR035,PROD0003,359,47,2025-06-30
INV001704,STR035,PROD0004,390,95,2025-06-30
INV001705,STR035,PROD0005,490,87,2025-06-30
INV001706,STR035,PROD0006,272,97,2025-06-30
INV001707,STR035,PROD0007,292,91,2025-06-30
INV001708,STR035,PROD0008,29,37,2025-06-30
INV001709,STR035,PROD0009,356,22,2025-06-30
INV001710,STR035,PROD0010,5,47,2025-06-30
INV001711,STR035,PROD0011,251,22,2025-06-30
INV001712,STR035,PROD0012,25,20,2025-06-30
INV001713,STR035,PROD0013,187,97,2025-06-30
INV001714,STR035,PROD0014,307,24,2025-06-30
INV001715,STR035,PROD0015,20,29,2025-06-30
INV001716,STR035,PROD0016,377,89,2025-06-30
INV001717,STR035,PROD0017,344,79,2025-06-30
INV001718,STR035,PROD0018,242,24,2025-06-30
INV001719,STR035,PROD0019,212,20,2025-06-30
INV001720,STR035,PROD0020,90,31,2025-06-30
INV001721,STR035,PROD0021,285,61,2025-06-30
INV001722,STR035,PROD0022,149,48,2025-06-30
INV001723,STR035,PROD0023,120,49,2025-06-30
INV001724,STR035,PROD0024,45,31,2025-06-30
INV001725,STR035,PROD0025,353,91,2025-06-30
INV001726,STR035,PROD0026,454,65,2025-06-30
INV001727,STR035,PROD0027,80,83,2025-06-30
INV001728,STR035,PROD0028,328,87,2025-06-30
INV001729,STR035,PROD0029,324,96,2025-06-30
INV001730,STR035,PROD0030,154,87,2025-06-30
INV001731,STR035,PROD0031,221,22,2025-06-30
INV001732,STR035,PROD0032,424,60,2025-06-30
INV001733,STR035,PROD0033,284,21,2025-06-30
INV001734,STR035,PROD0034,182,69,2025-06-30
INV001735,STR035,PROD0035,293,79,2025-06-30
INV001736,STR035,PROD0036,353,41,2025-06-30
INV001737,STR035,PROD0037,291,26,2025-06-30
INV001738,STR035,PROD0038,497,41,2025-06-30
INV001739,STR035,PROD0039,356,93,2025-06-30
INV001740,STR035,PROD0040,279,62,2025-06-30
INV001741,STR035,PROD0041,350,78,2025-06-30
INV001742,STR035,PROD0042,489,47,2025-06-30
INV001743,STR035,PROD0043,142,45,2025-06-30
INV001744,STR035,PROD0044,170,81,2025-06-30
INV001745,STR035,PROD0045,137,54,2025-06-30
INV001746,STR035,PROD0046,438,40,2025-06-30
INV001747,STR035,PROD0047,9,50,2025-06-30
INV001748,STR035,PROD0048,95,22,2025-06-30
INV001749,STR035,PROD0049,341,45,2025-06-30
INV001750,STR035,PROD0050,247,36,2025-06-30
INV001751,STR036,PROD0001,208,47,2025-06-30
INV001752,STR036,PROD0002,426,97,2025-06-30
INV001753,STR036,PROD0003,239,26,2025-06-30
INV001754,STR036,PROD0004,43,81,2025-06-30
INV001755,STR036,PROD0005,223,22,2025-06-30
INV001756,STR036,PROD0006,272,23,2025-06-30
INV001757,STR036,PROD0007,103,21,2025-06-30
INV001758,STR036,PROD0008,460,86,2025-06-30
INV001759,STR036,PROD0009,304,54,2025-06-30
INV001760,STR036,PROD0010,495,68,2025-06-30
INV001761,STR036,PROD0011,34,78,2025-06-30
INV001762,STR036,PROD0012,447,92,2025-06-30
INV001763,STR036,PROD0013,477,31,2025-06-30
INV001764,STR036,PROD0014,38,98,2025-06-30
INV001765,STR036,PROD0015,495,75,2025-06-30
INV001766,STR036,PROD0016,309,75,2025-06-30
INV001767,STR036,PROD0017,198,90,2025-06-30
INV001768,STR036,PROD0018,487,72,2025-06-30
INV001769,STR036,PROD0019,387,80,2025-06-30
INV001770,STR036,PROD0020,411,78,2025-06-30
INV001771,STR036,PROD0021,199,42,2025-06-30
INV001772,STR036,PROD0022,262,89,2025-06-30
INV001773,STR036,PROD0023,443,96,2025-06-30
INV001774,STR036,PROD0024,344,77,2025-06-30
INV001775,STR036,PROD0025,422,39,2025-06-30
INV001776,STR036,PROD0026,435,73,2025-06-30
INV001777,STR036,PROD0027,264,24,2025-06-30
INV001778,STR036,PROD0028,338,69,2025-06-30
INV001779,STR036,PROD0029,412,81,2025-06-30
INV001780,STR036,PROD0030,131,29,2025-06-30
INV001781,STR036,PROD0031,322,56,2025-06-30
INV001782,STR036,PROD0032,137,78,2025-06-30
INV001783,STR036,PROD0033,156,27,2025-06-30
INV001784,STR036,PROD0034,492,25,2025-06-30
INV001785,STR036,PROD0035,270,92,2025-06-30
INV001786,STR036,PROD0036,182,94,2025-06-30
INV001787,STR036,PROD0037,88,54,2025-06-30
INV001788,STR036,PROD0038,443,23,2025-06-30
INV001789,STR036,PROD0039,301,77,2025-06-30
INV001790,STR036,PROD0040,274,57,2025-06-30
INV001791,STR036,PROD0041,361,80,2025-06-30
INV001792,STR036,PROD0042,166,46,2025-06-30
INV001793,STR036,PROD0043,29,46,2025-06-30
INV001794,STR036,PROD0044,404,92,2025-06-30
INV001795,STR036,PROD0045,193,45,2025-06-30
INV001796,STR036,PROD0046,383,95,2025-06-30
INV001797,STR036,PROD0047,71,31,2025-06-30
INV001798,STR036,PROD0048,85,75,2025-06-30
INV001799,STR036,PROD0049,289,22,2025-06-30
INV001800,STR036,PROD0050,116,83,2025-06-30
INV001801,STR037,PROD0001,282,96,2025-06-30
INV001802,STR037,PROD0002,327,48,2025-06-30
INV001803,STR037,PROD0003,343,45,2025-06-30
INV001804,STR037,PROD0004,360,33,2025-06-30
INV001805,STR037,PROD0005,423,39,2025-06-30
INV001806,STR037,PROD0006,41,25,2025-06-30
INV001807,STR037,PROD0007,183,71,2025-06-30
INV001808,STR037,PROD0008,417,71,2025-06-30
INV001809,STR037,PROD0009,89,25,2025-06-30
INV001810,STR037,PROD0010,145,62,2025-06-30
INV001811,STR037,PROD0011,363,48,2025-06-30
INV001812,STR037,PROD0012,436,52,2025-06-30
INV001813,STR037,PROD0013,61,39,2025-06-30
INV001814,STR037,PROD0014,337,90,2025-06-30
INV001815,STR037,PROD0015,6,24,2025-06-30
INV001816,STR037,PROD0016,205,23,2025-06-30
INV001817,STR037,PROD0017,254,60,2025-06-30
INV001818,STR037,PROD0018,107,35,2025-06-30
INV001819,STR037,PROD0019,320,78,2025-06-30
INV001820,STR037,PROD0020,242,46,2025-06-30
INV001821,STR037,PROD0021,128,68,2025-06-30
INV001822,STR037,PROD0022,401,30,2025-06-30
INV001823,STR037,PROD0023,8,90,2025-06-30
INV001824,STR037,PROD0024,336,78,2025-06-30
INV001825,STR037,PROD0025,452,89,2025-06-30
INV001826,STR037,PROD0026,381,94,2025-06-30
INV001827,STR037,PROD0027,126,42,2025-06-30
INV001828,STR037,PROD0028,196,55,2025-06-30
INV001829,STR037,PROD0029,368,77,2025-06-30
INV001830,STR037,PROD0030,495,90,2025-06-30
INV001831,STR037,PROD0031,236,98,2025-06-30
INV001832,STR037,PROD0032,170,48,2025-06-30
INV001833,STR037,PROD0033,222,43,2025-06-30
INV001834,STR037,PROD0034,162,83,2025-06-30
INV001835,STR037,PROD0035,391,56,2025-06-30
INV001836,STR037,PROD0036,164,52,2025-06-30
INV001837,STR037,PROD0037,14,84,2025-06-30
INV001838,STR037,PROD0038,44,38,2025-06-30
INV001839,STR037,PROD0039,443,49,2025-06-30
INV001840,STR037,PROD0040,177,90,2025-06-30
INV001841,STR037,PROD0041,493,52,2025-06-30
INV001842,STR037,PROD0042,125,100,2025-06-30
INV001843,STR037,PROD0043,186,41,2025-06-30
INV001844,STR037,PROD0044,457,40,2025-06-30
INV001845,STR037,PROD0045,227,85,2025-06-30
INV001846,STR037,PROD0046,346,69,2025-06-30
INV001847,STR037,PROD0047,184,45,2025-06-30
INV001848,STR037,PROD0048,480,21,2025-06-30
INV001849,STR037,PROD0049,205,70,2025-06-30
INV001850,STR037,PROD0050,293,72,2025-06-30
INV001851,STR038,PROD0001,400,100,2025-06-30
INV001852,STR038,PROD0002,200,95,2025-06-30
INV001853,STR038,PROD0003,323,34,2025-06-30
INV001854,STR038,PROD0004,317,93,2025-06-30
INV001855,STR038,PROD0005,168,81,2025-06-30
INV001856,STR038,PROD0006,101,32,2025-06-30
INV001857,STR038,PROD0007,169,22,2025-06-30
INV001858,STR038,PROD0008,28,64,2025-06-30
INV001859,STR038,PROD0009,317,67,2025-06-30
INV001860,STR038,PROD0010,394,61,2025-06-30
INV001861,STR038,PROD0011,206,68,2025-06-30
INV001862,STR038,PROD0012,182,66,2025-06-30
INV001863,STR038,PROD0013,395,93,2025-06-30
INV001864,STR038,PROD0014,41,25,2025-06-30
INV001865,STR038,PROD0015,317,24,2025-06-30
INV001866,STR038,PROD0016,31,89,2025-06-30
INV001867,STR038,PROD0017,301,47,2025-06-30
INV001868,STR038,PROD0018,30,24,2025-06-30
INV001869,STR038,PROD0019,331,57,2025-06-30
INV001870,STR038,PROD0020,260,63,2025-06-30
INV001871,STR038,PROD0021,178,84,2025-06-30
INV001872,STR038,PROD0022,400,60,2025-06-30
INV001873,STR038,PROD0023,245,44,2025-06-30
INV001874,STR038,PROD0024,125,72,2025-06-30
INV001875,STR038,PROD0025,349,66,2025-06-30
INV001876,STR038,PROD0026,127,22,2025-06-30
INV001877,STR038,PROD0027,105,25,2025-06-30
INV001878,STR038,PROD0028,203,55,2025-06-30
INV001879,STR038,PROD0029,399,79,2025-06-30
INV001880,STR038,PROD0030,482,63,2025-06-30
INV001881,STR038,PROD0031,37,38,2025-06-30
INV001882,STR038,PROD0032,298,64,2025-06-30
INV001883,STR038,PROD0033,249,87,2025-06-30
INV001884,STR038,PROD0034,254,97,2025-06-30
INV001885,STR038,PROD0035,24,88,2025-06-30
INV001886,STR038,PROD0036,5,83,2025-06-30
INV001887,STR038,PROD0037,235,40,2025-06-30
INV001888,STR038,PROD0038,238,52,2025-06-30
INV001889,STR038,PROD0039,224,46,2025-06-30
INV001890,STR038,PROD0040,425,70,2025-06-30
INV001891,STR038,PROD0041,113,39,2025-06-30
INV001892,STR038,PROD0042,440,51,2025-06-30
INV001893,STR038,PROD0043,31,44,2025-06-30
INV001894,STR038,PROD0044,45,68,2025-06-30
INV001895,STR038,PROD0045,480,44,2025-06-30
INV001896,STR038,PROD0046,246,44,2025-06-30
INV001897,STR038,PROD0047,176,20,2025-06-30
INV001898,STR038,PROD0048,124,79,2025-06-30
INV001899,STR038,PROD0049,356,91,2025-06-30
INV001900,STR038,PROD0050,103,96,2025-06-30
INV001901,STR039,PROD0001,382,85,2025-06-30
INV001902,STR039,PROD0002,63,76,2025-06-30
INV001903,STR039,PROD0003,366,21,2025-06-30
INV001904,STR039,PROD0004,492,25,2025-06-30
INV001905,STR039,PROD0005,311,88,2025-06-30
INV001906,STR039,PROD0006,412,74,2025-06-30
INV001907,STR039,PROD0007,453,57,2025-06-30
INV001908,STR039,PROD0008,163,77,2025-06-30
INV001909,STR039,PROD0009,142,40,2025-06-30
INV001910,STR039,PROD0010,81,94,2025-06-30
INV001911,STR039,PROD0011,229,65,2025-06-30
INV001912,STR039,PROD0012,494,70,2025-06-30
INV001913,STR039,PROD0013,307,75,2025-06-30
INV001914,STR039,PROD0014,216,74,2025-06-30
INV001915,STR039,PROD0015,169,81,2025-06-30
INV001916,STR039,PROD0016,132,54,2025-06-30
INV001917,STR039,PROD0017,55,49,2025-06-30
INV001918,STR039,PROD0018,235,67,2025-06-30
INV001919,STR039,PROD0019,218,94,2025-06-30
INV001920,STR039,PROD0020,437,57,2025-06-30
INV001921,STR039,PROD0021,64,60,2025-06-30
INV001922,STR039,PROD0022,461,21,2025-06-30
INV001923,STR039,PROD0023,412,22,2025-06-30
INV001924,STR039,PROD0024,4,57,2025-06-30
INV001925,STR039,PROD0025,177,42,2025-06-30
INV001926,STR039,PROD0026,346,83,2025-06-30
INV001927,STR039,PROD0027,325,48,2025-06-30
INV001928,STR039,PROD0028,448,71,2025-06-30
INV001929,STR039,PROD0029,210,55,2025-06-30
INV001930,STR039,PROD0030,104,88,2025-06-30
INV001931,STR039,PROD0031,353,91,2025-06-30
INV001932,STR039,PROD0032,244,63,2025-06-30
INV001933,STR039,PROD0033,172,49,2025-06-30
INV001934,STR039,PROD0034,376,96,2025-06-30
INV001935,STR039,PROD0035,457,95,2025-06-30
INV001936,STR039,PROD0036,38,95,2025-06-30
INV001937,STR039,PROD0037,371,79,2025-06-30
INV001938,STR039,PROD0038,51,69,2025-06-30
INV001939,STR039,PROD0039,393,86,2025-06-30
INV001940,STR039,PROD0040,463,54,2025-06-30
INV001941,STR039,PROD0041,477,100,2025-06-30
INV001942,STR039,PROD0042,441,85,2025-06-30
INV001943,STR039,PROD0043,354,88,2025-06-30
INV001944,STR039,PROD0044,301,99,2025-06-30
INV001945,STR039,PROD0045,36,71,2025-06-30
INV001946,STR039,PROD0046,218,41,2025-06-30
INV001947,STR039,PROD0047,10,30,2025-06-30
INV001948,STR039,PROD0048,56,47,2025-06-30
INV001949,STR039,PROD0049,431,44,2025-06-30
INV001950,STR039,PROD0050,350,80,2025-06-30
INV001951,STR040,PROD0001,9,96,2025-06-30
INV001952,STR040,PROD0002,312,68,2025-06-30
INV001953,STR040,PROD0003,83,31,2025-06-30
INV001954,STR040,PROD0004,93,37,2025-06-30
INV001955,STR040,PROD0005,14,64,2025-06-30
INV001956,STR040,PROD0006,316,31,2025-06-30
INV001957,STR040,PROD0007,223,92,2025-06-30
INV001958,STR040,PROD0008,100,80,2025-06-30
INV001959,STR040,PROD0009,66,30,2025-06-30
INV001960,STR040,PROD0010,148,38,2025-06-30
INV001961,STR040,PROD0011,213,57,2025-06-30
INV001962,STR040,PROD0012,261,20,2025-06-30
INV001963,STR040,PROD0013,247,61,2025-06-30
INV001964,STR040,PROD0014,412,45,2025-06-30
INV001965,STR040,PROD0015,148,33,2025-06-30
INV001966,STR040,PROD0016,258,42,2025-06-30
INV001967,STR040,PROD0017,219,57,2025-06-30
INV001968,STR040,PROD0018,227,54,2025-06-30
INV001969,STR040,PROD0019,118,87,2025-06-30
INV001970,STR040,PROD0020,444,100,2025-06-30
INV001971,STR040,PROD0021,326,96,2025-06-30
INV001972,STR040,PROD0022,215,23,2025-06-30
INV001973,STR040,PROD0023,291,62,2025-06-30
INV001974,STR040,PROD0024,488,76,2025-06-30
INV001975,STR040,PROD0025,467,36,2025-06-30
INV001976,STR040,PROD0026,74,35,2025-06-30
INV001977,STR040,PROD0027,248,51,2025-06-30
INV001978,STR040,PROD0028,212,57,2025-06-30
INV001979,STR040,PROD0029,500,50,2025-06-30
INV001980,STR040,PROD0030,101,39,2025-06-30
INV001981,STR040,PROD0031,18,30,2025-06-30
INV001982,STR040,PROD0032,165,65,2025-06-30
INV001983,STR040,PROD0033,318,52,2025-06-30
INV001984,STR040,PROD0034,310,49,2025-06-30
INV001985,STR040,PROD0035,17,95,2025-06-30
INV001986,STR040,PROD0036,248,75,2025-06-30
INV001987,STR040,PROD0037,229,40,2025-06-30
INV001988,STR040,PROD0038,284,50,2025-06-30
INV001989,STR040,PROD0039,281,46,2025-06-30
INV001990,STR040,PROD0040,45,30,2025-06-30
INV001991,STR040,PROD0041,254,29,2025-06-30
INV001992,STR040,PROD0042,80,78,2025-06-30
INV001993,STR040,PROD0043,169,20,2025-06-30
INV001994,STR040,PROD0044,210,23,2025-06-30
INV001995,STR040,PROD0045,414,40,2025-06-30
INV001996,STR040,PROD0046,320,52,2025-06-30
INV001997,STR040,PROD0047,109,81,2025-06-30
INV001998,STR040,PROD0048,404,70,2025-06-30
INV001999,STR040,PROD0049,457,26,2025-06-30
INV002000,STR040,PROD0050,375,43,2025-06-30
INV002001,STR041,PROD0001,7,54,2025-06-30
INV002002,STR041,PROD0002,112,81,2025-06-30
INV002003,STR041,PROD0003,234,62,2025-06-30
INV002004,STR041,PROD0004,196,82,2025-06-30
INV002005,STR041,PROD0005,295,52,2025-06-30
INV002006,STR041,PROD0006,324,22,2025-06-30
INV002007,STR041,PROD0007,343,32,2025-06-30
INV002008,STR041,PROD0008,17,67,2025-06-30
INV002009,STR041,PROD0009,469,80,2025-06-30
INV002010,STR041,PROD0010,44,23,2025-06-30
INV002011,STR041,PROD0011,352,90,2025-06-30
INV002012,STR041,PROD0012,402,24,2025-06-30
INV002013,STR041,PROD0013,284,91,2025-06-30
INV002014,STR041,PROD0014,144,86,2025-06-30
INV002015,STR041,PROD0015,192,62,2025-06-30
INV002016,STR041,PROD0016,67,73,2025-06-30
INV002017,STR041,PROD0017,1,85,2025-06-30
INV002018,STR041,PROD0018,25,36,2025-06-30
INV002019,STR041,PROD0019,372,26,2025-06-30
INV002020,STR041,PROD0020,193,100,2025-06-30
INV002021,STR041,PROD0021,326,20,2025-06-30
INV002022,STR041,PROD0022,395,39,2025-06-30
INV002023,STR041,PROD0023,238,31,2025-06-30
INV002024,STR041,PROD0024,262,86,2025-06-30
INV002025,STR041,PROD0025,484,57,2025-06-30
INV002026,STR041,PROD0026,428,47,2025-06-30
INV002027,STR041,PROD0027,302,85,2025-06-30
INV002028,STR041,PROD0028,329,57,2025-06-30
INV002029,STR041,PROD0029,160,96,2025-06-30
INV002030,STR041,PROD0030,70,28,2025-06-30
INV002031,STR041,PROD0031,107,54,2025-06-30
INV002032,STR041,PROD0032,40,39,2025-06-30
INV002033,STR041,PROD0033,20,40,2025-06-30
INV002034,STR041,PROD0034,285,94,2025-06-30
INV002035,STR041,PROD0035,463,21,2025-06-30
INV002036,STR041,PROD0036,493,34,2025-06-30
INV002037,STR041,PROD0037,423,60,2025-06-30
INV002038,STR041,PROD0038,147,65,2025-06-30
INV002039,STR041,PROD0039,101,53,2025-06-30
INV002040,STR041,PROD0040,135,28,2025-06-30
INV002041,STR041,PROD0041,4,30,2025-06-30
INV002042,STR041,PROD0042,300,27,2025-06-30
INV002043,STR041,PROD0043,53,47,2025-06-30
INV002044,STR041,PROD0044,441,62,2025-06-30
INV002045,STR041,PROD0045,343,68,2025-06-30
INV002046,STR041,PROD0046,304,81,2025-06-30
INV002047,STR041,PROD0047,428,66,2025-06-30
INV002048,STR041,PROD0048,312,79,2025-06-30
INV002049,STR041,PROD0049,232,65,2025-06-30
INV002050,STR041,PROD0050,229,38,2025-06-30
INV002051,STR042,PROD0001,459,91,2025-06-30
INV002052,STR042,PROD0002,142,76,2025-06-30
INV002053,STR042,PROD0003,474,83,2025-06-30
INV002054,STR042,PROD0004,119,20,2025-06-30
INV002055,STR042,PROD0005,74,78,2025-06-30
INV002056,STR042,PROD0006,339,39,2025-06-30
INV002057,STR042,PROD0007,105,45,2025-06-30
INV002058,STR042,PROD0008,153,79,2025-06-30
INV002059,STR042,PROD0009,321,23,2025-06-30
INV002060,STR042,PROD0010,256,98,2025-06-30
INV002061,STR042,PROD0011,368,37,2025-06-30
INV002062,STR042,PROD0012,113,76,2025-06-30
INV002063,STR042,PROD0013,18,48,2025-06-30
INV002064,STR042,PROD0014,328,74,2025-06-30
INV002065,STR042,PROD0015,377,54,2025-06-30
INV002066,STR042,PROD0016,454,97,2025-06-30
INV002067,STR042,PROD0017,390,67,2025-06-30
INV002068,STR042,PROD0018,469,94,2025-06-30
INV002069,STR042,PROD0019,389,67,2025-06-30
INV002070,STR042,PROD0020,186,42,2025-06-30
INV002071,STR042,PROD0021,424,75,2025-06-30
INV002072,STR042,PROD0022,489,68,2025-06-30
INV002073,STR042,PROD0023,345,95,2025-06-30
INV002074,STR042,PROD0024,283,45,2025-06-30
INV002075,STR042,PROD0025,276,82,2025-06-30
INV002076,STR042,PROD0026,363,34,2025-06-30
INV002077,STR042,PROD0027,301,67,2025-06-30
INV002078,STR042,PROD0028,91,50,2025-06-30
INV002079,STR042,PROD0029,110,36,2025-06-30
INV002080,STR042,PROD0030,6,34,2025-06-30
INV002081,STR042,PROD0031,113,96,2025-06-30
INV002082,STR042,PROD0032,222,26,2025-06-30
INV002083,STR042,PROD0033,144,87,2025-06-30
INV002084,STR042,PROD0034,268,59,2025-06-30
INV002085,STR042,PROD0035,138,75,2025-06-30
INV002086,STR042,PROD0036,201,97,2025-06-30
INV002087,STR042,PROD0037,388,52,2025-06-30
INV002088,STR042,PROD0038,225,90,2025-06-30
INV002089,STR042,PROD0039,53,66,2025-06-30
INV002090,STR042,PROD0040,105,45,2025-06-30
INV002091,STR042,PROD0041,182,37,2025-06-30
INV002092,STR042,PROD0042,58,78,2025-06-30
INV002093,STR042,PROD0043,163,59,2025-06-30
INV002094,STR042,PROD0044,121,44,2025-06-30
INV002095,STR042,PROD0045,185,93,2025-06-30
INV002096,STR042,PROD0046,298,95,2025-06-30
INV002097,STR042,PROD0047,198,74,2025-06-30
INV002098,STR042,PROD0048,88,73,2025-06-30
INV002099,STR042,PROD0049,330,36,2025-06-30
INV002100,STR042,PROD0050,93,41,2025-06-30
INV002101,STR043,PROD0001,164,23,2025-06-30
INV002102,STR043,PROD0002,145,75,2025-06-30
INV002103,STR043,PROD0003,459,73,2025-06-30
INV002104,STR043,PROD0004,408,33,2025-06-30
INV002105,STR043,PROD0005,471,99,2025-06-30
INV002106,STR043,PROD0006,444,71,2025-06-30
INV002107,STR043,PROD0007,408,69,2025-06-30
INV002108,STR043,PROD0008,32,97,2025-06-30
INV002109,STR043,PROD0009,411,84,2025-06-30
INV002110,STR043,PROD0010,454,58,2025-06-30
INV002111,STR043,PROD0011,104,80,2025-06-30
INV002112,STR043,PROD0012,131,65,2025-06-30
INV002113,STR043,PROD0013,7,39,2025-06-30
INV002114,STR043,PROD0014,120,87,2025-06-30
INV002115,STR043,PROD0015,436,31,2025-06-30
INV002116,STR043,PROD0016,238,50,2025-06-30
INV002117,STR043,PROD0017,128,95,2025-06-30
INV002118,STR043,PROD0018,155,21,2025-06-30
INV002119,STR043,PROD0019,473,60,2025-06-30
INV002120,STR043,PROD0020,284,44,2025-06-30
INV002121,STR043,PROD0021,386,91,2025-06-30
INV002122,STR043,PROD0022,10,84,2025-06-30
INV002123,STR043,PROD0023,246,46,2025-06-30
INV002124,STR043,PROD0024,412,32,2025-06-30
INV002125,STR043,PROD0025,405,56,2025-06-30
INV002126,STR043,PROD0026,385,92,2025-06-30
INV002127,STR043,PROD0027,329,20,2025-06-30
INV002128,STR043,PROD0028,360,90,2025-06-30
INV002129,STR043,PROD0029,115,43,2025-06-30
INV002130,STR043,PROD0030,103,25,2025-06-30
INV002131,STR043,PROD0031,0,69,2025-06-30
INV002132,STR043,PROD0032,72,26,2025-06-30
INV002133,STR043,PROD0033,315,81,2025-06-30
INV002134,STR043,PROD0034,301,42,2025-06-30
INV002135,STR043,PROD0035,433,91,2025-06-30
INV002136,STR043,PROD0036,333,34,2025-06-30
INV002137,STR043,PROD0037,33,24,2025-06-30
INV002138,STR043,PROD0038,455,46,2025-06-30
INV002139,STR043,PROD0039,99,35,2025-06-30
INV002140,STR043,PROD0040,190,69,2025-06-30
INV002141,STR043,PROD0041,382,35,2025-06-30
INV002142,STR043,PROD0042,65,57,2025-06-30
INV002143,STR043,PROD0043,76,56,2025-06-30
INV002144,STR043,PROD0044,22,35,2025-06-30
INV002145,STR043,PROD0045,244,31,2025-06-30
INV002146,STR043,PROD0046,54,59,2025-06-30
INV002147,STR043,PROD0047,378,28,2025-06-30
INV002148,STR043,PROD0048,372,37,2025-06-30
INV002149,STR043,PROD0049,276,61,2025-06-30
INV002150,STR043,PROD0050,171,63,2025-06-30
INV002151,STR044,PROD0001,28,68,2025-06-30
INV002152,STR044,PROD0002,79,67,2025-06-30
INV002153,STR044,PROD0003,26,88,2025-06-30
INV002154,STR044,PROD0004,444,30,2025-06-30
INV002155,STR044,PROD0005,435,87,2025-06-30
INV002156,STR044,PROD0006,187,56,2025-06-30
INV002157,STR044,PROD0007,408,71,2025-06-30
INV002158,STR044,PROD0008,199,63,2025-06-30
INV002159,STR044,PROD0009,267,56,2025-06-30
INV002160,STR044,PROD0010,248,62,2025-06-30
INV002161,STR044,PROD0011,471,69,2025-06-30
INV002162,STR044,PROD0012,63,45,2025-06-30
INV002163,STR044,PROD0013,319,63,2025-06-30
INV002164,STR044,PROD0014,367,25,2025-06-30
INV002165,STR044,PROD0015,493,68,2025-06-30
INV002166,STR044,PROD0016,249,51,2025-06-30
INV002167,STR044,PROD0017,286,72,2025-06-30
INV002168,STR044,PROD0018,137,80,2025-06-30
INV002169,STR044,PROD0019,475,88,2025-06-30
INV002170,STR044,PROD0020,206,38,2025-06-30
INV002171,STR044,PROD0021,71,89,2025-06-30
INV002172,STR044,PROD0022,372,54,2025-06-30
INV002173,STR044,PROD0023,225,33,2025-06-30
INV002174,STR044,PROD0024,327,49,2025-06-30
INV002175,STR044,PROD0025,259,63,2025-06-30
INV002176,STR044,PROD0026,54,83,2025-06-30
INV002177,STR044,PROD0027,24,90,2025-06-30
INV002178,STR044,PROD0028,247,94,2025-06-30
INV002179,STR044,PROD0029,28,93,2025-06-30
INV002180,STR044,PROD0030,72,31,2025-06-30
INV002181,STR044,PROD0031,399,47,2025-06-30
INV002182,STR044,PROD0032,173,31,2025-06-30
INV002183,STR044,PROD0033,64,58,2025-06-30
INV002184,STR044,PROD0034,365,35,2025-06-30
INV002185,STR044,PROD0035,281,52,2025-06-30
INV002186,STR044,PROD0036,285,97,2025-06-30
INV002187,STR044,PROD0037,481,23,2025-06-30
INV002188,STR044,PROD0038,272,28,2025-06-30
INV002189,STR044,PROD0039,63,98,2025-06-30
INV002190,STR044,PROD0040,148,48,2025-06-30
INV002191,STR044,PROD0041,202,90,2025-06-30
INV002192,STR044,PROD0042,95,35,2025-06-30
INV002193,STR044,PROD0043,309,67,2025-06-30
INV002194,STR044,PROD0044,448,51,2025-06-30
INV002195,STR044,PROD0045,258,86,2025-06-30
INV002196,STR044,PROD0046,185,86,2025-06-30
INV002197,STR044,PROD0047,465,88,2025-06-30
INV002198,STR044,PROD0048,169,44,2025-06-30
INV002199,STR044,PROD0049,53,28,2025-06-30
INV002200,STR044,PROD0050,70,65,2025-06-30
INV002201,STR045,PROD0001,171,73,2025-06-30
INV002202,STR045,PROD0002,399,77,2025-06-30
INV002203,STR045,PROD0003,50,21,2025-06-30
INV002204,STR045,PROD0004,109,36,2025-06-30
INV002205,STR045,PROD0005,380,83,2025-06-30
INV002206,STR045,PROD0006,135,91,2025-06-30
INV002207,STR045,PROD0007,205,90,2025-06-30
INV002208,STR045,PROD0008,411,52,2025-06-30
INV002209,STR045,PROD0009,175,83,2025-06-30
INV002210,STR045,PROD0010,458,27,2025-06-30
INV002211,STR045,PROD0011,158,51,2025-06-30
INV002212,STR045,PROD0012,178,90,2025-06-30
INV002213,STR045,PROD0013,210,41,2025-06-30
INV002214,STR045,PROD0014,280,56,2025-06-30
INV002215,STR045,PROD0015,425,27,2025-06-30
INV002216,STR045,PROD0016,367,53,2025-06-30
INV002217,STR045,PROD0017,449,53,2025-06-30
INV002218,STR045,PROD0018,480,65,2025-06-30
INV002219,STR045,PROD0019,230,80,2025-06-30
INV002220,STR045,PROD0020,224,75,2025-06-30
INV002221,STR045,PROD0021,333,94,2025-06-30
INV002222,STR045,PROD0022,3,65,2025-06-30
INV002223,STR045,PROD0023,305,62,2025-06-30
INV002224,STR045,PROD0024,139,44,2025-06-30
INV002225,STR045,PROD0025,295,49,2025-06-30
INV002226,STR045,PROD0026,326,48,2025-06-30
INV002227,STR045,PROD0027,230,91,2025-06-30
INV002228,STR045,PROD0028,189,77,2025-06-30
INV002229,STR045,PROD0029,386,57,2025-06-30
INV002230,STR045,PROD0030,454,100,2025-06-30
INV002231,STR045,PROD0031,270,64,2025-06-30
INV002232,STR045,PROD0032,42,23,2025-06-30
INV002233,STR045,PROD0033,222,40,2025-06-30
INV002234,STR045,PROD0034,439,31,2025-06-30
INV002235,STR045,PROD0035,221,64,2025-06-30
INV002236,STR045,PROD0036,316,68,2025-06-30
INV002237,STR045,PROD0037,11,33,2025-06-30
INV002238,STR045,PROD0038,323,73,2025-06-30
INV002239,STR045,PROD0039,428,89,2025-06-30
INV002240,STR045,PROD0040,316,65,2025-06-30
INV002241,STR045,PROD0041,267,80,2025-06-30
INV002242,STR045,PROD0042,354,77,2025-06-30
INV002243,STR045,PROD0043,400,27,2025-06-30
INV002244,STR045,PROD0044,210,46,2025-06-30
INV002245,STR045,PROD0045,57,34,2025-06-30
INV002246,STR045,PROD0046,325,88,2025-06-30
INV002247,STR045,PROD0047,330,54,2025-06-30
INV002248,STR045,PROD0048,481,26,2025-06-30
INV002249,STR045,PROD0049,13,39,2025-06-30
INV002250,STR045,PROD0050,295,33,2025-06-30
INV002251,STR046,PROD0001,22,33,2025-06-30
INV002252,STR046,PROD0002,330,69,2025-06-30
INV002253,STR046,PROD0003,422,100,2025-06-30
INV002254,STR046,PROD0004,277,65,2025-06-30
INV002255,STR046,PROD0005,348,27,2025-06-30
INV002256,STR046,PROD0006,403,77,2025-06-30
INV002257,STR046,PROD0007,110,46,2025-06-30
INV002258,STR046,PROD0008,6,86,2025-06-30
INV002259,STR046,PROD0009,83,35,2025-06-30
INV002260,STR046,PROD0010,408,34,2025-06-30
INV002261,STR046,PROD0011,463,67,2025-06-30
INV002262,STR046,PROD0012,243,96,2025-06-30
INV002263,STR046,PROD0013,373,100,2025-06-30
INV002264,STR046,PROD0014,148,34,2025-06-30
INV002265,STR046,PROD0015,482,98,2025-06-30
INV002266,STR046,PROD0016,461,55,2025-06-30
INV002267,STR046,PROD0017,19,26,2025-06-30
INV002268,STR046,PROD0018,263,20,2025-06-30
INV002269,STR046,PROD0019,20,50,2025-06-30
INV002270,STR046,PROD0020,95,41,2025-06-30
INV002271,STR046,PROD0021,146,68,2025-06-30
INV002272,STR046,PROD0022,184,92,2025-06-30
INV002273,STR046,PROD0023,40,26,2025-06-30
INV002274,STR046,PROD0024,162,72,2025-06-30
INV002275,STR046,PROD0025,276,49,2025-06-30
INV002276,STR046,PROD0026,490,90,2025-06-30
INV002277,STR046,PROD0027,223,31,2025-06-30
INV002278,STR046,PROD0028,415,51,2025-06-30
INV002279,STR046,PROD0029,232,38,2025-06-30
INV002280,STR046,PROD0030,105,83,2025-06-30
INV002281,STR046,PROD0031,113,83,2025-06-30
INV002282,STR046,PROD0032,183,73,2025-06-30
INV002283,STR046,PROD0033,280,97,2025-06-30
INV002284,STR046,PROD0034,376,48,2025-06-30
INV002285,STR046,PROD0035,297,29,2025-06-30
INV002286,STR046,PROD0036,395,48,2025-06-30
INV002287,STR046,PROD0037,45,91,2025-06-30
INV002288,STR046,PROD0038,477,54,2025-06-30
INV002289,STR046,PROD0039,46,26,2025-06-30
INV002290,STR046,PROD0040,323,65,2025-06-30
INV002291,STR046,PROD0041,156,45,2025-06-30
INV002292,STR046,PROD0042,88,39,2025-06-30
INV002293,STR046,PROD0043,94,28,2025-06-30
INV002294,STR046,PROD0044,450,53,2025-06-30
INV002295,STR046,PROD0045,434,56,2025-06-30
INV002296,STR046,PROD0046,48,84,2025-06-30
INV002297,STR046,PROD0047,212,22,2025-06-30
INV002298,STR046,PROD0048,41,27,2025-06-30
INV002299,STR046,PROD0049,60,96,2025-06-30
INV002300,STR046,PROD0050,28,62,2025-06-30
INV002301,STR047,PROD0001,491,71,2025-06-30
INV002302,STR047,PROD0002,462,37,2025-06-30
INV002303,STR047,PROD0003,201,24,2025-06-30
INV002304,STR047,PROD0004,339,57,2025-06-30
INV002305,STR047,PROD0005,249,92,2025-06-30
INV002306,STR047,PROD0006,63,48,2025-06-30
INV002307,STR047,PROD0007,121,26,2025-06-30
INV002308,STR047,PROD0008,84,61,2025-06-30
INV002309,STR047,PROD0009,105,92,2025-06-30
INV002310,STR047,PROD0010,54,91,2025-06-30
INV002311,STR047,PROD0011,115,50,2025-06-30
INV002312,STR047,PROD0012,433,31,2025-06-30
INV002313,STR047,PROD0013,404,60,2025-06-30
INV002314,STR047,PROD0014,317,53,2025-06-30
INV002315,STR047,PROD0015,393,97,2025-06-30
INV002316,STR047,PROD0016,369,81,2025-06-30
INV002317,STR047,PROD0017,215,63,2025-06-30
INV002318,STR047,PROD0018,330,58,2025-06-30
INV002319,STR047,PROD0019,227,54,2025-06-30
INV002320,STR047,PROD0020,317,95,2025-06-30
INV002321,STR047,PROD0021,300,61,2025-06-30
INV002322,STR047,PROD0022,409,58,2025-06-30
INV002323,STR047,PROD0023,263,61,2025-06-30
INV002324,STR047,PROD0024,438,55,2025-06-30
INV002325,STR047,PROD0025,358,65,2025-06-30
INV002326,STR047,PROD0026,213,54,2025-06-30
INV002327,STR047,PROD0027,284,25,2025-06-30
INV002328,STR047,PROD0028,402,96,2025-06-30
INV002329,STR047,PROD0029,134,46,2025-06-30
INV002330,STR047,PROD0030,209,57,2025-06-30
INV002331,STR047,PROD0031,291,63,2025-06-30
INV002332,STR047,PROD0032,386,29,2025-06-30
INV002333,STR047,PROD0033,446,46,2025-06-30
INV002334,STR047,PROD0034,211,69,2025-06-30
INV002335,STR047,PROD0035,232,79,2025-06-30
INV002336,STR047,PROD0036,25,71,2025-06-30
INV002337,STR047,PROD0037,304,88,2025-06-30
INV002338,STR047,PROD0038,124,74,2025-06-30
INV002339,STR047,PROD0039,458,60,2025-06-30
INV002340,STR047,PROD0040,13,87,2025-06-30
INV002341,STR047,PROD0041,161,60,2025-06-30
INV002342,STR047,PROD0042,46,77,2025-06-30
INV002343,STR047,PROD0043,150,44,2025-06-30
INV002344,STR047,PROD0044,410,56,2025-06-30
INV002345,STR047,PROD0045,425,66,2025-06-30
INV002346,STR047,PROD0046,453,79,2025-06-30
INV002347,STR047,PROD0047,37,93,2025-06-30
INV002348,STR047,PROD0048,422,93,2025-06-30
INV002349,STR047,PROD0049,137,37,2025-06-30
INV002350,STR047,PROD0050,88,45,2025-06-30
INV002351,STR048,PROD0001,479,56,2025-06-30
INV002352,STR048,PROD0002,107,81,2025-06-30
INV002353,STR048,PROD0003,68,26,2025-06-30
INV002354,STR048,PROD0004,105,92,2025-06-30
INV002355,STR048,PROD0005,333,33,2025-06-30
INV002356,STR048,PROD0006,159,50,2025-06-30
INV002357,STR048,PROD0007,439,100,2025-06-30
INV002358,STR048,PROD0008,288,31,2025-06-30
INV002359,STR048,PROD0009,429,25,2025-06-30
INV002360,STR048,PROD0010,225,39,2025-06-30
INV002361,STR048,PROD0011,396,74,2025-06-30
INV002362,STR048,PROD0012,404,29,2025-06-30
INV002363,STR048,PROD0013,331,68,2025-06-30
INV002364,STR048,PROD0014,492,75,2025-06-30
INV002365,STR048,PROD0015,94,71,2025-06-30
INV002366,STR048,PROD0016,289,85,2025-06-30
INV002367,STR048,PROD0017,495,45,2025-06-30
INV002368,STR048,PROD0018,327,84,2025-06-30
INV002369,STR048,PROD0019,249,22,2025-06-30
INV002370,STR048,PROD0020,134,51,2025-06-30
INV002371,STR048,PROD0021,342,59,2025-06-30
INV002372,STR048,PROD0022,422,63,2025-06-30
INV002373,STR048,PROD0023,252,41,2025-06-30
INV002374,STR048,PROD0024,182,27,2025-06-30
INV002375,STR048,PROD0025,47,64,2025-06-30
INV002376,STR048,PROD0026,241,60,2025-06-30
INV002377,STR048,PROD0027,159,51,2025-06-30
INV002378,STR048,PROD0028,207,93,2025-06-30
INV002379,STR048,PROD0029,460,65,2025-06-30
INV002380,STR048,PROD0030,322,61,2025-06-30
INV002381,STR048,PROD0031,495,35,2025-06-30
INV002382,STR048,PROD0032,290,56,2025-06-30
INV002383,STR048,PROD0033,107,43,2025-06-30
INV002384,STR048,PROD0034,140,44,2025-06-30
INV002385,STR048,PROD0035,98,83,2025-06-30
INV002386,STR048,PROD0036,195,60,2025-06-30
INV002387,STR048,PROD0037,499,40,2025-06-30
INV002388,STR048,PROD0038,246,72,2025-06-30
INV002389,STR048,PROD0039,132,78,2025-06-30
INV002390,STR048,PROD0040,197,34,2025-06-30
INV002391,STR048,PROD0041,147,69,2025-06-30
INV002392,STR048,PROD0042,65,54,2025-06-30
INV002393,STR048,PROD0043,254,86,2025-06-30
INV002394,STR048,PROD0044,165,23,2025-06-30
INV002395,STR048,PROD0045,400,74,2025-06-30
INV002396,STR048,PROD0046,156,97,2025-06-30
INV002397,STR048,PROD0047,76,38,2025-06-30
INV002398,STR048,PROD0048,428,51,2025-06-30
INV002399,STR048,PROD0049,234,50,2025-06-30
INV002400,STR048,PROD0050,231,77,2025-06-30
INV002401,STR049,PROD0001,209,36,2025-06-30
INV002402,STR049,PROD0002,379,27,2025-06-30
INV002403,STR049,PROD0003,164,99,2025-06-30
INV002404,STR049,PROD0004,383,32,2025-06-30
INV002405,STR049,PROD0005,372,57,2025-06-30
INV002406,STR049,PROD0006,200,54,2025-06-30
INV002407,STR049,PROD0007,333,75,2025-06-30
INV002408,STR049,PROD0008,447,49,2025-06-30
INV002409,STR049,PROD0009,303,41,2025-06-30
INV002410,STR049,PROD0010,305,86,2025-06-30
INV002411,STR049,PROD0011,34,30,2025-06-30
INV002412,STR049,PROD0012,175,70,2025-06-30
INV002413,STR049,PROD0013,31,93,2025-06-30
INV002414,STR049,PROD0014,25,87,2025-06-30
INV002415,STR049,PROD0015,7,30,2025-06-30
INV002416,STR049,PROD0016,500,31,2025-06-30
INV002417,STR049,PROD0017,120,37,2025-06-30
INV002418,STR049,PROD0018,458,21,2025-06-30
INV002419,STR049,PROD0019,24,61,2025-06-30
INV002420,STR049,PROD0020,12,67,2025-06-30
INV002421,STR049,PROD0021,101,28,2025-06-30
INV002422,STR049,PROD0022,494,37,2025-06-30
INV002423,STR049,PROD0023,112,83,2025-06-30
INV002424,STR049,PROD0024,203,34,2025-06-30
INV002425,STR049,PROD0025,192,94,2025-06-30
INV002426,STR049,PROD0026,442,81,2025-06-30
INV002427,STR049,PROD0027,301,89,2025-06-30
INV002428,STR049,PROD0028,68,99,2025-06-30
INV002429,STR049,PROD0029,32,69,2025-06-30
INV002430,STR049,PROD0030,348,36,2025-06-30
INV002431,STR049,PROD0031,227,83,2025-06-30
INV002432,STR049,PROD0032,484,34,2025-06-30
INV002433,STR049,PROD0033,91,51,2025-06-30
INV002434,STR049,PROD0034,420,39,2025-06-30
INV002435,STR049,PROD0035,492,62,2025-06-30
INV002436,STR049,PROD0036,351,74,2025-06-30
INV002437,STR049,PROD0037,214,61,2025-06-30
INV002438,STR049,PROD0038,405,39,2025-06-30
INV002439,STR049,PROD0039,166,53,2025-06-30
INV002440,STR049,PROD0040,362,57,2025-06-30
INV002441,STR049,PROD0041,89,36,2025-06-30
INV002442,STR049,PROD0042,408,90,2025-06-30
INV002443,STR049,PROD0043,191,33,2025-06-30
INV002444,STR049,PROD0044,446,89,2025-06-30
INV002445,STR049,PROD0045,122,72,2025-06-30
INV002446,STR049,PROD0046,213,84,2025-06-30
INV002447,STR049,PROD0047,493,40,2025-06-30
INV002448,STR049,PROD0048,11,21,2025-06-30
INV002449,STR049,PROD0049,234,74,2025-06-30
INV002450,STR049,PROD0050,278,37,2025-06-30
INV002451,STR050,PROD0001,428,67,2025-06-30
INV002452,STR050,PROD0002,248,64,2025-06-30
INV002453,STR050,PROD0003,137,82,2025-06-30
INV002454,STR050,PROD0004,245,88,2025-06-30
INV002455,STR050,PROD0005,383,90,2025-06-30
INV002456,STR050,PROD0006,256,43,2025-06-30
INV002457,STR050,PROD0007,232,51,2025-06-30
INV002458,STR050,PROD0008,368,92,2025-06-30
INV002459,STR050,PROD0009,18,89,2025-06-30
INV002460,STR050,PROD0010,137,45,2025-06-30
INV002461,STR050,PROD0011,480,85,2025-06-30
INV002462,STR050,PROD0012,45,22,2025-06-30
INV002463,STR050,PROD0013,447,79,2025-06-30
INV002464,STR050,PROD0014,377,22,2025-06-30
INV002465,STR050,PROD0015,248,72,2025-06-30
INV002466,STR050,PROD0016,194,42,2025-06-30
INV002467,STR050,PROD0017,51,56,2025-06-30
INV002468,STR050,PROD0018,208,60,2025-06-30
INV002469,STR050,PROD0019,181,57,2025-06-30
INV002470,STR050,PROD0020,366,79,2025-06-30
INV002471,STR050,PROD0021,424,78,2025-06-30
INV002472,STR050,PROD0022,55,86,2025-06-30
INV002473,STR050,PROD0023,298,87,2025-06-30
INV002474,STR050,PROD0024,430,70,2025-06-30
INV002475,STR050,PROD0025,219,77,2025-06-30
INV002476,STR050,PROD0026,205,70,2025-06-30
INV002477,STR050,PROD0027,392,72,2025-06-30
INV002478,STR050,PROD0028,175,91,2025-06-30
INV002479,STR050,PROD0029,11,98,2025-06-30
INV002480,STR050,PROD0030,433,88,2025-06-30
INV002481,STR050,PROD0031,185,39,2025-06-30
INV002482,STR050,PROD0032,402,84,2025-06-30
INV002483,STR050,PROD0033,422,98,2025-06-30
INV002484,STR050,PROD0034,469,65,2025-06-30
INV002485,STR050,PROD0035,273,55,2025-06-30
INV002486,STR050,PROD0036,224,88,2025-06-30
INV002487,STR050,PROD0037,266,76,2025-06-30
INV002488,STR050,PROD0038,51,76,2025-06-30
INV002489,STR050,PROD0039,374,58,2025-06-30
INV002490,STR050,PROD0040,134,58,2025-06-30
INV002491,STR050,PROD0041,279,20,2025-06-30
INV002492,STR050,PROD0042,98,37,2025-06-30
INV002493,STR050,PROD0043,375,91,2025-06-30
INV002494,STR050,PROD0044,264,55,2025-06-30
INV002495,STR050,PROD0045,280,79,2025-06-30
INV002496,STR050,PROD0046,165,49,2025-06-30
INV002497,STR050,PROD0047,122,53,2025-06-30
INV002498,STR050,PROD0048,351,21,2025-06-30
INV002499,STR050,PROD0049,2,24,2025-06-30
INV002500,STR050,PROD0050,489,62,2025-06-30
