Review_ID,Customer_ID,Product_ID,Rating,Review_Text,Review_Date
REV000001,CUST00011,PROD0323,1,Battery backup is amazing,2025-12-05
REV000002,CUST00660,PROD0444,1,Excellent quality,2025-08-22
REV000003,CUST01232,PROD0415,4,Battery backup is amazing,2025-07-04
REV000004,CUST00767,PROD0123,3,Battery backup is amazing,2025-01-17
REV000005,CUST01745,PROD0152,5,Poor quality,2025-08-08
REV000006,CUST00752,PROD0483,5,Battery backup is amazing,2025-11-08
REV000007,CUST00569,PROD0107,3,Excellent quality,2025-04-15
REV000008,CUST00284,PROD0061,5,Packaging could be better,2025-01-25
REV000009,CUST01983,PROD0445,1,Average product,2025-05-02
REV000010,CUST00395,PROD0487,2,Battery backup is amazing,2025-01-04
REV000011,CUST00732,PROD0315,1,Poor quality,2025-03-23
REV000012,CUST01716,PROD0371,4,Average product,2025-04-24
REV000013,CUST00078,PROD0058,1,Worth buying,2025-10-28
REV000014,CUST01385,PROD0125,2,Received damaged product,2025-05-20
REV000015,CUST01983,PROD0377,4,Worth buying,2025-02-03
REV000016,CUST01945,PROD0175,5,Value for money,2025-09-18
REV000017,CUST00782,PROD0190,1,Battery backup is amazing,2025-06-05
REV000018,CUST00734,PROD0271,5,Highly recommended,2025-01-01
REV000019,CUST01513,PROD0364,3,Highly recommended,2025-02-02
REV000020,CUST00713,PROD0146,4,Received damaged product,2025-03-17
REV000021,CUST01528,PROD0310,5,Worth buying,2025-07-09
REV000022,CUST00750,PROD0024,4,Average product,2025-06-03
REV000023,CUST01469,PROD0322,3,Packaging could be better,2025-08-26
REV000024,CUST01046,PROD0483,4,Value for money,2025-02-09
REV000025,CUST01642,PROD0390,3,Highly recommended,2025-08-26
REV000026,CUST00555,PROD0439,3,Looks premium,2025-05-28
REV000027,CUST01708,PROD0028,3,Value for money,2025-05-17
REV000028,CUST01465,PROD0283,3,Average product,2025-07-25
REV000029,CUST00794,PROD0438,3,Poor quality,2025-07-02
REV000030,CUST00331,PROD0205,1,Highly recommended,2025-01-04
REV000031,CUST00622,PROD0138,1,Highly recommended,2025-01-28
REV000032,CUST01050,PROD0248,3,Worth buying,2025-03-25
REV000033,CUST00900,PROD0257,2,Battery backup is amazing,2025-03-09
REV000034,CUST01739,PROD0291,4,Battery backup is amazing,2025-11-12
REV000035,CUST00567,PROD0204,4,Fast delivery,2025-05-23
REV000036,CUST00282,PROD0206,4,Received damaged product,2025-05-26
REV000037,CUST00464,PROD0210,1,Excellent quality,2025-11-02
REV000038,CUST01418,PROD0384,5,Highly recommended,2025-11-09
REV000039,CUST01493,PROD0157,2,Fast delivery,2025-01-09
REV000040,CUST01988,PROD0391,5,Looks premium,2025-02-08
REV000041,CUST01466,PROD0029,4,Highly recommended,2025-12-15
REV000042,CUST00943,PROD0052,4,Packaging could be better,2025-01-17
REV000043,CUST01610,PROD0418,2,Average product,2025-04-11
REV000044,CUST01517,PROD0413,1,Battery backup is amazing,2025-04-06
REV000045,CUST01747,PROD0012,3,Battery backup is amazing,2025-11-26
REV000046,CUST01213,PROD0131,3,Packaging could be better,2025-08-10
REV000047,CUST00394,PROD0192,3,Received damaged product,2025-03-05
REV000048,CUST01391,PROD0450,2,Excellent quality,2025-02-08
REV000049,CUST01168,PROD0415,1,Received damaged product,2025-03-23
REV000050,CUST01806,PROD0228,3,Worth buying,2025-11-28
REV000051,CUST00079,PROD0340,1,Value for money,2025-03-23
REV000052,CUST01922,PROD0124,2,Poor quality,2025-06-05
REV000053,CUST01518,PROD0322,1,Excellent quality,2025-02-26
REV000054,CUST01391,PROD0199,1,Looks premium,2025-11-25
REV000055,CUST01858,PROD0093,2,Excellent quality,2025-07-21
REV000056,CUST00615,PROD0014,4,Highly recommended,2025-05-24
REV000057,CUST00449,PROD0320,4,Fast delivery,2025-03-21
REV000058,CUST00545,PROD0380,4,Highly recommended,2025-02-28
REV000059,CUST01286,PROD0307,3,Highly recommended,2025-11-24
REV000060,CUST00401,PROD0363,4,Value for money,2025-12-03
REV000061,CUST01267,PROD0234,3,Excellent quality,2025-04-04
REV000062,CUST00802,PROD0231,1,Battery backup is amazing,2025-03-22
REV000063,CUST00237,PROD0402,5,Received damaged product,2025-02-19
REV000064,CUST01304,PROD0343,1,Received damaged product,2025-08-05
REV000065,CUST00022,PROD0182,5,Poor quality,2025-12-03
REV000066,CUST01685,PROD0286,4,Looks premium,2025-01-21
REV000067,CUST01223,PROD0217,5,Received damaged product,2025-05-14
REV000068,CUST01357,PROD0099,3,Poor quality,2025-05-08
REV000069,CUST01212,PROD0220,1,Battery backup is amazing,2025-07-13
REV000070,CUST00812,PROD0298,5,Packaging could be better,2025-12-12
REV000071,CUST01116,PROD0402,4,Average product,2025-07-02
REV000072,CUST00687,PROD0215,2,Packaging could be better,2025-09-20
REV000073,CUST01221,PROD0013,4,Worth buying,2025-10-21
REV000074,CUST01257,PROD0170,1,Packaging could be better,2025-03-27
REV000075,CUST01425,PROD0344,1,Packaging could be better,2025-05-17
REV000076,CUST01297,PROD0422,5,Battery backup is amazing,2025-11-25
REV000077,CUST01470,PROD0389,4,Value for money,2025-09-26
REV000078,CUST00575,PROD0035,3,Value for money,2025-01-04
REV000079,CUST00870,PROD0290,5,Average product,2025-05-02
REV000080,CUST01320,PROD0419,5,Received damaged product,2025-11-15
REV000081,CUST01688,PROD0169,1,Battery backup is amazing,2025-08-20
REV000082,CUST01560,PROD0197,1,Average product,2025-08-01
REV000083,CUST00368,PROD0409,4,Value for money,2025-05-16
REV000084,CUST01941,PROD0243,4,Poor quality,2025-03-14
REV000085,CUST00430,PROD0496,5,Worth buying,2025-11-10
REV000086,CUST00995,PROD0326,4,Looks premium,2025-04-26
REV000087,CUST00388,PROD0362,5,Average product,2025-01-22
REV000088,CUST00474,PROD0306,2,Value for money,2025-12-09
REV000089,CUST00424,PROD0220,4,Received damaged product,2025-05-12
REV000090,CUST00268,PROD0475,2,Packaging could be better,2025-01-25
REV000091,CUST00296,PROD0240,4,Looks premium,2025-10-14
REV000092,CUST01846,PROD0092,3,Excellent quality,2025-08-06
REV000093,CUST00576,PROD0102,2,Packaging could be better,2025-02-23
REV000094,CUST00204,PROD0081,1,Average product,2025-01-09
REV000095,CUST00192,PROD0191,3,Looks premium,2025-08-11
REV000096,CUST01951,PROD0043,4,Highly recommended,2025-01-23
REV000097,CUST00796,PROD0005,4,Packaging could be better,2025-06-03
REV000098,CUST01422,PROD0463,5,Average product,2025-05-28
REV000099,CUST01740,PROD0246,1,Average product,2025-09-20
REV000100,CUST01414,PROD0182,5,Poor quality,2025-05-10
REV000101,CUST00306,PROD0383,5,Received damaged product,2025-06-12
REV000102,CUST00039,PROD0195,2,Worth buying,2025-09-12
REV000103,CUST00095,PROD0206,2,Poor quality,2025-05-20
REV000104,CUST01802,PROD0229,1,Packaging could be better,2025-02-01
REV000105,CUST00866,PROD0215,5,Looks premium,2025-10-09
REV000106,CUST00712,PROD0367,1,Fast delivery,2025-07-17
REV000107,CUST00702,PROD0195,5,Worth buying,2025-06-25
REV000108,CUST00082,PROD0018,5,Worth buying,2025-02-24
REV000109,CUST00040,PROD0123,4,Value for money,2025-12-28
REV000110,CUST00681,PROD0363,4,Packaging could be better,2025-01-12
REV000111,CUST00905,PROD0033,5,Excellent quality,2025-10-11
REV000112,CUST01958,PROD0223,2,Poor quality,2025-01-08
REV000113,CUST01050,PROD0451,1,Excellent quality,2025-10-02
REV000114,CUST00630,PROD0168,1,Value for money,2025-12-18
REV000115,CUST00374,PROD0081,5,Poor quality,2025-10-08
REV000116,CUST01734,PROD0136,1,Average product,2025-07-08
REV000117,CUST00710,PROD0014,5,Received damaged product,2025-05-16
REV000118,CUST00086,PROD0110,3,Value for money,2025-06-08
REV000119,CUST00355,PROD0055,1,Packaging could be better,2025-10-23
REV000120,CUST00385,PROD0183,4,Average product,2025-08-02
REV000121,CUST00811,PROD0284,2,Value for money,2025-10-21
REV000122,CUST00857,PROD0188,2,Value for money,2025-11-11
REV000123,CUST01706,PROD0181,3,Fast delivery,2025-08-02
REV000124,CUST00150,PROD0065,1,Average product,2025-12-07
REV000125,CUST00851,PROD0334,5,Excellent quality,2025-03-16
REV000126,CUST00200,PROD0135,2,Worth buying,2025-08-16
REV000127,CUST01164,PROD0108,2,Fast delivery,2025-03-21
REV000128,CUST01709,PROD0192,4,Battery backup is amazing,2025-04-10
REV000129,CUST00194,PROD0087,1,Looks premium,2025-04-14
REV000130,CUST00785,PROD0203,4,Excellent quality,2025-03-04
REV000131,CUST01233,PROD0047,5,Worth buying,2025-06-08
REV000132,CUST00308,PROD0193,5,Packaging could be better,2025-01-11
REV000133,CUST00040,PROD0403,2,Fast delivery,2025-10-07
REV000134,CUST01167,PROD0293,5,Highly recommended,2025-06-25
REV000135,CUST00446,PROD0078,5,Received damaged product,2025-10-27
REV000136,CUST00761,PROD0153,4,Fast delivery,2025-10-17
REV000137,CUST00521,PROD0369,1,Highly recommended,2025-09-06
REV000138,CUST00073,PROD0420,3,Fast delivery,2025-06-10
REV000139,CUST01216,PROD0421,1,Received damaged product,2025-08-28
REV000140,CUST01570,PROD0045,4,Highly recommended,2025-02-26
REV000141,CUST01069,PROD0186,3,Excellent quality,2025-10-12
REV000142,CUST00757,PROD0150,3,Excellent quality,2025-08-26
REV000143,CUST00380,PROD0188,4,Poor quality,2025-08-01
REV000144,CUST00482,PROD0211,3,Excellent quality,2025-01-28
REV000145,CUST00219,PROD0497,2,Worth buying,2025-04-27
REV000146,CUST00046,PROD0110,3,Received damaged product,2025-11-09
REV000147,CUST01485,PROD0455,1,Battery backup is amazing,2025-08-16
REV000148,CUST00051,PROD0047,1,Received damaged product,2025-08-12
REV000149,CUST01208,PROD0375,4,Battery backup is amazing,2025-08-14
REV000150,CUST01615,PROD0422,4,Average product,2025-10-23
REV000151,CUST01687,PROD0303,1,Poor quality,2025-12-19
REV000152,CUST00230,PROD0403,5,Worth buying,2025-07-01
REV000153,CUST01809,PROD0278,3,Average product,2025-04-12
REV000154,CUST01120,PROD0237,3,Battery backup is amazing,2025-03-26
REV000155,CUST00049,PROD0380,4,Packaging could be better,2025-08-09
REV000156,CUST00452,PROD0326,2,Poor quality,2025-12-12
REV000157,CUST01884,PROD0190,4,Packaging could be better,2025-02-17
REV000158,CUST01454,PROD0134,5,Battery backup is amazing,2025-03-02
REV000159,CUST01438,PROD0017,1,Value for money,2025-04-03
REV000160,CUST00188,PROD0098,4,Poor quality,2025-01-27
REV000161,CUST01482,PROD0018,1,Packaging could be better,2025-12-11
REV000162,CUST01149,PROD0041,3,Battery backup is amazing,2025-02-27
REV000163,CUST01780,PROD0330,5,Excellent quality,2025-09-23
REV000164,CUST01077,PROD0157,5,Fast delivery,2025-07-10
REV000165,CUST01251,PROD0173,4,Battery backup is amazing,2025-05-07
REV000166,CUST01066,PROD0160,2,Value for money,2025-05-25
REV000167,CUST01143,PROD0005,4,Value for money,2025-02-05
REV000168,CUST00370,PROD0436,2,Fast delivery,2025-10-13
REV000169,CUST00284,PROD0299,3,Poor quality,2025-08-04
REV000170,CUST00970,PROD0181,1,Excellent quality,2025-12-16
REV000171,CUST01059,PROD0038,3,Fast delivery,2025-10-21
REV000172,CUST00711,PROD0391,1,Battery backup is amazing,2025-05-05
REV000173,CUST00122,PROD0128,2,Worth buying,2025-04-05
REV000174,CUST01787,PROD0262,3,Value for money,2025-03-02
REV000175,CUST00075,PROD0395,3,Poor quality,2025-07-20
REV000176,CUST00680,PROD0033,1,Looks premium,2025-12-15
REV000177,CUST01782,PROD0053,3,Fast delivery,2025-04-11
REV000178,CUST01579,PROD0328,2,Packaging could be better,2025-10-28
REV000179,CUST01044,PROD0466,4,Received damaged product,2025-05-22
REV000180,CUST01384,PROD0008,1,Value for money,2025-12-05
REV000181,CUST01601,PROD0474,4,Highly recommended,2025-08-04
REV000182,CUST01564,PROD0192,1,Average product,2025-02-02
REV000183,CUST01633,PROD0365,2,Received damaged product,2025-01-08
REV000184,CUST01476,PROD0247,1,Looks premium,2025-11-12
REV000185,CUST01359,PROD0251,4,Value for money,2025-03-11
REV000186,CUST01660,PROD0390,4,Average product,2025-05-14
REV000187,CUST01762,PROD0286,1,Average product,2025-12-24
REV000188,CUST01548,PROD0189,3,Highly recommended,2025-02-22
REV000189,CUST00977,PROD0449,4,Worth buying,2025-02-02
REV000190,CUST00716,PROD0179,3,Fast delivery,2025-01-06
REV000191,CUST00284,PROD0268,3,Received damaged product,2025-05-25
REV000192,CUST01103,PROD0256,5,Packaging could be better,2025-02-20
REV000193,CUST01069,PROD0208,2,Average product,2025-01-20
REV000194,CUST00216,PROD0494,2,Looks premium,2025-01-16
REV000195,CUST01889,PROD0425,2,Highly recommended,2025-08-21
REV000196,CUST01313,PROD0372,1,Value for money,2025-01-27
REV000197,CUST00926,PROD0189,2,Value for money,2025-05-09
REV000198,CUST00028,PROD0299,5,Excellent quality,2025-08-22
REV000199,CUST00628,PROD0247,4,Value for money,2025-12-23
REV000200,CUST01686,PROD0292,1,Looks premium,2025-02-13
REV000201,CUST00583,PROD0036,1,Highly recommended,2025-10-26
REV000202,CUST01918,PROD0234,1,Fast delivery,2025-07-24
REV000203,CUST01523,PROD0258,2,Poor quality,2025-06-04
REV000204,CUST00618,PROD0268,4,Worth buying,2025-09-13
REV000205,CUST00321,PROD0269,2,Excellent quality,2025-09-11
REV000206,CUST00388,PROD0439,2,Highly recommended,2025-01-28
REV000207,CUST00299,PROD0052,5,Poor quality,2025-05-03
REV000208,CUST00761,PROD0337,1,Highly recommended,2025-04-25
REV000209,CUST01000,PROD0277,2,Average product,2025-08-05
REV000210,CUST00282,PROD0165,3,Looks premium,2025-04-16
REV000211,CUST01149,PROD0194,1,Value for money,2025-08-12
REV000212,CUST01813,PROD0222,5,Worth buying,2025-08-27
REV000213,CUST00222,PROD0409,1,Packaging could be better,2025-12-22
REV000214,CUST01614,PROD0125,1,Poor quality,2025-03-09
REV000215,CUST01818,PROD0079,3,Looks premium,2025-12-28
REV000216,CUST01809,PROD0190,5,Worth buying,2025-06-12
REV000217,CUST00353,PROD0236,4,Received damaged product,2025-07-27
REV000218,CUST00629,PROD0420,5,Poor quality,2025-09-18
REV000219,CUST00386,PROD0147,5,Received damaged product,2025-01-19
REV000220,CUST01223,PROD0499,1,Packaging could be better,2025-02-12
REV000221,CUST01028,PROD0020,2,Average product,2025-10-13
REV000222,CUST00434,PROD0453,4,Packaging could be better,2025-02-28
REV000223,CUST01125,PROD0201,2,Looks premium,2025-06-24
REV000224,CUST00640,PROD0052,2,Fast delivery,2025-06-11
REV000225,CUST01622,PROD0249,3,Looks premium,2025-11-01
REV000226,CUST00598,PROD0344,2,Excellent quality,2025-04-26
REV000227,CUST00444,PROD0489,1,Value for money,2025-10-22
REV000228,CUST01295,PROD0263,1,Received damaged product,2025-10-23
REV000229,CUST00118,PROD0222,2,Poor quality,2025-11-23
REV000230,CUST01399,PROD0190,4,Worth buying,2025-08-11
REV000231,CUST01048,PROD0198,1,Looks premium,2025-07-02
REV000232,CUST00383,PROD0480,2,Worth buying,2025-02-28
REV000233,CUST00217,PROD0462,4,Packaging could be better,2025-08-04
REV000234,CUST00662,PROD0011,2,Worth buying,2025-05-28
REV000235,CUST00587,PROD0491,4,Packaging could be better,2025-12-18
REV000236,CUST00833,PROD0447,3,Fast delivery,2025-09-28
REV000237,CUST01950,PROD0001,3,Battery backup is amazing,2025-03-23
REV000238,CUST01336,PROD0174,2,Looks premium,2025-04-22
REV000239,CUST00012,PROD0118,4,Battery backup is amazing,2025-10-06
REV000240,CUST00811,PROD0172,1,Highly recommended,2025-10-26
REV000241,CUST00068,PROD0383,1,Poor quality,2025-02-04
REV000242,CUST00209,PROD0132,1,Average product,2025-01-04
REV000243,CUST01766,PROD0257,1,Poor quality,2025-03-09
REV000244,CUST00917,PROD0341,4,Highly recommended,2025-01-17
REV000245,CUST01592,PROD0141,3,Excellent quality,2025-03-19
REV000246,CUST00063,PROD0034,3,Poor quality,2025-12-23
REV000247,CUST01254,PROD0459,2,Poor quality,2025-01-20
REV000248,CUST00521,PROD0373,5,Value for money,2025-11-04
REV000249,CUST00564,PROD0202,5,Highly recommended,2025-12-01
REV000250,CUST01853,PROD0300,4,Average product,2025-05-02
REV000251,CUST01451,PROD0154,4,Value for money,2025-04-22
REV000252,CUST00850,PROD0029,4,Excellent quality,2025-10-28
REV000253,CUST00724,PROD0313,5,Poor quality,2025-07-06
REV000254,CUST00958,PROD0129,5,Worth buying,2025-10-04
REV000255,CUST00705,PROD0005,4,Average product,2025-12-11
REV000256,CUST01334,PROD0489,1,Battery backup is amazing,2025-06-03
REV000257,CUST01054,PROD0357,3,Highly recommended,2025-08-15
REV000258,CUST00698,PROD0038,1,Average product,2025-06-24
REV000259,CUST00176,PROD0361,2,Poor quality,2025-11-23
REV000260,CUST00228,PROD0442,4,Excellent quality,2025-06-09
REV000261,CUST01266,PROD0285,1,Received damaged product,2025-07-22
REV000262,CUST00057,PROD0126,1,Worth buying,2025-08-10
REV000263,CUST00668,PROD0277,2,Highly recommended,2025-12-02
REV000264,CUST01411,PROD0002,1,Poor quality,2025-02-15
REV000265,CUST00150,PROD0425,3,Worth buying,2025-01-19
REV000266,CUST01750,PROD0001,3,Poor quality,2025-12-28
REV000267,CUST00689,PROD0334,4,Value for money,2025-07-11
REV000268,CUST01963,PROD0177,3,Value for money,2025-05-20
REV000269,CUST00060,PROD0437,5,Packaging could be better,2025-01-23
REV000270,CUST01756,PROD0298,1,Highly recommended,2025-05-01
REV000271,CUST00031,PROD0015,1,Packaging could be better,2025-10-17
REV000272,CUST00567,PROD0160,3,Value for money,2025-10-26
REV000273,CUST00293,PROD0347,3,Excellent quality,2025-10-21
REV000274,CUST01396,PROD0486,2,Received damaged product,2025-07-22
REV000275,CUST01899,PROD0214,2,Value for money,2025-11-06
REV000276,CUST01717,PROD0461,2,Excellent quality,2025-11-05
REV000277,CUST01358,PROD0351,2,Looks premium,2025-12-02
REV000278,CUST00237,PROD0434,3,Highly recommended,2025-04-22
REV000279,CUST01456,PROD0317,3,Worth buying,2025-02-23
REV000280,CUST00257,PROD0114,4,Fast delivery,2025-04-07
REV000281,CUST00018,PROD0370,2,Received damaged product,2025-09-03
REV000282,CUST01309,PROD0470,4,Poor quality,2025-09-21
REV000283,CUST00959,PROD0107,4,Packaging could be better,2025-05-18
REV000284,CUST00474,PROD0259,1,Value for money,2025-04-15
REV000285,CUST01656,PROD0033,5,Highly recommended,2025-08-07
REV000286,CUST01847,PROD0361,4,Packaging could be better,2025-05-12
REV000287,CUST00832,PROD0232,2,Worth buying,2025-01-25
REV000288,CUST00183,PROD0062,5,Average product,2025-03-14
REV000289,CUST00919,PROD0142,4,Packaging could be better,2025-11-21
REV000290,CUST00291,PROD0115,1,Poor quality,2025-12-02
REV000291,CUST01170,PROD0150,5,Looks premium,2025-01-28
REV000292,CUST01654,PROD0288,4,Packaging could be better,2025-08-27
REV000293,CUST00035,PROD0080,3,Value for money,2025-07-12
REV000294,CUST01088,PROD0190,5,Battery backup is amazing,2025-07-04
REV000295,CUST01077,PROD0101,3,Average product,2025-10-04
REV000296,CUST00288,PROD0424,5,Value for money,2025-03-22
REV000297,CUST01421,PROD0165,2,Highly recommended,2025-05-10
REV000298,CUST00764,PROD0150,4,Excellent quality,2025-02-06
REV000299,CUST00865,PROD0254,1,Poor quality,2025-08-13
REV000300,CUST00801,PROD0312,5,Battery backup is amazing,2025-10-28
REV000301,CUST00781,PROD0239,3,Excellent quality,2025-08-20
REV000302,CUST01512,PROD0438,2,Excellent quality,2025-09-15
REV000303,CUST01515,PROD0188,2,Fast delivery,2025-08-01
REV000304,CUST00965,PROD0392,3,Average product,2025-03-23
REV000305,CUST00429,PROD0444,5,Value for money,2025-03-05
REV000306,CUST00171,PROD0358,5,Packaging could be better,2025-04-05
REV000307,CUST01733,PROD0482,3,Worth buying,2025-09-15
REV000308,CUST00459,PROD0286,4,Excellent quality,2025-07-15
REV000309,CUST01238,PROD0380,3,Average product,2025-10-15
REV000310,CUST00384,PROD0405,2,Battery backup is amazing,2025-02-13
REV000311,CUST00145,PROD0035,5,Highly recommended,2025-02-16
REV000312,CUST00991,PROD0309,5,Highly recommended,2025-06-10
REV000313,CUST00166,PROD0462,1,Received damaged product,2025-09-22
REV000314,CUST00865,PROD0437,4,Fast delivery,2025-08-07
REV000315,CUST01747,PROD0120,3,Worth buying,2025-10-19
REV000316,CUST01862,PROD0324,4,Worth buying,2025-05-14
REV000317,CUST00739,PROD0157,3,Excellent quality,2025-11-28
REV000318,CUST00284,PROD0030,4,Looks premium,2025-01-11
REV000319,CUST01466,PROD0450,3,Packaging could be better,2025-12-10
REV000320,CUST00327,PROD0200,2,Packaging could be better,2025-05-06
REV000321,CUST01694,PROD0074,1,Poor quality,2025-08-15
REV000322,CUST00034,PROD0058,3,Average product,2025-03-14
REV000323,CUST00457,PROD0122,1,Value for money,2025-07-09
REV000324,CUST00376,PROD0360,4,Battery backup is amazing,2025-03-04
REV000325,CUST00311,PROD0400,4,Looks premium,2025-10-01
REV000326,CUST01276,PROD0271,1,Average product,2025-02-25
REV000327,CUST00967,PROD0380,5,Battery backup is amazing,2025-11-25
REV000328,CUST00043,PROD0211,1,Value for money,2025-12-26
REV000329,CUST01635,PROD0272,3,Value for money,2025-09-17
REV000330,CUST01116,PROD0373,2,Battery backup is amazing,2025-06-17
REV000331,CUST01829,PROD0221,5,Received damaged product,2025-11-27
REV000332,CUST01406,PROD0389,2,Battery backup is amazing,2025-10-18
REV000333,CUST01657,PROD0297,5,Value for money,2025-06-09
REV000334,CUST01236,PROD0032,2,Worth buying,2025-09-12
REV000335,CUST00305,PROD0413,3,Average product,2025-07-01
REV000336,CUST00221,PROD0206,3,Highly recommended,2025-07-28
REV000337,CUST00661,PROD0404,1,Fast delivery,2025-06-25
REV000338,CUST01768,PROD0074,4,Excellent quality,2025-09-14
REV000339,CUST00142,PROD0174,3,Average product,2025-05-23
REV000340,CUST00359,PROD0392,2,Fast delivery,2025-08-18
REV000341,CUST01001,PROD0434,2,Poor quality,2025-02-19
REV000342,CUST01467,PROD0016,5,Packaging could be better,2025-08-19
REV000343,CUST01826,PROD0340,2,Looks premium,2025-05-15
REV000344,CUST00131,PROD0388,1,Excellent quality,2025-01-27
REV000345,CUST00339,PROD0192,2,Looks premium,2025-07-12
REV000346,CUST00859,PROD0031,2,Fast delivery,2025-06-21
REV000347,CUST01671,PROD0088,3,Looks premium,2025-09-08
REV000348,CUST00427,PROD0346,3,Average product,2025-12-13
REV000349,CUST01994,PROD0017,5,Packaging could be better,2025-02-20
REV000350,CUST01597,PROD0451,4,Average product,2025-04-15
REV000351,CUST00933,PROD0107,4,Average product,2025-06-04
REV000352,CUST01098,PROD0061,5,Looks premium,2025-12-17
REV000353,CUST01731,PROD0425,5,Excellent quality,2025-02-22
REV000354,CUST00104,PROD0253,2,Received damaged product,2025-07-26
REV000355,CUST01229,PROD0289,5,Packaging could be better,2025-07-24
REV000356,CUST01677,PROD0419,4,Value for money,2025-04-12
REV000357,CUST01602,PROD0288,1,Packaging could be better,2025-02-14
REV000358,CUST00002,PROD0038,5,Highly recommended,2025-01-15
REV000359,CUST00378,PROD0482,1,Excellent quality,2025-09-28
REV000360,CUST00492,PROD0258,1,Packaging could be better,2025-09-21
REV000361,CUST01119,PROD0395,4,Fast delivery,2025-05-07
REV000362,CUST00095,PROD0412,4,Received damaged product,2025-04-01
REV000363,CUST00156,PROD0255,1,Looks premium,2025-11-23
REV000364,CUST01687,PROD0195,3,Received damaged product,2025-08-03
REV000365,CUST01850,PROD0326,3,Poor quality,2025-03-24
REV000366,CUST00535,PROD0266,3,Excellent quality,2025-12-20
REV000367,CUST00442,PROD0310,4,Highly recommended,2025-10-21
REV000368,CUST01361,PROD0384,1,Worth buying,2025-05-21
REV000369,CUST00304,PROD0291,3,Looks premium,2025-07-08
REV000370,CUST00207,PROD0446,2,Packaging could be better,2025-03-01
REV000371,CUST01951,PROD0252,5,Highly recommended,2025-05-12
REV000372,CUST00436,PROD0314,1,Battery backup is amazing,2025-12-08
REV000373,CUST00245,PROD0237,2,Looks premium,2025-10-11
REV000374,CUST00278,PROD0300,3,Value for money,2025-08-04
REV000375,CUST00746,PROD0049,1,Looks premium,2025-08-13
REV000376,CUST01514,PROD0428,5,Worth buying,2025-11-20
REV000377,CUST01092,PROD0259,3,Value for money,2025-07-08
REV000378,CUST01731,PROD0353,5,Highly recommended,2025-01-20
REV000379,CUST01946,PROD0051,3,Poor quality,2025-01-22
REV000380,CUST01832,PROD0295,2,Average product,2025-09-01
REV000381,CUST00734,PROD0226,2,Received damaged product,2025-08-04
REV000382,CUST00945,PROD0448,2,Battery backup is amazing,2025-12-13
REV000383,CUST00322,PROD0268,1,Poor quality,2025-12-10
REV000384,CUST00956,PROD0453,2,Poor quality,2025-06-13
REV000385,CUST01597,PROD0264,3,Worth buying,2025-05-09
REV000386,CUST00229,PROD0447,5,Poor quality,2025-07-26
REV000387,CUST00768,PROD0028,5,Value for money,2025-07-21
REV000388,CUST00067,PROD0377,3,Value for money,2025-08-17
REV000389,CUST00044,PROD0080,2,Battery backup is amazing,2025-10-20
REV000390,CUST01758,PROD0128,2,Packaging could be better,2025-12-02
REV000391,CUST00542,PROD0364,4,Excellent quality,2025-07-10
REV000392,CUST00210,PROD0029,3,Worth buying,2025-09-09
REV000393,CUST00640,PROD0030,4,Packaging could be better,2025-10-15
REV000394,CUST00318,PROD0155,3,Excellent quality,2025-08-19
REV000395,CUST00947,PROD0015,3,Battery backup is amazing,2025-03-14
REV000396,CUST00546,PROD0454,1,Average product,2025-08-28
REV000397,CUST00282,PROD0455,5,Highly recommended,2025-08-05
REV000398,CUST01952,PROD0319,5,Received damaged product,2025-08-12
REV000399,CUST00101,PROD0280,3,Fast delivery,2025-02-11
REV000400,CUST00462,PROD0250,5,Value for money,2025-09-03
REV000401,CUST01122,PROD0100,2,Battery backup is amazing,2025-03-03
REV000402,CUST01696,PROD0176,3,Highly recommended,2025-01-09
REV000403,CUST00923,PROD0275,3,Looks premium,2025-05-22
REV000404,CUST01337,PROD0480,2,Fast delivery,2025-03-22
REV000405,CUST01932,PROD0394,2,Looks premium,2025-01-11
REV000406,CUST00766,PROD0342,5,Worth buying,2025-12-16
REV000407,CUST01692,PROD0038,4,Looks premium,2025-05-11
REV000408,CUST00976,PROD0208,3,Poor quality,2025-10-26
REV000409,CUST01820,PROD0065,5,Fast delivery,2025-09-05
REV000410,CUST00357,PROD0110,2,Packaging could be better,2025-06-12
REV000411,CUST00880,PROD0496,1,Poor quality,2025-08-07
REV000412,CUST01884,PROD0093,1,Fast delivery,2025-04-19
REV000413,CUST01813,PROD0438,5,Excellent quality,2025-08-28
REV000414,CUST00180,PROD0408,5,Fast delivery,2025-04-23
REV000415,CUST01831,PROD0197,2,Looks premium,2025-08-17
REV000416,CUST01313,PROD0131,4,Looks premium,2025-03-02
REV000417,CUST01801,PROD0372,4,Average product,2025-02-17
REV000418,CUST01179,PROD0410,3,Poor quality,2025-07-03
REV000419,CUST01973,PROD0450,4,Highly recommended,2025-05-25
REV000420,CUST00138,PROD0179,2,Worth buying,2025-11-27
REV000421,CUST01767,PROD0059,1,Highly recommended,2025-12-22
REV000422,CUST00827,PROD0019,4,Highly recommended,2025-05-13
REV000423,CUST00039,PROD0313,5,Highly recommended,2025-03-18
REV000424,CUST00294,PROD0228,5,Looks premium,2025-08-04
REV000425,CUST00325,PROD0402,1,Poor quality,2025-02-06
REV000426,CUST01213,PROD0215,2,Excellent quality,2025-07-22
REV000427,CUST01020,PROD0488,5,Packaging could be better,2025-10-09
REV000428,CUST00459,PROD0440,2,Excellent quality,2025-03-09
REV000429,CUST00075,PROD0123,3,Worth buying,2025-05-26
REV000430,CUST01454,PROD0433,3,Battery backup is amazing,2025-09-10
REV000431,CUST01797,PROD0457,1,Excellent quality,2025-06-15
REV000432,CUST01493,PROD0298,2,Looks premium,2025-05-16
REV000433,CUST01025,PROD0083,2,Average product,2025-01-25
REV000434,CUST00183,PROD0331,3,Packaging could be better,2025-04-14
REV000435,CUST01625,PROD0224,5,Highly recommended,2025-02-11
REV000436,CUST01097,PROD0014,1,Fast delivery,2025-05-15
REV000437,CUST01047,PROD0019,1,Fast delivery,2025-06-11
REV000438,CUST01709,PROD0203,2,Received damaged product,2025-08-26
REV000439,CUST00231,PROD0237,4,Packaging could be better,2025-03-23
REV000440,CUST00621,PROD0386,1,Looks premium,2025-09-05
REV000441,CUST00198,PROD0476,2,Poor quality,2025-07-04
REV000442,CUST00706,PROD0085,1,Value for money,2025-07-14
REV000443,CUST01715,PROD0488,5,Worth buying,2025-03-14
REV000444,CUST01175,PROD0092,2,Received damaged product,2025-10-02
REV000445,CUST00545,PROD0252,3,Average product,2025-10-28
REV000446,CUST00666,PROD0458,2,Average product,2025-08-28
REV000447,CUST00476,PROD0281,5,Poor quality,2025-01-18
REV000448,CUST01818,PROD0160,4,Highly recommended,2025-03-09
REV000449,CUST00860,PROD0460,4,Received damaged product,2025-01-10
REV000450,CUST01746,PROD0293,4,Value for money,2025-11-02
REV000451,CUST00353,PROD0250,5,Value for money,2025-05-18
REV000452,CUST01796,PROD0485,3,Packaging could be better,2025-03-11
REV000453,CUST01004,PROD0057,5,Fast delivery,2025-06-06
REV000454,CUST01886,PROD0373,3,Poor quality,2025-06-11
REV000455,CUST01353,PROD0354,2,Fast delivery,2025-04-27
REV000456,CUST00132,PROD0191,3,Highly recommended,2025-05-27
REV000457,CUST00346,PROD0413,5,Highly recommended,2025-06-18
REV000458,CUST01842,PROD0158,5,Battery backup is amazing,2025-01-03
REV000459,CUST01863,PROD0246,1,Packaging could be better,2025-08-14
REV000460,CUST01394,PROD0481,2,Packaging could be better,2025-03-21
REV000461,CUST00418,PROD0274,2,Excellent quality,2025-02-12
REV000462,CUST00717,PROD0044,2,Value for money,2025-12-05
REV000463,CUST01709,PROD0266,2,Highly recommended,2025-09-20
REV000464,CUST01161,PROD0074,3,Worth buying,2025-02-16
REV000465,CUST00589,PROD0211,3,Fast delivery,2025-12-21
REV000466,CUST01761,PROD0143,1,Packaging could be better,2025-10-07
REV000467,CUST00478,PROD0009,5,Looks premium,2025-10-02
REV000468,CUST00231,PROD0043,2,Value for money,2025-09-11
REV000469,CUST01435,PROD0026,2,Average product,2025-10-19
REV000470,CUST01624,PROD0028,4,Worth buying,2025-09-12
REV000471,CUST00261,PROD0083,1,Average product,2025-06-25
REV000472,CUST00061,PROD0361,3,Looks premium,2025-11-11
REV000473,CUST01675,PROD0492,5,Highly recommended,2025-12-06
REV000474,CUST00575,PROD0227,4,Looks premium,2025-07-23
REV000475,CUST00638,PROD0404,1,Highly recommended,2025-01-28
REV000476,CUST00413,PROD0323,1,Looks premium,2025-11-20
REV000477,CUST01590,PROD0217,4,Battery backup is amazing,2025-02-04
REV000478,CUST00021,PROD0104,5,Battery backup is amazing,2025-03-22
REV000479,CUST01190,PROD0498,4,Value for money,2025-12-23
REV000480,CUST01059,PROD0331,2,Highly recommended,2025-12-25
REV000481,CUST00565,PROD0341,2,Poor quality,2025-05-15
REV000482,CUST00725,PROD0463,3,Battery backup is amazing,2025-12-07
REV000483,CUST01702,PROD0027,2,Excellent quality,2025-07-13
REV000484,CUST01138,PROD0158,3,Fast delivery,2025-07-23
REV000485,CUST00009,PROD0007,4,Battery backup is amazing,2025-02-16
REV000486,CUST00409,PROD0396,4,Poor quality,2025-02-13
REV000487,CUST01971,PROD0382,3,Value for money,2025-03-12
REV000488,CUST00083,PROD0227,4,Poor quality,2025-01-11
REV000489,CUST00988,PROD0138,3,Average product,2025-06-04
REV000490,CUST00246,PROD0431,5,Battery backup is amazing,2025-05-04
REV000491,CUST01628,PROD0366,5,Worth buying,2025-11-16
REV000492,CUST01434,PROD0050,3,Average product,2025-05-05
REV000493,CUST01210,PROD0241,4,Average product,2025-04-17
REV000494,CUST01748,PROD0288,2,Looks premium,2025-12-25
REV000495,CUST00737,PROD0044,3,Looks premium,2025-07-13
REV000496,CUST00246,PROD0209,4,Fast delivery,2025-05-26
REV000497,CUST00602,PROD0235,4,Battery backup is amazing,2025-03-03
REV000498,CUST01299,PROD0419,4,Average product,2025-08-21
REV000499,CUST01365,PROD0367,5,Received damaged product,2025-03-20
REV000500,CUST00141,PROD0262,3,Battery backup is amazing,2025-09-20
REV000501,CUST00204,PROD0029,5,Value for money,2025-10-02
REV000502,CUST00430,PROD0204,2,Looks premium,2025-08-17
REV000503,CUST01486,PROD0491,4,Value for money,2025-04-11
REV000504,CUST01227,PROD0470,3,Excellent quality,2025-06-06
REV000505,CUST00343,PROD0356,3,Poor quality,2025-10-12
REV000506,CUST01328,PROD0287,4,Battery backup is amazing,2025-03-14
REV000507,CUST01051,PROD0209,2,Value for money,2025-10-06
REV000508,CUST00576,PROD0118,2,Looks premium,2025-04-19
REV000509,CUST00361,PROD0346,4,Packaging could be better,2025-01-01
REV000510,CUST01486,PROD0345,1,Looks premium,2025-08-12
REV000511,CUST00286,PROD0080,3,Excellent quality,2025-11-02
REV000512,CUST00864,PROD0109,5,Average product,2025-01-26
REV000513,CUST00473,PROD0196,5,Poor quality,2025-06-25
REV000514,CUST00266,PROD0132,4,Battery backup is amazing,2025-12-09
REV000515,CUST00848,PROD0344,3,Fast delivery,2025-04-17
REV000516,CUST01275,PROD0003,1,Poor quality,2025-08-25
REV000517,CUST01684,PROD0175,2,Worth buying,2025-06-05
REV000518,CUST01742,PROD0343,5,Excellent quality,2025-02-25
REV000519,CUST01197,PROD0354,2,Packaging could be better,2025-10-14
REV000520,CUST00033,PROD0300,4,Poor quality,2025-09-10
REV000521,CUST00814,PROD0027,3,Average product,2025-02-05
REV000522,CUST00238,PROD0286,5,Excellent quality,2025-12-05
REV000523,CUST01859,PROD0139,5,Fast delivery,2025-06-07
REV000524,CUST01984,PROD0188,5,Battery backup is amazing,2025-09-19
REV000525,CUST01279,PROD0072,5,Battery backup is amazing,2025-11-25
REV000526,CUST01523,PROD0180,2,Poor quality,2025-02-01
REV000527,CUST00710,PROD0166,1,Poor quality,2025-07-09
REV000528,CUST00197,PROD0183,3,Poor quality,2025-12-12
REV000529,CUST01796,PROD0477,3,Excellent quality,2025-01-04
REV000530,CUST00798,PROD0226,3,Received damaged product,2025-09-07
REV000531,CUST01932,PROD0472,1,Highly recommended,2025-02-22
REV000532,CUST01819,PROD0152,5,Looks premium,2025-04-22
REV000533,CUST01154,PROD0088,3,Received damaged product,2025-03-16
REV000534,CUST00935,PROD0247,1,Received damaged product,2025-07-27
REV000535,CUST00870,PROD0047,4,Highly recommended,2025-06-04
REV000536,CUST00325,PROD0446,1,Packaging could be better,2025-07-12
REV000537,CUST00806,PROD0186,2,Received damaged product,2025-09-13
REV000538,CUST00728,PROD0337,4,Packaging could be better,2025-03-27
REV000539,CUST00696,PROD0489,2,Worth buying,2025-09-08
REV000540,CUST00824,PROD0470,4,Received damaged product,2025-11-11
REV000541,CUST00710,PROD0390,2,Worth buying,2025-11-21
REV000542,CUST01623,PROD0234,1,Poor quality,2025-08-19
REV000543,CUST01400,PROD0135,2,Fast delivery,2025-09-07
REV000544,CUST01081,PROD0488,1,Average product,2025-09-13
REV000545,CUST00772,PROD0414,4,Looks premium,2025-12-14
REV000546,CUST00351,PROD0248,5,Battery backup is amazing,2025-07-24
REV000547,CUST00761,PROD0332,5,Highly recommended,2025-09-19
REV000548,CUST01691,PROD0240,4,Battery backup is amazing,2025-01-25
REV000549,CUST00776,PROD0058,3,Highly recommended,2025-08-27
REV000550,CUST00697,PROD0346,2,Looks premium,2025-07-06
REV000551,CUST00805,PROD0219,4,Average product,2025-09-28
REV000552,CUST00775,PROD0053,5,Poor quality,2025-11-27
REV000553,CUST01173,PROD0471,2,Average product,2025-09-28
REV000554,CUST01630,PROD0081,2,Poor quality,2025-09-24
REV000555,CUST00805,PROD0002,4,Average product,2025-02-27
REV000556,CUST01349,PROD0113,1,Looks premium,2025-09-08
REV000557,CUST00221,PROD0230,1,Battery backup is amazing,2025-10-10
REV000558,CUST00231,PROD0161,3,Received damaged product,2025-07-08
REV000559,CUST01992,PROD0482,1,Excellent quality,2025-10-16
REV000560,CUST00470,PROD0126,1,Looks premium,2025-03-03
REV000561,CUST01968,PROD0460,1,Battery backup is amazing,2025-06-07
REV000562,CUST00790,PROD0298,2,Looks premium,2025-04-18
REV000563,CUST00670,PROD0498,1,Battery backup is amazing,2025-08-16
REV000564,CUST00016,PROD0070,2,Average product,2025-06-28
REV000565,CUST00226,PROD0029,3,Excellent quality,2025-02-10
REV000566,CUST00011,PROD0247,2,Highly recommended,2025-02-24
REV000567,CUST00653,PROD0438,5,Packaging could be better,2025-01-28
REV000568,CUST00389,PROD0149,1,Worth buying,2025-05-16
REV000569,CUST00468,PROD0488,4,Worth buying,2025-08-27
REV000570,CUST01551,PROD0356,4,Highly recommended,2025-05-24
REV000571,CUST00378,PROD0106,4,Highly recommended,2025-05-24
REV000572,CUST01997,PROD0144,2,Packaging could be better,2025-01-04
REV000573,CUST00375,PROD0228,3,Worth buying,2025-07-28
REV000574,CUST00039,PROD0406,5,Looks premium,2025-06-11
REV000575,CUST01512,PROD0144,1,Packaging could be better,2025-05-06
REV000576,CUST00515,PROD0356,3,Highly recommended,2025-10-10
REV000577,CUST01094,PROD0023,1,Received damaged product,2025-11-21
REV000578,CUST01113,PROD0356,1,Fast delivery,2025-08-20
REV000579,CUST00563,PROD0337,3,Highly recommended,2025-06-13
REV000580,CUST00904,PROD0026,2,Packaging could be better,2025-03-01
REV000581,CUST00050,PROD0202,1,Highly recommended,2025-05-16
REV000582,CUST00378,PROD0347,4,Poor quality,2025-01-19
REV000583,CUST00085,PROD0230,4,Received damaged product,2025-03-01
REV000584,CUST00957,PROD0336,5,Received damaged product,2025-01-28
REV000585,CUST01082,PROD0319,3,Fast delivery,2025-01-27
REV000586,CUST01273,PROD0327,1,Received damaged product,2025-01-09
REV000587,CUST01062,PROD0213,5,Average product,2025-09-03
REV000588,CUST00698,PROD0144,5,Poor quality,2025-07-01
REV000589,CUST01853,PROD0350,1,Average product,2025-02-21
REV000590,CUST00315,PROD0276,2,Highly recommended,2025-07-20
REV000591,CUST01303,PROD0286,4,Excellent quality,2025-09-08
REV000592,CUST00194,PROD0321,3,Average product,2025-05-04
REV000593,CUST00457,PROD0356,2,Looks premium,2025-04-14
REV000594,CUST01316,PROD0268,3,Looks premium,2025-01-11
REV000595,CUST00081,PROD0022,3,Battery backup is amazing,2025-01-21
REV000596,CUST00502,PROD0350,5,Poor quality,2025-03-14
REV000597,CUST01019,PROD0392,3,Worth buying,2025-06-04
REV000598,CUST00653,PROD0454,3,Highly recommended,2025-02-23
REV000599,CUST01239,PROD0315,3,Worth buying,2025-10-01
REV000600,CUST00125,PROD0168,2,Average product,2025-10-28
REV000601,CUST00164,PROD0431,2,Received damaged product,2025-02-16
REV000602,CUST00690,PROD0478,5,Excellent quality,2025-01-16
REV000603,CUST01962,PROD0381,2,Poor quality,2025-04-14
REV000604,CUST00649,PROD0389,4,Fast delivery,2025-06-15
REV000605,CUST01679,PROD0316,5,Battery backup is amazing,2025-06-19
REV000606,CUST01095,PROD0118,1,Average product,2025-03-03
REV000607,CUST00149,PROD0132,2,Value for money,2025-02-27
REV000608,CUST01854,PROD0288,3,Battery backup is amazing,2025-03-17
REV000609,CUST00499,PROD0168,5,Poor quality,2025-07-04
REV000610,CUST01674,PROD0036,5,Received damaged product,2025-06-17
REV000611,CUST01559,PROD0291,1,Worth buying,2025-06-10
REV000612,CUST00346,PROD0462,1,Excellent quality,2025-05-18
REV000613,CUST01979,PROD0333,3,Value for money,2025-05-25
REV000614,CUST00797,PROD0006,2,Excellent quality,2025-03-04
REV000615,CUST00171,PROD0043,2,Highly recommended,2025-04-04
REV000616,CUST01806,PROD0316,3,Excellent quality,2025-08-19
REV000617,CUST01916,PROD0233,5,Highly recommended,2025-04-25
REV000618,CUST00508,PROD0359,5,Packaging could be better,2025-10-23
REV000619,CUST00686,PROD0059,1,Poor quality,2025-02-28
REV000620,CUST00761,PROD0344,1,Poor quality,2025-11-22
REV000621,CUST00770,PROD0472,3,Received damaged product,2025-06-02
REV000622,CUST01500,PROD0362,5,Average product,2025-12-13
REV000623,CUST00098,PROD0361,4,Packaging could be better,2025-04-15
REV000624,CUST01995,PROD0026,4,Received damaged product,2025-04-20
REV000625,CUST01153,PROD0258,5,Excellent quality,2025-02-18
REV000626,CUST00600,PROD0429,1,Excellent quality,2025-09-08
REV000627,CUST00119,PROD0357,2,Average product,2025-01-13
REV000628,CUST00053,PROD0228,5,Value for money,2025-07-28
REV000629,CUST01207,PROD0498,3,Looks premium,2025-10-27
REV000630,CUST00868,PROD0450,4,Worth buying,2025-06-21
REV000631,CUST00621,PROD0457,3,Fast delivery,2025-09-13
REV000632,CUST00029,PROD0423,5,Average product,2025-02-03
REV000633,CUST00792,PROD0375,1,Value for money,2025-03-16
REV000634,CUST00509,PROD0233,3,Value for money,2025-07-22
REV000635,CUST01902,PROD0359,1,Value for money,2025-08-12
REV000636,CUST01865,PROD0307,1,Worth buying,2025-11-26
REV000637,CUST01025,PROD0178,2,Worth buying,2025-06-15
REV000638,CUST00362,PROD0106,1,Excellent quality,2025-11-12
REV000639,CUST01012,PROD0401,4,Fast delivery,2025-04-02
REV000640,CUST00669,PROD0321,4,Worth buying,2025-05-06
REV000641,CUST01260,PROD0266,2,Poor quality,2025-10-17
REV000642,CUST01407,PROD0017,2,Highly recommended,2025-03-15
REV000643,CUST00906,PROD0169,5,Highly recommended,2025-05-19
REV000644,CUST00901,PROD0500,3,Highly recommended,2025-04-12
REV000645,CUST01595,PROD0210,3,Worth buying,2025-01-28
REV000646,CUST01553,PROD0110,2,Fast delivery,2025-02-01
REV000647,CUST00352,PROD0035,5,Worth buying,2025-01-19
REV000648,CUST01462,PROD0442,2,Poor quality,2025-12-03
REV000649,CUST00900,PROD0198,3,Looks premium,2025-12-27
REV000650,CUST01500,PROD0145,3,Fast delivery,2025-10-14
REV000651,CUST00881,PROD0456,4,Poor quality,2025-03-12
REV000652,CUST01909,PROD0254,4,Received damaged product,2025-06-16
REV000653,CUST01599,PROD0095,4,Poor quality,2025-01-25
REV000654,CUST01695,PROD0190,3,Battery backup is amazing,2025-10-16
REV000655,CUST00695,PROD0066,2,Fast delivery,2025-07-27
REV000656,CUST00494,PROD0370,3,Excellent quality,2025-08-12
REV000657,CUST00117,PROD0469,5,Average product,2025-12-25
REV000658,CUST00304,PROD0219,3,Battery backup is amazing,2025-01-15
REV000659,CUST00477,PROD0357,2,Looks premium,2025-02-02
REV000660,CUST00453,PROD0036,1,Fast delivery,2025-03-10
REV000661,CUST00262,PROD0293,4,Packaging could be better,2025-09-21
REV000662,CUST00120,PROD0164,4,Value for money,2025-12-18
REV000663,CUST00754,PROD0071,2,Value for money,2025-08-21
REV000664,CUST00933,PROD0162,1,Looks premium,2025-02-18
REV000665,CUST00277,PROD0415,4,Fast delivery,2025-05-27
REV000666,CUST01731,PROD0349,5,Average product,2025-08-23
REV000667,CUST01976,PROD0013,5,Highly recommended,2025-04-21
REV000668,CUST01813,PROD0053,2,Fast delivery,2025-02-02
REV000669,CUST01948,PROD0150,1,Fast delivery,2025-12-12
REV000670,CUST01264,PROD0479,4,Battery backup is amazing,2025-04-19
REV000671,CUST00282,PROD0310,5,Poor quality,2025-05-16
REV000672,CUST01425,PROD0423,4,Worth buying,2025-06-21
REV000673,CUST01546,PROD0013,1,Packaging could be better,2025-08-16
REV000674,CUST01851,PROD0285,3,Excellent quality,2025-09-09
REV000675,CUST01310,PROD0001,3,Poor quality,2025-06-05
REV000676,CUST01470,PROD0495,2,Average product,2025-11-05
REV000677,CUST00853,PROD0123,1,Highly recommended,2025-01-05
REV000678,CUST01219,PROD0186,3,Poor quality,2025-03-24
REV000679,CUST00206,PROD0201,5,Worth buying,2025-02-04
REV000680,CUST00637,PROD0147,1,Poor quality,2025-10-03
REV000681,CUST01637,PROD0452,5,Average product,2025-05-01
REV000682,CUST01085,PROD0292,4,Worth buying,2025-12-04
REV000683,CUST00234,PROD0301,5,Value for money,2025-05-22
REV000684,CUST01197,PROD0381,1,Excellent quality,2025-12-01
REV000685,CUST01076,PROD0049,5,Battery backup is amazing,2025-03-06
REV000686,CUST00071,PROD0483,2,Looks premium,2025-02-15
REV000687,CUST00248,PROD0197,1,Packaging could be better,2025-05-20
REV000688,CUST00369,PROD0287,3,Excellent quality,2025-12-11
REV000689,CUST01925,PROD0465,1,Worth buying,2025-02-19
REV000690,CUST00563,PROD0134,4,Highly recommended,2025-07-15
REV000691,CUST00768,PROD0192,4,Value for money,2025-06-25
REV000692,CUST00926,PROD0242,5,Packaging could be better,2025-12-14
REV000693,CUST01047,PROD0322,3,Worth buying,2025-10-07
REV000694,CUST00092,PROD0384,4,Excellent quality,2025-11-07
REV000695,CUST00336,PROD0408,4,Packaging could be better,2025-03-27
REV000696,CUST00610,PROD0433,4,Worth buying,2025-08-24
REV000697,CUST01522,PROD0092,1,Average product,2025-06-26
REV000698,CUST01952,PROD0388,5,Packaging could be better,2025-03-08
REV000699,CUST00123,PROD0450,2,Received damaged product,2025-05-12
REV000700,CUST00725,PROD0184,2,Value for money,2025-05-14
REV000701,CUST00192,PROD0341,2,Worth buying,2025-03-10
REV000702,CUST01760,PROD0424,1,Excellent quality,2025-06-17
REV000703,CUST01715,PROD0486,4,Looks premium,2025-10-28
REV000704,CUST01124,PROD0433,3,Average product,2025-07-13
REV000705,CUST01008,PROD0079,2,Highly recommended,2025-06-11
REV000706,CUST00474,PROD0342,5,Poor quality,2025-12-20
REV000707,CUST01692,PROD0128,1,Worth buying,2025-11-12
REV000708,CUST00487,PROD0319,4,Value for money,2025-01-12
REV000709,CUST00838,PROD0080,4,Average product,2025-03-06
REV000710,CUST01387,PROD0145,4,Battery backup is amazing,2025-11-27
REV000711,CUST01623,PROD0122,3,Average product,2025-01-06
REV000712,CUST01823,PROD0323,4,Poor quality,2025-08-13
REV000713,CUST01493,PROD0096,2,Excellent quality,2025-09-20
REV000714,CUST01417,PROD0200,3,Battery backup is amazing,2025-03-12
REV000715,CUST00562,PROD0033,3,Average product,2025-06-23
REV000716,CUST01466,PROD0102,2,Looks premium,2025-04-24
REV000717,CUST01740,PROD0183,3,Average product,2025-05-27
REV000718,CUST01116,PROD0465,2,Packaging could be better,2025-09-27
REV000719,CUST00871,PROD0133,2,Highly recommended,2025-05-10
REV000720,CUST01305,PROD0302,2,Highly recommended,2025-05-21
REV000721,CUST00330,PROD0494,3,Highly recommended,2025-04-28
REV000722,CUST01761,PROD0332,3,Highly recommended,2025-03-15
REV000723,CUST01965,PROD0113,4,Worth buying,2025-09-27
REV000724,CUST01593,PROD0063,2,Poor quality,2025-07-16
REV000725,CUST01438,PROD0392,1,Looks premium,2025-10-22
REV000726,CUST01243,PROD0124,3,Packaging could be better,2025-07-24
REV000727,CUST00074,PROD0435,3,Worth buying,2025-12-12
REV000728,CUST01182,PROD0303,4,Looks premium,2025-10-13
REV000729,CUST01397,PROD0237,2,Highly recommended,2025-06-04
REV000730,CUST00393,PROD0342,5,Looks premium,2025-12-06
REV000731,CUST00810,PROD0188,4,Battery backup is amazing,2025-09-16
REV000732,CUST00216,PROD0457,3,Fast delivery,2025-12-11
REV000733,CUST00682,PROD0330,1,Battery backup is amazing,2025-11-04
REV000734,CUST01128,PROD0345,3,Poor quality,2025-11-19
REV000735,CUST01714,PROD0438,2,Poor quality,2025-03-13
REV000736,CUST01249,PROD0311,2,Worth buying,2025-01-23
REV000737,CUST00710,PROD0341,5,Received damaged product,2025-02-27
REV000738,CUST00619,PROD0444,4,Received damaged product,2025-12-27
REV000739,CUST01130,PROD0079,4,Packaging could be better,2025-10-02
REV000740,CUST00413,PROD0130,2,Worth buying,2025-10-16
REV000741,CUST00934,PROD0186,1,Looks premium,2025-02-17
REV000742,CUST00987,PROD0147,2,Worth buying,2025-10-14
REV000743,CUST01559,PROD0400,1,Looks premium,2025-08-26
REV000744,CUST00129,PROD0193,2,Fast delivery,2025-11-16
REV000745,CUST01341,PROD0041,4,Poor quality,2025-04-08
REV000746,CUST01277,PROD0054,1,Average product,2025-09-07
REV000747,CUST01313,PROD0104,3,Value for money,2025-11-09
REV000748,CUST00494,PROD0069,4,Value for money,2025-11-23
REV000749,CUST01269,PROD0076,4,Highly recommended,2025-04-22
REV000750,CUST00139,PROD0042,2,Excellent quality,2025-10-12
REV000751,CUST00111,PROD0007,5,Average product,2025-07-27
REV000752,CUST01182,PROD0379,2,Poor quality,2025-05-08
REV000753,CUST01979,PROD0072,5,Average product,2025-06-17
REV000754,CUST00865,PROD0467,1,Fast delivery,2025-02-08
REV000755,CUST00081,PROD0122,3,Worth buying,2025-01-25
REV000756,CUST01699,PROD0402,1,Received damaged product,2025-11-28
REV000757,CUST00543,PROD0008,2,Worth buying,2025-08-27
REV000758,CUST00003,PROD0315,2,Received damaged product,2025-06-10
REV000759,CUST01401,PROD0071,2,Value for money,2025-04-21
REV000760,CUST01057,PROD0329,1,Highly recommended,2025-12-27
REV000761,CUST01230,PROD0287,5,Packaging could be better,2025-06-07
REV000762,CUST00440,PROD0407,4,Battery backup is amazing,2025-07-04
REV000763,CUST00836,PROD0350,5,Excellent quality,2025-04-21
REV000764,CUST00180,PROD0237,3,Looks premium,2025-03-12
REV000765,CUST01899,PROD0198,5,Excellent quality,2025-03-28
REV000766,CUST00276,PROD0059,3,Average product,2025-08-20
REV000767,CUST01057,PROD0203,4,Received damaged product,2025-01-03
REV000768,CUST00487,PROD0210,3,Looks premium,2025-10-24
REV000769,CUST00294,PROD0043,3,Excellent quality,2025-02-03
REV000770,CUST01318,PROD0411,3,Average product,2025-04-28
REV000771,CUST01803,PROD0272,1,Fast delivery,2025-06-16
REV000772,CUST00245,PROD0101,3,Packaging could be better,2025-03-24
REV000773,CUST00134,PROD0036,3,Worth buying,2025-07-01
REV000774,CUST00861,PROD0282,4,Packaging could be better,2025-01-22
REV000775,CUST00213,PROD0265,5,Highly recommended,2025-10-16
REV000776,CUST01568,PROD0260,3,Excellent quality,2025-10-02
REV000777,CUST01369,PROD0498,4,Worth buying,2025-05-08
REV000778,CUST00580,PROD0485,2,Fast delivery,2025-04-15
REV000779,CUST01244,PROD0035,5,Poor quality,2025-07-13
REV000780,CUST00494,PROD0054,2,Fast delivery,2025-08-07
REV000781,CUST01397,PROD0171,3,Highly recommended,2025-05-08
REV000782,CUST00819,PROD0348,1,Received damaged product,2025-12-01
REV000783,CUST00423,PROD0097,2,Fast delivery,2025-10-08
REV000784,CUST01372,PROD0211,2,Fast delivery,2025-02-18
REV000785,CUST00422,PROD0190,2,Fast delivery,2025-01-19
REV000786,CUST01330,PROD0120,1,Packaging could be better,2025-05-06
REV000787,CUST01615,PROD0457,1,Excellent quality,2025-07-20
REV000788,CUST01055,PROD0279,2,Battery backup is amazing,2025-01-21
REV000789,CUST01060,PROD0120,5,Poor quality,2025-11-10
REV000790,CUST01851,PROD0155,4,Battery backup is amazing,2025-04-09
REV000791,CUST00109,PROD0393,1,Worth buying,2025-04-02
REV000792,CUST01169,PROD0030,4,Average product,2025-02-09
REV000793,CUST01574,PROD0062,2,Fast delivery,2025-07-25
REV000794,CUST00851,PROD0304,1,Fast delivery,2025-03-13
REV000795,CUST01065,PROD0237,5,Value for money,2025-01-21
REV000796,CUST00175,PROD0344,3,Fast delivery,2025-10-16
REV000797,CUST01879,PROD0037,4,Looks premium,2025-05-15
REV000798,CUST00784,PROD0329,2,Battery backup is amazing,2025-01-16
REV000799,CUST01037,PROD0262,4,Battery backup is amazing,2025-06-20
REV000800,CUST01579,PROD0348,2,Looks premium,2025-01-09
REV000801,CUST01065,PROD0483,3,Received damaged product,2025-02-10
REV000802,CUST00155,PROD0431,5,Looks premium,2025-07-18
REV000803,CUST00636,PROD0419,1,Fast delivery,2025-03-23
REV000804,CUST00815,PROD0006,3,Average product,2025-05-28
REV000805,CUST00111,PROD0375,1,Value for money,2025-11-02
REV000806,CUST01863,PROD0380,2,Battery backup is amazing,2025-02-14
REV000807,CUST00875,PROD0134,2,Fast delivery,2025-12-13
REV000808,CUST00484,PROD0496,2,Battery backup is amazing,2025-05-27
REV000809,CUST00143,PROD0065,4,Value for money,2025-06-28
REV000810,CUST01711,PROD0086,3,Worth buying,2025-08-10
REV000811,CUST01905,PROD0457,3,Poor quality,2025-03-20
REV000812,CUST00590,PROD0057,4,Excellent quality,2025-11-25
REV000813,CUST01099,PROD0456,4,Excellent quality,2025-11-14
REV000814,CUST00392,PROD0183,5,Looks premium,2025-08-13
REV000815,CUST01512,PROD0180,4,Average product,2025-08-09
REV000816,CUST00107,PROD0092,1,Received damaged product,2025-08-22
REV000817,CUST00074,PROD0413,1,Fast delivery,2025-12-24
REV000818,CUST00771,PROD0343,1,Poor quality,2025-07-26
REV000819,CUST00465,PROD0001,4,Average product,2025-07-19
REV000820,CUST01419,PROD0099,1,Looks premium,2025-11-23
REV000821,CUST01446,PROD0198,4,Worth buying,2025-02-13
REV000822,CUST00220,PROD0301,3,Looks premium,2025-08-12
REV000823,CUST00656,PROD0117,1,Battery backup is amazing,2025-02-23
REV000824,CUST01868,PROD0051,1,Received damaged product,2025-03-14
REV000825,CUST01220,PROD0078,4,Worth buying,2025-10-11
REV000826,CUST01975,PROD0164,1,Received damaged product,2025-06-21
REV000827,CUST00996,PROD0462,3,Battery backup is amazing,2025-06-26
REV000828,CUST01592,PROD0218,1,Worth buying,2025-11-25
REV000829,CUST00515,PROD0326,3,Highly recommended,2025-08-13
REV000830,CUST01270,PROD0208,1,Packaging could be better,2025-05-04
REV000831,CUST01098,PROD0339,2,Average product,2025-05-27
REV000832,CUST00503,PROD0020,2,Highly recommended,2025-06-12
REV000833,CUST01497,PROD0118,4,Packaging could be better,2025-09-24
REV000834,CUST00324,PROD0268,5,Poor quality,2025-08-28
REV000835,CUST00753,PROD0341,4,Excellent quality,2025-08-04
REV000836,CUST01912,PROD0354,5,Fast delivery,2025-12-12
REV000837,CUST01864,PROD0045,4,Packaging could be better,2025-01-03
REV000838,CUST00010,PROD0446,2,Worth buying,2025-06-12
REV000839,CUST01139,PROD0064,3,Highly recommended,2025-11-21
REV000840,CUST00885,PROD0300,5,Battery backup is amazing,2025-12-10
REV000841,CUST01641,PROD0174,1,Received damaged product,2025-12-12
REV000842,CUST00122,PROD0018,3,Highly recommended,2025-12-28
REV000843,CUST00687,PROD0162,5,Highly recommended,2025-03-25
REV000844,CUST01598,PROD0118,1,Poor quality,2025-09-23
REV000845,CUST00876,PROD0413,5,Fast delivery,2025-01-11
REV000846,CUST01730,PROD0379,4,Looks premium,2025-09-19
REV000847,CUST00589,PROD0206,5,Fast delivery,2025-03-01
REV000848,CUST00068,PROD0238,1,Packaging could be better,2025-03-02
REV000849,CUST00287,PROD0231,5,Worth buying,2025-10-27
REV000850,CUST01898,PROD0155,4,Worth buying,2025-11-26
REV000851,CUST01519,PROD0458,2,Value for money,2025-08-16
REV000852,CUST01588,PROD0204,5,Received damaged product,2025-07-24
REV000853,CUST00021,PROD0086,1,Average product,2025-09-05
REV000854,CUST01652,PROD0288,3,Excellent quality,2025-04-06
REV000855,CUST01285,PROD0400,1,Poor quality,2025-11-28
REV000856,CUST00661,PROD0015,5,Looks premium,2025-04-06
REV000857,CUST01687,PROD0364,4,Looks premium,2025-01-22
REV000858,CUST01048,PROD0155,5,Excellent quality,2025-06-10
REV000859,CUST00398,PROD0037,4,Highly recommended,2025-02-16
REV000860,CUST01017,PROD0149,1,Received damaged product,2025-04-02
REV000861,CUST00350,PROD0341,3,Highly recommended,2025-09-02
REV000862,CUST01795,PROD0371,1,Fast delivery,2025-01-01
REV000863,CUST00718,PROD0128,5,Average product,2025-04-22
REV000864,CUST01792,PROD0493,2,Highly recommended,2025-05-02
REV000865,CUST00462,PROD0293,4,Excellent quality,2025-10-20
REV000866,CUST00535,PROD0207,3,Received damaged product,2025-11-25
REV000867,CUST00443,PROD0173,1,Packaging could be better,2025-03-13
REV000868,CUST01167,PROD0397,3,Average product,2025-01-19
REV000869,CUST01352,PROD0200,2,Battery backup is amazing,2025-06-02
REV000870,CUST01848,PROD0376,4,Battery backup is amazing,2025-01-09
REV000871,CUST00590,PROD0317,2,Value for money,2025-08-15
REV000872,CUST00135,PROD0218,3,Average product,2025-01-01
REV000873,CUST00429,PROD0118,3,Highly recommended,2025-03-24
REV000874,CUST01730,PROD0379,5,Received damaged product,2025-05-14
REV000875,CUST00725,PROD0368,5,Excellent quality,2025-06-25
REV000876,CUST00675,PROD0076,2,Excellent quality,2025-05-17
REV000877,CUST00409,PROD0065,5,Battery backup is amazing,2025-02-10
REV000878,CUST00124,PROD0061,4,Looks premium,2025-11-08
REV000879,CUST00011,PROD0366,4,Fast delivery,2025-04-19
REV000880,CUST00474,PROD0124,1,Fast delivery,2025-01-16
REV000881,CUST00531,PROD0343,5,Fast delivery,2025-04-13
REV000882,CUST00515,PROD0269,3,Fast delivery,2025-08-04
REV000883,CUST00063,PROD0398,3,Excellent quality,2025-05-10
REV000884,CUST00628,PROD0282,1,Poor quality,2025-03-05
REV000885,CUST01036,PROD0012,2,Battery backup is amazing,2025-04-12
REV000886,CUST00879,PROD0366,1,Packaging could be better,2025-08-17
REV000887,CUST01436,PROD0318,2,Worth buying,2025-02-25
REV000888,CUST01741,PROD0241,5,Value for money,2025-05-28
REV000889,CUST01469,PROD0053,4,Poor quality,2025-08-06
REV000890,CUST00399,PROD0167,5,Value for money,2025-05-21
REV000891,CUST00152,PROD0038,1,Excellent quality,2025-10-10
REV000892,CUST00676,PROD0417,4,Average product,2025-03-07
REV000893,CUST00859,PROD0003,2,Looks premium,2025-06-10
REV000894,CUST01944,PROD0032,1,Excellent quality,2025-05-03
REV000895,CUST01100,PROD0014,3,Poor quality,2025-02-23
REV000896,CUST00005,PROD0048,5,Average product,2025-08-03
REV000897,CUST01081,PROD0426,4,Average product,2025-07-22
REV000898,CUST00872,PROD0081,5,Packaging could be better,2025-12-23
REV000899,CUST01759,PROD0242,1,Average product,2025-12-02
REV000900,CUST01596,PROD0435,5,Highly recommended,2025-04-24
REV000901,CUST00791,PROD0051,5,Packaging could be better,2025-01-16
REV000902,CUST00685,PROD0159,2,Packaging could be better,2025-08-23
REV000903,CUST01297,PROD0171,2,Battery backup is amazing,2025-04-25
REV000904,CUST00091,PROD0199,1,Excellent quality,2025-12-11
REV000905,CUST01230,PROD0183,5,Worth buying,2025-07-22
REV000906,CUST01531,PROD0134,2,Looks premium,2025-07-10
REV000907,CUST01157,PROD0091,4,Packaging could be better,2025-06-04
REV000908,CUST01241,PROD0309,2,Excellent quality,2025-06-02
REV000909,CUST01852,PROD0296,4,Packaging could be better,2025-08-23
REV000910,CUST01565,PROD0500,5,Received damaged product,2025-09-01
REV000911,CUST00404,PROD0126,2,Excellent quality,2025-01-26
REV000912,CUST00093,PROD0195,1,Packaging could be better,2025-10-11
REV000913,CUST01146,PROD0350,1,Received damaged product,2025-02-01
REV000914,CUST01907,PROD0286,4,Highly recommended,2025-07-20
REV000915,CUST01559,PROD0435,2,Looks premium,2025-07-24
REV000916,CUST00914,PROD0111,4,Worth buying,2025-09-03
REV000917,CUST00754,PROD0449,4,Worth buying,2025-06-20
REV000918,CUST00275,PROD0467,3,Battery backup is amazing,2025-01-25
REV000919,CUST01732,PROD0191,3,Fast delivery,2025-01-28
REV000920,CUST01547,PROD0179,3,Worth buying,2025-07-27
REV000921,CUST00038,PROD0448,1,Looks premium,2025-04-26
REV000922,CUST01780,PROD0418,4,Packaging could be better,2025-10-13
REV000923,CUST00890,PROD0101,4,Poor quality,2025-11-24
REV000924,CUST00441,PROD0359,2,Fast delivery,2025-12-13
REV000925,CUST00702,PROD0308,3,Fast delivery,2025-11-28
REV000926,CUST00847,PROD0096,1,Received damaged product,2025-07-24
REV000927,CUST01330,PROD0020,2,Packaging could be better,2025-08-16
REV000928,CUST00802,PROD0388,5,Poor quality,2025-07-28
REV000929,CUST01322,PROD0047,3,Looks premium,2025-07-28
REV000930,CUST01311,PROD0393,3,Packaging could be better,2025-01-19
REV000931,CUST00070,PROD0229,1,Highly recommended,2025-06-10
REV000932,CUST01086,PROD0255,1,Received damaged product,2025-04-23
REV000933,CUST01494,PROD0439,5,Highly recommended,2025-10-21
REV000934,CUST00966,PROD0380,1,Excellent quality,2025-06-01
REV000935,CUST00714,PROD0184,5,Excellent quality,2025-09-28
REV000936,CUST01661,PROD0075,5,Worth buying,2025-05-04
REV000937,CUST00061,PROD0095,2,Fast delivery,2025-08-22
REV000938,CUST01660,PROD0475,3,Value for money,2025-08-17
REV000939,CUST00598,PROD0267,3,Average product,2025-11-23
REV000940,CUST01081,PROD0044,4,Worth buying,2025-12-10
REV000941,CUST00532,PROD0427,1,Received damaged product,2025-05-08
REV000942,CUST00908,PROD0380,4,Received damaged product,2025-07-07
REV000943,CUST01088,PROD0474,1,Battery backup is amazing,2025-03-01
REV000944,CUST00735,PROD0250,1,Average product,2025-05-21
REV000945,CUST01656,PROD0396,2,Poor quality,2025-10-05
REV000946,CUST01715,PROD0220,1,Received damaged product,2025-03-12
REV000947,CUST01980,PROD0286,1,Battery backup is amazing,2025-09-15
REV000948,CUST00047,PROD0190,3,Excellent quality,2025-02-05
REV000949,CUST00337,PROD0123,1,Value for money,2025-04-09
REV000950,CUST01420,PROD0294,4,Poor quality,2025-05-26
REV000951,CUST00753,PROD0231,3,Average product,2025-12-15
REV000952,CUST00342,PROD0451,1,Excellent quality,2025-01-17
REV000953,CUST01468,PROD0495,4,Fast delivery,2025-07-21
REV000954,CUST00667,PROD0062,3,Packaging could be better,2025-06-08
REV000955,CUST01899,PROD0215,4,Highly recommended,2025-04-21
REV000956,CUST01814,PROD0428,3,Battery backup is amazing,2025-09-06
REV000957,CUST00969,PROD0356,4,Highly recommended,2025-06-27
REV000958,CUST01902,PROD0063,3,Fast delivery,2025-06-19
REV000959,CUST01005,PROD0368,1,Battery backup is amazing,2025-03-02
REV000960,CUST00277,PROD0231,4,Poor quality,2025-07-23
REV000961,CUST00215,PROD0254,2,Looks premium,2025-12-23
REV000962,CUST01477,PROD0490,2,Highly recommended,2025-10-04
REV000963,CUST01674,PROD0023,3,Battery backup is amazing,2025-07-24
REV000964,CUST01894,PROD0262,5,Poor quality,2025-11-07
REV000965,CUST01560,PROD0286,1,Average product,2025-10-07
REV000966,CUST01175,PROD0453,1,Received damaged product,2025-10-23
REV000967,CUST00320,PROD0320,1,Poor quality,2025-06-21
REV000968,CUST00072,PROD0058,5,Value for money,2025-08-03
REV000969,CUST01308,PROD0072,4,Battery backup is amazing,2025-07-10
REV000970,CUST01142,PROD0429,2,Excellent quality,2025-03-21
REV000971,CUST00521,PROD0213,2,Value for money,2025-08-14
REV000972,CUST01162,PROD0359,2,Value for money,2025-10-26
REV000973,CUST00923,PROD0250,5,Average product,2025-07-10
REV000974,CUST00038,PROD0281,1,Received damaged product,2025-05-12
REV000975,CUST01576,PROD0045,4,Battery backup is amazing,2025-07-14
REV000976,CUST00214,PROD0291,1,Value for money,2025-05-19
REV000977,CUST01191,PROD0497,2,Excellent quality,2025-05-23
REV000978,CUST00533,PROD0471,3,Battery backup is amazing,2025-08-07
REV000979,CUST00271,PROD0362,4,Average product,2025-10-21
REV000980,CUST01190,PROD0407,1,Poor quality,2025-02-10
REV000981,CUST01454,PROD0048,5,Highly recommended,2025-08-25
REV000982,CUST01800,PROD0205,1,Average product,2025-12-25
REV000983,CUST01591,PROD0368,2,Looks premium,2025-09-18
REV000984,CUST01202,PROD0444,4,Highly recommended,2025-09-24
REV000985,CUST01604,PROD0322,1,Poor quality,2025-03-06
REV000986,CUST00883,PROD0071,1,Highly recommended,2025-06-27
REV000987,CUST01424,PROD0055,2,Worth buying,2025-10-12
REV000988,CUST00808,PROD0044,4,Poor quality,2025-10-21
REV000989,CUST00131,PROD0397,2,Received damaged product,2025-02-09
REV000990,CUST00900,PROD0250,1,Average product,2025-08-10
REV000991,CUST01197,PROD0289,2,Looks premium,2025-03-08
REV000992,CUST00226,PROD0274,1,Battery backup is amazing,2025-05-22
REV000993,CUST01222,PROD0045,5,Average product,2025-06-01
REV000994,CUST01743,PROD0066,4,Value for money,2025-08-01
REV000995,CUST00157,PROD0009,2,Battery backup is amazing,2025-03-13
REV000996,CUST00820,PROD0340,4,Average product,2025-12-28
REV000997,CUST01223,PROD0021,5,Packaging could be better,2025-09-23
REV000998,CUST00988,PROD0489,4,Worth buying,2025-03-28
REV000999,CUST01372,PROD0145,3,Fast delivery,2025-07-20
REV001000,CUST00891,PROD0140,4,Excellent quality,2025-09-20
REV001001,CUST01983,PROD0120,4,Fast delivery,2025-11-09
REV001002,CUST00213,PROD0451,4,Highly recommended,2025-05-27
REV001003,CUST01619,PROD0173,4,Poor quality,2025-02-11
REV001004,CUST00330,PROD0025,4,Received damaged product,2025-05-01
REV001005,CUST01904,PROD0200,1,Highly recommended,2025-11-17
REV001006,CUST00496,PROD0209,4,Received damaged product,2025-11-22
REV001007,CUST00255,PROD0454,2,Poor quality,2025-06-17
REV001008,CUST00427,PROD0183,4,Battery backup is amazing,2025-04-10
REV001009,CUST01151,PROD0190,3,Looks premium,2025-02-23
REV001010,CUST00520,PROD0212,5,Packaging could be better,2025-02-15
REV001011,CUST00855,PROD0293,4,Worth buying,2025-11-08
REV001012,CUST01835,PROD0102,3,Worth buying,2025-11-11
REV001013,CUST01080,PROD0192,2,Fast delivery,2025-10-08
REV001014,CUST00447,PROD0039,3,Worth buying,2025-09-22
REV001015,CUST01149,PROD0459,2,Battery backup is amazing,2025-02-22
REV001016,CUST01128,PROD0152,5,Looks premium,2025-06-20
REV001017,CUST01739,PROD0398,1,Worth buying,2025-08-22
REV001018,CUST00076,PROD0311,2,Highly recommended,2025-04-17
REV001019,CUST00313,PROD0166,3,Worth buying,2025-04-06
REV001020,CUST01458,PROD0204,3,Fast delivery,2025-07-28
REV001021,CUST01172,PROD0428,3,Average product,2025-03-24
REV001022,CUST01611,PROD0018,3,Battery backup is amazing,2025-12-10
REV001023,CUST01152,PROD0458,1,Received damaged product,2025-02-24
REV001024,CUST00086,PROD0437,1,Received damaged product,2025-10-19
REV001025,CUST00884,PROD0436,5,Excellent quality,2025-07-19
REV001026,CUST01966,PROD0395,1,Fast delivery,2025-07-01
REV001027,CUST00267,PROD0150,3,Packaging could be better,2025-04-08
REV001028,CUST01042,PROD0307,5,Highly recommended,2025-07-08
REV001029,CUST00600,PROD0185,5,Fast delivery,2025-04-24
REV001030,CUST00918,PROD0479,5,Looks premium,2025-10-21
REV001031,CUST00235,PROD0325,2,Looks premium,2025-03-19
REV001032,CUST00744,PROD0011,4,Average product,2025-10-19
REV001033,CUST00574,PROD0109,3,Excellent quality,2025-12-16
REV001034,CUST00581,PROD0464,1,Worth buying,2025-11-04
REV001035,CUST01191,PROD0348,1,Highly recommended,2025-09-03
REV001036,CUST01456,PROD0488,2,Fast delivery,2025-02-26
REV001037,CUST00634,PROD0175,3,Average product,2025-03-19
REV001038,CUST01417,PROD0258,5,Worth buying,2025-01-22
REV001039,CUST00432,PROD0289,3,Looks premium,2025-04-15
REV001040,CUST01938,PROD0420,2,Packaging could be better,2025-01-06
REV001041,CUST00364,PROD0216,4,Average product,2025-12-03
REV001042,CUST00367,PROD0316,4,Excellent quality,2025-04-28
REV001043,CUST00596,PROD0235,1,Average product,2025-02-12
REV001044,CUST00650,PROD0223,1,Fast delivery,2025-10-01
REV001045,CUST01239,PROD0142,2,Highly recommended,2025-09-19
REV001046,CUST00199,PROD0249,5,Looks premium,2025-05-05
REV001047,CUST01135,PROD0097,4,Packaging could be better,2025-10-21
REV001048,CUST01984,PROD0291,4,Looks premium,2025-09-24
REV001049,CUST00348,PROD0473,5,Excellent quality,2025-07-22
REV001050,CUST00091,PROD0321,3,Highly recommended,2025-06-04
REV001051,CUST01436,PROD0177,4,Worth buying,2025-10-08
REV001052,CUST01335,PROD0122,4,Packaging could be better,2025-01-27
REV001053,CUST00200,PROD0164,3,Fast delivery,2025-05-24
REV001054,CUST00960,PROD0237,5,Looks premium,2025-03-17
REV001055,CUST00676,PROD0419,4,Highly recommended,2025-12-14
REV001056,CUST01178,PROD0352,5,Average product,2025-06-26
REV001057,CUST00674,PROD0174,4,Fast delivery,2025-03-18
REV001058,CUST00608,PROD0447,3,Poor quality,2025-05-14
REV001059,CUST00909,PROD0427,3,Average product,2025-09-08
REV001060,CUST01312,PROD0207,4,Worth buying,2025-07-15
REV001061,CUST01788,PROD0226,2,Excellent quality,2025-10-09
REV001062,CUST00119,PROD0141,4,Worth buying,2025-12-04
REV001063,CUST01461,PROD0136,1,Value for money,2025-09-20
REV001064,CUST00081,PROD0262,3,Looks premium,2025-06-20
REV001065,CUST00747,PROD0318,1,Looks premium,2025-02-17
REV001066,CUST01329,PROD0368,1,Poor quality,2025-10-07
REV001067,CUST00848,PROD0030,4,Received damaged product,2025-12-18
REV001068,CUST01317,PROD0467,4,Looks premium,2025-11-11
REV001069,CUST01618,PROD0361,2,Average product,2025-11-08
REV001070,CUST01829,PROD0144,3,Value for money,2025-09-21
REV001071,CUST00993,PROD0151,2,Battery backup is amazing,2025-06-20
REV001072,CUST01652,PROD0375,2,Fast delivery,2025-04-19
REV001073,CUST01137,PROD0130,5,Excellent quality,2025-05-04
REV001074,CUST01289,PROD0408,4,Battery backup is amazing,2025-04-20
REV001075,CUST01873,PROD0325,5,Packaging could be better,2025-12-21
REV001076,CUST00623,PROD0023,3,Value for money,2025-12-11
REV001077,CUST00029,PROD0450,5,Received damaged product,2025-06-21
REV001078,CUST01267,PROD0021,1,Poor quality,2025-08-15
REV001079,CUST01199,PROD0420,2,Worth buying,2025-01-17
REV001080,CUST01859,PROD0264,5,Packaging could be better,2025-03-05
REV001081,CUST01311,PROD0365,2,Poor quality,2025-09-03
REV001082,CUST01112,PROD0362,1,Received damaged product,2025-10-09
REV001083,CUST00960,PROD0322,2,Value for money,2025-05-21
REV001084,CUST00707,PROD0019,1,Received damaged product,2025-04-12
REV001085,CUST00677,PROD0036,3,Excellent quality,2025-09-22
REV001086,CUST01950,PROD0461,4,Looks premium,2025-09-07
REV001087,CUST01073,PROD0133,2,Packaging could be better,2025-10-27
REV001088,CUST01096,PROD0387,3,Received damaged product,2025-05-22
REV001089,CUST01584,PROD0337,5,Battery backup is amazing,2025-05-09
REV001090,CUST00614,PROD0296,5,Excellent quality,2025-12-10
REV001091,CUST01213,PROD0491,5,Battery backup is amazing,2025-10-14
REV001092,CUST01435,PROD0090,2,Poor quality,2025-06-28
REV001093,CUST01868,PROD0318,2,Received damaged product,2025-06-11
REV001094,CUST00427,PROD0078,5,Looks premium,2025-04-26
REV001095,CUST00427,PROD0340,2,Highly recommended,2025-03-05
REV001096,CUST01508,PROD0240,4,Received damaged product,2025-04-06
REV001097,CUST00986,PROD0033,5,Excellent quality,2025-11-10
REV001098,CUST00606,PROD0157,1,Received damaged product,2025-07-28
REV001099,CUST00553,PROD0383,1,Excellent quality,2025-01-03
REV001100,CUST01119,PROD0129,5,Received damaged product,2025-09-14
REV001101,CUST01704,PROD0083,1,Packaging could be better,2025-06-11
REV001102,CUST01563,PROD0230,4,Worth buying,2025-12-19
REV001103,CUST01994,PROD0011,1,Average product,2025-02-02
REV001104,CUST01333,PROD0002,5,Battery backup is amazing,2025-04-18
REV001105,CUST01363,PROD0292,5,Worth buying,2025-08-01
REV001106,CUST00760,PROD0297,2,Worth buying,2025-11-13
REV001107,CUST00499,PROD0383,1,Highly recommended,2025-11-11
REV001108,CUST00017,PROD0279,4,Poor quality,2025-08-05
REV001109,CUST01573,PROD0089,5,Value for money,2025-10-08
REV001110,CUST01965,PROD0243,4,Looks premium,2025-12-06
REV001111,CUST00626,PROD0254,3,Worth buying,2025-11-09
REV001112,CUST00572,PROD0118,2,Packaging could be better,2025-04-09
REV001113,CUST01059,PROD0345,5,Poor quality,2025-07-11
REV001114,CUST01146,PROD0078,3,Highly recommended,2025-07-08
REV001115,CUST00362,PROD0410,1,Received damaged product,2025-11-05
REV001116,CUST00367,PROD0372,2,Poor quality,2025-05-10
REV001117,CUST01889,PROD0445,4,Average product,2025-02-26
REV001118,CUST00328,PROD0366,1,Average product,2025-12-04
REV001119,CUST01010,PROD0035,5,Packaging could be better,2025-08-07
REV001120,CUST00956,PROD0014,2,Poor quality,2025-04-27
REV001121,CUST00614,PROD0422,1,Worth buying,2025-12-25
REV001122,CUST00820,PROD0370,5,Average product,2025-08-17
REV001123,CUST01043,PROD0382,1,Fast delivery,2025-04-25
REV001124,CUST00308,PROD0239,2,Received damaged product,2025-02-13
REV001125,CUST00943,PROD0232,1,Worth buying,2025-04-05
REV001126,CUST00582,PROD0249,1,Value for money,2025-06-28
REV001127,CUST00619,PROD0308,3,Looks premium,2025-09-04
REV001128,CUST01100,PROD0495,2,Looks premium,2025-01-11
REV001129,CUST01372,PROD0350,3,Worth buying,2025-04-18
REV001130,CUST00474,PROD0486,5,Packaging could be better,2025-08-19
REV001131,CUST01590,PROD0349,5,Excellent quality,2025-05-28
REV001132,CUST00605,PROD0051,1,Value for money,2025-04-18
REV001133,CUST01459,PROD0245,1,Worth buying,2025-12-10
REV001134,CUST01232,PROD0418,5,Worth buying,2025-03-02
REV001135,CUST00913,PROD0304,3,Average product,2025-07-18
REV001136,CUST00367,PROD0204,4,Battery backup is amazing,2025-05-27
REV001137,CUST01606,PROD0405,5,Excellent quality,2025-12-08
REV001138,CUST01517,PROD0268,2,Received damaged product,2025-10-23
REV001139,CUST01904,PROD0056,1,Battery backup is amazing,2025-05-25
REV001140,CUST00864,PROD0309,4,Fast delivery,2025-12-11
REV001141,CUST01520,PROD0256,3,Value for money,2025-02-26
REV001142,CUST01686,PROD0252,1,Packaging could be better,2025-08-01
REV001143,CUST00478,PROD0056,5,Poor quality,2025-11-12
REV001144,CUST00746,PROD0098,4,Worth buying,2025-06-10
REV001145,CUST01697,PROD0282,5,Average product,2025-11-05
REV001146,CUST01274,PROD0398,1,Value for money,2025-09-07
REV001147,CUST00679,PROD0245,1,Excellent quality,2025-08-28
REV001148,CUST01927,PROD0108,3,Received damaged product,2025-06-14
REV001149,CUST01281,PROD0164,2,Poor quality,2025-09-09
REV001150,CUST01562,PROD0122,5,Excellent quality,2025-04-25
REV001151,CUST01604,PROD0285,3,Poor quality,2025-09-06
REV001152,CUST01995,PROD0423,3,Average product,2025-03-28
REV001153,CUST00899,PROD0484,5,Highly recommended,2025-05-20
REV001154,CUST00085,PROD0085,5,Fast delivery,2025-10-02
REV001155,CUST00467,PROD0194,2,Poor quality,2025-09-26
REV001156,CUST01964,PROD0341,4,Poor quality,2025-08-13
REV001157,CUST00455,PROD0390,5,Battery backup is amazing,2025-01-19
REV001158,CUST00630,PROD0216,5,Fast delivery,2025-12-02
REV001159,CUST00462,PROD0315,1,Average product,2025-02-17
REV001160,CUST00432,PROD0373,5,Packaging could be better,2025-04-25
REV001161,CUST00218,PROD0282,4,Average product,2025-09-16
REV001162,CUST00610,PROD0054,3,Excellent quality,2025-07-01
REV001163,CUST00035,PROD0344,5,Excellent quality,2025-11-09
REV001164,CUST00017,PROD0432,3,Looks premium,2025-10-06
REV001165,CUST01679,PROD0342,5,Fast delivery,2025-10-23
REV001166,CUST00546,PROD0166,3,Fast delivery,2025-03-20
REV001167,CUST01839,PROD0498,3,Battery backup is amazing,2025-06-22
REV001168,CUST01607,PROD0204,2,Excellent quality,2025-10-01
REV001169,CUST00247,PROD0041,1,Packaging could be better,2025-08-13
REV001170,CUST01758,PROD0417,4,Received damaged product,2025-02-20
REV001171,CUST00730,PROD0046,1,Received damaged product,2025-01-02
REV001172,CUST00878,PROD0142,5,Excellent quality,2025-07-12
REV001173,CUST01142,PROD0430,2,Packaging could be better,2025-10-28
REV001174,CUST00247,PROD0278,4,Highly recommended,2025-03-10
REV001175,CUST01457,PROD0421,4,Packaging could be better,2025-06-01
REV001176,CUST01026,PROD0187,2,Average product,2025-07-24
REV001177,CUST00566,PROD0028,3,Highly recommended,2025-06-16
REV001178,CUST01251,PROD0356,1,Received damaged product,2025-01-02
REV001179,CUST00005,PROD0463,4,Poor quality,2025-09-12
REV001180,CUST01595,PROD0452,1,Looks premium,2025-05-05
REV001181,CUST01939,PROD0177,3,Packaging could be better,2025-01-09
REV001182,CUST01089,PROD0336,3,Average product,2025-10-05
REV001183,CUST00948,PROD0253,2,Value for money,2025-12-02
REV001184,CUST00320,PROD0255,5,Packaging could be better,2025-02-23
REV001185,CUST01531,PROD0329,1,Received damaged product,2025-01-17
REV001186,CUST01448,PROD0166,5,Value for money,2025-01-28
REV001187,CUST01514,PROD0477,5,Packaging could be better,2025-12-17
REV001188,CUST00538,PROD0003,1,Looks premium,2025-05-22
REV001189,CUST01980,PROD0243,5,Excellent quality,2025-05-11
REV001190,CUST01298,PROD0443,2,Looks premium,2025-02-28
REV001191,CUST00303,PROD0399,1,Battery backup is amazing,2025-06-14
REV001192,CUST00587,PROD0067,5,Excellent quality,2025-11-03
REV001193,CUST01774,PROD0137,4,Highly recommended,2025-12-19
REV001194,CUST01987,PROD0087,1,Poor quality,2025-08-22
REV001195,CUST01406,PROD0483,1,Highly recommended,2025-06-25
REV001196,CUST01049,PROD0242,3,Highly recommended,2025-08-24
REV001197,CUST01658,PROD0399,2,Excellent quality,2025-05-14
REV001198,CUST00264,PROD0016,2,Average product,2025-03-13
REV001199,CUST01953,PROD0017,3,Worth buying,2025-07-24
REV001200,CUST01034,PROD0426,1,Excellent quality,2025-03-25
REV001201,CUST01643,PROD0352,1,Fast delivery,2025-03-27
REV001202,CUST01302,PROD0224,3,Highly recommended,2025-12-01
REV001203,CUST01973,PROD0045,1,Average product,2025-05-04
REV001204,CUST01776,PROD0101,4,Average product,2025-12-18
REV001205,CUST01114,PROD0298,1,Value for money,2025-10-11
REV001206,CUST00249,PROD0419,2,Fast delivery,2025-05-09
REV001207,CUST01473,PROD0004,5,Received damaged product,2025-03-02
REV001208,CUST00798,PROD0273,4,Packaging could be better,2025-10-25
REV001209,CUST01307,PROD0137,3,Battery backup is amazing,2025-06-02
REV001210,CUST00899,PROD0451,1,Received damaged product,2025-08-24
REV001211,CUST01584,PROD0210,5,Poor quality,2025-01-28
REV001212,CUST01559,PROD0249,3,Excellent quality,2025-09-22
REV001213,CUST01616,PROD0362,4,Fast delivery,2025-01-22
REV001214,CUST00929,PROD0031,3,Fast delivery,2025-09-26
REV001215,CUST01443,PROD0188,3,Excellent quality,2025-10-10
REV001216,CUST01684,PROD0358,4,Packaging could be better,2025-08-18
REV001217,CUST01724,PROD0364,1,Poor quality,2025-08-07
REV001218,CUST00298,PROD0375,4,Value for money,2025-02-15
REV001219,CUST00149,PROD0246,5,Received damaged product,2025-08-09
REV001220,CUST01650,PROD0117,1,Highly recommended,2025-12-01
REV001221,CUST01659,PROD0472,1,Highly recommended,2025-03-17
REV001222,CUST01416,PROD0143,3,Fast delivery,2025-01-03
REV001223,CUST01313,PROD0374,1,Battery backup is amazing,2025-02-05
REV001224,CUST00875,PROD0421,1,Looks premium,2025-12-23
REV001225,CUST01210,PROD0210,3,Packaging could be better,2025-09-15
REV001226,CUST00933,PROD0278,5,Worth buying,2025-11-15
REV001227,CUST01987,PROD0430,3,Poor quality,2025-03-02
REV001228,CUST00880,PROD0288,1,Poor quality,2025-07-17
REV001229,CUST01904,PROD0323,3,Value for money,2025-10-02
REV001230,CUST00364,PROD0392,5,Poor quality,2025-09-04
REV001231,CUST01337,PROD0115,3,Looks premium,2025-05-26
REV001232,CUST01068,PROD0471,5,Looks premium,2025-01-22
REV001233,CUST00863,PROD0001,3,Received damaged product,2025-04-22
REV001234,CUST00265,PROD0154,1,Poor quality,2025-03-14
REV001235,CUST00529,PROD0319,3,Highly recommended,2025-07-24
REV001236,CUST01050,PROD0176,3,Packaging could be better,2025-03-15
REV001237,CUST01597,PROD0259,3,Packaging could be better,2025-08-15
REV001238,CUST01686,PROD0028,3,Received damaged product,2025-10-25
REV001239,CUST00664,PROD0375,2,Poor quality,2025-09-28
REV001240,CUST00220,PROD0268,4,Packaging could be better,2025-08-27
REV001241,CUST01894,PROD0116,5,Value for money,2025-06-19
REV001242,CUST00845,PROD0117,5,Excellent quality,2025-02-13
REV001243,CUST01466,PROD0357,4,Excellent quality,2025-02-26
REV001244,CUST01003,PROD0250,1,Packaging could be better,2025-02-20
REV001245,CUST01828,PROD0126,1,Received damaged product,2025-03-26
REV001246,CUST00597,PROD0161,1,Average product,2025-12-23
REV001247,CUST01398,PROD0320,4,Looks premium,2025-10-11
REV001248,CUST01857,PROD0216,5,Highly recommended,2025-04-08
REV001249,CUST00603,PROD0073,4,Value for money,2025-03-16
REV001250,CUST01934,PROD0155,5,Poor quality,2025-05-22
REV001251,CUST00660,PROD0115,1,Battery backup is amazing,2025-07-23
REV001252,CUST00181,PROD0202,2,Fast delivery,2025-01-11
REV001253,CUST00383,PROD0138,3,Packaging could be better,2025-03-24
REV001254,CUST00412,PROD0433,1,Highly recommended,2025-07-20
REV001255,CUST01888,PROD0485,2,Looks premium,2025-05-17
REV001256,CUST00509,PROD0350,3,Highly recommended,2025-09-18
REV001257,CUST00253,PROD0286,3,Value for money,2025-11-17
REV001258,CUST01420,PROD0470,1,Value for money,2025-02-10
REV001259,CUST00461,PROD0446,5,Value for money,2025-04-07
REV001260,CUST00242,PROD0356,2,Looks premium,2025-11-06
REV001261,CUST01120,PROD0098,2,Excellent quality,2025-10-02
REV001262,CUST01560,PROD0441,5,Battery backup is amazing,2025-01-22
REV001263,CUST01433,PROD0109,5,Packaging could be better,2025-11-05
REV001264,CUST01183,PROD0499,3,Fast delivery,2025-05-28
REV001265,CUST01471,PROD0370,5,Received damaged product,2025-06-22
REV001266,CUST01052,PROD0245,3,Value for money,2025-05-16
REV001267,CUST01980,PROD0031,2,Fast delivery,2025-03-16
REV001268,CUST00168,PROD0388,1,Received damaged product,2025-06-27
REV001269,CUST00181,PROD0106,1,Worth buying,2025-11-04
REV001270,CUST00954,PROD0382,2,Battery backup is amazing,2025-09-18
REV001271,CUST01291,PROD0153,3,Excellent quality,2025-12-25
REV001272,CUST00048,PROD0336,1,Looks premium,2025-12-15
REV001273,CUST00933,PROD0264,5,Worth buying,2025-12-06
REV001274,CUST00960,PROD0336,4,Worth buying,2025-04-12
REV001275,CUST01409,PROD0234,4,Worth buying,2025-05-19
REV001276,CUST01882,PROD0209,2,Fast delivery,2025-07-05
REV001277,CUST00942,PROD0285,5,Average product,2025-04-11
REV001278,CUST01054,PROD0084,3,Excellent quality,2025-07-17
REV001279,CUST01078,PROD0097,5,Fast delivery,2025-06-18
REV001280,CUST01708,PROD0043,2,Worth buying,2025-02-08
REV001281,CUST01031,PROD0411,2,Received damaged product,2025-11-25
REV001282,CUST01114,PROD0472,3,Average product,2025-07-14
REV001283,CUST00796,PROD0356,3,Fast delivery,2025-06-11
REV001284,CUST01790,PROD0291,4,Average product,2025-11-05
REV001285,CUST00182,PROD0143,2,Battery backup is amazing,2025-02-11
REV001286,CUST00012,PROD0104,3,Highly recommended,2025-01-18
REV001287,CUST00405,PROD0434,1,Battery backup is amazing,2025-02-09
REV001288,CUST01080,PROD0347,3,Poor quality,2025-12-22
REV001289,CUST01602,PROD0095,3,Fast delivery,2025-10-05
REV001290,CUST01495,PROD0158,1,Excellent quality,2025-07-23
REV001291,CUST01892,PROD0290,3,Looks premium,2025-06-22
REV001292,CUST01273,PROD0495,3,Received damaged product,2025-04-02
REV001293,CUST00704,PROD0435,1,Worth buying,2025-05-05
REV001294,CUST01112,PROD0278,1,Worth buying,2025-09-14
REV001295,CUST00989,PROD0154,1,Worth buying,2025-01-02
REV001296,CUST00188,PROD0149,3,Average product,2025-10-18
REV001297,CUST01166,PROD0481,4,Value for money,2025-11-12
REV001298,CUST01474,PROD0420,3,Highly recommended,2025-08-15
REV001299,CUST01080,PROD0454,2,Excellent quality,2025-04-27
REV001300,CUST01595,PROD0408,2,Worth buying,2025-11-10
REV001301,CUST00319,PROD0479,5,Excellent quality,2025-06-25
REV001302,CUST01045,PROD0111,5,Fast delivery,2025-05-07
REV001303,CUST00612,PROD0431,4,Excellent quality,2025-08-24
REV001304,CUST01369,PROD0183,5,Worth buying,2025-10-21
REV001305,CUST01758,PROD0022,5,Fast delivery,2025-01-11
REV001306,CUST00542,PROD0003,1,Fast delivery,2025-04-11
REV001307,CUST01889,PROD0197,5,Poor quality,2025-02-14
REV001308,CUST00137,PROD0233,1,Excellent quality,2025-10-08
REV001309,CUST00865,PROD0277,1,Battery backup is amazing,2025-03-15
REV001310,CUST01930,PROD0412,1,Received damaged product,2025-04-21
REV001311,CUST01105,PROD0036,5,Received damaged product,2025-02-07
REV001312,CUST00756,PROD0032,4,Highly recommended,2025-03-05
REV001313,CUST00903,PROD0139,2,Poor quality,2025-04-08
REV001314,CUST01074,PROD0338,3,Packaging could be better,2025-03-18
REV001315,CUST01722,PROD0098,5,Packaging could be better,2025-04-03
REV001316,CUST00360,PROD0220,2,Worth buying,2025-12-01
REV001317,CUST01070,PROD0121,3,Worth buying,2025-01-27
REV001318,CUST01675,PROD0384,4,Poor quality,2025-04-12
REV001319,CUST00413,PROD0481,5,Poor quality,2025-08-07
REV001320,CUST01938,PROD0076,1,Average product,2025-06-07
REV001321,CUST01027,PROD0150,5,Average product,2025-01-03
REV001322,CUST00568,PROD0356,3,Highly recommended,2025-05-18
REV001323,CUST01916,PROD0010,3,Fast delivery,2025-12-12
REV001324,CUST01786,PROD0355,3,Fast delivery,2025-02-27
REV001325,CUST01086,PROD0301,1,Excellent quality,2025-09-14
REV001326,CUST00973,PROD0363,5,Poor quality,2025-03-03
REV001327,CUST00872,PROD0244,1,Worth buying,2025-06-02
REV001328,CUST00309,PROD0005,4,Average product,2025-12-17
REV001329,CUST00053,PROD0439,1,Looks premium,2025-04-15
REV001330,CUST01997,PROD0444,3,Looks premium,2025-03-28
REV001331,CUST01096,PROD0023,2,Fast delivery,2025-11-16
REV001332,CUST00007,PROD0083,2,Packaging could be better,2025-05-11
REV001333,CUST01644,PROD0382,3,Received damaged product,2025-07-12
REV001334,CUST01955,PROD0195,4,Highly recommended,2025-07-05
REV001335,CUST01765,PROD0097,1,Excellent quality,2025-08-24
REV001336,CUST01877,PROD0173,2,Highly recommended,2025-04-05
REV001337,CUST00957,PROD0262,2,Worth buying,2025-01-02
REV001338,CUST01829,PROD0366,2,Value for money,2025-06-14
REV001339,CUST00459,PROD0045,2,Poor quality,2025-06-26
REV001340,CUST00544,PROD0481,1,Packaging could be better,2025-06-23
REV001341,CUST01416,PROD0333,4,Looks premium,2025-01-18
REV001342,CUST00497,PROD0481,1,Highly recommended,2025-01-14
REV001343,CUST00671,PROD0030,2,Poor quality,2025-02-18
REV001344,CUST00664,PROD0081,4,Received damaged product,2025-10-18
REV001345,CUST01888,PROD0424,2,Average product,2025-04-07
REV001346,CUST00884,PROD0132,2,Excellent quality,2025-08-01
REV001347,CUST01060,PROD0148,2,Packaging could be better,2025-03-19
REV001348,CUST00309,PROD0271,5,Battery backup is amazing,2025-03-16
REV001349,CUST00710,PROD0256,1,Packaging could be better,2025-11-05
REV001350,CUST01225,PROD0381,4,Highly recommended,2025-01-26
REV001351,CUST00575,PROD0254,1,Highly recommended,2025-03-11
REV001352,CUST00350,PROD0337,1,Highly recommended,2025-08-05
REV001353,CUST00727,PROD0100,5,Fast delivery,2025-06-06
REV001354,CUST01679,PROD0072,5,Looks premium,2025-03-24
REV001355,CUST01404,PROD0393,5,Fast delivery,2025-07-24
REV001356,CUST00761,PROD0074,3,Value for money,2025-03-18
REV001357,CUST00552,PROD0080,2,Value for money,2025-03-19
REV001358,CUST00585,PROD0099,2,Fast delivery,2025-05-24
REV001359,CUST01202,PROD0322,1,Average product,2025-08-13
REV001360,CUST00575,PROD0435,5,Poor quality,2025-01-05
REV001361,CUST00169,PROD0266,1,Worth buying,2025-06-04
REV001362,CUST00842,PROD0109,5,Excellent quality,2025-06-14
REV001363,CUST01697,PROD0145,3,Looks premium,2025-04-28
REV001364,CUST01697,PROD0060,1,Battery backup is amazing,2025-04-02
REV001365,CUST01791,PROD0179,3,Received damaged product,2025-08-28
REV001366,CUST01519,PROD0081,5,Value for money,2025-08-28
REV001367,CUST01320,PROD0394,1,Excellent quality,2025-04-03
REV001368,CUST00416,PROD0173,1,Worth buying,2025-05-21
REV001369,CUST00532,PROD0214,5,Battery backup is amazing,2025-02-09
REV001370,CUST01228,PROD0233,5,Poor quality,2025-05-27
REV001371,CUST00135,PROD0471,1,Poor quality,2025-12-10
REV001372,CUST00377,PROD0457,4,Value for money,2025-11-18
REV001373,CUST00051,PROD0047,1,Highly recommended,2025-06-21
REV001374,CUST01483,PROD0141,1,Battery backup is amazing,2025-03-11
REV001375,CUST00070,PROD0167,5,Packaging could be better,2025-03-04
REV001376,CUST00220,PROD0352,2,Average product,2025-05-07
REV001377,CUST00309,PROD0147,1,Looks premium,2025-08-22
REV001378,CUST00572,PROD0340,4,Worth buying,2025-06-19
REV001379,CUST00598,PROD0488,5,Value for money,2025-03-07
REV001380,CUST00879,PROD0189,5,Average product,2025-12-24
REV001381,CUST00066,PROD0263,5,Value for money,2025-02-14
REV001382,CUST00984,PROD0437,1,Average product,2025-09-27
REV001383,CUST01554,PROD0459,2,Poor quality,2025-07-17
REV001384,CUST00163,PROD0161,2,Value for money,2025-11-24
REV001385,CUST00657,PROD0157,1,Excellent quality,2025-04-05
REV001386,CUST00245,PROD0103,1,Average product,2025-05-07
REV001387,CUST00197,PROD0183,1,Fast delivery,2025-08-03
REV001388,CUST00791,PROD0381,3,Packaging could be better,2025-09-06
REV001389,CUST01958,PROD0248,4,Value for money,2025-05-28
REV001390,CUST01319,PROD0423,1,Highly recommended,2025-03-22
REV001391,CUST01601,PROD0440,2,Value for money,2025-06-04
REV001392,CUST01735,PROD0355,2,Battery backup is amazing,2025-01-26
REV001393,CUST00701,PROD0495,2,Battery backup is amazing,2025-05-03
REV001394,CUST01175,PROD0239,1,Looks premium,2025-07-24
REV001395,CUST01541,PROD0479,2,Poor quality,2025-03-28
REV001396,CUST01396,PROD0198,5,Fast delivery,2025-06-04
REV001397,CUST01138,PROD0136,5,Fast delivery,2025-08-13
REV001398,CUST00611,PROD0359,5,Packaging could be better,2025-10-05
REV001399,CUST00739,PROD0024,2,Looks premium,2025-07-20
REV001400,CUST01367,PROD0008,2,Battery backup is amazing,2025-12-04
REV001401,CUST00728,PROD0044,5,Packaging could be better,2025-05-17
REV001402,CUST00831,PROD0043,1,Packaging could be better,2025-11-19
REV001403,CUST01622,PROD0030,3,Average product,2025-06-13
REV001404,CUST01709,PROD0223,5,Looks premium,2025-05-16
REV001405,CUST00396,PROD0297,5,Received damaged product,2025-01-15
REV001406,CUST01746,PROD0191,4,Value for money,2025-08-20
REV001407,CUST01062,PROD0046,5,Packaging could be better,2025-10-06
REV001408,CUST00899,PROD0101,1,Value for money,2025-11-06
REV001409,CUST00407,PROD0204,1,Received damaged product,2025-02-25
REV001410,CUST01464,PROD0427,1,Worth buying,2025-04-03
REV001411,CUST00893,PROD0099,5,Looks premium,2025-03-26
REV001412,CUST00049,PROD0273,3,Excellent quality,2025-05-13
REV001413,CUST01359,PROD0390,4,Looks premium,2025-05-19
REV001414,CUST01013,PROD0242,2,Packaging could be better,2025-12-02
REV001415,CUST00482,PROD0330,1,Packaging could be better,2025-08-26
REV001416,CUST00617,PROD0338,1,Battery backup is amazing,2025-05-26
REV001417,CUST01696,PROD0386,1,Highly recommended,2025-07-16
REV001418,CUST01845,PROD0475,4,Average product,2025-12-01
REV001419,CUST01940,PROD0164,3,Looks premium,2025-07-17
REV001420,CUST01965,PROD0233,4,Packaging could be better,2025-05-11
REV001421,CUST01844,PROD0376,2,Battery backup is amazing,2025-04-12
REV001422,CUST01705,PROD0285,3,Worth buying,2025-06-28
REV001423,CUST01950,PROD0059,4,Excellent quality,2025-02-16
REV001424,CUST00987,PROD0353,2,Received damaged product,2025-05-04
REV001425,CUST01750,PROD0220,3,Excellent quality,2025-12-20
REV001426,CUST01305,PROD0104,3,Packaging could be better,2025-05-24
REV001427,CUST01272,PROD0065,1,Highly recommended,2025-05-27
REV001428,CUST01003,PROD0150,2,Highly recommended,2025-02-27
REV001429,CUST01609,PROD0189,5,Looks premium,2025-01-05
REV001430,CUST00050,PROD0206,4,Highly recommended,2025-10-17
REV001431,CUST01647,PROD0334,4,Fast delivery,2025-03-06
REV001432,CUST01231,PROD0278,1,Fast delivery,2025-08-17
REV001433,CUST01831,PROD0183,2,Worth buying,2025-04-04
REV001434,CUST00821,PROD0211,3,Average product,2025-02-21
REV001435,CUST01886,PROD0210,1,Average product,2025-06-03
REV001436,CUST00033,PROD0240,3,Worth buying,2025-09-15
REV001437,CUST01219,PROD0267,3,Battery backup is amazing,2025-02-03
REV001438,CUST00317,PROD0087,2,Average product,2025-10-05
REV001439,CUST01386,PROD0212,3,Battery backup is amazing,2025-03-03
REV001440,CUST01390,PROD0329,2,Packaging could be better,2025-10-22
REV001441,CUST00853,PROD0137,4,Fast delivery,2025-08-13
REV001442,CUST00548,PROD0152,3,Average product,2025-07-28
REV001443,CUST01514,PROD0444,5,Packaging could be better,2025-09-23
REV001444,CUST00629,PROD0348,4,Average product,2025-02-24
REV001445,CUST00282,PROD0431,2,Excellent quality,2025-12-19
REV001446,CUST00902,PROD0255,2,Highly recommended,2025-11-16
REV001447,CUST01190,PROD0359,4,Excellent quality,2025-08-04
REV001448,CUST00254,PROD0230,4,Excellent quality,2025-08-19
REV001449,CUST01182,PROD0151,4,Highly recommended,2025-04-28
REV001450,CUST00253,PROD0219,5,Poor quality,2025-01-02
REV001451,CUST01366,PROD0081,4,Average product,2025-03-11
REV001452,CUST01895,PROD0262,2,Value for money,2025-10-16
REV001453,CUST00010,PROD0252,2,Received damaged product,2025-10-16
REV001454,CUST01515,PROD0309,1,Excellent quality,2025-12-07
REV001455,CUST01322,PROD0484,3,Poor quality,2025-07-24
REV001456,CUST00503,PROD0465,2,Worth buying,2025-01-18
REV001457,CUST00973,PROD0156,5,Average product,2025-05-16
REV001458,CUST00574,PROD0231,1,Value for money,2025-04-15
REV001459,CUST00053,PROD0087,2,Worth buying,2025-12-16
REV001460,CUST01212,PROD0463,5,Excellent quality,2025-11-12
REV001461,CUST00655,PROD0163,4,Battery backup is amazing,2025-01-16
REV001462,CUST01189,PROD0036,1,Highly recommended,2025-05-10
REV001463,CUST01954,PROD0254,4,Packaging could be better,2025-03-16
REV001464,CUST00125,PROD0151,1,Poor quality,2025-01-21
REV001465,CUST00351,PROD0145,4,Battery backup is amazing,2025-10-21
REV001466,CUST01354,PROD0135,3,Average product,2025-06-08
REV001467,CUST00838,PROD0148,1,Worth buying,2025-08-03
REV001468,CUST01974,PROD0216,2,Value for money,2025-11-24
REV001469,CUST00329,PROD0249,1,Poor quality,2025-03-07
REV001470,CUST00714,PROD0384,3,Fast delivery,2025-03-07
REV001471,CUST00150,PROD0251,2,Average product,2025-07-13
REV001472,CUST00267,PROD0493,4,Average product,2025-10-13
REV001473,CUST00686,PROD0375,4,Packaging could be better,2025-01-21
REV001474,CUST00656,PROD0500,4,Packaging could be better,2025-12-19
REV001475,CUST00222,PROD0470,3,Value for money,2025-01-25
REV001476,CUST01764,PROD0191,3,Highly recommended,2025-10-14
REV001477,CUST00125,PROD0329,1,Highly recommended,2025-09-05
REV001478,CUST01290,PROD0178,1,Battery backup is amazing,2025-06-21
REV001479,CUST00252,PROD0113,3,Received damaged product,2025-08-13
REV001480,CUST01536,PROD0361,5,Excellent quality,2025-06-26
REV001481,CUST00072,PROD0233,5,Battery backup is amazing,2025-02-21
REV001482,CUST00862,PROD0088,5,Excellent quality,2025-02-11
REV001483,CUST01683,PROD0184,3,Fast delivery,2025-10-03
REV001484,CUST01832,PROD0087,4,Fast delivery,2025-11-28
REV001485,CUST01080,PROD0417,4,Fast delivery,2025-02-18
REV001486,CUST00122,PROD0453,1,Excellent quality,2025-09-17
REV001487,CUST00686,PROD0170,3,Received damaged product,2025-10-28
REV001488,CUST01899,PROD0421,5,Value for money,2025-11-14
REV001489,CUST01250,PROD0011,2,Excellent quality,2025-06-07
REV001490,CUST01547,PROD0198,2,Fast delivery,2025-11-10
REV001491,CUST00538,PROD0165,4,Poor quality,2025-08-19
REV001492,CUST01103,PROD0150,3,Average product,2025-09-14
REV001493,CUST00267,PROD0125,2,Highly recommended,2025-10-21
REV001494,CUST01577,PROD0404,3,Poor quality,2025-08-13
REV001495,CUST00691,PROD0488,5,Value for money,2025-06-08
REV001496,CUST01608,PROD0469,4,Value for money,2025-01-09
REV001497,CUST00122,PROD0190,2,Packaging could be better,2025-04-06
REV001498,CUST01329,PROD0337,2,Fast delivery,2025-10-11
REV001499,CUST00280,PROD0054,2,Fast delivery,2025-04-12
REV001500,CUST01655,PROD0210,5,Highly recommended,2025-10-27
REV001501,CUST01156,PROD0440,2,Packaging could be better,2025-08-19
REV001502,CUST00175,PROD0450,3,Value for money,2025-09-21
REV001503,CUST01404,PROD0435,4,Looks premium,2025-05-05
REV001504,CUST00876,PROD0233,5,Received damaged product,2025-06-24
REV001505,CUST00347,PROD0053,5,Highly recommended,2025-09-20
REV001506,CUST00035,PROD0263,1,Battery backup is amazing,2025-06-25
REV001507,CUST00561,PROD0266,1,Looks premium,2025-12-20
REV001508,CUST00515,PROD0118,3,Excellent quality,2025-04-10
REV001509,CUST00875,PROD0183,2,Battery backup is amazing,2025-10-10
REV001510,CUST01714,PROD0196,2,Highly recommended,2025-12-21
REV001511,CUST01930,PROD0456,5,Average product,2025-09-28
REV001512,CUST01633,PROD0047,2,Battery backup is amazing,2025-09-03
REV001513,CUST00452,PROD0273,3,Battery backup is amazing,2025-04-04
REV001514,CUST00534,PROD0049,5,Looks premium,2025-11-16
REV001515,CUST01669,PROD0431,5,Packaging could be better,2025-10-22
REV001516,CUST01340,PROD0466,5,Looks premium,2025-06-01
REV001517,CUST01418,PROD0097,4,Highly recommended,2025-07-19
REV001518,CUST01815,PROD0095,1,Worth buying,2025-11-07
REV001519,CUST00122,PROD0307,3,Battery backup is amazing,2025-01-12
REV001520,CUST01468,PROD0309,5,Excellent quality,2025-09-19
REV001521,CUST00890,PROD0420,1,Excellent quality,2025-12-11
REV001522,CUST00582,PROD0043,2,Received damaged product,2025-06-10
REV001523,CUST01807,PROD0296,2,Received damaged product,2025-07-12
REV001524,CUST00374,PROD0172,2,Excellent quality,2025-05-12
REV001525,CUST00109,PROD0114,1,Excellent quality,2025-05-06
REV001526,CUST00184,PROD0334,4,Received damaged product,2025-11-02
REV001527,CUST01370,PROD0438,2,Worth buying,2025-11-28
REV001528,CUST00559,PROD0108,2,Fast delivery,2025-08-18
REV001529,CUST01826,PROD0373,1,Battery backup is amazing,2025-06-23
REV001530,CUST00093,PROD0386,5,Received damaged product,2025-08-04
REV001531,CUST00693,PROD0247,1,Fast delivery,2025-08-17
REV001532,CUST01711,PROD0477,5,Poor quality,2025-07-14
REV001533,CUST01789,PROD0486,5,Looks premium,2025-12-10
REV001534,CUST01793,PROD0432,5,Packaging could be better,2025-05-25
REV001535,CUST00570,PROD0178,5,Fast delivery,2025-09-03
REV001536,CUST00263,PROD0066,1,Worth buying,2025-05-05
REV001537,CUST00558,PROD0211,4,Battery backup is amazing,2025-10-21
REV001538,CUST01666,PROD0146,1,Average product,2025-07-14
REV001539,CUST00854,PROD0106,3,Average product,2025-06-01
REV001540,CUST01372,PROD0429,3,Fast delivery,2025-01-11
REV001541,CUST01348,PROD0220,2,Worth buying,2025-11-22
REV001542,CUST00884,PROD0303,5,Poor quality,2025-01-12
REV001543,CUST00351,PROD0491,1,Worth buying,2025-12-15
REV001544,CUST00018,PROD0326,1,Value for money,2025-05-12
REV001545,CUST00128,PROD0206,4,Battery backup is amazing,2025-02-05
REV001546,CUST00319,PROD0426,1,Received damaged product,2025-01-13
REV001547,CUST01492,PROD0461,3,Highly recommended,2025-09-08
REV001548,CUST01533,PROD0132,2,Received damaged product,2025-08-11
REV001549,CUST00310,PROD0339,1,Looks premium,2025-08-04
REV001550,CUST01651,PROD0457,3,Battery backup is amazing,2025-10-19
REV001551,CUST01497,PROD0272,2,Value for money,2025-09-11
REV001552,CUST01647,PROD0242,1,Packaging could be better,2025-11-15
REV001553,CUST01405,PROD0274,5,Received damaged product,2025-07-14
REV001554,CUST00223,PROD0469,1,Fast delivery,2025-01-20
REV001555,CUST01603,PROD0290,4,Packaging could be better,2025-08-02
REV001556,CUST00055,PROD0048,3,Looks premium,2025-05-05
REV001557,CUST01278,PROD0275,2,Fast delivery,2025-03-03
REV001558,CUST00915,PROD0320,3,Poor quality,2025-10-12
REV001559,CUST00456,PROD0172,2,Average product,2025-08-24
REV001560,CUST01217,PROD0405,5,Fast delivery,2025-10-09
REV001561,CUST00896,PROD0177,2,Average product,2025-03-09
REV001562,CUST01425,PROD0227,3,Average product,2025-12-05
REV001563,CUST00132,PROD0060,3,Looks premium,2025-06-20
REV001564,CUST01949,PROD0006,4,Battery backup is amazing,2025-07-27
REV001565,CUST00297,PROD0242,4,Received damaged product,2025-06-06
REV001566,CUST00714,PROD0107,3,Excellent quality,2025-04-01
REV001567,CUST00619,PROD0335,1,Received damaged product,2025-07-20
REV001568,CUST01361,PROD0312,3,Received damaged product,2025-01-19
REV001569,CUST00989,PROD0081,2,Highly recommended,2025-12-21
REV001570,CUST00189,PROD0294,2,Excellent quality,2025-05-07
REV001571,CUST01578,PROD0378,2,Looks premium,2025-02-11
REV001572,CUST01874,PROD0188,4,Received damaged product,2025-11-19
REV001573,CUST01579,PROD0294,3,Worth buying,2025-01-24
REV001574,CUST00127,PROD0250,5,Packaging could be better,2025-09-23
REV001575,CUST00862,PROD0485,2,Highly recommended,2025-12-04
REV001576,CUST00520,PROD0103,3,Received damaged product,2025-11-25
REV001577,CUST01892,PROD0353,1,Excellent quality,2025-06-14
REV001578,CUST01147,PROD0205,5,Packaging could be better,2025-03-21
REV001579,CUST00424,PROD0446,3,Battery backup is amazing,2025-05-12
REV001580,CUST01911,PROD0417,1,Excellent quality,2025-08-26
REV001581,CUST01818,PROD0032,1,Excellent quality,2025-01-16
REV001582,CUST01578,PROD0279,1,Average product,2025-08-22
REV001583,CUST01472,PROD0058,3,Value for money,2025-08-03
REV001584,CUST00094,PROD0378,1,Worth buying,2025-02-07
REV001585,CUST01786,PROD0489,4,Value for money,2025-07-18
REV001586,CUST00863,PROD0132,5,Average product,2025-08-25
REV001587,CUST00811,PROD0393,1,Battery backup is amazing,2025-07-11
REV001588,CUST00405,PROD0364,1,Worth buying,2025-10-04
REV001589,CUST01635,PROD0313,2,Excellent quality,2025-11-22
REV001590,CUST01436,PROD0437,1,Worth buying,2025-08-05
REV001591,CUST01007,PROD0040,1,Poor quality,2025-10-20
REV001592,CUST01498,PROD0139,2,Packaging could be better,2025-03-04
REV001593,CUST01190,PROD0285,4,Value for money,2025-06-28
REV001594,CUST01380,PROD0034,5,Packaging could be better,2025-01-18
REV001595,CUST01164,PROD0109,5,Battery backup is amazing,2025-06-09
REV001596,CUST01237,PROD0358,2,Battery backup is amazing,2025-04-15
REV001597,CUST01206,PROD0467,3,Looks premium,2025-08-27
REV001598,CUST00080,PROD0071,2,Looks premium,2025-08-03
REV001599,CUST01185,PROD0361,2,Average product,2025-06-06
REV001600,CUST01065,PROD0407,2,Excellent quality,2025-02-08
REV001601,CUST00957,PROD0429,1,Worth buying,2025-04-28
REV001602,CUST01149,PROD0464,3,Received damaged product,2025-02-04
REV001603,CUST01390,PROD0033,3,Average product,2025-04-21
REV001604,CUST01565,PROD0390,1,Poor quality,2025-06-21
REV001605,CUST01333,PROD0356,5,Worth buying,2025-11-03
REV001606,CUST01997,PROD0036,2,Worth buying,2025-10-10
REV001607,CUST00898,PROD0016,5,Packaging could be better,2025-08-27
REV001608,CUST00880,PROD0201,4,Looks premium,2025-09-03
REV001609,CUST00070,PROD0467,5,Battery backup is amazing,2025-09-23
REV001610,CUST00318,PROD0099,4,Highly recommended,2025-06-15
REV001611,CUST01668,PROD0234,5,Looks premium,2025-12-16
REV001612,CUST00623,PROD0367,4,Received damaged product,2025-12-26
REV001613,CUST00922,PROD0080,4,Poor quality,2025-09-26
REV001614,CUST00967,PROD0499,1,Packaging could be better,2025-07-20
REV001615,CUST00556,PROD0408,4,Packaging could be better,2025-11-17
REV001616,CUST01806,PROD0491,4,Packaging could be better,2025-11-28
REV001617,CUST01952,PROD0144,1,Packaging could be better,2025-02-02
REV001618,CUST00249,PROD0363,3,Excellent quality,2025-06-10
REV001619,CUST00210,PROD0358,4,Worth buying,2025-08-12
REV001620,CUST00322,PROD0158,3,Packaging could be better,2025-04-28
REV001621,CUST01235,PROD0421,3,Packaging could be better,2025-10-03
REV001622,CUST01479,PROD0480,1,Excellent quality,2025-08-05
REV001623,CUST01366,PROD0395,5,Average product,2025-09-04
REV001624,CUST00134,PROD0110,2,Looks premium,2025-01-05
REV001625,CUST01212,PROD0229,5,Poor quality,2025-08-11
REV001626,CUST00571,PROD0035,2,Looks premium,2025-03-04
REV001627,CUST01056,PROD0084,4,Highly recommended,2025-11-24
REV001628,CUST00297,PROD0495,5,Excellent quality,2025-11-13
REV001629,CUST00666,PROD0168,3,Value for money,2025-09-25
REV001630,CUST01601,PROD0127,5,Looks premium,2025-09-10
REV001631,CUST00437,PROD0019,1,Worth buying,2025-06-23
REV001632,CUST00775,PROD0353,2,Worth buying,2025-09-09
REV001633,CUST00338,PROD0200,5,Packaging could be better,2025-03-18
REV001634,CUST01666,PROD0298,5,Packaging could be better,2025-06-06
REV001635,CUST01312,PROD0186,2,Value for money,2025-03-06
REV001636,CUST00912,PROD0094,2,Worth buying,2025-12-17
REV001637,CUST01182,PROD0339,1,Received damaged product,2025-10-18
REV001638,CUST01345,PROD0117,2,Looks premium,2025-10-16
REV001639,CUST01954,PROD0382,5,Fast delivery,2025-04-01
REV001640,CUST01167,PROD0388,3,Fast delivery,2025-07-13
REV001641,CUST01886,PROD0440,5,Average product,2025-03-16
REV001642,CUST00613,PROD0288,3,Looks premium,2025-04-12
REV001643,CUST00997,PROD0002,1,Excellent quality,2025-08-13
REV001644,CUST01642,PROD0049,3,Value for money,2025-11-06
REV001645,CUST01501,PROD0065,3,Looks premium,2025-07-26
REV001646,CUST01831,PROD0044,5,Looks premium,2025-08-21
REV001647,CUST01375,PROD0338,2,Excellent quality,2025-12-03
REV001648,CUST00015,PROD0070,1,Battery backup is amazing,2025-06-27
REV001649,CUST00769,PROD0215,2,Highly recommended,2025-05-04
REV001650,CUST01707,PROD0318,4,Looks premium,2025-09-01
REV001651,CUST01976,PROD0463,2,Battery backup is amazing,2025-10-16
REV001652,CUST00706,PROD0268,2,Fast delivery,2025-11-12
REV001653,CUST01625,PROD0185,1,Packaging could be better,2025-09-14
REV001654,CUST00036,PROD0129,3,Looks premium,2025-06-26
REV001655,CUST00276,PROD0236,4,Poor quality,2025-10-23
REV001656,CUST01202,PROD0107,1,Fast delivery,2025-02-11
REV001657,CUST00349,PROD0245,1,Worth buying,2025-01-08
REV001658,CUST01788,PROD0396,1,Average product,2025-12-04
REV001659,CUST00264,PROD0327,3,Poor quality,2025-07-01
REV001660,CUST00057,PROD0281,4,Received damaged product,2025-07-15
REV001661,CUST00438,PROD0121,3,Packaging could be better,2025-11-07
REV001662,CUST01174,PROD0128,3,Excellent quality,2025-08-18
REV001663,CUST00448,PROD0172,1,Excellent quality,2025-11-27
REV001664,CUST01372,PROD0375,1,Highly recommended,2025-03-20
REV001665,CUST01392,PROD0108,3,Average product,2025-03-10
REV001666,CUST01657,PROD0057,2,Fast delivery,2025-07-06
REV001667,CUST00415,PROD0016,5,Packaging could be better,2025-03-14
REV001668,CUST01833,PROD0224,5,Value for money,2025-01-19
REV001669,CUST01830,PROD0366,4,Worth buying,2025-08-23
REV001670,CUST01334,PROD0051,5,Battery backup is amazing,2025-05-09
REV001671,CUST01745,PROD0359,4,Average product,2025-04-06
REV001672,CUST00800,PROD0435,4,Value for money,2025-07-04
REV001673,CUST00959,PROD0228,2,Battery backup is amazing,2025-07-15
REV001674,CUST00020,PROD0367,2,Highly recommended,2025-03-04
REV001675,CUST00471,PROD0474,5,Excellent quality,2025-10-18
REV001676,CUST00340,PROD0107,4,Fast delivery,2025-05-09
REV001677,CUST01146,PROD0331,1,Battery backup is amazing,2025-11-19
REV001678,CUST01984,PROD0121,5,Value for money,2025-08-09
REV001679,CUST00874,PROD0093,2,Worth buying,2025-08-28
REV001680,CUST01099,PROD0210,3,Fast delivery,2025-10-15
REV001681,CUST01630,PROD0484,3,Fast delivery,2025-02-10
REV001682,CUST01856,PROD0126,5,Excellent quality,2025-03-04
REV001683,CUST01713,PROD0107,4,Worth buying,2025-09-16
REV001684,CUST01969,PROD0212,1,Average product,2025-11-15
REV001685,CUST00852,PROD0459,5,Looks premium,2025-09-22
REV001686,CUST01375,PROD0410,3,Packaging could be better,2025-10-01
REV001687,CUST01204,PROD0048,3,Average product,2025-04-11
REV001688,CUST00668,PROD0033,5,Worth buying,2025-04-13
REV001689,CUST01464,PROD0384,5,Received damaged product,2025-01-05
REV001690,CUST01108,PROD0399,5,Fast delivery,2025-11-03
REV001691,CUST01370,PROD0458,2,Highly recommended,2025-11-14
REV001692,CUST00872,PROD0024,1,Worth buying,2025-01-25
REV001693,CUST01700,PROD0120,5,Value for money,2025-10-07
REV001694,CUST01554,PROD0349,1,Excellent quality,2025-05-16
REV001695,CUST01962,PROD0459,1,Worth buying,2025-10-01
REV001696,CUST01408,PROD0137,2,Looks premium,2025-01-14
REV001697,CUST01462,PROD0441,4,Battery backup is amazing,2025-08-14
REV001698,CUST01874,PROD0345,1,Poor quality,2025-11-23
REV001699,CUST00903,PROD0270,3,Poor quality,2025-06-15
REV001700,CUST01339,PROD0404,1,Packaging could be better,2025-08-16
REV001701,CUST01653,PROD0197,5,Excellent quality,2025-12-06
REV001702,CUST01228,PROD0155,4,Looks premium,2025-09-12
REV001703,CUST01199,PROD0199,5,Fast delivery,2025-08-02
REV001704,CUST01397,PROD0195,3,Value for money,2025-07-25
REV001705,CUST01975,PROD0320,2,Received damaged product,2025-08-02
REV001706,CUST01751,PROD0378,1,Excellent quality,2025-03-19
REV001707,CUST01112,PROD0454,2,Battery backup is amazing,2025-10-16
REV001708,CUST01567,PROD0148,5,Poor quality,2025-11-02
REV001709,CUST01612,PROD0185,5,Battery backup is amazing,2025-04-28
REV001710,CUST01477,PROD0437,2,Excellent quality,2025-08-18
REV001711,CUST00742,PROD0282,5,Looks premium,2025-02-16
REV001712,CUST00318,PROD0007,1,Value for money,2025-08-10
REV001713,CUST00875,PROD0166,5,Received damaged product,2025-03-06
REV001714,CUST01850,PROD0143,5,Value for money,2025-03-06
REV001715,CUST01045,PROD0326,1,Excellent quality,2025-01-12
REV001716,CUST01427,PROD0499,4,Fast delivery,2025-11-11
REV001717,CUST00464,PROD0081,3,Looks premium,2025-06-21
REV001718,CUST00108,PROD0157,1,Looks premium,2025-11-01
REV001719,CUST00585,PROD0208,3,Worth buying,2025-12-17
REV001720,CUST01592,PROD0375,3,Value for money,2025-10-22
REV001721,CUST00242,PROD0272,4,Average product,2025-04-16
REV001722,CUST00960,PROD0151,2,Excellent quality,2025-11-18
REV001723,CUST00888,PROD0017,1,Excellent quality,2025-11-15
REV001724,CUST00772,PROD0416,4,Excellent quality,2025-03-08
REV001725,CUST01998,PROD0034,1,Looks premium,2025-06-26
REV001726,CUST01090,PROD0211,5,Average product,2025-12-09
REV001727,CUST01218,PROD0158,2,Highly recommended,2025-12-23
REV001728,CUST00835,PROD0008,4,Worth buying,2025-06-06
REV001729,CUST00358,PROD0442,3,Worth buying,2025-07-15
REV001730,CUST01183,PROD0206,2,Highly recommended,2025-08-26
REV001731,CUST01401,PROD0244,3,Packaging could be better,2025-07-04
REV001732,CUST01905,PROD0425,2,Value for money,2025-05-25
REV001733,CUST01394,PROD0228,4,Poor quality,2025-10-28
REV001734,CUST01693,PROD0421,1,Packaging could be better,2025-03-15
REV001735,CUST01208,PROD0372,4,Average product,2025-12-05
REV001736,CUST01239,PROD0243,5,Packaging could be better,2025-06-25
REV001737,CUST01357,PROD0338,3,Average product,2025-03-01
REV001738,CUST00746,PROD0094,5,Fast delivery,2025-04-01
REV001739,CUST01498,PROD0298,3,Poor quality,2025-10-17
REV001740,CUST01622,PROD0409,4,Highly recommended,2025-06-17
REV001741,CUST01872,PROD0375,2,Looks premium,2025-05-13
REV001742,CUST01087,PROD0108,1,Poor quality,2025-04-15
REV001743,CUST01086,PROD0223,1,Excellent quality,2025-12-18
REV001744,CUST00862,PROD0250,2,Received damaged product,2025-06-03
REV001745,CUST01594,PROD0338,2,Packaging could be better,2025-12-02
REV001746,CUST01102,PROD0402,4,Average product,2025-11-14
REV001747,CUST01156,PROD0277,1,Received damaged product,2025-07-17
REV001748,CUST00204,PROD0145,4,Packaging could be better,2025-10-22
REV001749,CUST01580,PROD0407,4,Fast delivery,2025-04-26
REV001750,CUST00100,PROD0041,5,Value for money,2025-03-21
REV001751,CUST00711,PROD0327,3,Fast delivery,2025-09-17
REV001752,CUST01939,PROD0439,5,Battery backup is amazing,2025-01-10
REV001753,CUST00254,PROD0360,1,Highly recommended,2025-11-05
REV001754,CUST01388,PROD0442,4,Fast delivery,2025-04-04
REV001755,CUST00383,PROD0419,4,Highly recommended,2025-11-11
REV001756,CUST00087,PROD0200,1,Value for money,2025-04-27
REV001757,CUST00888,PROD0389,3,Fast delivery,2025-06-04
REV001758,CUST00533,PROD0061,5,Poor quality,2025-03-08
REV001759,CUST01426,PROD0191,1,Battery backup is amazing,2025-07-09
REV001760,CUST00791,PROD0289,5,Highly recommended,2025-09-10
REV001761,CUST01061,PROD0151,3,Received damaged product,2025-10-01
REV001762,CUST01144,PROD0424,1,Average product,2025-01-25
REV001763,CUST01162,PROD0376,5,Value for money,2025-09-14
REV001764,CUST00408,PROD0448,5,Highly recommended,2025-04-19
REV001765,CUST01029,PROD0233,2,Worth buying,2025-11-10
REV001766,CUST01636,PROD0123,4,Worth buying,2025-05-09
REV001767,CUST01905,PROD0189,3,Worth buying,2025-01-08
REV001768,CUST00178,PROD0376,3,Received damaged product,2025-03-01
REV001769,CUST00544,PROD0072,2,Looks premium,2025-06-15
REV001770,CUST00100,PROD0291,5,Poor quality,2025-07-03
REV001771,CUST00170,PROD0033,2,Average product,2025-04-19
REV001772,CUST01400,PROD0069,1,Fast delivery,2025-07-10
REV001773,CUST00569,PROD0127,3,Average product,2025-07-22
REV001774,CUST00649,PROD0075,3,Packaging could be better,2025-09-03
REV001775,CUST01319,PROD0226,5,Excellent quality,2025-10-17
REV001776,CUST01647,PROD0210,4,Worth buying,2025-04-07
REV001777,CUST01779,PROD0398,2,Looks premium,2025-01-20
REV001778,CUST01232,PROD0193,2,Value for money,2025-02-05
REV001779,CUST01264,PROD0456,4,Worth buying,2025-02-08
REV001780,CUST00273,PROD0210,4,Highly recommended,2025-08-19
REV001781,CUST01482,PROD0180,1,Highly recommended,2025-04-04
REV001782,CUST01277,PROD0085,3,Fast delivery,2025-10-01
REV001783,CUST01460,PROD0412,2,Fast delivery,2025-09-26
REV001784,CUST00063,PROD0212,5,Packaging could be better,2025-07-18
REV001785,CUST01703,PROD0250,1,Packaging could be better,2025-10-05
REV001786,CUST01049,PROD0143,2,Highly recommended,2025-05-22
REV001787,CUST01825,PROD0285,3,Packaging could be better,2025-09-17
REV001788,CUST01264,PROD0240,5,Received damaged product,2025-11-01
REV001789,CUST00099,PROD0153,5,Excellent quality,2025-07-22
REV001790,CUST01986,PROD0048,1,Fast delivery,2025-10-09
REV001791,CUST01661,PROD0214,2,Looks premium,2025-06-11
REV001792,CUST00585,PROD0362,1,Looks premium,2025-09-25
REV001793,CUST00908,PROD0493,5,Poor quality,2025-07-11
REV001794,CUST00763,PROD0433,3,Average product,2025-03-06
REV001795,CUST00470,PROD0400,5,Excellent quality,2025-08-12
REV001796,CUST01345,PROD0127,3,Packaging could be better,2025-02-18
REV001797,CUST00460,PROD0305,5,Fast delivery,2025-01-14
REV001798,CUST00491,PROD0105,5,Looks premium,2025-07-24
REV001799,CUST01777,PROD0313,4,Highly recommended,2025-12-13
REV001800,CUST01799,PROD0176,3,Highly recommended,2025-11-19
REV001801,CUST00657,PROD0250,4,Excellent quality,2025-10-22
REV001802,CUST01395,PROD0234,5,Received damaged product,2025-01-24
REV001803,CUST01726,PROD0490,3,Packaging could be better,2025-07-07
REV001804,CUST01563,PROD0119,1,Worth buying,2025-12-26
REV001805,CUST01665,PROD0138,1,Average product,2025-02-28
REV001806,CUST01046,PROD0466,3,Battery backup is amazing,2025-08-27
REV001807,CUST01321,PROD0500,5,Highly recommended,2025-10-15
REV001808,CUST01515,PROD0366,5,Poor quality,2025-04-15
REV001809,CUST01409,PROD0300,1,Worth buying,2025-03-15
REV001810,CUST00161,PROD0320,4,Highly recommended,2025-06-28
REV001811,CUST00825,PROD0178,3,Fast delivery,2025-07-13
REV001812,CUST01955,PROD0271,4,Fast delivery,2025-03-05
REV001813,CUST00555,PROD0315,3,Poor quality,2025-10-28
REV001814,CUST00446,PROD0439,3,Value for money,2025-02-16
REV001815,CUST01188,PROD0027,1,Fast delivery,2025-01-27
REV001816,CUST00074,PROD0049,4,Fast delivery,2025-08-21
REV001817,CUST00322,PROD0342,1,Fast delivery,2025-06-17
REV001818,CUST01776,PROD0001,5,Battery backup is amazing,2025-08-05
REV001819,CUST01132,PROD0098,5,Poor quality,2025-10-19
REV001820,CUST01357,PROD0328,5,Battery backup is amazing,2025-04-11
REV001821,CUST01235,PROD0130,2,Highly recommended,2025-02-27
REV001822,CUST00960,PROD0202,4,Looks premium,2025-10-20
REV001823,CUST01379,PROD0262,2,Packaging could be better,2025-09-11
REV001824,CUST01193,PROD0261,3,Battery backup is amazing,2025-08-24
REV001825,CUST01149,PROD0212,3,Received damaged product,2025-12-13
REV001826,CUST01102,PROD0328,5,Worth buying,2025-11-28
REV001827,CUST01354,PROD0285,3,Value for money,2025-05-15
REV001828,CUST00385,PROD0483,1,Value for money,2025-11-20
REV001829,CUST01427,PROD0222,2,Battery backup is amazing,2025-02-26
REV001830,CUST01522,PROD0163,5,Worth buying,2025-01-11
REV001831,CUST01803,PROD0405,2,Looks premium,2025-03-27
REV001832,CUST01032,PROD0406,1,Looks premium,2025-01-15
REV001833,CUST00146,PROD0181,1,Average product,2025-06-28
REV001834,CUST01983,PROD0285,5,Value for money,2025-07-14
REV001835,CUST01963,PROD0279,4,Received damaged product,2025-02-28
REV001836,CUST00291,PROD0143,5,Fast delivery,2025-03-28
REV001837,CUST01037,PROD0354,3,Worth buying,2025-11-12
REV001838,CUST00889,PROD0088,3,Fast delivery,2025-02-26
REV001839,CUST01190,PROD0408,1,Battery backup is amazing,2025-07-22
REV001840,CUST01289,PROD0355,4,Excellent quality,2025-09-13
REV001841,CUST00758,PROD0404,4,Excellent quality,2025-02-02
REV001842,CUST00989,PROD0226,1,Worth buying,2025-11-24
REV001843,CUST00880,PROD0144,4,Battery backup is amazing,2025-08-09
REV001844,CUST01732,PROD0355,1,Excellent quality,2025-02-14
REV001845,CUST01622,PROD0168,1,Received damaged product,2025-12-03
REV001846,CUST00666,PROD0337,3,Packaging could be better,2025-12-09
REV001847,CUST00476,PROD0487,2,Value for money,2025-12-28
REV001848,CUST00740,PROD0282,4,Worth buying,2025-01-26
REV001849,CUST01661,PROD0275,4,Received damaged product,2025-03-12
REV001850,CUST01724,PROD0413,5,Fast delivery,2025-02-06
REV001851,CUST00639,PROD0458,4,Value for money,2025-02-18
REV001852,CUST01335,PROD0248,1,Battery backup is amazing,2025-01-08
REV001853,CUST01108,PROD0396,5,Fast delivery,2025-11-05
REV001854,CUST00963,PROD0323,5,Highly recommended,2025-03-12
REV001855,CUST00652,PROD0343,5,Received damaged product,2025-02-27
REV001856,CUST01586,PROD0394,2,Average product,2025-08-05
REV001857,CUST00913,PROD0295,3,Fast delivery,2025-05-09
REV001858,CUST01409,PROD0306,5,Received damaged product,2025-05-09
REV001859,CUST01826,PROD0321,5,Looks premium,2025-08-11
REV001860,CUST00357,PROD0127,1,Worth buying,2025-01-19
REV001861,CUST01518,PROD0403,4,Packaging could be better,2025-06-02
REV001862,CUST00840,PROD0363,1,Packaging could be better,2025-01-04
REV001863,CUST00238,PROD0486,4,Battery backup is amazing,2025-05-22
REV001864,CUST00968,PROD0107,3,Received damaged product,2025-07-04
REV001865,CUST00532,PROD0091,5,Worth buying,2025-05-10
REV001866,CUST01392,PROD0478,5,Value for money,2025-06-02
REV001867,CUST00699,PROD0294,2,Highly recommended,2025-07-03
REV001868,CUST00411,PROD0308,1,Excellent quality,2025-07-12
REV001869,CUST00035,PROD0002,1,Packaging could be better,2025-02-02
REV001870,CUST00196,PROD0477,3,Packaging could be better,2025-10-18
REV001871,CUST01017,PROD0343,5,Battery backup is amazing,2025-12-23
REV001872,CUST01217,PROD0125,2,Battery backup is amazing,2025-02-11
REV001873,CUST00084,PROD0443,1,Poor quality,2025-03-18
REV001874,CUST01783,PROD0484,2,Battery backup is amazing,2025-02-10
REV001875,CUST01831,PROD0106,1,Looks premium,2025-09-09
REV001876,CUST01271,PROD0437,5,Fast delivery,2025-12-10
REV001877,CUST01785,PROD0021,5,Packaging could be better,2025-10-01
REV001878,CUST00457,PROD0174,3,Looks premium,2025-11-09
REV001879,CUST00785,PROD0283,2,Poor quality,2025-05-13
REV001880,CUST00273,PROD0062,3,Excellent quality,2025-04-18
REV001881,CUST00428,PROD0084,1,Worth buying,2025-11-07
REV001882,CUST01430,PROD0124,3,Worth buying,2025-10-14
REV001883,CUST01831,PROD0259,1,Received damaged product,2025-08-04
REV001884,CUST00271,PROD0214,2,Highly recommended,2025-05-27
REV001885,CUST00401,PROD0306,5,Average product,2025-07-19
REV001886,CUST01706,PROD0170,3,Worth buying,2025-10-16
REV001887,CUST00256,PROD0348,4,Battery backup is amazing,2025-02-28
REV001888,CUST00898,PROD0454,1,Value for money,2025-05-10
REV001889,CUST01418,PROD0055,2,Highly recommended,2025-12-07
REV001890,CUST00764,PROD0333,4,Poor quality,2025-05-22
REV001891,CUST00062,PROD0264,5,Highly recommended,2025-10-26
REV001892,CUST00517,PROD0042,4,Poor quality,2025-05-04
REV001893,CUST00170,PROD0472,2,Highly recommended,2025-12-11
REV001894,CUST01335,PROD0401,2,Average product,2025-01-09
REV001895,CUST00470,PROD0159,2,Average product,2025-01-17
REV001896,CUST01640,PROD0183,5,Battery backup is amazing,2025-07-06
REV001897,CUST01586,PROD0256,2,Average product,2025-05-15
REV001898,CUST00216,PROD0076,5,Fast delivery,2025-04-26
REV001899,CUST01937,PROD0341,2,Highly recommended,2025-12-13
REV001900,CUST01685,PROD0349,1,Poor quality,2025-01-25
REV001901,CUST00072,PROD0304,1,Highly recommended,2025-09-07
REV001902,CUST00152,PROD0434,4,Received damaged product,2025-02-13
REV001903,CUST01073,PROD0483,3,Received damaged product,2025-02-08
REV001904,CUST01104,PROD0359,4,Looks premium,2025-04-12
REV001905,CUST00419,PROD0243,1,Fast delivery,2025-07-06
REV001906,CUST01967,PROD0279,4,Looks premium,2025-01-02
REV001907,CUST01165,PROD0251,1,Packaging could be better,2025-06-04
REV001908,CUST00825,PROD0305,5,Excellent quality,2025-06-07
REV001909,CUST01833,PROD0223,5,Looks premium,2025-09-23
REV001910,CUST00505,PROD0433,2,Excellent quality,2025-01-07
REV001911,CUST00682,PROD0412,1,Looks premium,2025-07-13
REV001912,CUST00210,PROD0180,1,Fast delivery,2025-01-13
REV001913,CUST01366,PROD0243,4,Highly recommended,2025-02-01
REV001914,CUST01029,PROD0472,3,Looks premium,2025-10-28
REV001915,CUST00012,PROD0473,4,Looks premium,2025-04-26
REV001916,CUST00500,PROD0322,3,Average product,2025-12-03
REV001917,CUST00083,PROD0093,4,Value for money,2025-11-02
REV001918,CUST01900,PROD0239,1,Highly recommended,2025-05-23
REV001919,CUST01037,PROD0481,2,Highly recommended,2025-10-03
REV001920,CUST01089,PROD0192,5,Poor quality,2025-08-25
REV001921,CUST01910,PROD0499,1,Battery backup is amazing,2025-06-17
REV001922,CUST00547,PROD0191,3,Looks premium,2025-12-26
REV001923,CUST01610,PROD0030,5,Average product,2025-03-22
REV001924,CUST00863,PROD0245,5,Packaging could be better,2025-04-17
REV001925,CUST01441,PROD0257,3,Packaging could be better,2025-02-02
REV001926,CUST01682,PROD0172,1,Excellent quality,2025-10-12
REV001927,CUST01725,PROD0318,1,Excellent quality,2025-03-18
REV001928,CUST00827,PROD0243,5,Poor quality,2025-08-28
REV001929,CUST00740,PROD0116,2,Excellent quality,2025-08-16
REV001930,CUST00116,PROD0469,5,Average product,2025-12-25
REV001931,CUST00475,PROD0167,1,Highly recommended,2025-03-15
REV001932,CUST01411,PROD0328,2,Worth buying,2025-10-04
REV001933,CUST00313,PROD0265,4,Value for money,2025-12-10
REV001934,CUST00538,PROD0389,4,Received damaged product,2025-01-01
REV001935,CUST01168,PROD0369,1,Value for money,2025-03-05
REV001936,CUST01704,PROD0408,2,Battery backup is amazing,2025-09-03
REV001937,CUST01426,PROD0485,2,Fast delivery,2025-09-02
REV001938,CUST01141,PROD0054,3,Fast delivery,2025-03-03
REV001939,CUST01341,PROD0252,4,Fast delivery,2025-07-20
REV001940,CUST01758,PROD0383,3,Packaging could be better,2025-09-13
REV001941,CUST00127,PROD0483,3,Battery backup is amazing,2025-04-05
REV001942,CUST01180,PROD0192,1,Battery backup is amazing,2025-09-19
REV001943,CUST00732,PROD0123,1,Highly recommended,2025-03-07
REV001944,CUST02000,PROD0329,3,Received damaged product,2025-05-13
REV001945,CUST01467,PROD0429,2,Poor quality,2025-08-23
REV001946,CUST00965,PROD0424,1,Battery backup is amazing,2025-08-20
REV001947,CUST00833,PROD0086,3,Battery backup is amazing,2025-08-05
REV001948,CUST01411,PROD0269,4,Excellent quality,2025-09-14
REV001949,CUST01343,PROD0281,5,Received damaged product,2025-01-25
REV001950,CUST00329,PROD0330,1,Highly recommended,2025-01-06
REV001951,CUST01704,PROD0103,2,Looks premium,2025-06-19
REV001952,CUST01608,PROD0299,5,Fast delivery,2025-11-15
REV001953,CUST00902,PROD0417,3,Packaging could be better,2025-09-06
REV001954,CUST00648,PROD0287,3,Average product,2025-03-11
REV001955,CUST01748,PROD0306,3,Worth buying,2025-09-20
REV001956,CUST01198,PROD0451,5,Received damaged product,2025-03-16
REV001957,CUST01330,PROD0365,3,Packaging could be better,2025-11-16
REV001958,CUST00619,PROD0379,3,Looks premium,2025-10-07
REV001959,CUST01638,PROD0035,2,Fast delivery,2025-02-26
REV001960,CUST01587,PROD0061,3,Received damaged product,2025-07-01
REV001961,CUST01232,PROD0231,3,Average product,2025-07-19
REV001962,CUST00894,PROD0281,1,Fast delivery,2025-06-03
REV001963,CUST00679,PROD0086,3,Average product,2025-04-05
REV001964,CUST01134,PROD0010,1,Highly recommended,2025-09-28
REV001965,CUST01136,PROD0303,1,Packaging could be better,2025-09-11
REV001966,CUST01364,PROD0147,2,Looks premium,2025-12-22
REV001967,CUST00212,PROD0408,5,Average product,2025-04-11
REV001968,CUST00850,PROD0431,1,Average product,2025-07-27
REV001969,CUST01362,PROD0340,2,Poor quality,2025-01-04
REV001970,CUST00166,PROD0486,4,Battery backup is amazing,2025-12-14
REV001971,CUST00728,PROD0150,2,Packaging could be better,2025-12-10
REV001972,CUST00684,PROD0020,2,Average product,2025-04-11
REV001973,CUST00281,PROD0110,5,Worth buying,2025-03-28
REV001974,CUST00969,PROD0042,4,Packaging could be better,2025-08-09
REV001975,CUST00049,PROD0021,4,Battery backup is amazing,2025-12-18
REV001976,CUST00258,PROD0239,3,Packaging could be better,2025-08-21
REV001977,CUST01189,PROD0112,1,Excellent quality,2025-11-20
REV001978,CUST01255,PROD0344,3,Average product,2025-08-10
REV001979,CUST01229,PROD0376,3,Battery backup is amazing,2025-01-05
REV001980,CUST00258,PROD0330,1,Fast delivery,2025-01-21
REV001981,CUST01060,PROD0027,4,Received damaged product,2025-11-15
REV001982,CUST00738,PROD0392,4,Worth buying,2025-03-21
REV001983,CUST00570,PROD0450,1,Highly recommended,2025-04-10
REV001984,CUST01638,PROD0033,2,Worth buying,2025-04-04
REV001985,CUST00851,PROD0157,1,Excellent quality,2025-05-14
REV001986,CUST01918,PROD0042,1,Poor quality,2025-12-12
REV001987,CUST00911,PROD0019,1,Average product,2025-07-03
REV001988,CUST00696,PROD0013,4,Received damaged product,2025-11-07
REV001989,CUST00357,PROD0054,5,Fast delivery,2025-01-07
REV001990,CUST00742,PROD0280,2,Value for money,2025-08-24
REV001991,CUST00190,PROD0218,2,Value for money,2025-11-06
REV001992,CUST01845,PROD0279,4,Poor quality,2025-04-28
REV001993,CUST00007,PROD0385,2,Looks premium,2025-08-04
REV001994,CUST01631,PROD0354,5,Average product,2025-09-05
REV001995,CUST01924,PROD0459,1,Looks premium,2025-06-01
REV001996,CUST00207,PROD0177,5,Received damaged product,2025-02-02
REV001997,CUST01821,PROD0013,5,Looks premium,2025-05-20
REV001998,CUST01038,PROD0152,4,Average product,2025-08-01
REV001999,CUST00483,PROD0076,5,Battery backup is amazing,2025-09-15
REV002000,CUST00274,PROD0108,5,Packaging could be better,2025-03-10
REV002001,CUST00936,PROD0167,5,Average product,2025-05-14
REV002002,CUST01076,PROD0456,5,Packaging could be better,2025-02-22
REV002003,CUST01307,PROD0238,5,Average product,2025-05-22
REV002004,CUST01921,PROD0153,2,Excellent quality,2025-07-19
REV002005,CUST01749,PROD0160,3,Average product,2025-02-05
REV002006,CUST00973,PROD0409,1,Looks premium,2025-04-15
REV002007,CUST01178,PROD0498,3,Looks premium,2025-05-10
REV002008,CUST00257,PROD0457,4,Excellent quality,2025-04-14
REV002009,CUST01767,PROD0146,1,Worth buying,2025-02-13
REV002010,CUST01156,PROD0327,4,Value for money,2025-02-20
REV002011,CUST01598,PROD0100,5,Battery backup is amazing,2025-08-02
REV002012,CUST00578,PROD0150,4,Battery backup is amazing,2025-12-24
REV002013,CUST01655,PROD0386,5,Poor quality,2025-09-26
REV002014,CUST01795,PROD0355,5,Battery backup is amazing,2025-01-19
REV002015,CUST01445,PROD0238,2,Highly recommended,2025-05-08
REV002016,CUST00487,PROD0489,1,Received damaged product,2025-04-12
REV002017,CUST00775,PROD0464,5,Received damaged product,2025-10-08
REV002018,CUST00721,PROD0334,5,Received damaged product,2025-06-26
REV002019,CUST00464,PROD0398,3,Excellent quality,2025-08-10
REV002020,CUST01823,PROD0253,2,Value for money,2025-05-27
REV002021,CUST00019,PROD0091,2,Average product,2025-11-09
REV002022,CUST01366,PROD0052,4,Received damaged product,2025-07-08
REV002023,CUST00003,PROD0417,3,Worth buying,2025-07-24
REV002024,CUST01994,PROD0411,5,Worth buying,2025-07-16
REV002025,CUST01750,PROD0221,1,Battery backup is amazing,2025-12-23
REV002026,CUST01323,PROD0110,2,Value for money,2025-11-05
REV002027,CUST00850,PROD0024,5,Worth buying,2025-10-18
REV002028,CUST01581,PROD0476,3,Average product,2025-11-07
REV002029,CUST00715,PROD0351,1,Received damaged product,2025-10-20
REV002030,CUST00224,PROD0326,2,Worth buying,2025-02-19
REV002031,CUST01289,PROD0063,3,Packaging could be better,2025-11-05
REV002032,CUST00562,PROD0180,2,Received damaged product,2025-11-18
REV002033,CUST01551,PROD0260,5,Average product,2025-03-22
REV002034,CUST00267,PROD0455,2,Poor quality,2025-11-28
REV002035,CUST01528,PROD0089,4,Fast delivery,2025-09-04
REV002036,CUST01314,PROD0479,3,Packaging could be better,2025-07-03
REV002037,CUST01882,PROD0126,5,Excellent quality,2025-03-28
REV002038,CUST00150,PROD0198,2,Poor quality,2025-04-05
REV002039,CUST01137,PROD0202,4,Packaging could be better,2025-01-12
REV002040,CUST01524,PROD0476,4,Looks premium,2025-12-24
REV002041,CUST00834,PROD0259,2,Received damaged product,2025-06-12
REV002042,CUST01681,PROD0409,1,Highly recommended,2025-05-22
REV002043,CUST00563,PROD0014,1,Looks premium,2025-09-03
REV002044,CUST00124,PROD0075,1,Battery backup is amazing,2025-04-11
REV002045,CUST01903,PROD0227,1,Received damaged product,2025-04-23
REV002046,CUST00136,PROD0474,2,Value for money,2025-04-13
REV002047,CUST01709,PROD0008,3,Looks premium,2025-11-08
REV002048,CUST00633,PROD0153,1,Fast delivery,2025-09-28
REV002049,CUST00767,PROD0401,5,Highly recommended,2025-12-05
REV002050,CUST00550,PROD0222,4,Received damaged product,2025-11-07
REV002051,CUST00477,PROD0439,5,Poor quality,2025-02-18
REV002052,CUST00623,PROD0121,3,Highly recommended,2025-08-04
REV002053,CUST01045,PROD0174,3,Packaging could be better,2025-03-22
REV002054,CUST01245,PROD0287,4,Packaging could be better,2025-10-04
REV002055,CUST00966,PROD0476,2,Value for money,2025-02-12
REV002056,CUST00972,PROD0455,1,Highly recommended,2025-01-12
REV002057,CUST00033,PROD0344,4,Worth buying,2025-07-14
REV002058,CUST01915,PROD0015,4,Value for money,2025-08-25
REV002059,CUST01788,PROD0271,3,Looks premium,2025-08-01
REV002060,CUST01864,PROD0112,4,Fast delivery,2025-03-27
REV002061,CUST01787,PROD0362,2,Looks premium,2025-09-10
REV002062,CUST00682,PROD0195,5,Value for money,2025-12-06
REV002063,CUST01316,PROD0086,3,Fast delivery,2025-07-12
REV002064,CUST01508,PROD0320,5,Highly recommended,2025-01-03
REV002065,CUST01758,PROD0012,1,Value for money,2025-02-01
REV002066,CUST01672,PROD0059,1,Packaging could be better,2025-12-05
REV002067,CUST01133,PROD0088,4,Value for money,2025-09-06
REV002068,CUST00578,PROD0158,3,Packaging could be better,2025-11-01
REV002069,CUST01836,PROD0131,1,Average product,2025-03-09
REV002070,CUST00430,PROD0140,3,Packaging could be better,2025-05-26
REV002071,CUST00994,PROD0192,4,Received damaged product,2025-08-18
REV002072,CUST01396,PROD0386,1,Received damaged product,2025-09-06
REV002073,CUST00334,PROD0007,5,Excellent quality,2025-12-10
REV002074,CUST00174,PROD0113,2,Poor quality,2025-10-25
REV002075,CUST01109,PROD0131,1,Value for money,2025-07-02
REV002076,CUST01258,PROD0061,5,Received damaged product,2025-09-26
REV002077,CUST00929,PROD0388,2,Worth buying,2025-08-13
REV002078,CUST01434,PROD0425,3,Worth buying,2025-02-22
REV002079,CUST01381,PROD0042,4,Received damaged product,2025-06-15
REV002080,CUST01969,PROD0297,4,Looks premium,2025-01-11
REV002081,CUST00630,PROD0311,2,Looks premium,2025-07-23
REV002082,CUST01046,PROD0204,5,Fast delivery,2025-11-12
REV002083,CUST00365,PROD0116,5,Value for money,2025-03-27
REV002084,CUST01733,PROD0223,4,Worth buying,2025-04-24
REV002085,CUST00194,PROD0236,1,Looks premium,2025-05-22
REV002086,CUST00550,PROD0230,1,Packaging could be better,2025-01-26
REV002087,CUST01656,PROD0341,1,Value for money,2025-06-18
REV002088,CUST00716,PROD0086,2,Looks premium,2025-06-12
REV002089,CUST01931,PROD0042,3,Received damaged product,2025-12-06
REV002090,CUST00857,PROD0189,4,Highly recommended,2025-06-10
REV002091,CUST00865,PROD0328,1,Looks premium,2025-08-27
REV002092,CUST01502,PROD0496,1,Received damaged product,2025-04-23
REV002093,CUST00815,PROD0340,4,Value for money,2025-01-15
REV002094,CUST01577,PROD0153,4,Average product,2025-07-02
REV002095,CUST01533,PROD0289,4,Packaging could be better,2025-04-17
REV002096,CUST01966,PROD0248,3,Poor quality,2025-05-22
REV002097,CUST01005,PROD0186,3,Highly recommended,2025-08-22
REV002098,CUST01365,PROD0420,4,Fast delivery,2025-04-25
REV002099,CUST01821,PROD0478,3,Received damaged product,2025-04-18
REV002100,CUST00121,PROD0179,3,Average product,2025-04-16
REV002101,CUST00468,PROD0442,3,Highly recommended,2025-02-19
REV002102,CUST01058,PROD0004,2,Average product,2025-02-08
REV002103,CUST01418,PROD0499,4,Poor quality,2025-08-24
REV002104,CUST00602,PROD0421,3,Received damaged product,2025-02-24
REV002105,CUST01343,PROD0413,5,Received damaged product,2025-07-26
REV002106,CUST00619,PROD0370,4,Worth buying,2025-06-19
REV002107,CUST00155,PROD0093,5,Packaging could be better,2025-04-07
REV002108,CUST00208,PROD0277,1,Highly recommended,2025-08-23
REV002109,CUST01435,PROD0493,1,Looks premium,2025-12-20
REV002110,CUST01420,PROD0399,4,Fast delivery,2025-12-19
REV002111,CUST00259,PROD0101,2,Excellent quality,2025-12-05
REV002112,CUST00349,PROD0462,2,Value for money,2025-10-24
REV002113,CUST00423,PROD0283,5,Looks premium,2025-04-17
REV002114,CUST00578,PROD0196,4,Poor quality,2025-02-12
REV002115,CUST01178,PROD0143,2,Packaging could be better,2025-02-06
REV002116,CUST01076,PROD0161,1,Battery backup is amazing,2025-11-14
REV002117,CUST01581,PROD0216,5,Packaging could be better,2025-03-20
REV002118,CUST00191,PROD0229,3,Poor quality,2025-01-21
REV002119,CUST01261,PROD0076,2,Average product,2025-08-23
REV002120,CUST00709,PROD0224,4,Received damaged product,2025-07-07
REV002121,CUST01610,PROD0375,2,Looks premium,2025-09-17
REV002122,CUST00047,PROD0181,5,Poor quality,2025-07-01
REV002123,CUST00447,PROD0149,4,Poor quality,2025-09-13
REV002124,CUST01289,PROD0247,3,Worth buying,2025-06-19
REV002125,CUST01654,PROD0252,3,Average product,2025-06-07
REV002126,CUST00638,PROD0182,3,Excellent quality,2025-05-25
REV002127,CUST00583,PROD0229,5,Excellent quality,2025-11-11
REV002128,CUST01378,PROD0299,3,Average product,2025-11-11
REV002129,CUST00575,PROD0182,1,Excellent quality,2025-11-02
REV002130,CUST00555,PROD0024,5,Packaging could be better,2025-06-07
REV002131,CUST00646,PROD0257,5,Fast delivery,2025-03-15
REV002132,CUST01218,PROD0178,1,Looks premium,2025-03-27
REV002133,CUST01853,PROD0211,4,Average product,2025-08-07
REV002134,CUST01074,PROD0441,2,Excellent quality,2025-12-28
REV002135,CUST00614,PROD0068,5,Battery backup is amazing,2025-08-05
REV002136,CUST00715,PROD0284,1,Battery backup is amazing,2025-12-08
REV002137,CUST00009,PROD0385,4,Average product,2025-04-07
REV002138,CUST00711,PROD0139,1,Received damaged product,2025-05-28
REV002139,CUST01185,PROD0365,5,Battery backup is amazing,2025-01-03
REV002140,CUST00933,PROD0185,3,Poor quality,2025-08-25
REV002141,CUST01532,PROD0413,1,Looks premium,2025-02-18
REV002142,CUST01154,PROD0485,5,Worth buying,2025-02-19
REV002143,CUST00140,PROD0461,1,Received damaged product,2025-12-23
REV002144,CUST01219,PROD0388,4,Received damaged product,2025-06-12
REV002145,CUST01744,PROD0285,2,Excellent quality,2025-09-26
REV002146,CUST00960,PROD0431,4,Poor quality,2025-04-21
REV002147,CUST01003,PROD0225,2,Highly recommended,2025-09-10
REV002148,CUST00789,PROD0331,2,Excellent quality,2025-05-03
REV002149,CUST01475,PROD0156,4,Highly recommended,2025-04-13
REV002150,CUST00878,PROD0221,3,Worth buying,2025-09-22
REV002151,CUST00179,PROD0392,1,Battery backup is amazing,2025-04-24
REV002152,CUST00119,PROD0446,2,Average product,2025-01-25
REV002153,CUST00007,PROD0058,2,Looks premium,2025-06-28
REV002154,CUST01511,PROD0136,3,Average product,2025-08-26
REV002155,CUST00155,PROD0215,2,Packaging could be better,2025-10-16
REV002156,CUST01444,PROD0087,3,Fast delivery,2025-02-19
REV002157,CUST00375,PROD0395,2,Average product,2025-11-17
REV002158,CUST00683,PROD0370,4,Average product,2025-05-09
REV002159,CUST01529,PROD0440,2,Worth buying,2025-03-17
REV002160,CUST00442,PROD0287,4,Packaging could be better,2025-09-11
REV002161,CUST01504,PROD0420,1,Value for money,2025-08-16
REV002162,CUST01563,PROD0036,1,Value for money,2025-08-14
REV002163,CUST01687,PROD0271,3,Worth buying,2025-11-12
REV002164,CUST00835,PROD0468,5,Received damaged product,2025-10-16
REV002165,CUST00723,PROD0369,3,Looks premium,2025-10-28
REV002166,CUST00764,PROD0079,3,Worth buying,2025-11-14
REV002167,CUST00214,PROD0413,4,Fast delivery,2025-04-22
REV002168,CUST00968,PROD0333,2,Packaging could be better,2025-05-11
REV002169,CUST01384,PROD0177,4,Received damaged product,2025-06-02
REV002170,CUST01059,PROD0046,4,Received damaged product,2025-10-02
REV002171,CUST01849,PROD0345,4,Highly recommended,2025-04-28
REV002172,CUST01459,PROD0441,4,Looks premium,2025-01-19
REV002173,CUST00556,PROD0489,5,Value for money,2025-01-16
REV002174,CUST00183,PROD0448,3,Received damaged product,2025-11-12
REV002175,CUST01829,PROD0055,4,Average product,2025-11-03
REV002176,CUST00303,PROD0188,4,Worth buying,2025-02-12
REV002177,CUST01929,PROD0075,3,Average product,2025-07-13
REV002178,CUST01376,PROD0089,2,Battery backup is amazing,2025-07-13
REV002179,CUST00294,PROD0050,5,Looks premium,2025-09-15
REV002180,CUST01435,PROD0245,2,Packaging could be better,2025-10-17
REV002181,CUST01822,PROD0485,5,Highly recommended,2025-06-04
REV002182,CUST01926,PROD0211,4,Packaging could be better,2025-06-23
REV002183,CUST00818,PROD0016,3,Excellent quality,2025-10-02
REV002184,CUST00482,PROD0368,1,Highly recommended,2025-10-06
REV002185,CUST01591,PROD0328,2,Highly recommended,2025-06-14
REV002186,CUST00116,PROD0017,1,Average product,2025-03-13
REV002187,CUST01636,PROD0476,5,Poor quality,2025-02-05
REV002188,CUST00455,PROD0365,5,Received damaged product,2025-08-15
REV002189,CUST00841,PROD0229,3,Looks premium,2025-12-21
REV002190,CUST00903,PROD0026,1,Average product,2025-08-18
REV002191,CUST00841,PROD0384,1,Value for money,2025-06-09
REV002192,CUST00786,PROD0462,4,Received damaged product,2025-08-04
REV002193,CUST00519,PROD0328,1,Highly recommended,2025-03-24
REV002194,CUST01230,PROD0326,2,Worth buying,2025-10-20
REV002195,CUST01260,PROD0014,1,Packaging could be better,2025-09-09
REV002196,CUST00793,PROD0364,2,Fast delivery,2025-06-27
REV002197,CUST01937,PROD0126,2,Received damaged product,2025-10-07
REV002198,CUST01622,PROD0354,4,Received damaged product,2025-12-09
REV002199,CUST00390,PROD0120,2,Poor quality,2025-10-07
REV002200,CUST00210,PROD0004,3,Received damaged product,2025-12-05
REV002201,CUST00702,PROD0371,1,Battery backup is amazing,2025-11-20
REV002202,CUST01548,PROD0085,4,Average product,2025-01-10
REV002203,CUST00021,PROD0497,4,Poor quality,2025-05-06
REV002204,CUST01880,PROD0488,3,Packaging could be better,2025-09-11
REV002205,CUST00067,PROD0342,1,Battery backup is amazing,2025-03-08
REV002206,CUST01208,PROD0498,2,Worth buying,2025-08-08
REV002207,CUST01779,PROD0289,3,Received damaged product,2025-04-27
REV002208,CUST00936,PROD0338,4,Packaging could be better,2025-03-18
REV002209,CUST00709,PROD0329,1,Poor quality,2025-07-01
REV002210,CUST01186,PROD0363,5,Fast delivery,2025-02-21
REV002211,CUST01350,PROD0461,3,Excellent quality,2025-04-04
REV002212,CUST00873,PROD0197,3,Fast delivery,2025-08-04
REV002213,CUST01206,PROD0209,4,Battery backup is amazing,2025-10-25
REV002214,CUST01407,PROD0025,5,Poor quality,2025-03-22
REV002215,CUST01608,PROD0010,3,Looks premium,2025-02-23
REV002216,CUST00710,PROD0379,5,Packaging could be better,2025-08-07
REV002217,CUST00307,PROD0082,1,Packaging could be better,2025-07-08
REV002218,CUST00425,PROD0139,4,Value for money,2025-11-18
REV002219,CUST01027,PROD0500,1,Looks premium,2025-05-08
REV002220,CUST01422,PROD0150,3,Worth buying,2025-06-18
REV002221,CUST01247,PROD0498,4,Battery backup is amazing,2025-09-11
REV002222,CUST00659,PROD0217,1,Packaging could be better,2025-05-09
REV002223,CUST00108,PROD0276,3,Received damaged product,2025-07-27
REV002224,CUST01978,PROD0449,3,Highly recommended,2025-01-12
REV002225,CUST00621,PROD0038,1,Battery backup is amazing,2025-10-13
REV002226,CUST01900,PROD0066,4,Average product,2025-02-22
REV002227,CUST00245,PROD0263,2,Excellent quality,2025-02-28
REV002228,CUST00749,PROD0057,2,Packaging could be better,2025-08-27
REV002229,CUST01231,PROD0268,4,Highly recommended,2025-05-01
REV002230,CUST00725,PROD0223,5,Packaging could be better,2025-12-03
REV002231,CUST01151,PROD0124,5,Average product,2025-04-26
REV002232,CUST01089,PROD0138,3,Excellent quality,2025-10-12
REV002233,CUST00034,PROD0020,2,Worth buying,2025-01-14
REV002234,CUST01823,PROD0206,2,Battery backup is amazing,2025-12-18
REV002235,CUST01154,PROD0296,4,Battery backup is amazing,2025-10-02
REV002236,CUST00962,PROD0483,3,Excellent quality,2025-06-02
REV002237,CUST01735,PROD0248,1,Packaging could be better,2025-10-14
REV002238,CUST00270,PROD0092,5,Received damaged product,2025-11-23
REV002239,CUST01666,PROD0009,3,Average product,2025-09-04
REV002240,CUST00822,PROD0184,3,Looks premium,2025-12-03
REV002241,CUST01596,PROD0078,3,Excellent quality,2025-04-26
REV002242,CUST01092,PROD0369,4,Worth buying,2025-08-05
REV002243,CUST01132,PROD0443,1,Worth buying,2025-09-05
REV002244,CUST00846,PROD0108,4,Highly recommended,2025-12-25
REV002245,CUST00178,PROD0316,4,Value for money,2025-07-09
REV002246,CUST00516,PROD0009,3,Battery backup is amazing,2025-04-15
REV002247,CUST01798,PROD0438,4,Poor quality,2025-05-28
REV002248,CUST00868,PROD0398,1,Looks premium,2025-09-17
REV002249,CUST00726,PROD0152,5,Value for money,2025-01-15
REV002250,CUST01598,PROD0016,1,Worth buying,2025-01-24
REV002251,CUST00052,PROD0258,4,Average product,2025-05-26
REV002252,CUST00040,PROD0126,2,Looks premium,2025-01-06
REV002253,CUST00773,PROD0444,3,Value for money,2025-05-18
REV002254,CUST00612,PROD0285,5,Received damaged product,2025-11-18
REV002255,CUST00053,PROD0009,3,Looks premium,2025-08-02
REV002256,CUST01146,PROD0417,4,Highly recommended,2025-07-18
REV002257,CUST00685,PROD0310,3,Highly recommended,2025-06-14
REV002258,CUST01128,PROD0481,1,Battery backup is amazing,2025-01-27
REV002259,CUST01074,PROD0010,4,Received damaged product,2025-05-09
REV002260,CUST01723,PROD0226,5,Looks premium,2025-08-06
REV002261,CUST00992,PROD0327,5,Battery backup is amazing,2025-06-26
REV002262,CUST00274,PROD0226,1,Highly recommended,2025-04-28
REV002263,CUST00481,PROD0111,2,Battery backup is amazing,2025-05-07
REV002264,CUST01353,PROD0258,3,Highly recommended,2025-10-19
REV002265,CUST00168,PROD0027,4,Poor quality,2025-06-14
REV002266,CUST01213,PROD0366,5,Value for money,2025-04-28
REV002267,CUST01048,PROD0494,1,Received damaged product,2025-02-06
REV002268,CUST01363,PROD0396,3,Received damaged product,2025-07-08
REV002269,CUST01828,PROD0097,3,Excellent quality,2025-04-11
REV002270,CUST01606,PROD0444,4,Looks premium,2025-08-06
REV002271,CUST00581,PROD0243,3,Battery backup is amazing,2025-05-10
REV002272,CUST01571,PROD0107,5,Packaging could be better,2025-08-21
REV002273,CUST00871,PROD0247,4,Worth buying,2025-01-27
REV002274,CUST00417,PROD0473,2,Value for money,2025-09-25
REV002275,CUST00415,PROD0296,3,Average product,2025-09-17
REV002276,CUST01542,PROD0031,3,Received damaged product,2025-10-10
REV002277,CUST00566,PROD0192,1,Fast delivery,2025-09-26
REV002278,CUST00936,PROD0239,2,Packaging could be better,2025-08-10
REV002279,CUST00816,PROD0043,1,Value for money,2025-05-21
REV002280,CUST00380,PROD0210,3,Poor quality,2025-05-26
REV002281,CUST01951,PROD0046,3,Packaging could be better,2025-04-03
REV002282,CUST00609,PROD0129,3,Value for money,2025-01-09
REV002283,CUST00380,PROD0408,1,Battery backup is amazing,2025-06-24
REV002284,CUST00988,PROD0010,2,Poor quality,2025-08-06
REV002285,CUST00871,PROD0256,3,Value for money,2025-12-04
REV002286,CUST00858,PROD0206,2,Looks premium,2025-02-26
REV002287,CUST00535,PROD0132,4,Average product,2025-02-10
REV002288,CUST01550,PROD0361,4,Received damaged product,2025-08-25
REV002289,CUST01268,PROD0393,3,Excellent quality,2025-09-18
REV002290,CUST00740,PROD0477,3,Worth buying,2025-03-21
REV002291,CUST01683,PROD0084,3,Average product,2025-04-14
REV002292,CUST00562,PROD0165,5,Poor quality,2025-06-18
REV002293,CUST01104,PROD0147,5,Packaging could be better,2025-01-21
REV002294,CUST01244,PROD0326,5,Received damaged product,2025-08-11
REV002295,CUST01252,PROD0284,4,Worth buying,2025-10-14
REV002296,CUST01652,PROD0241,4,Packaging could be better,2025-07-20
REV002297,CUST00379,PROD0435,4,Poor quality,2025-02-18
REV002298,CUST01002,PROD0377,5,Packaging could be better,2025-10-08
REV002299,CUST00370,PROD0387,1,Battery backup is amazing,2025-08-17
REV002300,CUST00497,PROD0427,2,Packaging could be better,2025-07-16
REV002301,CUST01557,PROD0249,2,Value for money,2025-10-07
REV002302,CUST00923,PROD0476,5,Battery backup is amazing,2025-03-19
REV002303,CUST01598,PROD0112,2,Average product,2025-05-07
REV002304,CUST01524,PROD0372,5,Worth buying,2025-03-03
REV002305,CUST01852,PROD0455,4,Poor quality,2025-05-04
REV002306,CUST01644,PROD0164,4,Worth buying,2025-09-22
REV002307,CUST01431,PROD0332,2,Excellent quality,2025-03-03
REV002308,CUST01117,PROD0249,1,Received damaged product,2025-09-07
REV002309,CUST01214,PROD0155,5,Battery backup is amazing,2025-07-12
REV002310,CUST01434,PROD0195,1,Fast delivery,2025-04-28
REV002311,CUST01839,PROD0220,3,Received damaged product,2025-03-25
REV002312,CUST00663,PROD0424,2,Poor quality,2025-06-11
REV002313,CUST00096,PROD0088,4,Highly recommended,2025-04-24
REV002314,CUST01484,PROD0405,2,Value for money,2025-04-13
REV002315,CUST00279,PROD0088,1,Worth buying,2025-01-06
REV002316,CUST00934,PROD0070,5,Poor quality,2025-10-16
REV002317,CUST01713,PROD0395,3,Poor quality,2025-12-22
REV002318,CUST00188,PROD0094,5,Looks premium,2025-02-11
REV002319,CUST01179,PROD0273,5,Average product,2025-09-26
REV002320,CUST01397,PROD0283,5,Fast delivery,2025-06-06
REV002321,CUST00637,PROD0147,1,Worth buying,2025-12-09
REV002322,CUST01945,PROD0066,4,Looks premium,2025-05-24
REV002323,CUST01342,PROD0053,5,Looks premium,2025-01-10
REV002324,CUST00314,PROD0140,2,Battery backup is amazing,2025-09-11
REV002325,CUST00970,PROD0068,4,Battery backup is amazing,2025-06-08
REV002326,CUST01385,PROD0068,4,Looks premium,2025-04-01
REV002327,CUST00533,PROD0214,2,Average product,2025-11-17
REV002328,CUST00528,PROD0384,2,Worth buying,2025-03-17
REV002329,CUST01252,PROD0158,2,Received damaged product,2025-11-22
REV002330,CUST01192,PROD0486,5,Highly recommended,2025-06-08
REV002331,CUST00262,PROD0034,2,Worth buying,2025-07-07
REV002332,CUST00130,PROD0101,1,Worth buying,2025-05-21
REV002333,CUST01683,PROD0499,1,Fast delivery,2025-03-17
REV002334,CUST01812,PROD0429,1,Looks premium,2025-07-07
REV002335,CUST00382,PROD0444,3,Received damaged product,2025-03-18
REV002336,CUST00586,PROD0315,4,Fast delivery,2025-04-28
REV002337,CUST00745,PROD0494,2,Fast delivery,2025-11-21
REV002338,CUST01461,PROD0036,3,Excellent quality,2025-05-04
REV002339,CUST00582,PROD0021,4,Excellent quality,2025-11-14
REV002340,CUST00693,PROD0067,2,Poor quality,2025-07-06
REV002341,CUST01532,PROD0201,4,Average product,2025-07-08
REV002342,CUST00572,PROD0391,4,Received damaged product,2025-12-20
REV002343,CUST00598,PROD0442,1,Received damaged product,2025-09-05
REV002344,CUST01488,PROD0181,3,Highly recommended,2025-05-07
REV002345,CUST00441,PROD0040,5,Excellent quality,2025-11-13
REV002346,CUST00999,PROD0346,4,Worth buying,2025-03-21
REV002347,CUST00436,PROD0395,3,Highly recommended,2025-12-24
REV002348,CUST01089,PROD0253,4,Highly recommended,2025-05-11
REV002349,CUST00032,PROD0065,3,Highly recommended,2025-06-22
REV002350,CUST00549,PROD0234,1,Fast delivery,2025-12-04
REV002351,CUST00989,PROD0309,5,Excellent quality,2025-12-06
REV002352,CUST01508,PROD0250,1,Value for money,2025-11-04
REV002353,CUST00080,PROD0409,1,Poor quality,2025-11-03
REV002354,CUST01315,PROD0405,3,Value for money,2025-08-03
REV002355,CUST01327,PROD0360,4,Worth buying,2025-07-02
REV002356,CUST01933,PROD0499,5,Battery backup is amazing,2025-08-11
REV002357,CUST00396,PROD0331,1,Fast delivery,2025-07-11
REV002358,CUST00112,PROD0262,2,Packaging could be better,2025-05-13
REV002359,CUST00042,PROD0358,4,Excellent quality,2025-04-01
REV002360,CUST00236,PROD0314,4,Worth buying,2025-08-28
REV002361,CUST01649,PROD0404,3,Average product,2025-09-20
REV002362,CUST00138,PROD0137,4,Poor quality,2025-08-18
REV002363,CUST00960,PROD0318,3,Highly recommended,2025-02-07
REV002364,CUST01702,PROD0294,3,Highly recommended,2025-12-09
REV002365,CUST00838,PROD0462,1,Excellent quality,2025-10-14
REV002366,CUST00631,PROD0419,4,Received damaged product,2025-11-28
REV002367,CUST00085,PROD0130,2,Value for money,2025-01-17
REV002368,CUST00547,PROD0162,4,Value for money,2025-01-22
REV002369,CUST00706,PROD0296,4,Fast delivery,2025-09-10
REV002370,CUST00709,PROD0500,5,Worth buying,2025-03-09
REV002371,CUST01579,PROD0422,3,Fast delivery,2025-09-21
REV002372,CUST00733,PROD0314,1,Worth buying,2025-01-22
REV002373,CUST00290,PROD0478,2,Packaging could be better,2025-05-05
REV002374,CUST01650,PROD0124,1,Packaging could be better,2025-04-24
REV002375,CUST00298,PROD0080,2,Value for money,2025-04-02
REV002376,CUST01473,PROD0113,4,Packaging could be better,2025-05-06
REV002377,CUST00759,PROD0123,4,Highly recommended,2025-03-02
REV002378,CUST01346,PROD0027,5,Value for money,2025-08-05
REV002379,CUST00268,PROD0218,3,Battery backup is amazing,2025-03-21
REV002380,CUST01747,PROD0494,3,Poor quality,2025-12-23
REV002381,CUST01569,PROD0399,1,Looks premium,2025-11-08
REV002382,CUST00740,PROD0414,5,Fast delivery,2025-05-09
REV002383,CUST00558,PROD0178,3,Worth buying,2025-11-17
REV002384,CUST00292,PROD0278,4,Looks premium,2025-01-05
REV002385,CUST00355,PROD0270,2,Packaging could be better,2025-08-20
REV002386,CUST00170,PROD0192,1,Value for money,2025-01-19
REV002387,CUST01371,PROD0437,1,Received damaged product,2025-03-02
REV002388,CUST01198,PROD0346,3,Worth buying,2025-02-09
REV002389,CUST01719,PROD0245,1,Battery backup is amazing,2025-02-06
REV002390,CUST00478,PROD0118,5,Excellent quality,2025-10-27
REV002391,CUST01588,PROD0128,1,Highly recommended,2025-02-06
REV002392,CUST01333,PROD0204,4,Fast delivery,2025-03-04
REV002393,CUST00247,PROD0156,4,Average product,2025-01-26
REV002394,CUST00084,PROD0389,1,Excellent quality,2025-03-07
REV002395,CUST01990,PROD0170,5,Packaging could be better,2025-09-17
REV002396,CUST01986,PROD0166,3,Battery backup is amazing,2025-09-11
REV002397,CUST01438,PROD0201,4,Worth buying,2025-10-26
REV002398,CUST00480,PROD0340,2,Worth buying,2025-10-22
REV002399,CUST01710,PROD0305,3,Battery backup is amazing,2025-05-01
REV002400,CUST00911,PROD0272,2,Excellent quality,2025-11-09
REV002401,CUST00358,PROD0013,3,Value for money,2025-09-03
REV002402,CUST01047,PROD0113,2,Looks premium,2025-05-02
REV002403,CUST00757,PROD0197,4,Worth buying,2025-05-18
REV002404,CUST00806,PROD0148,3,Highly recommended,2025-04-26
REV002405,CUST01345,PROD0086,3,Average product,2025-11-08
REV002406,CUST01720,PROD0273,2,Looks premium,2025-06-25
REV002407,CUST00421,PROD0500,2,Worth buying,2025-09-13
REV002408,CUST01463,PROD0443,1,Highly recommended,2025-08-23
REV002409,CUST00019,PROD0482,1,Highly recommended,2025-03-23
REV002410,CUST00855,PROD0342,1,Excellent quality,2025-10-01
REV002411,CUST01160,PROD0452,4,Highly recommended,2025-10-16
REV002412,CUST01069,PROD0357,4,Fast delivery,2025-06-04
REV002413,CUST01815,PROD0445,4,Value for money,2025-12-06
REV002414,CUST01457,PROD0132,4,Received damaged product,2025-03-13
REV002415,CUST01212,PROD0336,3,Fast delivery,2025-10-16
REV002416,CUST01927,PROD0432,3,Battery backup is amazing,2025-12-04
REV002417,CUST01002,PROD0125,5,Average product,2025-09-15
REV002418,CUST01674,PROD0120,4,Received damaged product,2025-05-18
REV002419,CUST01119,PROD0224,4,Highly recommended,2025-04-25
REV002420,CUST01602,PROD0215,1,Packaging could be better,2025-08-24
REV002421,CUST01565,PROD0262,3,Worth buying,2025-04-24
REV002422,CUST00342,PROD0439,5,Looks premium,2025-12-10
REV002423,CUST01992,PROD0190,3,Highly recommended,2025-12-17
REV002424,CUST00710,PROD0128,2,Average product,2025-09-06
REV002425,CUST00060,PROD0366,3,Average product,2025-11-17
REV002426,CUST00162,PROD0168,1,Poor quality,2025-10-01
REV002427,CUST00900,PROD0484,2,Packaging could be better,2025-04-15
REV002428,CUST00723,PROD0356,2,Fast delivery,2025-03-18
REV002429,CUST00285,PROD0312,1,Highly recommended,2025-09-07
REV002430,CUST00137,PROD0323,4,Excellent quality,2025-11-25
REV002431,CUST01271,PROD0411,1,Average product,2025-08-25
REV002432,CUST01576,PROD0078,3,Fast delivery,2025-07-27
REV002433,CUST00858,PROD0248,4,Fast delivery,2025-06-20
REV002434,CUST01810,PROD0344,4,Excellent quality,2025-12-05
REV002435,CUST00263,PROD0328,4,Looks premium,2025-08-16
REV002436,CUST01983,PROD0474,5,Battery backup is amazing,2025-04-27
REV002437,CUST00406,PROD0309,4,Highly recommended,2025-01-18
REV002438,CUST01775,PROD0217,1,Poor quality,2025-05-17
REV002439,CUST00746,PROD0300,1,Worth buying,2025-11-13
REV002440,CUST00447,PROD0281,4,Value for money,2025-06-16
REV002441,CUST00204,PROD0234,2,Poor quality,2025-06-02
REV002442,CUST01242,PROD0269,4,Received damaged product,2025-01-20
REV002443,CUST00198,PROD0334,4,Packaging could be better,2025-04-18
REV002444,CUST01855,PROD0279,1,Highly recommended,2025-03-24
REV002445,CUST00843,PROD0419,2,Average product,2025-01-16
REV002446,CUST01620,PROD0429,2,Received damaged product,2025-01-15
REV002447,CUST01437,PROD0252,5,Poor quality,2025-11-10
REV002448,CUST00158,PROD0500,5,Packaging could be better,2025-02-06
REV002449,CUST01441,PROD0405,2,Battery backup is amazing,2025-04-05
REV002450,CUST00530,PROD0002,3,Battery backup is amazing,2025-11-05
REV002451,CUST00772,PROD0054,1,Worth buying,2025-05-01
REV002452,CUST01318,PROD0013,2,Fast delivery,2025-08-14
REV002453,CUST00731,PROD0414,3,Highly recommended,2025-01-04
REV002454,CUST01513,PROD0166,4,Fast delivery,2025-01-16
REV002455,CUST01103,PROD0478,2,Value for money,2025-11-09
REV002456,CUST00069,PROD0436,3,Poor quality,2025-08-01
REV002457,CUST01685,PROD0382,5,Highly recommended,2025-07-19
REV002458,CUST00536,PROD0410,2,Fast delivery,2025-03-09
REV002459,CUST00003,PROD0256,5,Average product,2025-08-22
REV002460,CUST01987,PROD0216,4,Received damaged product,2025-04-25
REV002461,CUST00998,PROD0274,1,Highly recommended,2025-09-26
REV002462,CUST00032,PROD0258,2,Received damaged product,2025-03-09
REV002463,CUST00483,PROD0429,1,Received damaged product,2025-03-02
REV002464,CUST00361,PROD0185,4,Battery backup is amazing,2025-09-04
REV002465,CUST00460,PROD0132,3,Looks premium,2025-10-18
REV002466,CUST01271,PROD0456,2,Highly recommended,2025-10-15
REV002467,CUST00835,PROD0441,2,Value for money,2025-09-12
REV002468,CUST01021,PROD0446,2,Poor quality,2025-12-11
REV002469,CUST00693,PROD0405,5,Battery backup is amazing,2025-02-04
REV002470,CUST00736,PROD0254,3,Worth buying,2025-01-20
REV002471,CUST01890,PROD0185,3,Received damaged product,2025-10-19
REV002472,CUST00684,PROD0086,5,Looks premium,2025-12-13
REV002473,CUST00563,PROD0311,3,Poor quality,2025-04-16
REV002474,CUST00451,PROD0162,4,Excellent quality,2025-09-21
REV002475,CUST01163,PROD0105,5,Received damaged product,2025-04-01
REV002476,CUST00231,PROD0473,3,Average product,2025-05-08
REV002477,CUST00021,PROD0167,5,Excellent quality,2025-05-05
REV002478,CUST01643,PROD0050,1,Poor quality,2025-03-27
REV002479,CUST01191,PROD0012,2,Poor quality,2025-12-27
REV002480,CUST00365,PROD0209,4,Value for money,2025-06-08
REV002481,CUST01282,PROD0008,5,Packaging could be better,2025-06-15
REV002482,CUST00480,PROD0306,2,Fast delivery,2025-04-25
REV002483,CUST01272,PROD0014,3,Fast delivery,2025-07-18
REV002484,CUST01226,PROD0092,1,Excellent quality,2025-07-21
REV002485,CUST00002,PROD0406,3,Highly recommended,2025-05-18
REV002486,CUST00870,PROD0115,3,Poor quality,2025-10-17
REV002487,CUST00128,PROD0387,4,Poor quality,2025-07-20
REV002488,CUST01687,PROD0233,1,Excellent quality,2025-10-07
REV002489,CUST00521,PROD0256,2,Highly recommended,2025-07-10
REV002490,CUST01042,PROD0023,4,Worth buying,2025-05-02
REV002491,CUST00736,PROD0109,5,Fast delivery,2025-03-06
REV002492,CUST00450,PROD0411,2,Looks premium,2025-02-10
REV002493,CUST00153,PROD0364,2,Excellent quality,2025-05-25
REV002494,CUST00735,PROD0359,4,Battery backup is amazing,2025-10-13
REV002495,CUST00978,PROD0071,2,Looks premium,2025-12-02
REV002496,CUST00519,PROD0440,1,Worth buying,2025-09-06
REV002497,CUST00384,PROD0141,3,Worth buying,2025-09-14
REV002498,CUST00486,PROD0296,3,Worth buying,2025-12-24
REV002499,CUST00326,PROD0320,3,Value for money,2025-01-17
REV002500,CUST01371,PROD0336,2,Battery backup is amazing,2025-01-04
REV002501,CUST01385,PROD0133,1,Looks premium,2025-09-19
REV002502,CUST01435,PROD0132,1,Battery backup is amazing,2025-12-16
REV002503,CUST01148,PROD0325,1,Worth buying,2025-01-18
REV002504,CUST00700,PROD0365,3,Looks premium,2025-03-02
REV002505,CUST00981,PROD0010,1,Received damaged product,2025-12-10
REV002506,CUST01782,PROD0220,2,Value for money,2025-06-10
REV002507,CUST01727,PROD0220,2,Worth buying,2025-02-27
REV002508,CUST01294,PROD0114,4,Highly recommended,2025-07-03
REV002509,CUST00233,PROD0145,4,Worth buying,2025-06-18
REV002510,CUST01102,PROD0123,3,Packaging could be better,2025-12-16
REV002511,CUST01292,PROD0036,1,Battery backup is amazing,2025-02-22
REV002512,CUST00407,PROD0274,4,Excellent quality,2025-02-01
REV002513,CUST00986,PROD0180,5,Battery backup is amazing,2025-08-23
REV002514,CUST01178,PROD0030,4,Looks premium,2025-09-16
REV002515,CUST01517,PROD0143,5,Packaging could be better,2025-12-25
REV002516,CUST00457,PROD0221,1,Received damaged product,2025-09-10
REV002517,CUST01141,PROD0371,5,Excellent quality,2025-12-01
REV002518,CUST00580,PROD0179,5,Average product,2025-08-19
REV002519,CUST00304,PROD0429,2,Excellent quality,2025-10-17
REV002520,CUST01320,PROD0167,5,Battery backup is amazing,2025-09-24
REV002521,CUST01619,PROD0126,1,Value for money,2025-06-07
REV002522,CUST01993,PROD0267,5,Highly recommended,2025-09-13
REV002523,CUST01155,PROD0294,5,Average product,2025-08-16
REV002524,CUST00337,PROD0438,4,Excellent quality,2025-05-20
REV002525,CUST01950,PROD0142,4,Received damaged product,2025-12-16
REV002526,CUST00791,PROD0445,3,Packaging could be better,2025-09-06
REV002527,CUST01607,PROD0153,5,Packaging could be better,2025-06-23
REV002528,CUST00459,PROD0025,2,Fast delivery,2025-04-17
REV002529,CUST00767,PROD0415,3,Battery backup is amazing,2025-10-16
REV002530,CUST00559,PROD0047,4,Excellent quality,2025-03-04
REV002531,CUST00857,PROD0422,1,Poor quality,2025-04-03
REV002532,CUST01025,PROD0234,2,Value for money,2025-02-07
REV002533,CUST01787,PROD0403,4,Poor quality,2025-02-23
REV002534,CUST00565,PROD0233,4,Packaging could be better,2025-11-25
REV002535,CUST01168,PROD0478,4,Value for money,2025-11-16
REV002536,CUST00367,PROD0320,4,Poor quality,2025-08-20
REV002537,CUST00889,PROD0116,1,Received damaged product,2025-06-02
REV002538,CUST01506,PROD0216,3,Received damaged product,2025-08-27
REV002539,CUST00064,PROD0290,3,Value for money,2025-11-19
REV002540,CUST00232,PROD0058,3,Packaging could be better,2025-09-12
REV002541,CUST00035,PROD0249,4,Fast delivery,2025-01-24
REV002542,CUST00874,PROD0053,4,Received damaged product,2025-10-07
REV002543,CUST01685,PROD0493,1,Worth buying,2025-10-21
REV002544,CUST01887,PROD0401,4,Packaging could be better,2025-07-24
REV002545,CUST01938,PROD0109,4,Poor quality,2025-09-16
REV002546,CUST00149,PROD0143,4,Highly recommended,2025-12-20
REV002547,CUST00294,PROD0268,1,Received damaged product,2025-05-28
REV002548,CUST01916,PROD0002,3,Packaging could be better,2025-10-18
REV002549,CUST01487,PROD0230,4,Worth buying,2025-09-17
REV002550,CUST00434,PROD0093,5,Looks premium,2025-01-15
REV002551,CUST01332,PROD0268,1,Highly recommended,2025-02-12
REV002552,CUST01952,PROD0279,5,Poor quality,2025-06-28
REV002553,CUST00011,PROD0450,3,Battery backup is amazing,2025-03-27
REV002554,CUST00046,PROD0490,5,Poor quality,2025-09-15
REV002555,CUST01355,PROD0023,2,Excellent quality,2025-03-03
REV002556,CUST00847,PROD0119,4,Worth buying,2025-08-07
REV002557,CUST00443,PROD0076,1,Worth buying,2025-07-16
REV002558,CUST01189,PROD0402,4,Average product,2025-11-27
REV002559,CUST01575,PROD0312,1,Highly recommended,2025-07-23
REV002560,CUST00560,PROD0245,4,Excellent quality,2025-12-06
REV002561,CUST01308,PROD0253,4,Looks premium,2025-06-23
REV002562,CUST00129,PROD0468,1,Fast delivery,2025-05-14
REV002563,CUST01630,PROD0088,3,Fast delivery,2025-03-24
REV002564,CUST00033,PROD0445,5,Packaging could be better,2025-02-17
REV002565,CUST00359,PROD0390,3,Poor quality,2025-08-02
REV002566,CUST00337,PROD0005,5,Excellent quality,2025-05-04
REV002567,CUST00875,PROD0131,3,Excellent quality,2025-09-20
REV002568,CUST00474,PROD0198,5,Worth buying,2025-06-16
REV002569,CUST00389,PROD0310,1,Battery backup is amazing,2025-04-01
REV002570,CUST01574,PROD0462,5,Poor quality,2025-09-07
REV002571,CUST00814,PROD0483,4,Average product,2025-05-04
REV002572,CUST00281,PROD0166,2,Poor quality,2025-06-24
REV002573,CUST01507,PROD0319,3,Average product,2025-06-27
REV002574,CUST01908,PROD0050,1,Value for money,2025-03-24
REV002575,CUST00475,PROD0087,2,Worth buying,2025-04-16
REV002576,CUST00842,PROD0385,4,Worth buying,2025-01-26
REV002577,CUST00697,PROD0445,4,Fast delivery,2025-05-27
REV002578,CUST01698,PROD0458,3,Poor quality,2025-03-26
REV002579,CUST01944,PROD0364,4,Fast delivery,2025-05-21
REV002580,CUST00158,PROD0254,1,Highly recommended,2025-05-26
REV002581,CUST00905,PROD0290,2,Worth buying,2025-05-11
REV002582,CUST01548,PROD0100,1,Poor quality,2025-05-25
REV002583,CUST00840,PROD0143,3,Average product,2025-02-10
REV002584,CUST00618,PROD0337,4,Highly recommended,2025-02-05
REV002585,CUST00780,PROD0093,1,Looks premium,2025-07-21
REV002586,CUST01209,PROD0477,4,Received damaged product,2025-12-10
REV002587,CUST00198,PROD0213,5,Value for money,2025-01-11
REV002588,CUST01408,PROD0167,5,Poor quality,2025-02-26
REV002589,CUST00274,PROD0066,5,Worth buying,2025-11-10
REV002590,CUST01676,PROD0346,5,Received damaged product,2025-07-22
REV002591,CUST01132,PROD0224,1,Worth buying,2025-12-28
REV002592,CUST01294,PROD0126,4,Excellent quality,2025-02-03
REV002593,CUST01369,PROD0480,1,Average product,2025-08-14
REV002594,CUST01533,PROD0113,2,Poor quality,2025-04-09
REV002595,CUST01579,PROD0320,3,Packaging could be better,2025-03-07
REV002596,CUST00607,PROD0268,1,Poor quality,2025-10-11
REV002597,CUST01310,PROD0394,4,Excellent quality,2025-03-20
REV002598,CUST00104,PROD0435,4,Excellent quality,2025-10-22
REV002599,CUST01755,PROD0182,3,Received damaged product,2025-04-26
REV002600,CUST00316,PROD0248,5,Fast delivery,2025-02-25
REV002601,CUST01983,PROD0324,2,Received damaged product,2025-03-21
REV002602,CUST01978,PROD0224,4,Received damaged product,2025-01-04
REV002603,CUST01274,PROD0293,3,Highly recommended,2025-01-07
REV002604,CUST01397,PROD0175,1,Received damaged product,2025-10-27
REV002605,CUST00609,PROD0190,5,Worth buying,2025-09-01
REV002606,CUST00859,PROD0254,3,Highly recommended,2025-07-11
REV002607,CUST00906,PROD0228,3,Looks premium,2025-02-12
REV002608,CUST00701,PROD0449,4,Excellent quality,2025-08-07
REV002609,CUST00948,PROD0052,1,Looks premium,2025-03-20
REV002610,CUST01914,PROD0141,5,Highly recommended,2025-01-08
REV002611,CUST00525,PROD0190,5,Looks premium,2025-08-27
REV002612,CUST01250,PROD0263,5,Value for money,2025-09-15
REV002613,CUST00354,PROD0127,4,Worth buying,2025-11-08
REV002614,CUST00209,PROD0290,5,Value for money,2025-12-04
REV002615,CUST01307,PROD0085,1,Excellent quality,2025-06-15
REV002616,CUST00844,PROD0232,2,Battery backup is amazing,2025-03-08
REV002617,CUST01835,PROD0266,2,Looks premium,2025-02-02
REV002618,CUST01633,PROD0478,2,Battery backup is amazing,2025-04-14
REV002619,CUST01122,PROD0366,5,Average product,2025-05-10
REV002620,CUST01031,PROD0328,3,Poor quality,2025-12-27
REV002621,CUST00974,PROD0012,3,Looks premium,2025-06-01
REV002622,CUST00052,PROD0119,3,Highly recommended,2025-01-25
REV002623,CUST01223,PROD0003,1,Poor quality,2025-03-25
REV002624,CUST01342,PROD0385,4,Battery backup is amazing,2025-08-19
REV002625,CUST00287,PROD0495,2,Looks premium,2025-12-11
REV002626,CUST00360,PROD0469,3,Value for money,2025-08-01
REV002627,CUST00629,PROD0391,5,Fast delivery,2025-09-26
REV002628,CUST00325,PROD0201,2,Received damaged product,2025-03-14
REV002629,CUST00167,PROD0071,2,Highly recommended,2025-11-09
REV002630,CUST00101,PROD0031,5,Fast delivery,2025-09-06
REV002631,CUST00569,PROD0284,5,Looks premium,2025-01-18
REV002632,CUST00141,PROD0281,2,Looks premium,2025-09-02
REV002633,CUST01677,PROD0360,4,Fast delivery,2025-12-05
REV002634,CUST01602,PROD0280,5,Highly recommended,2025-12-19
REV002635,CUST00139,PROD0203,3,Received damaged product,2025-08-22
REV002636,CUST00933,PROD0410,3,Value for money,2025-01-20
REV002637,CUST00638,PROD0044,1,Looks premium,2025-07-06
REV002638,CUST01620,PROD0445,5,Worth buying,2025-06-03
REV002639,CUST01734,PROD0005,2,Value for money,2025-04-18
REV002640,CUST00403,PROD0141,4,Worth buying,2025-06-19
REV002641,CUST01811,PROD0181,5,Battery backup is amazing,2025-04-09
REV002642,CUST00725,PROD0013,5,Fast delivery,2025-12-01
REV002643,CUST00563,PROD0067,4,Looks premium,2025-09-06
REV002644,CUST01282,PROD0123,4,Excellent quality,2025-04-06
REV002645,CUST01637,PROD0409,2,Worth buying,2025-10-04
REV002646,CUST00522,PROD0407,2,Fast delivery,2025-06-02
REV002647,CUST00364,PROD0046,1,Received damaged product,2025-06-16
REV002648,CUST00108,PROD0334,4,Poor quality,2025-01-21
REV002649,CUST00514,PROD0106,1,Value for money,2025-06-09
REV002650,CUST01775,PROD0002,2,Worth buying,2025-01-04
REV002651,CUST00010,PROD0020,2,Battery backup is amazing,2025-06-28
REV002652,CUST00940,PROD0476,3,Highly recommended,2025-02-04
REV002653,CUST00207,PROD0116,2,Worth buying,2025-11-09
REV002654,CUST01841,PROD0267,2,Excellent quality,2025-07-24
REV002655,CUST00263,PROD0009,5,Highly recommended,2025-01-12
REV002656,CUST00434,PROD0217,5,Battery backup is amazing,2025-03-03
REV002657,CUST00472,PROD0494,3,Average product,2025-03-03
REV002658,CUST01545,PROD0030,4,Worth buying,2025-03-20
REV002659,CUST01509,PROD0307,5,Highly recommended,2025-04-12
REV002660,CUST00259,PROD0247,3,Poor quality,2025-05-02
REV002661,CUST00443,PROD0140,3,Excellent quality,2025-09-15
REV002662,CUST00036,PROD0329,2,Excellent quality,2025-06-19
REV002663,CUST01439,PROD0382,3,Excellent quality,2025-08-17
REV002664,CUST01460,PROD0186,5,Fast delivery,2025-04-27
REV002665,CUST00231,PROD0028,2,Battery backup is amazing,2025-12-12
REV002666,CUST01813,PROD0236,3,Poor quality,2025-06-04
REV002667,CUST01283,PROD0196,1,Average product,2025-04-17
REV002668,CUST00432,PROD0174,1,Battery backup is amazing,2025-09-26
REV002669,CUST01000,PROD0059,5,Average product,2025-08-11
REV002670,CUST01921,PROD0036,4,Battery backup is amazing,2025-08-13
REV002671,CUST01238,PROD0321,4,Average product,2025-07-23
REV002672,CUST01562,PROD0392,2,Packaging could be better,2025-08-02
REV002673,CUST00517,PROD0004,2,Battery backup is amazing,2025-05-08
REV002674,CUST00814,PROD0194,3,Value for money,2025-12-15
REV002675,CUST01011,PROD0131,3,Battery backup is amazing,2025-06-26
REV002676,CUST01735,PROD0406,3,Highly recommended,2025-05-12
REV002677,CUST01991,PROD0098,1,Fast delivery,2025-08-20
REV002678,CUST00426,PROD0356,5,Packaging could be better,2025-11-20
REV002679,CUST01167,PROD0484,5,Poor quality,2025-05-11
REV002680,CUST00500,PROD0465,2,Highly recommended,2025-07-17
REV002681,CUST00536,PROD0048,1,Worth buying,2025-09-22
REV002682,CUST01536,PROD0403,4,Received damaged product,2025-08-20
REV002683,CUST00641,PROD0074,2,Worth buying,2025-08-04
REV002684,CUST01321,PROD0021,2,Battery backup is amazing,2025-11-23
REV002685,CUST01499,PROD0219,5,Received damaged product,2025-12-20
REV002686,CUST00935,PROD0371,4,Packaging could be better,2025-02-21
REV002687,CUST00620,PROD0110,1,Value for money,2025-12-02
REV002688,CUST01821,PROD0349,5,Excellent quality,2025-02-18
REV002689,CUST01213,PROD0480,4,Poor quality,2025-11-02
REV002690,CUST00056,PROD0412,1,Poor quality,2025-04-15
REV002691,CUST00122,PROD0388,4,Battery backup is amazing,2025-07-17
REV002692,CUST01990,PROD0463,5,Received damaged product,2025-01-11
REV002693,CUST00005,PROD0131,1,Battery backup is amazing,2025-06-14
REV002694,CUST01921,PROD0168,1,Looks premium,2025-07-21
REV002695,CUST01049,PROD0127,1,Average product,2025-04-23
REV002696,CUST01723,PROD0050,2,Packaging could be better,2025-03-26
REV002697,CUST00799,PROD0043,1,Packaging could be better,2025-02-15
REV002698,CUST01636,PROD0287,1,Fast delivery,2025-12-28
REV002699,CUST00747,PROD0273,3,Fast delivery,2025-09-21
REV002700,CUST01975,PROD0054,2,Fast delivery,2025-05-16
REV002701,CUST00714,PROD0166,2,Average product,2025-10-12
REV002702,CUST00706,PROD0440,3,Looks premium,2025-06-13
REV002703,CUST00133,PROD0006,4,Received damaged product,2025-04-03
REV002704,CUST00767,PROD0250,5,Fast delivery,2025-10-01
REV002705,CUST01657,PROD0436,4,Highly recommended,2025-06-21
REV002706,CUST01340,PROD0033,3,Poor quality,2025-03-02
REV002707,CUST00127,PROD0448,1,Looks premium,2025-04-14
REV002708,CUST01070,PROD0024,4,Highly recommended,2025-10-19
REV002709,CUST00152,PROD0409,4,Packaging could be better,2025-03-07
REV002710,CUST01463,PROD0289,5,Packaging could be better,2025-04-05
REV002711,CUST01098,PROD0011,1,Worth buying,2025-11-23
REV002712,CUST01619,PROD0116,3,Looks premium,2025-10-14
REV002713,CUST01441,PROD0250,1,Excellent quality,2025-03-23
REV002714,CUST00703,PROD0064,5,Battery backup is amazing,2025-12-19
REV002715,CUST00395,PROD0102,2,Looks premium,2025-07-16
REV002716,CUST00487,PROD0150,4,Worth buying,2025-11-04
REV002717,CUST01577,PROD0090,3,Battery backup is amazing,2025-10-21
REV002718,CUST01085,PROD0394,4,Looks premium,2025-12-12
REV002719,CUST00666,PROD0486,1,Received damaged product,2025-09-14
REV002720,CUST01671,PROD0140,4,Average product,2025-10-02
REV002721,CUST01967,PROD0429,3,Poor quality,2025-01-23
REV002722,CUST01004,PROD0174,3,Fast delivery,2025-08-10
REV002723,CUST01483,PROD0039,4,Battery backup is amazing,2025-08-12
REV002724,CUST00715,PROD0460,3,Poor quality,2025-04-04
REV002725,CUST00035,PROD0183,3,Looks premium,2025-01-19
REV002726,CUST01665,PROD0257,5,Packaging could be better,2025-11-01
REV002727,CUST01399,PROD0491,3,Packaging could be better,2025-10-22
REV002728,CUST00066,PROD0135,4,Highly recommended,2025-02-09
REV002729,CUST00038,PROD0392,2,Looks premium,2025-10-06
REV002730,CUST01985,PROD0023,4,Poor quality,2025-06-22
REV002731,CUST00356,PROD0449,5,Excellent quality,2025-06-22
REV002732,CUST00536,PROD0445,3,Looks premium,2025-07-02
REV002733,CUST00430,PROD0322,3,Value for money,2025-05-15
REV002734,CUST01573,PROD0017,5,Battery backup is amazing,2025-02-13
REV002735,CUST00455,PROD0351,2,Value for money,2025-06-10
REV002736,CUST00536,PROD0263,2,Average product,2025-02-20
REV002737,CUST00725,PROD0051,3,Average product,2025-06-09
REV002738,CUST01854,PROD0499,3,Received damaged product,2025-08-09
REV002739,CUST00754,PROD0052,5,Looks premium,2025-01-15
REV002740,CUST01148,PROD0308,2,Average product,2025-02-12
REV002741,CUST01977,PROD0460,2,Fast delivery,2025-05-13
REV002742,CUST00005,PROD0268,4,Looks premium,2025-12-02
REV002743,CUST00547,PROD0362,3,Battery backup is amazing,2025-03-26
REV002744,CUST00300,PROD0279,1,Fast delivery,2025-11-13
REV002745,CUST00304,PROD0167,3,Packaging could be better,2025-10-04
REV002746,CUST01246,PROD0047,1,Value for money,2025-12-22
REV002747,CUST01417,PROD0171,5,Worth buying,2025-10-08
REV002748,CUST00308,PROD0415,5,Packaging could be better,2025-07-02
REV002749,CUST01823,PROD0234,1,Value for money,2025-02-09
REV002750,CUST00221,PROD0459,4,Looks premium,2025-03-02
REV002751,CUST01867,PROD0184,2,Looks premium,2025-04-12
REV002752,CUST01852,PROD0180,3,Highly recommended,2025-05-01
REV002753,CUST01493,PROD0033,3,Poor quality,2025-01-01
REV002754,CUST01993,PROD0274,5,Excellent quality,2025-01-09
REV002755,CUST01502,PROD0449,2,Average product,2025-09-19
REV002756,CUST01037,PROD0371,1,Looks premium,2025-03-17
REV002757,CUST00314,PROD0435,2,Poor quality,2025-11-28
REV002758,CUST00864,PROD0438,4,Packaging could be better,2025-01-09
REV002759,CUST00275,PROD0436,1,Value for money,2025-09-25
REV002760,CUST00767,PROD0059,4,Looks premium,2025-02-27
REV002761,CUST01268,PROD0314,2,Received damaged product,2025-01-10
REV002762,CUST01029,PROD0185,1,Packaging could be better,2025-01-07
REV002763,CUST01939,PROD0398,5,Excellent quality,2025-07-25
REV002764,CUST01599,PROD0225,4,Value for money,2025-02-08
REV002765,CUST01754,PROD0306,3,Excellent quality,2025-09-20
REV002766,CUST01875,PROD0284,1,Average product,2025-05-09
REV002767,CUST00368,PROD0145,2,Average product,2025-08-05
REV002768,CUST01663,PROD0452,2,Packaging could be better,2025-07-03
REV002769,CUST00441,PROD0248,3,Fast delivery,2025-01-28
REV002770,CUST01863,PROD0428,3,Poor quality,2025-04-27
REV002771,CUST01671,PROD0057,2,Value for money,2025-04-22
REV002772,CUST01967,PROD0308,5,Fast delivery,2025-12-19
REV002773,CUST00150,PROD0139,4,Worth buying,2025-09-09
REV002774,CUST00576,PROD0114,5,Looks premium,2025-07-02
REV002775,CUST01722,PROD0186,4,Average product,2025-05-05
REV002776,CUST00960,PROD0009,3,Fast delivery,2025-05-17
REV002777,CUST01562,PROD0152,3,Battery backup is amazing,2025-06-20
REV002778,CUST01786,PROD0104,2,Poor quality,2025-02-07
REV002779,CUST00728,PROD0310,1,Fast delivery,2025-01-08
REV002780,CUST00469,PROD0439,5,Looks premium,2025-08-11
REV002781,CUST01430,PROD0214,1,Highly recommended,2025-06-27
REV002782,CUST01890,PROD0373,5,Poor quality,2025-06-19
REV002783,CUST00042,PROD0277,5,Battery backup is amazing,2025-08-01
REV002784,CUST01461,PROD0156,2,Value for money,2025-05-13
REV002785,CUST00794,PROD0108,2,Worth buying,2025-08-21
REV002786,CUST01499,PROD0232,1,Value for money,2025-03-19
REV002787,CUST01710,PROD0357,1,Excellent quality,2025-06-07
REV002788,CUST00511,PROD0014,3,Average product,2025-11-15
REV002789,CUST00057,PROD0039,5,Average product,2025-03-07
REV002790,CUST00718,PROD0300,1,Value for money,2025-10-01
REV002791,CUST01178,PROD0259,3,Excellent quality,2025-10-05
REV002792,CUST01476,PROD0030,4,Fast delivery,2025-04-14
REV002793,CUST00252,PROD0065,2,Average product,2025-09-23
REV002794,CUST00672,PROD0235,1,Excellent quality,2025-10-04
REV002795,CUST01126,PROD0139,3,Received damaged product,2025-08-20
REV002796,CUST01111,PROD0493,1,Average product,2025-02-27
REV002797,CUST01863,PROD0379,2,Highly recommended,2025-08-03
REV002798,CUST00166,PROD0444,1,Poor quality,2025-04-21
REV002799,CUST00052,PROD0196,3,Poor quality,2025-06-05
REV002800,CUST01958,PROD0194,2,Fast delivery,2025-04-05
REV002801,CUST01958,PROD0450,2,Excellent quality,2025-10-06
REV002802,CUST00383,PROD0077,2,Value for money,2025-12-20
REV002803,CUST00478,PROD0154,5,Battery backup is amazing,2025-11-27
REV002804,CUST00572,PROD0153,4,Received damaged product,2025-11-14
REV002805,CUST01539,PROD0215,4,Battery backup is amazing,2025-08-27
REV002806,CUST01495,PROD0082,3,Value for money,2025-11-18
REV002807,CUST01532,PROD0496,4,Battery backup is amazing,2025-02-18
REV002808,CUST01666,PROD0432,4,Poor quality,2025-10-23
REV002809,CUST00484,PROD0031,2,Fast delivery,2025-01-06
REV002810,CUST01206,PROD0206,3,Looks premium,2025-04-28
REV002811,CUST00261,PROD0227,1,Average product,2025-12-05
REV002812,CUST00904,PROD0078,1,Poor quality,2025-11-25
REV002813,CUST00062,PROD0113,3,Excellent quality,2025-12-04
REV002814,CUST01319,PROD0245,1,Worth buying,2025-06-06
REV002815,CUST00167,PROD0196,2,Battery backup is amazing,2025-03-26
REV002816,CUST00346,PROD0467,5,Received damaged product,2025-09-25
REV002817,CUST01427,PROD0277,4,Received damaged product,2025-06-01
REV002818,CUST01486,PROD0282,1,Battery backup is amazing,2025-11-01
REV002819,CUST01343,PROD0258,4,Excellent quality,2025-04-06
REV002820,CUST00697,PROD0249,1,Highly recommended,2025-04-10
REV002821,CUST00136,PROD0033,5,Worth buying,2025-04-09
REV002822,CUST00705,PROD0086,3,Average product,2025-08-09
REV002823,CUST01837,PROD0427,5,Excellent quality,2025-07-04
REV002824,CUST01024,PROD0318,3,Value for money,2025-08-20
REV002825,CUST01244,PROD0478,1,Average product,2025-12-06
REV002826,CUST00662,PROD0210,3,Packaging could be better,2025-06-03
REV002827,CUST00205,PROD0056,5,Battery backup is amazing,2025-08-04
REV002828,CUST00909,PROD0002,5,Excellent quality,2025-02-07
REV002829,CUST00650,PROD0470,1,Average product,2025-03-16
REV002830,CUST00739,PROD0035,4,Received damaged product,2025-05-25
REV002831,CUST01600,PROD0423,4,Excellent quality,2025-09-10
REV002832,CUST01799,PROD0058,2,Excellent quality,2025-08-20
REV002833,CUST01457,PROD0009,2,Poor quality,2025-11-13
REV002834,CUST01211,PROD0383,3,Value for money,2025-10-17
REV002835,CUST00609,PROD0148,3,Packaging could be better,2025-08-19
REV002836,CUST01723,PROD0480,5,Looks premium,2025-08-13
REV002837,CUST00819,PROD0168,3,Highly recommended,2025-01-01
REV002838,CUST01173,PROD0095,2,Highly recommended,2025-02-25
REV002839,CUST01895,PROD0123,3,Highly recommended,2025-04-16
REV002840,CUST01772,PROD0324,1,Packaging could be better,2025-07-13
REV002841,CUST01249,PROD0138,1,Poor quality,2025-09-02
REV002842,CUST00179,PROD0090,4,Value for money,2025-08-05
REV002843,CUST00215,PROD0230,1,Highly recommended,2025-02-08
REV002844,CUST01034,PROD0134,5,Packaging could be better,2025-10-20
REV002845,CUST00123,PROD0388,1,Highly recommended,2025-12-10
REV002846,CUST01478,PROD0375,4,Looks premium,2025-07-28
REV002847,CUST01836,PROD0334,4,Average product,2025-12-04
REV002848,CUST01336,PROD0460,5,Highly recommended,2025-04-06
REV002849,CUST01105,PROD0152,2,Packaging could be better,2025-10-10
REV002850,CUST00955,PROD0324,4,Highly recommended,2025-04-23
REV002851,CUST00574,PROD0206,5,Highly recommended,2025-08-21
REV002852,CUST00140,PROD0207,2,Fast delivery,2025-04-21
REV002853,CUST00748,PROD0228,2,Received damaged product,2025-05-18
REV002854,CUST01985,PROD0055,2,Looks premium,2025-05-24
REV002855,CUST00781,PROD0117,3,Highly recommended,2025-10-09
REV002856,CUST01836,PROD0138,4,Received damaged product,2025-03-06
REV002857,CUST01181,PROD0230,4,Highly recommended,2025-11-21
REV002858,CUST01507,PROD0487,4,Fast delivery,2025-02-20
REV002859,CUST01887,PROD0479,5,Battery backup is amazing,2025-05-25
REV002860,CUST00401,PROD0187,3,Value for money,2025-08-18
REV002861,CUST01059,PROD0183,3,Fast delivery,2025-03-18
REV002862,CUST00523,PROD0054,1,Packaging could be better,2025-03-06
REV002863,CUST01608,PROD0273,2,Battery backup is amazing,2025-12-05
REV002864,CUST01682,PROD0056,4,Highly recommended,2025-02-10
REV002865,CUST01644,PROD0439,5,Value for money,2025-10-09
REV002866,CUST01145,PROD0117,4,Value for money,2025-01-04
REV002867,CUST01194,PROD0325,5,Average product,2025-07-22
REV002868,CUST00732,PROD0259,1,Poor quality,2025-12-11
REV002869,CUST01592,PROD0381,2,Looks premium,2025-02-06
REV002870,CUST01015,PROD0327,1,Poor quality,2025-12-21
REV002871,CUST00654,PROD0180,5,Poor quality,2025-04-18
REV002872,CUST01822,PROD0275,3,Average product,2025-10-06
REV002873,CUST00650,PROD0138,1,Average product,2025-01-05
REV002874,CUST00143,PROD0132,5,Packaging could be better,2025-05-12
REV002875,CUST01502,PROD0472,3,Value for money,2025-01-15
REV002876,CUST00528,PROD0153,3,Battery backup is amazing,2025-01-12
REV002877,CUST01997,PROD0063,5,Fast delivery,2025-08-28
REV002878,CUST00825,PROD0304,2,Worth buying,2025-10-07
REV002879,CUST01225,PROD0472,4,Average product,2025-03-11
REV002880,CUST00059,PROD0268,4,Received damaged product,2025-05-10
REV002881,CUST00021,PROD0450,2,Packaging could be better,2025-02-02
REV002882,CUST01790,PROD0433,3,Average product,2025-04-18
REV002883,CUST00081,PROD0187,1,Value for money,2025-01-25
REV002884,CUST00058,PROD0158,3,Average product,2025-10-14
REV002885,CUST01950,PROD0401,4,Poor quality,2025-05-22
REV002886,CUST00938,PROD0261,4,Fast delivery,2025-07-03
REV002887,CUST00885,PROD0357,3,Packaging could be better,2025-03-06
REV002888,CUST01983,PROD0355,2,Packaging could be better,2025-10-17
REV002889,CUST01077,PROD0321,3,Poor quality,2025-08-08
REV002890,CUST01473,PROD0094,5,Poor quality,2025-09-13
REV002891,CUST00391,PROD0390,1,Battery backup is amazing,2025-06-05
REV002892,CUST00630,PROD0464,5,Highly recommended,2025-08-17
REV002893,CUST00862,PROD0176,3,Average product,2025-09-06
REV002894,CUST01392,PROD0064,2,Packaging could be better,2025-02-06
REV002895,CUST00908,PROD0448,2,Average product,2025-05-08
REV002896,CUST01332,PROD0391,4,Poor quality,2025-04-23
REV002897,CUST01183,PROD0058,1,Worth buying,2025-11-19
REV002898,CUST01330,PROD0181,2,Average product,2025-02-06
REV002899,CUST00671,PROD0295,3,Highly recommended,2025-11-12
REV002900,CUST00417,PROD0176,5,Average product,2025-05-25
REV002901,CUST00043,PROD0095,1,Fast delivery,2025-07-12
REV002902,CUST00902,PROD0430,3,Worth buying,2025-02-01
REV002903,CUST00785,PROD0497,5,Battery backup is amazing,2025-04-06
REV002904,CUST00079,PROD0159,4,Poor quality,2025-02-17
REV002905,CUST00907,PROD0419,5,Fast delivery,2025-04-27
REV002906,CUST01997,PROD0090,2,Looks premium,2025-08-08
REV002907,CUST01482,PROD0246,2,Received damaged product,2025-03-14
REV002908,CUST00767,PROD0131,2,Average product,2025-05-02
REV002909,CUST01549,PROD0437,1,Battery backup is amazing,2025-01-10
REV002910,CUST01181,PROD0483,1,Looks premium,2025-03-28
REV002911,CUST01489,PROD0382,4,Excellent quality,2025-05-22
REV002912,CUST01209,PROD0403,2,Looks premium,2025-02-12
REV002913,CUST01397,PROD0404,4,Battery backup is amazing,2025-08-14
REV002914,CUST01634,PROD0049,1,Received damaged product,2025-03-04
REV002915,CUST01078,PROD0127,2,Value for money,2025-11-24
REV002916,CUST00328,PROD0373,4,Battery backup is amazing,2025-06-25
REV002917,CUST01758,PROD0424,2,Packaging could be better,2025-10-25
REV002918,CUST00493,PROD0054,3,Worth buying,2025-05-05
REV002919,CUST00735,PROD0140,4,Excellent quality,2025-08-01
REV002920,CUST00366,PROD0058,3,Highly recommended,2025-01-13
REV002921,CUST01015,PROD0276,5,Highly recommended,2025-05-22
REV002922,CUST00113,PROD0465,4,Received damaged product,2025-05-24
REV002923,CUST00772,PROD0301,3,Excellent quality,2025-03-11
REV002924,CUST01498,PROD0150,1,Value for money,2025-06-24
REV002925,CUST00323,PROD0295,3,Packaging could be better,2025-04-25
REV002926,CUST01691,PROD0232,2,Poor quality,2025-05-14
REV002927,CUST00565,PROD0449,4,Fast delivery,2025-05-08
REV002928,CUST01998,PROD0094,3,Highly recommended,2025-11-17
REV002929,CUST01570,PROD0039,5,Excellent quality,2025-06-20
REV002930,CUST00294,PROD0245,1,Average product,2025-03-14
REV002931,CUST00894,PROD0186,2,Battery backup is amazing,2025-03-19
REV002932,CUST00398,PROD0189,1,Value for money,2025-07-15
REV002933,CUST01433,PROD0136,4,Average product,2025-04-16
REV002934,CUST00862,PROD0203,5,Looks premium,2025-11-15
REV002935,CUST01902,PROD0403,1,Fast delivery,2025-03-15
REV002936,CUST01004,PROD0376,5,Battery backup is amazing,2025-10-28
REV002937,CUST00781,PROD0474,4,Battery backup is amazing,2025-02-01
REV002938,CUST00462,PROD0307,2,Looks premium,2025-08-18
REV002939,CUST01478,PROD0359,4,Worth buying,2025-09-16
REV002940,CUST00993,PROD0191,1,Value for money,2025-10-24
REV002941,CUST01574,PROD0033,2,Poor quality,2025-06-10
REV002942,CUST00335,PROD0179,4,Average product,2025-02-14
REV002943,CUST01064,PROD0060,1,Highly recommended,2025-04-02
REV002944,CUST01097,PROD0103,4,Fast delivery,2025-04-09
REV002945,CUST01094,PROD0325,3,Battery backup is amazing,2025-05-18
REV002946,CUST01634,PROD0215,1,Received damaged product,2025-06-24
REV002947,CUST00424,PROD0306,2,Highly recommended,2025-09-05
REV002948,CUST00815,PROD0222,4,Highly recommended,2025-10-06
REV002949,CUST00386,PROD0007,2,Average product,2025-10-07
REV002950,CUST01626,PROD0300,1,Poor quality,2025-08-09
REV002951,CUST01277,PROD0152,5,Average product,2025-03-10
REV002952,CUST00007,PROD0286,3,Poor quality,2025-12-19
REV002953,CUST01080,PROD0052,2,Battery backup is amazing,2025-07-15
REV002954,CUST01447,PROD0077,4,Received damaged product,2025-05-21
REV002955,CUST01830,PROD0167,1,Worth buying,2025-11-18
REV002956,CUST01503,PROD0276,3,Battery backup is amazing,2025-12-24
REV002957,CUST00758,PROD0331,3,Worth buying,2025-06-24
REV002958,CUST01494,PROD0286,1,Poor quality,2025-11-25
REV002959,CUST00467,PROD0051,1,Excellent quality,2025-08-09
REV002960,CUST00053,PROD0133,4,Poor quality,2025-03-08
REV002961,CUST00925,PROD0462,1,Value for money,2025-04-12
REV002962,CUST01436,PROD0284,4,Looks premium,2025-06-01
REV002963,CUST00311,PROD0288,5,Looks premium,2025-12-25
REV002964,CUST00566,PROD0397,1,Value for money,2025-01-26
REV002965,CUST00057,PROD0466,5,Excellent quality,2025-07-04
REV002966,CUST01431,PROD0366,5,Looks premium,2025-06-18
REV002967,CUST01666,PROD0460,5,Looks premium,2025-03-19
REV002968,CUST00899,PROD0197,3,Battery backup is amazing,2025-01-28
REV002969,CUST01755,PROD0244,2,Worth buying,2025-08-24
REV002970,CUST00458,PROD0107,1,Excellent quality,2025-11-22
REV002971,CUST01651,PROD0253,4,Packaging could be better,2025-03-04
REV002972,CUST01761,PROD0442,2,Received damaged product,2025-01-16
REV002973,CUST01851,PROD0188,5,Fast delivery,2025-12-12
REV002974,CUST00662,PROD0356,5,Received damaged product,2025-11-13
REV002975,CUST01625,PROD0082,4,Received damaged product,2025-01-01
REV002976,CUST01631,PROD0291,2,Packaging could be better,2025-02-03
REV002977,CUST01878,PROD0217,2,Excellent quality,2025-05-02
REV002978,CUST00674,PROD0339,4,Packaging could be better,2025-05-24
REV002979,CUST01018,PROD0428,1,Battery backup is amazing,2025-03-07
REV002980,CUST01958,PROD0148,2,Value for money,2025-12-16
REV002981,CUST01264,PROD0487,2,Highly recommended,2025-02-27
REV002982,CUST00412,PROD0216,5,Excellent quality,2025-06-23
REV002983,CUST00774,PROD0183,5,Looks premium,2025-08-08
REV002984,CUST00196,PROD0411,2,Battery backup is amazing,2025-09-15
REV002985,CUST01476,PROD0310,3,Received damaged product,2025-12-17
REV002986,CUST01864,PROD0439,1,Poor quality,2025-03-03
REV002987,CUST01482,PROD0401,1,Packaging could be better,2025-06-22
REV002988,CUST00229,PROD0135,4,Received damaged product,2025-08-08
REV002989,CUST00405,PROD0431,4,Value for money,2025-08-26
REV002990,CUST01545,PROD0083,4,Poor quality,2025-03-20
REV002991,CUST00139,PROD0217,2,Excellent quality,2025-04-23
REV002992,CUST01127,PROD0045,2,Packaging could be better,2025-03-16
REV002993,CUST00669,PROD0242,1,Fast delivery,2025-12-19
REV002994,CUST01172,PROD0217,2,Received damaged product,2025-10-05
REV002995,CUST01513,PROD0398,1,Value for money,2025-03-13
REV002996,CUST01876,PROD0436,2,Battery backup is amazing,2025-05-25
REV002997,CUST00347,PROD0478,5,Excellent quality,2025-08-21
REV002998,CUST00845,PROD0259,1,Looks premium,2025-12-27
REV002999,CUST01497,PROD0381,4,Received damaged product,2025-05-20
REV003000,CUST00686,PROD0327,1,Packaging could be better,2025-04-27
REV003001,CUST00677,PROD0412,1,Worth buying,2025-11-07
REV003002,CUST00011,PROD0337,4,Average product,2025-02-03
REV003003,CUST00094,PROD0110,1,Average product,2025-12-11
REV003004,CUST01677,PROD0122,3,Excellent quality,2025-01-05
REV003005,CUST00068,PROD0382,5,Highly recommended,2025-12-02
REV003006,CUST00595,PROD0491,5,Poor quality,2025-11-01
REV003007,CUST01950,PROD0464,5,Highly recommended,2025-12-11
REV003008,CUST01427,PROD0144,4,Worth buying,2025-10-05
REV003009,CUST01862,PROD0086,5,Highly recommended,2025-04-09
REV003010,CUST00593,PROD0238,2,Battery backup is amazing,2025-07-06
REV003011,CUST00426,PROD0151,5,Fast delivery,2025-01-15
REV003012,CUST00169,PROD0097,3,Packaging could be better,2025-06-03
REV003013,CUST01586,PROD0254,2,Fast delivery,2025-11-13
REV003014,CUST00231,PROD0092,4,Excellent quality,2025-06-16
REV003015,CUST01154,PROD0219,5,Average product,2025-07-17
REV003016,CUST01298,PROD0318,2,Worth buying,2025-11-18
REV003017,CUST00427,PROD0298,2,Looks premium,2025-11-18
REV003018,CUST00225,PROD0137,2,Average product,2025-02-18
REV003019,CUST00493,PROD0216,1,Value for money,2025-05-09
REV003020,CUST01400,PROD0481,4,Battery backup is amazing,2025-10-25
REV003021,CUST00090,PROD0175,5,Poor quality,2025-06-01
REV003022,CUST00453,PROD0470,5,Looks premium,2025-11-09
REV003023,CUST01314,PROD0063,3,Excellent quality,2025-01-05
REV003024,CUST00722,PROD0465,2,Looks premium,2025-04-03
REV003025,CUST01974,PROD0219,3,Received damaged product,2025-07-12
REV003026,CUST01208,PROD0446,4,Value for money,2025-04-01
REV003027,CUST01933,PROD0400,5,Value for money,2025-02-25
REV003028,CUST01077,PROD0284,1,Value for money,2025-04-07
REV003029,CUST00927,PROD0321,5,Highly recommended,2025-03-12
REV003030,CUST01512,PROD0124,2,Poor quality,2025-01-16
REV003031,CUST01404,PROD0205,1,Received damaged product,2025-07-18
REV003032,CUST01064,PROD0369,1,Average product,2025-01-21
REV003033,CUST00539,PROD0092,4,Looks premium,2025-07-25
REV003034,CUST00887,PROD0462,1,Battery backup is amazing,2025-11-18
REV003035,CUST00990,PROD0138,3,Fast delivery,2025-01-10
REV003036,CUST00460,PROD0032,5,Looks premium,2025-05-06
REV003037,CUST00793,PROD0003,4,Packaging could be better,2025-02-19
REV003038,CUST01466,PROD0372,2,Worth buying,2025-09-16
REV003039,CUST00888,PROD0284,1,Packaging could be better,2025-01-21
REV003040,CUST00738,PROD0489,5,Value for money,2025-09-26
REV003041,CUST00953,PROD0102,2,Packaging could be better,2025-04-24
REV003042,CUST00736,PROD0417,2,Average product,2025-06-23
REV003043,CUST01578,PROD0425,2,Battery backup is amazing,2025-07-01
REV003044,CUST00227,PROD0266,2,Packaging could be better,2025-12-21
REV003045,CUST01378,PROD0354,2,Worth buying,2025-05-18
REV003046,CUST01177,PROD0446,2,Value for money,2025-11-10
REV003047,CUST01301,PROD0267,5,Received damaged product,2025-02-14
REV003048,CUST00536,PROD0422,5,Fast delivery,2025-11-20
REV003049,CUST01665,PROD0310,2,Battery backup is amazing,2025-05-14
REV003050,CUST01072,PROD0302,1,Average product,2025-09-11
REV003051,CUST00843,PROD0435,5,Battery backup is amazing,2025-10-05
REV003052,CUST00376,PROD0030,1,Worth buying,2025-03-11
REV003053,CUST00485,PROD0245,4,Value for money,2025-11-25
REV003054,CUST01578,PROD0348,5,Highly recommended,2025-06-18
REV003055,CUST00838,PROD0119,1,Value for money,2025-10-21
REV003056,CUST00826,PROD0329,2,Fast delivery,2025-12-22
REV003057,CUST00427,PROD0348,3,Fast delivery,2025-07-27
REV003058,CUST01941,PROD0152,4,Excellent quality,2025-12-01
REV003059,CUST00481,PROD0153,1,Battery backup is amazing,2025-11-26
REV003060,CUST01437,PROD0393,5,Poor quality,2025-05-09
REV003061,CUST00611,PROD0015,4,Excellent quality,2025-09-11
REV003062,CUST01756,PROD0436,4,Value for money,2025-07-23
REV003063,CUST00400,PROD0294,4,Battery backup is amazing,2025-03-11
REV003064,CUST01158,PROD0342,3,Poor quality,2025-10-07
REV003065,CUST00253,PROD0109,4,Battery backup is amazing,2025-11-01
REV003066,CUST00298,PROD0255,3,Received damaged product,2025-12-06
REV003067,CUST00599,PROD0169,3,Highly recommended,2025-09-16
REV003068,CUST01778,PROD0112,3,Battery backup is amazing,2025-03-04
REV003069,CUST00190,PROD0173,1,Looks premium,2025-04-04
REV003070,CUST00332,PROD0183,1,Poor quality,2025-11-26
REV003071,CUST01324,PROD0434,4,Fast delivery,2025-05-13
REV003072,CUST00028,PROD0102,5,Worth buying,2025-09-09
REV003073,CUST01862,PROD0483,4,Looks premium,2025-07-05
REV003074,CUST01103,PROD0288,4,Battery backup is amazing,2025-01-13
REV003075,CUST00062,PROD0139,2,Looks premium,2025-08-08
REV003076,CUST00171,PROD0406,1,Worth buying,2025-08-13
REV003077,CUST00964,PROD0194,5,Packaging could be better,2025-08-25
REV003078,CUST00491,PROD0137,3,Highly recommended,2025-11-14
REV003079,CUST00647,PROD0463,2,Battery backup is amazing,2025-09-23
REV003080,CUST00563,PROD0462,4,Worth buying,2025-10-17
REV003081,CUST00086,PROD0190,4,Received damaged product,2025-07-15
REV003082,CUST00835,PROD0252,3,Packaging could be better,2025-11-06
REV003083,CUST01073,PROD0410,3,Highly recommended,2025-06-18
REV003084,CUST01198,PROD0275,1,Value for money,2025-06-05
REV003085,CUST00383,PROD0157,4,Worth buying,2025-02-16
REV003086,CUST01980,PROD0012,1,Worth buying,2025-05-26
REV003087,CUST00406,PROD0270,2,Poor quality,2025-06-20
REV003088,CUST01568,PROD0327,3,Excellent quality,2025-11-11
REV003089,CUST01245,PROD0048,5,Average product,2025-01-10
REV003090,CUST01584,PROD0085,2,Received damaged product,2025-05-22
REV003091,CUST01262,PROD0380,2,Looks premium,2025-04-28
REV003092,CUST00280,PROD0369,5,Value for money,2025-07-01
REV003093,CUST00951,PROD0229,4,Value for money,2025-06-27
REV003094,CUST00825,PROD0288,5,Fast delivery,2025-12-12
REV003095,CUST01736,PROD0411,4,Received damaged product,2025-03-18
REV003096,CUST00015,PROD0320,3,Value for money,2025-11-10
REV003097,CUST00918,PROD0038,5,Received damaged product,2025-08-24
REV003098,CUST00432,PROD0287,4,Battery backup is amazing,2025-12-03
REV003099,CUST00099,PROD0335,1,Fast delivery,2025-05-16
REV003100,CUST00763,PROD0447,1,Fast delivery,2025-06-06
REV003101,CUST01059,PROD0257,5,Received damaged product,2025-03-16
REV003102,CUST01044,PROD0317,4,Fast delivery,2025-01-04
REV003103,CUST00104,PROD0131,1,Average product,2025-12-02
REV003104,CUST00023,PROD0089,3,Average product,2025-03-25
REV003105,CUST01397,PROD0182,5,Looks premium,2025-06-18
REV003106,CUST00158,PROD0172,2,Highly recommended,2025-09-14
REV003107,CUST01803,PROD0127,5,Worth buying,2025-10-26
REV003108,CUST00425,PROD0316,4,Fast delivery,2025-10-10
REV003109,CUST01912,PROD0115,3,Packaging could be better,2025-05-08
REV003110,CUST01064,PROD0198,4,Looks premium,2025-04-18
REV003111,CUST00044,PROD0178,4,Battery backup is amazing,2025-01-04
REV003112,CUST00746,PROD0106,3,Poor quality,2025-05-25
REV003113,CUST01675,PROD0470,1,Looks premium,2025-07-28
REV003114,CUST01537,PROD0340,2,Average product,2025-09-12
REV003115,CUST01039,PROD0023,2,Looks premium,2025-06-22
REV003116,CUST01515,PROD0376,5,Average product,2025-07-20
REV003117,CUST00422,PROD0342,3,Value for money,2025-08-28
REV003118,CUST01117,PROD0188,2,Fast delivery,2025-02-01
REV003119,CUST01748,PROD0121,1,Poor quality,2025-08-02
REV003120,CUST01650,PROD0379,5,Packaging could be better,2025-06-10
REV003121,CUST01424,PROD0172,5,Received damaged product,2025-08-02
REV003122,CUST01184,PROD0457,1,Value for money,2025-04-12
REV003123,CUST00899,PROD0244,4,Looks premium,2025-12-10
REV003124,CUST01218,PROD0465,3,Looks premium,2025-04-08
REV003125,CUST01277,PROD0265,1,Looks premium,2025-08-09
REV003126,CUST01254,PROD0430,2,Fast delivery,2025-01-28
REV003127,CUST00289,PROD0432,4,Worth buying,2025-10-02
REV003128,CUST01385,PROD0002,5,Packaging could be better,2025-06-16
REV003129,CUST01656,PROD0279,4,Packaging could be better,2025-02-04
REV003130,CUST01413,PROD0390,4,Packaging could be better,2025-12-07
REV003131,CUST00224,PROD0053,4,Fast delivery,2025-02-12
REV003132,CUST01735,PROD0106,1,Average product,2025-11-02
REV003133,CUST01002,PROD0299,1,Packaging could be better,2025-09-01
REV003134,CUST01883,PROD0434,3,Battery backup is amazing,2025-07-13
REV003135,CUST00224,PROD0352,4,Packaging could be better,2025-12-12
REV003136,CUST01499,PROD0226,3,Received damaged product,2025-07-20
REV003137,CUST01317,PROD0146,3,Value for money,2025-04-11
REV003138,CUST01724,PROD0160,4,Packaging could be better,2025-02-04
REV003139,CUST00761,PROD0002,4,Battery backup is amazing,2025-07-06
REV003140,CUST01124,PROD0431,3,Worth buying,2025-10-15
REV003141,CUST00694,PROD0291,4,Excellent quality,2025-07-23
REV003142,CUST01588,PROD0222,2,Battery backup is amazing,2025-07-03
REV003143,CUST00008,PROD0399,4,Value for money,2025-10-03
REV003144,CUST00775,PROD0099,3,Value for money,2025-02-20
REV003145,CUST00747,PROD0325,2,Received damaged product,2025-05-22
REV003146,CUST00825,PROD0257,3,Excellent quality,2025-11-22
REV003147,CUST00190,PROD0373,3,Value for money,2025-07-14
REV003148,CUST01506,PROD0127,5,Worth buying,2025-12-07
REV003149,CUST01377,PROD0190,4,Fast delivery,2025-11-21
REV003150,CUST00123,PROD0374,4,Average product,2025-03-20
REV003151,CUST01474,PROD0290,1,Value for money,2025-02-18
REV003152,CUST01416,PROD0064,2,Packaging could be better,2025-07-16
REV003153,CUST01151,PROD0387,1,Value for money,2025-02-18
REV003154,CUST01131,PROD0036,4,Fast delivery,2025-08-08
REV003155,CUST00674,PROD0032,4,Excellent quality,2025-10-04
REV003156,CUST00991,PROD0118,5,Highly recommended,2025-08-10
REV003157,CUST00243,PROD0289,2,Average product,2025-03-04
REV003158,CUST00281,PROD0243,5,Worth buying,2025-04-13
REV003159,CUST01459,PROD0133,1,Highly recommended,2025-12-11
REV003160,CUST01722,PROD0380,1,Packaging could be better,2025-08-22
REV003161,CUST01276,PROD0457,4,Highly recommended,2025-05-17
REV003162,CUST01909,PROD0333,5,Value for money,2025-09-10
REV003163,CUST01271,PROD0246,5,Average product,2025-06-09
REV003164,CUST00568,PROD0461,3,Highly recommended,2025-06-02
REV003165,CUST01574,PROD0149,5,Received damaged product,2025-12-02
REV003166,CUST01867,PROD0347,5,Poor quality,2025-06-21
REV003167,CUST01875,PROD0397,2,Looks premium,2025-11-18
REV003168,CUST00801,PROD0481,2,Value for money,2025-02-26
REV003169,CUST00647,PROD0324,1,Poor quality,2025-07-07
REV003170,CUST00156,PROD0169,5,Looks premium,2025-11-22
REV003171,CUST01577,PROD0320,1,Fast delivery,2025-02-23
REV003172,CUST00079,PROD0348,1,Value for money,2025-11-20
REV003173,CUST01632,PROD0150,3,Fast delivery,2025-10-26
REV003174,CUST01592,PROD0212,4,Received damaged product,2025-09-07
REV003175,CUST01886,PROD0157,5,Looks premium,2025-04-02
REV003176,CUST00991,PROD0313,1,Highly recommended,2025-04-12
REV003177,CUST00743,PROD0020,3,Poor quality,2025-02-09
REV003178,CUST00265,PROD0292,2,Value for money,2025-11-12
REV003179,CUST01278,PROD0483,3,Received damaged product,2025-03-04
REV003180,CUST01955,PROD0299,3,Battery backup is amazing,2025-11-09
REV003181,CUST00289,PROD0465,2,Value for money,2025-11-28
REV003182,CUST01067,PROD0002,2,Fast delivery,2025-08-04
REV003183,CUST00375,PROD0376,2,Received damaged product,2025-09-11
REV003184,CUST01865,PROD0250,3,Value for money,2025-09-06
REV003185,CUST00282,PROD0203,4,Received damaged product,2025-10-07
REV003186,CUST00044,PROD0292,5,Poor quality,2025-11-24
REV003187,CUST01679,PROD0136,5,Packaging could be better,2025-10-25
REV003188,CUST01737,PROD0287,2,Highly recommended,2025-02-24
REV003189,CUST00627,PROD0064,4,Poor quality,2025-02-24
REV003190,CUST01111,PROD0369,5,Worth buying,2025-03-06
REV003191,CUST00450,PROD0449,1,Average product,2025-07-09
REV003192,CUST00556,PROD0450,4,Poor quality,2025-09-07
REV003193,CUST00067,PROD0482,1,Poor quality,2025-03-16
REV003194,CUST01189,PROD0138,1,Packaging could be better,2025-07-23
REV003195,CUST00523,PROD0240,4,Average product,2025-07-19
REV003196,CUST00382,PROD0248,5,Average product,2025-08-02
REV003197,CUST01236,PROD0061,2,Fast delivery,2025-11-26
REV003198,CUST00646,PROD0380,1,Excellent quality,2025-11-14
REV003199,CUST00443,PROD0175,2,Value for money,2025-10-21
REV003200,CUST00106,PROD0450,3,Looks premium,2025-07-11
REV003201,CUST00004,PROD0170,2,Looks premium,2025-12-24
REV003202,CUST00716,PROD0067,3,Value for money,2025-01-11
REV003203,CUST00769,PROD0036,5,Average product,2025-10-18
REV003204,CUST00264,PROD0232,4,Looks premium,2025-01-05
REV003205,CUST00942,PROD0152,5,Packaging could be better,2025-08-16
REV003206,CUST00050,PROD0036,2,Highly recommended,2025-12-20
REV003207,CUST01352,PROD0095,4,Excellent quality,2025-03-13
REV003208,CUST01330,PROD0165,5,Highly recommended,2025-08-21
REV003209,CUST00483,PROD0480,2,Fast delivery,2025-08-23
REV003210,CUST01963,PROD0027,4,Packaging could be better,2025-05-09
REV003211,CUST00728,PROD0139,2,Highly recommended,2025-09-17
REV003212,CUST01470,PROD0158,1,Looks premium,2025-01-02
REV003213,CUST01113,PROD0377,5,Received damaged product,2025-04-01
REV003214,CUST00313,PROD0286,5,Packaging could be better,2025-09-28
REV003215,CUST01839,PROD0375,1,Looks premium,2025-04-25
REV003216,CUST00136,PROD0174,2,Value for money,2025-01-11
REV003217,CUST00715,PROD0418,3,Looks premium,2025-05-09
REV003218,CUST00724,PROD0168,2,Average product,2025-06-27
REV003219,CUST00267,PROD0490,2,Excellent quality,2025-04-23
REV003220,CUST00172,PROD0442,4,Worth buying,2025-01-04
REV003221,CUST00551,PROD0302,5,Highly recommended,2025-12-06
REV003222,CUST01029,PROD0187,3,Worth buying,2025-10-16
REV003223,CUST00130,PROD0495,3,Excellent quality,2025-10-01
REV003224,CUST00508,PROD0164,5,Highly recommended,2025-11-24
REV003225,CUST00557,PROD0178,2,Battery backup is amazing,2025-10-08
REV003226,CUST00132,PROD0381,5,Excellent quality,2025-06-03
REV003227,CUST01400,PROD0319,4,Worth buying,2025-10-04
REV003228,CUST00081,PROD0328,1,Worth buying,2025-05-22
REV003229,CUST01453,PROD0001,3,Looks premium,2025-05-09
REV003230,CUST00644,PROD0174,4,Value for money,2025-01-09
REV003231,CUST00976,PROD0436,1,Looks premium,2025-06-05
REV003232,CUST01384,PROD0127,3,Value for money,2025-03-22
REV003233,CUST00649,PROD0478,2,Worth buying,2025-05-13
REV003234,CUST01018,PROD0321,2,Worth buying,2025-01-01
REV003235,CUST00171,PROD0192,1,Looks premium,2025-04-05
REV003236,CUST00883,PROD0480,3,Looks premium,2025-06-21
REV003237,CUST01115,PROD0001,5,Excellent quality,2025-04-14
REV003238,CUST01231,PROD0345,4,Worth buying,2025-07-21
REV003239,CUST01593,PROD0109,4,Battery backup is amazing,2025-04-05
REV003240,CUST00538,PROD0238,1,Excellent quality,2025-09-04
REV003241,CUST01135,PROD0189,3,Value for money,2025-04-05
REV003242,CUST01927,PROD0253,2,Fast delivery,2025-12-11
REV003243,CUST01561,PROD0065,1,Looks premium,2025-12-20
REV003244,CUST00687,PROD0260,2,Received damaged product,2025-02-08
REV003245,CUST00905,PROD0041,1,Looks premium,2025-03-05
REV003246,CUST01092,PROD0318,3,Packaging could be better,2025-09-19
REV003247,CUST00605,PROD0142,4,Value for money,2025-11-15
REV003248,CUST00978,PROD0144,5,Average product,2025-08-20
REV003249,CUST01484,PROD0255,1,Received damaged product,2025-12-03
REV003250,CUST00821,PROD0099,1,Looks premium,2025-04-20
REV003251,CUST01922,PROD0007,1,Packaging could be better,2025-05-01
REV003252,CUST00390,PROD0224,2,Excellent quality,2025-09-02
REV003253,CUST01098,PROD0212,4,Highly recommended,2025-06-18
REV003254,CUST01225,PROD0372,2,Value for money,2025-05-12
REV003255,CUST00309,PROD0158,5,Excellent quality,2025-09-02
REV003256,CUST01817,PROD0218,2,Highly recommended,2025-01-10
REV003257,CUST01175,PROD0362,3,Fast delivery,2025-09-01
REV003258,CUST01081,PROD0457,4,Highly recommended,2025-06-20
REV003259,CUST00212,PROD0201,5,Highly recommended,2025-08-17
REV003260,CUST01744,PROD0211,5,Average product,2025-02-24
REV003261,CUST00299,PROD0148,1,Highly recommended,2025-12-06
REV003262,CUST01947,PROD0038,5,Highly recommended,2025-11-18
REV003263,CUST01102,PROD0014,4,Fast delivery,2025-03-17
REV003264,CUST01693,PROD0214,4,Battery backup is amazing,2025-08-25
REV003265,CUST01165,PROD0191,1,Fast delivery,2025-02-21
REV003266,CUST01945,PROD0075,4,Fast delivery,2025-10-18
REV003267,CUST00451,PROD0412,5,Highly recommended,2025-05-08
REV003268,CUST00224,PROD0181,5,Looks premium,2025-10-26
REV003269,CUST00696,PROD0076,3,Excellent quality,2025-12-07
REV003270,CUST01734,PROD0134,4,Poor quality,2025-02-21
REV003271,CUST00058,PROD0492,3,Looks premium,2025-04-11
REV003272,CUST00323,PROD0054,3,Value for money,2025-02-05
REV003273,CUST00117,PROD0481,4,Looks premium,2025-10-19
REV003274,CUST01845,PROD0462,2,Worth buying,2025-09-04
REV003275,CUST00036,PROD0101,3,Fast delivery,2025-07-17
REV003276,CUST00966,PROD0395,2,Looks premium,2025-10-14
REV003277,CUST01412,PROD0207,5,Poor quality,2025-03-07
REV003278,CUST01681,PROD0468,1,Fast delivery,2025-02-08
REV003279,CUST00831,PROD0286,3,Battery backup is amazing,2025-07-09
REV003280,CUST00055,PROD0115,2,Highly recommended,2025-06-05
REV003281,CUST01023,PROD0384,2,Received damaged product,2025-02-16
REV003282,CUST01366,PROD0077,1,Worth buying,2025-07-23
REV003283,CUST00922,PROD0384,3,Average product,2025-12-15
REV003284,CUST01087,PROD0360,2,Received damaged product,2025-05-07
REV003285,CUST01084,PROD0191,1,Highly recommended,2025-02-04
REV003286,CUST00496,PROD0314,1,Highly recommended,2025-02-03
REV003287,CUST01729,PROD0339,3,Poor quality,2025-11-20
REV003288,CUST01725,PROD0424,3,Highly recommended,2025-03-15
REV003289,CUST00107,PROD0186,5,Excellent quality,2025-12-02
REV003290,CUST00230,PROD0177,3,Packaging could be better,2025-03-25
REV003291,CUST00219,PROD0133,2,Looks premium,2025-02-20
REV003292,CUST01093,PROD0031,2,Worth buying,2025-11-03
REV003293,CUST00998,PROD0496,4,Highly recommended,2025-09-08
REV003294,CUST01594,PROD0429,3,Value for money,2025-11-17
REV003295,CUST00119,PROD0271,5,Received damaged product,2025-08-06
REV003296,CUST00817,PROD0290,5,Excellent quality,2025-07-09
REV003297,CUST00525,PROD0185,3,Packaging could be better,2025-08-09
REV003298,CUST00741,PROD0068,2,Looks premium,2025-09-21
REV003299,CUST00796,PROD0187,2,Fast delivery,2025-01-11
REV003300,CUST00244,PROD0479,1,Value for money,2025-01-28
REV003301,CUST01636,PROD0322,2,Highly recommended,2025-11-09
REV003302,CUST00950,PROD0369,1,Received damaged product,2025-06-12
REV003303,CUST01701,PROD0129,3,Worth buying,2025-08-10
REV003304,CUST01978,PROD0383,4,Value for money,2025-09-08
REV003305,CUST00104,PROD0219,5,Excellent quality,2025-05-14
REV003306,CUST01240,PROD0119,1,Average product,2025-02-26
REV003307,CUST00772,PROD0117,5,Received damaged product,2025-05-25
REV003308,CUST01600,PROD0221,4,Fast delivery,2025-10-22
REV003309,CUST01652,PROD0158,2,Excellent quality,2025-08-27
REV003310,CUST01715,PROD0017,3,Highly recommended,2025-04-12
REV003311,CUST01942,PROD0127,1,Poor quality,2025-08-08
REV003312,CUST01100,PROD0157,3,Average product,2025-01-25
REV003313,CUST01990,PROD0257,3,Looks premium,2025-10-11
REV003314,CUST00041,PROD0315,1,Worth buying,2025-07-01
REV003315,CUST01332,PROD0101,3,Worth buying,2025-10-10
REV003316,CUST01160,PROD0151,5,Worth buying,2025-03-24
REV003317,CUST00113,PROD0076,5,Highly recommended,2025-11-10
REV003318,CUST01468,PROD0312,5,Battery backup is amazing,2025-12-16
REV003319,CUST00471,PROD0187,2,Packaging could be better,2025-02-07
REV003320,CUST01712,PROD0346,2,Packaging could be better,2025-05-21
REV003321,CUST01482,PROD0271,5,Fast delivery,2025-01-19
REV003322,CUST01843,PROD0092,2,Highly recommended,2025-03-26
REV003323,CUST00176,PROD0036,1,Received damaged product,2025-12-23
REV003324,CUST00129,PROD0243,4,Highly recommended,2025-09-11
REV003325,CUST00238,PROD0461,1,Highly recommended,2025-12-07
REV003326,CUST00976,PROD0335,2,Battery backup is amazing,2025-07-22
REV003327,CUST01246,PROD0154,2,Fast delivery,2025-04-13
REV003328,CUST01518,PROD0448,3,Received damaged product,2025-04-01
REV003329,CUST01447,PROD0493,3,Received damaged product,2025-02-26
REV003330,CUST01494,PROD0115,2,Average product,2025-03-15
REV003331,CUST01584,PROD0246,4,Battery backup is amazing,2025-02-03
REV003332,CUST01031,PROD0342,4,Highly recommended,2025-04-19
REV003333,CUST00677,PROD0261,4,Received damaged product,2025-01-19
REV003334,CUST01456,PROD0373,2,Average product,2025-04-16
REV003335,CUST00346,PROD0425,2,Poor quality,2025-05-02
REV003336,CUST01706,PROD0392,5,Worth buying,2025-01-09
REV003337,CUST00806,PROD0371,3,Looks premium,2025-12-10
REV003338,CUST00906,PROD0406,3,Poor quality,2025-11-19
REV003339,CUST00091,PROD0418,3,Poor quality,2025-06-26
REV003340,CUST01129,PROD0276,4,Packaging could be better,2025-03-26
REV003341,CUST01184,PROD0219,1,Fast delivery,2025-09-20
REV003342,CUST01948,PROD0342,3,Highly recommended,2025-07-14
REV003343,CUST01738,PROD0016,5,Packaging could be better,2025-10-27
REV003344,CUST00716,PROD0469,1,Packaging could be better,2025-05-23
REV003345,CUST01263,PROD0299,3,Received damaged product,2025-03-01
REV003346,CUST01917,PROD0125,5,Average product,2025-02-09
REV003347,CUST01578,PROD0104,1,Average product,2025-06-02
REV003348,CUST00056,PROD0226,1,Worth buying,2025-02-17
REV003349,CUST01307,PROD0493,3,Battery backup is amazing,2025-07-27
REV003350,CUST00594,PROD0345,4,Value for money,2025-07-02
REV003351,CUST01025,PROD0293,1,Value for money,2025-11-19
REV003352,CUST01760,PROD0375,3,Average product,2025-07-21
REV003353,CUST00147,PROD0212,5,Worth buying,2025-12-03
REV003354,CUST00425,PROD0295,5,Battery backup is amazing,2025-07-08
REV003355,CUST01162,PROD0391,2,Worth buying,2025-07-13
REV003356,CUST00393,PROD0075,4,Poor quality,2025-07-14
REV003357,CUST00424,PROD0285,1,Battery backup is amazing,2025-06-07
REV003358,CUST00011,PROD0120,3,Poor quality,2025-09-07
REV003359,CUST01556,PROD0218,3,Battery backup is amazing,2025-02-22
REV003360,CUST00538,PROD0320,2,Average product,2025-11-22
REV003361,CUST01610,PROD0391,2,Highly recommended,2025-03-26
REV003362,CUST01014,PROD0473,4,Highly recommended,2025-07-26
REV003363,CUST00697,PROD0313,3,Poor quality,2025-01-19
REV003364,CUST01519,PROD0292,5,Looks premium,2025-03-06
REV003365,CUST01074,PROD0134,1,Received damaged product,2025-06-12
REV003366,CUST01090,PROD0160,4,Received damaged product,2025-10-17
REV003367,CUST01356,PROD0012,2,Received damaged product,2025-07-13
REV003368,CUST00726,PROD0235,2,Excellent quality,2025-10-18
REV003369,CUST01443,PROD0302,3,Battery backup is amazing,2025-09-27
REV003370,CUST00648,PROD0072,5,Poor quality,2025-07-02
REV003371,CUST01720,PROD0392,1,Average product,2025-01-20
REV003372,CUST01431,PROD0198,5,Received damaged product,2025-12-26
REV003373,CUST01618,PROD0140,5,Average product,2025-04-28
REV003374,CUST01533,PROD0229,3,Received damaged product,2025-02-27
REV003375,CUST00769,PROD0417,3,Fast delivery,2025-05-09
REV003376,CUST00448,PROD0293,4,Battery backup is amazing,2025-06-23
REV003377,CUST00251,PROD0051,1,Packaging could be better,2025-10-02
REV003378,CUST00931,PROD0387,2,Packaging could be better,2025-11-21
REV003379,CUST00759,PROD0382,3,Highly recommended,2025-12-12
REV003380,CUST01917,PROD0213,5,Highly recommended,2025-06-26
REV003381,CUST01854,PROD0470,2,Worth buying,2025-01-27
REV003382,CUST00183,PROD0467,2,Looks premium,2025-01-20
REV003383,CUST00907,PROD0005,5,Highly recommended,2025-08-08
REV003384,CUST00705,PROD0147,5,Highly recommended,2025-12-11
REV003385,CUST00514,PROD0159,2,Average product,2025-03-02
REV003386,CUST01016,PROD0052,4,Fast delivery,2025-07-05
REV003387,CUST00902,PROD0051,2,Average product,2025-06-20
REV003388,CUST00513,PROD0037,3,Received damaged product,2025-05-13
REV003389,CUST01347,PROD0483,3,Looks premium,2025-11-21
REV003390,CUST01844,PROD0351,1,Value for money,2025-02-26
REV003391,CUST01303,PROD0240,2,Received damaged product,2025-07-17
REV003392,CUST01894,PROD0037,5,Average product,2025-02-22
REV003393,CUST01583,PROD0476,4,Highly recommended,2025-05-10
REV003394,CUST00292,PROD0400,5,Excellent quality,2025-11-16
REV003395,CUST00523,PROD0395,4,Battery backup is amazing,2025-01-13
REV003396,CUST00157,PROD0497,2,Packaging could be better,2025-09-11
REV003397,CUST00423,PROD0164,3,Highly recommended,2025-01-26
REV003398,CUST01341,PROD0329,3,Value for money,2025-06-26
REV003399,CUST00295,PROD0125,4,Excellent quality,2025-07-10
REV003400,CUST00264,PROD0211,4,Looks premium,2025-10-17
REV003401,CUST01525,PROD0163,1,Received damaged product,2025-05-16
REV003402,CUST01319,PROD0495,4,Highly recommended,2025-02-19
REV003403,CUST01385,PROD0227,1,Excellent quality,2025-09-02
REV003404,CUST01423,PROD0437,1,Worth buying,2025-10-17
REV003405,CUST00070,PROD0415,1,Value for money,2025-10-09
REV003406,CUST01770,PROD0434,2,Battery backup is amazing,2025-10-07
REV003407,CUST01731,PROD0304,2,Average product,2025-06-21
REV003408,CUST00430,PROD0289,1,Excellent quality,2025-10-21
REV003409,CUST00656,PROD0068,5,Received damaged product,2025-05-06
REV003410,CUST01055,PROD0051,3,Worth buying,2025-01-15
REV003411,CUST00776,PROD0305,1,Average product,2025-02-24
REV003412,CUST00255,PROD0193,4,Worth buying,2025-06-22
REV003413,CUST01922,PROD0292,2,Looks premium,2025-10-07
REV003414,CUST01364,PROD0312,3,Excellent quality,2025-06-01
REV003415,CUST01657,PROD0454,1,Excellent quality,2025-04-11
REV003416,CUST00450,PROD0123,3,Fast delivery,2025-02-15
REV003417,CUST01622,PROD0470,3,Received damaged product,2025-02-11
REV003418,CUST00025,PROD0420,4,Fast delivery,2025-02-12
REV003419,CUST01011,PROD0209,4,Packaging could be better,2025-10-09
REV003420,CUST01918,PROD0068,4,Fast delivery,2025-04-16
REV003421,CUST01727,PROD0294,3,Battery backup is amazing,2025-02-05
REV003422,CUST01967,PROD0473,5,Fast delivery,2025-04-27
REV003423,CUST00458,PROD0419,3,Highly recommended,2025-02-01
REV003424,CUST00832,PROD0061,2,Average product,2025-05-14
REV003425,CUST01522,PROD0244,1,Highly recommended,2025-09-18
REV003426,CUST01732,PROD0486,3,Poor quality,2025-06-05
REV003427,CUST01124,PROD0474,5,Poor quality,2025-05-17
REV003428,CUST00241,PROD0155,5,Poor quality,2025-02-04
REV003429,CUST00221,PROD0403,1,Battery backup is amazing,2025-12-14
REV003430,CUST01215,PROD0029,4,Poor quality,2025-07-19
REV003431,CUST00471,PROD0145,4,Worth buying,2025-12-22
REV003432,CUST00018,PROD0181,5,Value for money,2025-11-26
REV003433,CUST01244,PROD0487,3,Average product,2025-01-24
REV003434,CUST00992,PROD0005,3,Worth buying,2025-02-25
REV003435,CUST00598,PROD0268,4,Battery backup is amazing,2025-07-15
REV003436,CUST00150,PROD0238,2,Poor quality,2025-09-26
REV003437,CUST01526,PROD0493,2,Received damaged product,2025-12-22
REV003438,CUST00493,PROD0004,3,Looks premium,2025-10-14
REV003439,CUST01803,PROD0102,1,Packaging could be better,2025-09-03
REV003440,CUST00996,PROD0036,2,Average product,2025-02-08
REV003441,CUST00214,PROD0471,4,Battery backup is amazing,2025-04-28
REV003442,CUST01249,PROD0382,1,Average product,2025-04-21
REV003443,CUST00015,PROD0169,4,Battery backup is amazing,2025-10-08
REV003444,CUST00442,PROD0062,1,Excellent quality,2025-04-03
REV003445,CUST00240,PROD0102,1,Packaging could be better,2025-04-12
REV003446,CUST00625,PROD0305,5,Fast delivery,2025-01-21
REV003447,CUST00805,PROD0381,2,Worth buying,2025-10-08
REV003448,CUST01195,PROD0203,3,Average product,2025-04-12
REV003449,CUST01156,PROD0339,5,Value for money,2025-05-24
REV003450,CUST01534,PROD0489,2,Packaging could be better,2025-05-26
REV003451,CUST01458,PROD0223,5,Looks premium,2025-05-18
REV003452,CUST00676,PROD0406,4,Packaging could be better,2025-02-09
REV003453,CUST00936,PROD0244,5,Received damaged product,2025-07-19
REV003454,CUST01713,PROD0206,3,Average product,2025-07-08
REV003455,CUST00663,PROD0175,3,Packaging could be better,2025-08-27
REV003456,CUST01088,PROD0148,4,Worth buying,2025-10-02
REV003457,CUST00871,PROD0477,4,Excellent quality,2025-08-11
REV003458,CUST00775,PROD0175,2,Packaging could be better,2025-04-06
REV003459,CUST00050,PROD0342,4,Looks premium,2025-11-08
REV003460,CUST01943,PROD0475,2,Battery backup is amazing,2025-12-10
REV003461,CUST00754,PROD0061,3,Excellent quality,2025-03-08
REV003462,CUST01249,PROD0306,4,Looks premium,2025-06-27
REV003463,CUST01053,PROD0331,4,Fast delivery,2025-04-06
REV003464,CUST00394,PROD0412,2,Highly recommended,2025-07-17
REV003465,CUST01271,PROD0019,2,Packaging could be better,2025-08-27
REV003466,CUST00175,PROD0322,4,Looks premium,2025-04-13
REV003467,CUST01743,PROD0493,3,Received damaged product,2025-09-07
REV003468,CUST01364,PROD0427,1,Highly recommended,2025-06-03
REV003469,CUST00950,PROD0308,2,Worth buying,2025-05-06
REV003470,CUST00510,PROD0113,4,Packaging could be better,2025-02-04
REV003471,CUST00878,PROD0183,4,Looks premium,2025-06-23
REV003472,CUST00979,PROD0434,1,Poor quality,2025-01-24
REV003473,CUST01067,PROD0151,2,Battery backup is amazing,2025-05-01
REV003474,CUST00944,PROD0223,3,Highly recommended,2025-07-22
REV003475,CUST00138,PROD0198,3,Excellent quality,2025-09-10
REV003476,CUST01708,PROD0122,2,Worth buying,2025-02-28
REV003477,CUST00830,PROD0444,3,Excellent quality,2025-02-19
REV003478,CUST01747,PROD0091,3,Highly recommended,2025-09-18
REV003479,CUST00237,PROD0219,5,Battery backup is amazing,2025-05-27
REV003480,CUST01759,PROD0151,1,Highly recommended,2025-02-08
REV003481,CUST00288,PROD0315,4,Highly recommended,2025-12-04
REV003482,CUST00695,PROD0295,2,Value for money,2025-01-10
REV003483,CUST01605,PROD0278,5,Poor quality,2025-11-16
REV003484,CUST01762,PROD0494,3,Highly recommended,2025-02-08
REV003485,CUST00663,PROD0431,2,Value for money,2025-04-21
REV003486,CUST00001,PROD0375,5,Value for money,2025-04-03
REV003487,CUST00941,PROD0294,1,Poor quality,2025-05-18
REV003488,CUST01547,PROD0138,3,Highly recommended,2025-10-10
REV003489,CUST01253,PROD0486,3,Fast delivery,2025-04-14
REV003490,CUST01421,PROD0322,5,Fast delivery,2025-06-15
REV003491,CUST01421,PROD0056,4,Fast delivery,2025-06-21
REV003492,CUST00519,PROD0483,3,Packaging could be better,2025-11-10
REV003493,CUST00026,PROD0123,3,Received damaged product,2025-04-09
REV003494,CUST01524,PROD0471,5,Received damaged product,2025-06-22
REV003495,CUST01941,PROD0281,1,Excellent quality,2025-05-01
REV003496,CUST00726,PROD0200,3,Fast delivery,2025-04-06
REV003497,CUST01161,PROD0176,1,Battery backup is amazing,2025-08-08
REV003498,CUST00381,PROD0070,3,Poor quality,2025-01-12
REV003499,CUST01967,PROD0109,2,Looks premium,2025-02-04
REV003500,CUST00865,PROD0176,2,Value for money,2025-04-26
REV003501,CUST01249,PROD0293,4,Average product,2025-08-23
REV003502,CUST01191,PROD0426,3,Highly recommended,2025-04-21
REV003503,CUST01954,PROD0221,3,Highly recommended,2025-05-12
REV003504,CUST01471,PROD0500,4,Packaging could be better,2025-11-27
REV003505,CUST00899,PROD0036,3,Battery backup is amazing,2025-10-02
REV003506,CUST00715,PROD0339,3,Value for money,2025-08-01
REV003507,CUST01992,PROD0257,2,Excellent quality,2025-09-13
REV003508,CUST00311,PROD0371,4,Poor quality,2025-08-25
REV003509,CUST00401,PROD0358,3,Excellent quality,2025-07-23
REV003510,CUST01600,PROD0242,5,Value for money,2025-03-08
REV003511,CUST01811,PROD0287,4,Looks premium,2025-08-06
REV003512,CUST00798,PROD0311,4,Fast delivery,2025-01-04
REV003513,CUST01841,PROD0370,2,Packaging could be better,2025-11-25
REV003514,CUST00190,PROD0407,1,Fast delivery,2025-12-13
REV003515,CUST01733,PROD0207,4,Poor quality,2025-12-21
REV003516,CUST01042,PROD0459,4,Excellent quality,2025-06-21
REV003517,CUST00135,PROD0449,5,Highly recommended,2025-04-22
REV003518,CUST01997,PROD0442,5,Received damaged product,2025-06-17
REV003519,CUST01066,PROD0480,5,Battery backup is amazing,2025-08-06
REV003520,CUST00697,PROD0430,3,Average product,2025-05-13
REV003521,CUST01829,PROD0127,2,Value for money,2025-09-23
REV003522,CUST00689,PROD0308,2,Highly recommended,2025-02-06
REV003523,CUST01732,PROD0300,2,Excellent quality,2025-08-12
REV003524,CUST01690,PROD0423,1,Battery backup is amazing,2025-06-11
REV003525,CUST00399,PROD0385,5,Highly recommended,2025-06-16
REV003526,CUST01101,PROD0234,4,Worth buying,2025-05-09
REV003527,CUST01780,PROD0279,3,Received damaged product,2025-09-02
REV003528,CUST01454,PROD0110,5,Worth buying,2025-07-20
REV003529,CUST01812,PROD0474,5,Average product,2025-10-15
REV003530,CUST01804,PROD0398,2,Highly recommended,2025-06-09
REV003531,CUST01783,PROD0174,5,Fast delivery,2025-03-21
REV003532,CUST00824,PROD0247,2,Poor quality,2025-01-14
REV003533,CUST00154,PROD0096,2,Worth buying,2025-11-15
REV003534,CUST01396,PROD0457,4,Worth buying,2025-04-20
REV003535,CUST01841,PROD0365,5,Fast delivery,2025-08-04
REV003536,CUST00203,PROD0434,4,Worth buying,2025-04-25
REV003537,CUST01648,PROD0430,5,Value for money,2025-01-15
REV003538,CUST01993,PROD0093,5,Poor quality,2025-11-06
REV003539,CUST00948,PROD0497,2,Value for money,2025-10-10
REV003540,CUST01081,PROD0163,3,Value for money,2025-08-25
REV003541,CUST00091,PROD0139,3,Looks premium,2025-07-06
REV003542,CUST01444,PROD0347,1,Packaging could be better,2025-06-26
REV003543,CUST00001,PROD0161,1,Highly recommended,2025-09-12
REV003544,CUST01625,PROD0485,3,Excellent quality,2025-12-05
REV003545,CUST01523,PROD0187,3,Fast delivery,2025-04-04
REV003546,CUST00969,PROD0446,5,Worth buying,2025-04-04
REV003547,CUST01271,PROD0056,3,Worth buying,2025-11-15
REV003548,CUST01199,PROD0018,5,Highly recommended,2025-06-11
REV003549,CUST01991,PROD0299,2,Value for money,2025-02-28
REV003550,CUST00265,PROD0157,1,Highly recommended,2025-10-10
REV003551,CUST00862,PROD0185,1,Received damaged product,2025-01-20
REV003552,CUST00845,PROD0129,4,Looks premium,2025-12-20
REV003553,CUST00982,PROD0130,3,Value for money,2025-09-05
REV003554,CUST01184,PROD0444,1,Fast delivery,2025-08-17
REV003555,CUST01386,PROD0285,3,Average product,2025-05-27
REV003556,CUST01376,PROD0268,4,Excellent quality,2025-03-28
REV003557,CUST00782,PROD0145,5,Received damaged product,2025-11-10
REV003558,CUST01883,PROD0495,4,Looks premium,2025-09-05
REV003559,CUST00258,PROD0105,5,Looks premium,2025-01-09
REV003560,CUST00885,PROD0493,4,Average product,2025-07-17
REV003561,CUST00900,PROD0428,4,Received damaged product,2025-08-06
REV003562,CUST00399,PROD0235,1,Looks premium,2025-04-15
REV003563,CUST00498,PROD0137,5,Received damaged product,2025-03-02
REV003564,CUST00972,PROD0127,2,Average product,2025-07-08
REV003565,CUST00785,PROD0367,4,Looks premium,2025-09-17
REV003566,CUST01303,PROD0288,4,Fast delivery,2025-03-09
REV003567,CUST01005,PROD0500,1,Worth buying,2025-06-21
REV003568,CUST01120,PROD0282,1,Highly recommended,2025-10-09
REV003569,CUST01950,PROD0432,5,Average product,2025-04-08
REV003570,CUST01144,PROD0426,2,Looks premium,2025-04-19
REV003571,CUST00665,PROD0455,4,Poor quality,2025-09-19
REV003572,CUST00918,PROD0423,1,Excellent quality,2025-09-12
REV003573,CUST00442,PROD0107,2,Looks premium,2025-03-01
REV003574,CUST00142,PROD0419,3,Value for money,2025-12-09
REV003575,CUST00632,PROD0438,3,Received damaged product,2025-03-08
REV003576,CUST00023,PROD0356,3,Battery backup is amazing,2025-08-09
REV003577,CUST00452,PROD0003,5,Fast delivery,2025-10-06
REV003578,CUST01132,PROD0422,4,Average product,2025-03-05
REV003579,CUST00656,PROD0103,5,Received damaged product,2025-04-12
REV003580,CUST00119,PROD0226,1,Poor quality,2025-11-02
REV003581,CUST01300,PROD0253,1,Worth buying,2025-03-17
REV003582,CUST00736,PROD0305,5,Received damaged product,2025-04-11
REV003583,CUST00787,PROD0280,2,Looks premium,2025-08-27
REV003584,CUST00991,PROD0230,2,Packaging could be better,2025-08-01
REV003585,CUST00706,PROD0204,1,Highly recommended,2025-07-16
REV003586,CUST01535,PROD0436,4,Average product,2025-06-24
REV003587,CUST01243,PROD0499,1,Worth buying,2025-02-06
REV003588,CUST01194,PROD0053,1,Worth buying,2025-08-09
REV003589,CUST01095,PROD0478,3,Worth buying,2025-08-04
REV003590,CUST01664,PROD0381,2,Received damaged product,2025-05-24
REV003591,CUST01345,PROD0024,1,Looks premium,2025-07-06
REV003592,CUST01091,PROD0114,3,Highly recommended,2025-01-22
REV003593,CUST01533,PROD0199,3,Battery backup is amazing,2025-02-24
REV003594,CUST01962,PROD0002,5,Excellent quality,2025-05-19
REV003595,CUST00394,PROD0092,5,Value for money,2025-02-13
REV003596,CUST00166,PROD0366,1,Fast delivery,2025-05-16
REV003597,CUST00274,PROD0235,4,Excellent quality,2025-02-17
REV003598,CUST00452,PROD0322,1,Highly recommended,2025-12-08
REV003599,CUST00920,PROD0257,4,Excellent quality,2025-02-10
REV003600,CUST00090,PROD0217,2,Poor quality,2025-03-07
REV003601,CUST01364,PROD0435,1,Average product,2025-10-03
REV003602,CUST01824,PROD0063,5,Fast delivery,2025-03-17
REV003603,CUST01987,PROD0423,5,Average product,2025-04-07
REV003604,CUST01912,PROD0137,3,Fast delivery,2025-06-21
REV003605,CUST00572,PROD0295,2,Value for money,2025-08-24
REV003606,CUST01506,PROD0076,4,Excellent quality,2025-06-18
REV003607,CUST01490,PROD0210,4,Battery backup is amazing,2025-04-28
REV003608,CUST00537,PROD0176,4,Received damaged product,2025-10-09
REV003609,CUST00722,PROD0101,2,Fast delivery,2025-01-15
REV003610,CUST00615,PROD0347,1,Fast delivery,2025-09-26
REV003611,CUST00513,PROD0493,4,Highly recommended,2025-06-15
REV003612,CUST01390,PROD0197,1,Packaging could be better,2025-06-17
REV003613,CUST00213,PROD0470,5,Looks premium,2025-10-14
REV003614,CUST01458,PROD0157,4,Battery backup is amazing,2025-05-12
REV003615,CUST00677,PROD0451,4,Highly recommended,2025-07-03
REV003616,CUST00418,PROD0319,4,Battery backup is amazing,2025-03-18
REV003617,CUST01513,PROD0067,2,Battery backup is amazing,2025-07-24
REV003618,CUST01582,PROD0053,5,Received damaged product,2025-03-11
REV003619,CUST01052,PROD0418,1,Worth buying,2025-03-23
REV003620,CUST00884,PROD0434,5,Value for money,2025-09-13
REV003621,CUST00960,PROD0451,2,Fast delivery,2025-03-07
REV003622,CUST01951,PROD0084,4,Battery backup is amazing,2025-03-25
REV003623,CUST00900,PROD0470,3,Looks premium,2025-09-22
REV003624,CUST01924,PROD0296,4,Received damaged product,2025-10-03
REV003625,CUST01308,PROD0296,1,Poor quality,2025-01-04
REV003626,CUST01036,PROD0174,5,Received damaged product,2025-08-11
REV003627,CUST00748,PROD0242,2,Worth buying,2025-10-02
REV003628,CUST01011,PROD0116,2,Packaging could be better,2025-10-22
REV003629,CUST01697,PROD0230,3,Excellent quality,2025-04-13
REV003630,CUST01901,PROD0249,4,Fast delivery,2025-04-26
REV003631,CUST00503,PROD0479,3,Excellent quality,2025-05-25
REV003632,CUST00391,PROD0130,5,Excellent quality,2025-10-11
REV003633,CUST00222,PROD0010,5,Average product,2025-02-13
REV003634,CUST01622,PROD0090,5,Average product,2025-08-03
REV003635,CUST01055,PROD0465,2,Worth buying,2025-08-01
REV003636,CUST01271,PROD0022,1,Excellent quality,2025-01-03
REV003637,CUST01021,PROD0468,5,Worth buying,2025-06-27
REV003638,CUST00427,PROD0154,5,Battery backup is amazing,2025-02-19
REV003639,CUST01976,PROD0082,1,Packaging could be better,2025-01-08
REV003640,CUST00259,PROD0333,4,Battery backup is amazing,2025-07-12
REV003641,CUST00682,PROD0043,3,Packaging could be better,2025-02-23
REV003642,CUST00380,PROD0466,5,Excellent quality,2025-04-08
REV003643,CUST02000,PROD0273,2,Looks premium,2025-05-15
REV003644,CUST01821,PROD0266,4,Battery backup is amazing,2025-07-14
REV003645,CUST01187,PROD0078,2,Received damaged product,2025-11-28
REV003646,CUST01227,PROD0050,1,Packaging could be better,2025-04-28
REV003647,CUST01995,PROD0147,2,Excellent quality,2025-01-02
REV003648,CUST00584,PROD0170,1,Battery backup is amazing,2025-12-07
REV003649,CUST00130,PROD0297,3,Average product,2025-06-04
REV003650,CUST00280,PROD0283,2,Value for money,2025-04-19
REV003651,CUST01076,PROD0432,1,Looks premium,2025-06-26
REV003652,CUST00689,PROD0493,5,Poor quality,2025-09-21
REV003653,CUST01885,PROD0351,4,Excellent quality,2025-06-28
REV003654,CUST00621,PROD0435,5,Poor quality,2025-10-27
REV003655,CUST00629,PROD0414,4,Battery backup is amazing,2025-06-24
REV003656,CUST01155,PROD0474,2,Highly recommended,2025-05-01
REV003657,CUST01151,PROD0041,5,Received damaged product,2025-02-22
REV003658,CUST01716,PROD0361,5,Highly recommended,2025-05-13
REV003659,CUST00205,PROD0453,3,Battery backup is amazing,2025-03-26
REV003660,CUST00471,PROD0008,5,Received damaged product,2025-01-17
REV003661,CUST01754,PROD0362,5,Received damaged product,2025-12-25
REV003662,CUST00936,PROD0179,1,Poor quality,2025-02-12
REV003663,CUST01929,PROD0055,3,Average product,2025-09-23
REV003664,CUST00065,PROD0329,5,Received damaged product,2025-03-04
REV003665,CUST01569,PROD0448,5,Packaging could be better,2025-07-09
REV003666,CUST00093,PROD0261,2,Worth buying,2025-05-28
REV003667,CUST00844,PROD0488,2,Packaging could be better,2025-04-15
REV003668,CUST01519,PROD0030,4,Value for money,2025-07-08
REV003669,CUST00435,PROD0246,3,Highly recommended,2025-02-19
REV003670,CUST00826,PROD0157,2,Received damaged product,2025-09-23
REV003671,CUST00596,PROD0422,3,Looks premium,2025-05-02
REV003672,CUST01161,PROD0463,3,Received damaged product,2025-07-22
REV003673,CUST01260,PROD0431,5,Received damaged product,2025-11-11
REV003674,CUST01397,PROD0168,1,Worth buying,2025-03-20
REV003675,CUST00875,PROD0398,4,Packaging could be better,2025-10-17
REV003676,CUST01927,PROD0351,2,Value for money,2025-12-03
REV003677,CUST00170,PROD0207,5,Worth buying,2025-10-16
REV003678,CUST00820,PROD0475,3,Received damaged product,2025-06-23
REV003679,CUST01059,PROD0249,3,Excellent quality,2025-07-18
REV003680,CUST01820,PROD0112,2,Packaging could be better,2025-06-21
REV003681,CUST00917,PROD0378,2,Poor quality,2025-09-17
REV003682,CUST00836,PROD0274,3,Battery backup is amazing,2025-07-20
REV003683,CUST01505,PROD0378,1,Looks premium,2025-06-06
REV003684,CUST01944,PROD0346,1,Worth buying,2025-08-09
REV003685,CUST01262,PROD0165,3,Looks premium,2025-11-19
REV003686,CUST00464,PROD0049,5,Fast delivery,2025-01-22
REV003687,CUST01564,PROD0027,4,Highly recommended,2025-05-26
REV003688,CUST01860,PROD0226,3,Worth buying,2025-07-17
REV003689,CUST00332,PROD0103,5,Looks premium,2025-09-24
REV003690,CUST01917,PROD0426,3,Excellent quality,2025-01-19
REV003691,CUST00254,PROD0476,2,Average product,2025-01-27
REV003692,CUST00024,PROD0282,1,Battery backup is amazing,2025-10-26
REV003693,CUST00016,PROD0110,4,Highly recommended,2025-07-05
REV003694,CUST00928,PROD0087,4,Value for money,2025-10-06
REV003695,CUST00238,PROD0396,1,Average product,2025-09-24
REV003696,CUST00360,PROD0473,2,Received damaged product,2025-12-25
REV003697,CUST00544,PROD0306,1,Packaging could be better,2025-09-14
REV003698,CUST00488,PROD0119,5,Excellent quality,2025-07-02
REV003699,CUST01089,PROD0021,1,Packaging could be better,2025-04-13
REV003700,CUST00812,PROD0155,3,Packaging could be better,2025-01-17
REV003701,CUST00799,PROD0031,3,Packaging could be better,2025-08-13
REV003702,CUST01717,PROD0075,2,Highly recommended,2025-12-19
REV003703,CUST00663,PROD0426,3,Excellent quality,2025-04-06
REV003704,CUST01604,PROD0469,4,Value for money,2025-08-14
REV003705,CUST00492,PROD0300,1,Received damaged product,2025-12-27
REV003706,CUST01206,PROD0471,5,Received damaged product,2025-03-23
REV003707,CUST01023,PROD0194,5,Highly recommended,2025-04-07
REV003708,CUST00481,PROD0052,1,Looks premium,2025-06-21
REV003709,CUST00387,PROD0324,5,Value for money,2025-03-12
REV003710,CUST01381,PROD0096,1,Value for money,2025-12-23
REV003711,CUST01279,PROD0368,2,Highly recommended,2025-01-10
REV003712,CUST01899,PROD0251,1,Excellent quality,2025-07-03
REV003713,CUST01748,PROD0234,2,Received damaged product,2025-05-03
REV003714,CUST00582,PROD0126,1,Looks premium,2025-03-02
REV003715,CUST00217,PROD0164,5,Packaging could be better,2025-05-26
REV003716,CUST01805,PROD0119,4,Worth buying,2025-04-05
REV003717,CUST00909,PROD0039,4,Excellent quality,2025-12-20
REV003718,CUST01361,PROD0317,2,Worth buying,2025-05-10
REV003719,CUST01611,PROD0172,3,Packaging could be better,2025-08-14
REV003720,CUST01248,PROD0063,3,Value for money,2025-01-03
REV003721,CUST00892,PROD0200,4,Looks premium,2025-12-28
REV003722,CUST01316,PROD0370,5,Highly recommended,2025-08-11
REV003723,CUST00180,PROD0387,3,Average product,2025-02-23
REV003724,CUST00454,PROD0108,1,Packaging could be better,2025-05-25
REV003725,CUST00210,PROD0083,5,Battery backup is amazing,2025-02-27
REV003726,CUST01628,PROD0228,1,Packaging could be better,2025-05-11
REV003727,CUST00308,PROD0187,2,Worth buying,2025-04-16
REV003728,CUST00212,PROD0028,1,Poor quality,2025-04-13
REV003729,CUST01028,PROD0111,3,Highly recommended,2025-03-14
REV003730,CUST01296,PROD0403,2,Packaging could be better,2025-04-27
REV003731,CUST01218,PROD0407,2,Average product,2025-06-06
REV003732,CUST00010,PROD0404,3,Received damaged product,2025-12-04
REV003733,CUST01753,PROD0405,1,Fast delivery,2025-03-08
REV003734,CUST01007,PROD0038,3,Poor quality,2025-09-06
REV003735,CUST00317,PROD0075,1,Poor quality,2025-09-04
REV003736,CUST01131,PROD0105,3,Fast delivery,2025-12-08
REV003737,CUST00310,PROD0298,5,Battery backup is amazing,2025-02-22
REV003738,CUST00104,PROD0088,5,Value for money,2025-07-02
REV003739,CUST00694,PROD0118,4,Average product,2025-05-27
REV003740,CUST01173,PROD0283,2,Poor quality,2025-03-08
REV003741,CUST01951,PROD0115,3,Excellent quality,2025-11-18
REV003742,CUST00909,PROD0206,3,Highly recommended,2025-05-07
REV003743,CUST01909,PROD0019,3,Poor quality,2025-01-02
REV003744,CUST00526,PROD0261,5,Highly recommended,2025-02-26
REV003745,CUST00297,PROD0427,2,Looks premium,2025-08-22
REV003746,CUST01689,PROD0214,1,Looks premium,2025-12-23
REV003747,CUST01088,PROD0124,2,Battery backup is amazing,2025-07-05
REV003748,CUST01872,PROD0225,4,Battery backup is amazing,2025-07-16
REV003749,CUST01220,PROD0114,1,Poor quality,2025-10-26
REV003750,CUST00211,PROD0188,4,Value for money,2025-02-14
REV003751,CUST00527,PROD0478,1,Looks premium,2025-06-14
REV003752,CUST00384,PROD0226,1,Fast delivery,2025-12-03
REV003753,CUST00248,PROD0150,3,Packaging could be better,2025-03-23
REV003754,CUST01192,PROD0099,5,Poor quality,2025-01-27
REV003755,CUST00881,PROD0167,5,Received damaged product,2025-02-27
REV003756,CUST00058,PROD0404,1,Fast delivery,2025-10-16
REV003757,CUST01190,PROD0283,2,Battery backup is amazing,2025-09-04
REV003758,CUST00926,PROD0251,1,Fast delivery,2025-09-01
REV003759,CUST00797,PROD0201,4,Fast delivery,2025-10-24
REV003760,CUST01591,PROD0392,3,Fast delivery,2025-04-05
REV003761,CUST00834,PROD0354,5,Highly recommended,2025-10-26
REV003762,CUST01710,PROD0310,1,Looks premium,2025-09-18
REV003763,CUST01917,PROD0250,5,Average product,2025-12-05
REV003764,CUST00007,PROD0306,4,Battery backup is amazing,2025-05-15
REV003765,CUST00785,PROD0347,1,Worth buying,2025-07-11
REV003766,CUST00786,PROD0235,3,Poor quality,2025-06-13
REV003767,CUST01627,PROD0277,3,Value for money,2025-11-07
REV003768,CUST01008,PROD0245,1,Received damaged product,2025-01-08
REV003769,CUST01403,PROD0347,3,Highly recommended,2025-07-08
REV003770,CUST01737,PROD0316,3,Average product,2025-12-27
REV003771,CUST00872,PROD0497,4,Battery backup is amazing,2025-07-25
REV003772,CUST01945,PROD0326,5,Value for money,2025-05-27
REV003773,CUST01479,PROD0284,2,Excellent quality,2025-02-15
REV003774,CUST01992,PROD0227,5,Average product,2025-11-24
REV003775,CUST01716,PROD0331,1,Poor quality,2025-05-22
REV003776,CUST00295,PROD0424,2,Packaging could be better,2025-05-19
REV003777,CUST00453,PROD0134,2,Excellent quality,2025-10-01
REV003778,CUST01897,PROD0165,5,Battery backup is amazing,2025-02-22
REV003779,CUST01640,PROD0097,2,Received damaged product,2025-05-14
REV003780,CUST00694,PROD0215,4,Average product,2025-01-07
REV003781,CUST00910,PROD0201,2,Fast delivery,2025-03-26
REV003782,CUST01021,PROD0307,1,Excellent quality,2025-05-14
REV003783,CUST01869,PROD0463,2,Highly recommended,2025-11-15
REV003784,CUST01577,PROD0375,1,Value for money,2025-03-25
REV003785,CUST01674,PROD0158,2,Looks premium,2025-10-14
REV003786,CUST01552,PROD0489,4,Worth buying,2025-10-06
REV003787,CUST01262,PROD0426,3,Worth buying,2025-05-08
REV003788,CUST00798,PROD0300,4,Looks premium,2025-06-13
REV003789,CUST01095,PROD0050,2,Looks premium,2025-11-19
REV003790,CUST00633,PROD0407,5,Highly recommended,2025-04-19
REV003791,CUST01197,PROD0135,4,Highly recommended,2025-03-08
REV003792,CUST01148,PROD0368,3,Poor quality,2025-08-16
REV003793,CUST00381,PROD0227,1,Battery backup is amazing,2025-12-10
REV003794,CUST01051,PROD0038,1,Excellent quality,2025-02-18
REV003795,CUST00661,PROD0423,2,Battery backup is amazing,2025-01-16
REV003796,CUST00135,PROD0124,5,Received damaged product,2025-08-15
REV003797,CUST01749,PROD0466,4,Packaging could be better,2025-04-16
REV003798,CUST00201,PROD0248,4,Worth buying,2025-07-23
REV003799,CUST00355,PROD0458,1,Value for money,2025-05-13
REV003800,CUST00648,PROD0407,3,Poor quality,2025-02-16
REV003801,CUST01374,PROD0335,1,Received damaged product,2025-05-27
REV003802,CUST00168,PROD0215,4,Fast delivery,2025-11-21
REV003803,CUST01112,PROD0106,2,Looks premium,2025-05-18
REV003804,CUST00416,PROD0210,3,Average product,2025-11-25
REV003805,CUST00506,PROD0190,1,Packaging could be better,2025-02-02
REV003806,CUST01196,PROD0487,5,Looks premium,2025-10-19
REV003807,CUST01490,PROD0230,1,Value for money,2025-09-18
REV003808,CUST00264,PROD0050,1,Worth buying,2025-09-02
REV003809,CUST00619,PROD0428,3,Received damaged product,2025-09-02
REV003810,CUST01159,PROD0483,5,Highly recommended,2025-08-02
REV003811,CUST00498,PROD0273,5,Packaging could be better,2025-09-20
REV003812,CUST00244,PROD0161,3,Received damaged product,2025-02-05
REV003813,CUST00559,PROD0110,3,Highly recommended,2025-10-17
REV003814,CUST01827,PROD0104,3,Fast delivery,2025-04-28
REV003815,CUST01144,PROD0463,1,Poor quality,2025-02-28
REV003816,CUST01251,PROD0253,1,Average product,2025-05-07
REV003817,CUST01555,PROD0024,5,Excellent quality,2025-02-18
REV003818,CUST01118,PROD0290,1,Fast delivery,2025-10-12
REV003819,CUST00833,PROD0464,4,Worth buying,2025-01-05
REV003820,CUST01942,PROD0363,3,Value for money,2025-04-05
REV003821,CUST00486,PROD0250,5,Excellent quality,2025-12-21
REV003822,CUST00905,PROD0247,5,Received damaged product,2025-12-02
REV003823,CUST00586,PROD0125,2,Battery backup is amazing,2025-06-08
REV003824,CUST01078,PROD0347,4,Worth buying,2025-10-07
REV003825,CUST01265,PROD0444,5,Worth buying,2025-04-19
REV003826,CUST01455,PROD0077,4,Packaging could be better,2025-08-22
REV003827,CUST00378,PROD0205,5,Value for money,2025-07-27
REV003828,CUST00566,PROD0142,1,Highly recommended,2025-05-10
REV003829,CUST00765,PROD0397,5,Value for money,2025-07-10
REV003830,CUST00527,PROD0226,3,Packaging could be better,2025-11-23
REV003831,CUST00790,PROD0051,5,Poor quality,2025-09-14
REV003832,CUST01728,PROD0279,2,Battery backup is amazing,2025-05-01
REV003833,CUST01372,PROD0053,3,Looks premium,2025-12-15
REV003834,CUST01519,PROD0091,2,Worth buying,2025-10-26
REV003835,CUST00049,PROD0150,1,Highly recommended,2025-06-03
REV003836,CUST00538,PROD0122,3,Battery backup is amazing,2025-01-22
REV003837,CUST00244,PROD0478,4,Value for money,2025-05-19
REV003838,CUST01842,PROD0031,5,Looks premium,2025-03-25
REV003839,CUST01455,PROD0263,1,Value for money,2025-03-20
REV003840,CUST00141,PROD0063,2,Highly recommended,2025-04-26
REV003841,CUST01611,PROD0236,4,Packaging could be better,2025-08-07
REV003842,CUST01803,PROD0434,1,Highly recommended,2025-12-21
REV003843,CUST01704,PROD0086,1,Highly recommended,2025-04-27
REV003844,CUST00955,PROD0404,4,Worth buying,2025-07-21
REV003845,CUST01827,PROD0073,2,Looks premium,2025-09-03
REV003846,CUST01261,PROD0132,1,Worth buying,2025-08-06
REV003847,CUST01218,PROD0394,4,Worth buying,2025-10-23
REV003848,CUST00623,PROD0322,3,Fast delivery,2025-08-04
REV003849,CUST00496,PROD0064,4,Fast delivery,2025-08-02
REV003850,CUST00679,PROD0354,2,Received damaged product,2025-08-17
REV003851,CUST01684,PROD0019,4,Excellent quality,2025-05-22
REV003852,CUST00637,PROD0029,5,Battery backup is amazing,2025-04-06
REV003853,CUST00848,PROD0083,2,Received damaged product,2025-08-15
REV003854,CUST01513,PROD0390,1,Poor quality,2025-11-10
REV003855,CUST00685,PROD0168,4,Poor quality,2025-05-07
REV003856,CUST01492,PROD0449,3,Battery backup is amazing,2025-10-14
REV003857,CUST01863,PROD0482,2,Battery backup is amazing,2025-09-16
REV003858,CUST00429,PROD0038,5,Poor quality,2025-02-03
REV003859,CUST00797,PROD0185,1,Excellent quality,2025-09-25
REV003860,CUST01542,PROD0281,4,Battery backup is amazing,2025-09-16
REV003861,CUST00544,PROD0381,1,Packaging could be better,2025-05-08
REV003862,CUST00122,PROD0011,1,Received damaged product,2025-03-06
REV003863,CUST01973,PROD0246,1,Received damaged product,2025-12-15
REV003864,CUST00822,PROD0192,1,Packaging could be better,2025-03-10
REV003865,CUST01255,PROD0478,2,Poor quality,2025-02-24
REV003866,CUST01573,PROD0066,3,Received damaged product,2025-03-13
REV003867,CUST00612,PROD0027,4,Highly recommended,2025-01-14
REV003868,CUST01320,PROD0311,4,Average product,2025-07-12
REV003869,CUST01304,PROD0364,5,Average product,2025-07-05
REV003870,CUST01839,PROD0182,5,Highly recommended,2025-07-25
REV003871,CUST01831,PROD0027,4,Value for money,2025-12-12
REV003872,CUST01439,PROD0314,4,Poor quality,2025-08-06
REV003873,CUST00540,PROD0333,4,Value for money,2025-07-28
REV003874,CUST01214,PROD0227,1,Battery backup is amazing,2025-09-22
REV003875,CUST00240,PROD0216,3,Highly recommended,2025-07-17
REV003876,CUST01765,PROD0272,3,Looks premium,2025-08-01
REV003877,CUST00022,PROD0309,4,Average product,2025-01-18
REV003878,CUST01884,PROD0210,1,Highly recommended,2025-10-20
REV003879,CUST01534,PROD0039,5,Battery backup is amazing,2025-07-28
REV003880,CUST00021,PROD0413,2,Fast delivery,2025-01-10
REV003881,CUST00915,PROD0472,2,Received damaged product,2025-07-16
REV003882,CUST01468,PROD0350,1,Worth buying,2025-12-23
REV003883,CUST00902,PROD0348,4,Looks premium,2025-03-28
REV003884,CUST00341,PROD0174,2,Fast delivery,2025-07-14
REV003885,CUST00984,PROD0240,3,Highly recommended,2025-07-18
REV003886,CUST01483,PROD0321,3,Excellent quality,2025-01-01
REV003887,CUST00933,PROD0472,1,Highly recommended,2025-05-15
REV003888,CUST01039,PROD0305,2,Poor quality,2025-11-13
REV003889,CUST00562,PROD0129,3,Packaging could be better,2025-07-14
REV003890,CUST00348,PROD0269,4,Looks premium,2025-08-11
REV003891,CUST00392,PROD0317,5,Value for money,2025-09-20
REV003892,CUST01672,PROD0332,3,Value for money,2025-07-19
REV003893,CUST00831,PROD0104,2,Packaging could be better,2025-08-15
REV003894,CUST00689,PROD0352,1,Average product,2025-05-03
REV003895,CUST01847,PROD0263,3,Worth buying,2025-07-22
REV003896,CUST01659,PROD0384,1,Looks premium,2025-11-07
REV003897,CUST00847,PROD0458,1,Packaging could be better,2025-12-26
REV003898,CUST01037,PROD0249,4,Average product,2025-11-09
REV003899,CUST00335,PROD0365,1,Value for money,2025-01-02
REV003900,CUST01784,PROD0339,4,Highly recommended,2025-09-01
REV003901,CUST01714,PROD0410,1,Average product,2025-01-02
REV003902,CUST00907,PROD0302,3,Battery backup is amazing,2025-11-16
REV003903,CUST01362,PROD0062,1,Average product,2025-09-19
REV003904,CUST01609,PROD0424,3,Fast delivery,2025-02-28
REV003905,CUST01653,PROD0011,5,Looks premium,2025-05-03
REV003906,CUST01561,PROD0112,5,Average product,2025-07-09
REV003907,CUST01880,PROD0417,5,Highly recommended,2025-01-14
REV003908,CUST00724,PROD0333,2,Looks premium,2025-06-05
REV003909,CUST00313,PROD0333,5,Received damaged product,2025-04-01
REV003910,CUST01170,PROD0315,2,Looks premium,2025-11-10
REV003911,CUST01387,PROD0114,2,Packaging could be better,2025-11-28
REV003912,CUST00854,PROD0262,4,Value for money,2025-01-02
REV003913,CUST01250,PROD0078,4,Excellent quality,2025-04-01
REV003914,CUST01134,PROD0460,3,Fast delivery,2025-11-10
REV003915,CUST01861,PROD0363,3,Battery backup is amazing,2025-03-23
REV003916,CUST01215,PROD0265,2,Received damaged product,2025-12-02
REV003917,CUST01731,PROD0281,1,Looks premium,2025-12-15
REV003918,CUST00091,PROD0033,5,Highly recommended,2025-09-02
REV003919,CUST01439,PROD0100,5,Highly recommended,2025-08-02
REV003920,CUST00791,PROD0344,4,Received damaged product,2025-10-11
REV003921,CUST00199,PROD0262,5,Average product,2025-12-15
REV003922,CUST00471,PROD0308,2,Packaging could be better,2025-10-20
REV003923,CUST01848,PROD0266,4,Excellent quality,2025-08-05
REV003924,CUST00123,PROD0309,4,Highly recommended,2025-07-23
REV003925,CUST00084,PROD0179,4,Average product,2025-09-21
REV003926,CUST01708,PROD0364,4,Fast delivery,2025-07-11
REV003927,CUST00559,PROD0366,5,Received damaged product,2025-09-04
REV003928,CUST00060,PROD0338,1,Looks premium,2025-08-17
REV003929,CUST00528,PROD0045,5,Packaging could be better,2025-07-10
REV003930,CUST01093,PROD0462,5,Poor quality,2025-12-19
REV003931,CUST01707,PROD0154,4,Fast delivery,2025-06-23
REV003932,CUST00307,PROD0485,3,Excellent quality,2025-11-09
REV003933,CUST00888,PROD0236,4,Fast delivery,2025-08-25
REV003934,CUST01108,PROD0003,5,Fast delivery,2025-12-16
REV003935,CUST01905,PROD0246,5,Worth buying,2025-04-06
REV003936,CUST00372,PROD0139,3,Highly recommended,2025-06-28
REV003937,CUST01419,PROD0263,1,Worth buying,2025-10-23
REV003938,CUST01602,PROD0303,4,Packaging could be better,2025-11-21
REV003939,CUST00729,PROD0444,2,Battery backup is amazing,2025-07-23
REV003940,CUST00349,PROD0076,3,Value for money,2025-06-25
REV003941,CUST00388,PROD0290,3,Worth buying,2025-05-18
REV003942,CUST00289,PROD0399,1,Worth buying,2025-08-02
REV003943,CUST01017,PROD0150,2,Highly recommended,2025-01-23
REV003944,CUST01919,PROD0258,4,Packaging could be better,2025-06-04
REV003945,CUST01611,PROD0161,4,Packaging could be better,2025-04-01
REV003946,CUST00434,PROD0427,1,Value for money,2025-05-11
REV003947,CUST00281,PROD0340,1,Worth buying,2025-01-07
REV003948,CUST00463,PROD0211,3,Value for money,2025-03-03
REV003949,CUST00135,PROD0284,5,Excellent quality,2025-02-02
REV003950,CUST00094,PROD0089,5,Highly recommended,2025-02-10
REV003951,CUST01044,PROD0084,2,Fast delivery,2025-05-13
REV003952,CUST01261,PROD0396,5,Worth buying,2025-06-03
REV003953,CUST00413,PROD0465,5,Battery backup is amazing,2025-07-25
REV003954,CUST00192,PROD0306,2,Fast delivery,2025-05-22
REV003955,CUST00783,PROD0352,1,Highly recommended,2025-11-16
REV003956,CUST01743,PROD0237,1,Packaging could be better,2025-03-12
REV003957,CUST00342,PROD0169,4,Excellent quality,2025-05-04
REV003958,CUST01444,PROD0001,5,Looks premium,2025-07-14
REV003959,CUST00843,PROD0364,4,Battery backup is amazing,2025-05-13
REV003960,CUST01845,PROD0180,1,Fast delivery,2025-10-23
REV003961,CUST00963,PROD0068,1,Packaging could be better,2025-05-06
REV003962,CUST00934,PROD0438,3,Worth buying,2025-08-27
REV003963,CUST00846,PROD0424,1,Fast delivery,2025-06-12
REV003964,CUST00020,PROD0453,2,Value for money,2025-10-16
REV003965,CUST01242,PROD0428,4,Poor quality,2025-04-16
REV003966,CUST00150,PROD0380,4,Fast delivery,2025-10-03
REV003967,CUST00868,PROD0362,5,Value for money,2025-02-11
REV003968,CUST01891,PROD0376,1,Packaging could be better,2025-07-09
REV003969,CUST01120,PROD0384,3,Highly recommended,2025-03-22
REV003970,CUST01330,PROD0354,5,Worth buying,2025-07-19
REV003971,CUST01090,PROD0409,2,Average product,2025-11-09
REV003972,CUST00940,PROD0181,1,Highly recommended,2025-01-19
REV003973,CUST00262,PROD0335,1,Excellent quality,2025-05-12
REV003974,CUST01110,PROD0258,1,Packaging could be better,2025-03-05
REV003975,CUST00586,PROD0090,3,Looks premium,2025-01-07
REV003976,CUST00427,PROD0287,3,Battery backup is amazing,2025-04-14
REV003977,CUST01454,PROD0165,4,Poor quality,2025-06-20
REV003978,CUST01442,PROD0438,4,Highly recommended,2025-11-02
REV003979,CUST01534,PROD0368,4,Excellent quality,2025-06-24
REV003980,CUST00306,PROD0471,1,Average product,2025-06-06
REV003981,CUST01410,PROD0151,5,Value for money,2025-11-07
REV003982,CUST00406,PROD0418,2,Average product,2025-05-08
REV003983,CUST00502,PROD0137,4,Highly recommended,2025-10-03
REV003984,CUST01327,PROD0240,2,Highly recommended,2025-05-25
REV003985,CUST01006,PROD0247,1,Battery backup is amazing,2025-07-08
REV003986,CUST01993,PROD0203,2,Average product,2025-01-19
REV003987,CUST00990,PROD0227,4,Highly recommended,2025-05-04
REV003988,CUST00125,PROD0312,3,Looks premium,2025-10-17
REV003989,CUST01092,PROD0317,3,Highly recommended,2025-12-24
REV003990,CUST00304,PROD0433,2,Fast delivery,2025-10-25
REV003991,CUST01164,PROD0148,3,Battery backup is amazing,2025-10-15
REV003992,CUST01648,PROD0410,5,Excellent quality,2025-12-12
REV003993,CUST00922,PROD0333,4,Excellent quality,2025-12-18
REV003994,CUST00124,PROD0357,2,Worth buying,2025-06-17
REV003995,CUST00988,PROD0409,1,Worth buying,2025-12-19
REV003996,CUST01981,PROD0005,4,Poor quality,2025-06-12
REV003997,CUST01897,PROD0107,3,Poor quality,2025-07-13
REV003998,CUST00191,PROD0463,1,Value for money,2025-01-26
REV003999,CUST00143,PROD0454,4,Looks premium,2025-12-26
REV004000,CUST01031,PROD0060,5,Excellent quality,2025-02-24
REV004001,CUST00184,PROD0063,5,Looks premium,2025-08-23
REV004002,CUST01457,PROD0455,2,Fast delivery,2025-10-07
REV004003,CUST01202,PROD0234,5,Average product,2025-08-13
REV004004,CUST00309,PROD0376,4,Received damaged product,2025-01-05
REV004005,CUST01738,PROD0356,2,Looks premium,2025-08-09
REV004006,CUST00953,PROD0477,4,Worth buying,2025-03-24
REV004007,CUST00448,PROD0300,5,Fast delivery,2025-11-14
REV004008,CUST01331,PROD0136,5,Worth buying,2025-03-25
REV004009,CUST01140,PROD0188,2,Excellent quality,2025-12-09
REV004010,CUST01394,PROD0489,2,Poor quality,2025-11-14
REV004011,CUST01541,PROD0432,5,Battery backup is amazing,2025-09-03
REV004012,CUST01828,PROD0465,3,Packaging could be better,2025-11-21
REV004013,CUST01700,PROD0461,3,Average product,2025-06-15
REV004014,CUST01614,PROD0473,4,Average product,2025-04-27
REV004015,CUST01190,PROD0022,5,Worth buying,2025-10-15
REV004016,CUST00172,PROD0403,3,Battery backup is amazing,2025-06-14
REV004017,CUST01224,PROD0371,5,Received damaged product,2025-11-19
REV004018,CUST00417,PROD0462,1,Fast delivery,2025-07-08
REV004019,CUST00945,PROD0216,5,Worth buying,2025-10-04
REV004020,CUST01415,PROD0420,2,Packaging could be better,2025-10-10
REV004021,CUST00216,PROD0205,5,Poor quality,2025-08-19
REV004022,CUST01940,PROD0229,1,Fast delivery,2025-03-25
REV004023,CUST01106,PROD0061,2,Poor quality,2025-04-18
REV004024,CUST01762,PROD0075,4,Highly recommended,2025-03-08
REV004025,CUST00644,PROD0260,3,Battery backup is amazing,2025-07-13
REV004026,CUST01254,PROD0143,2,Fast delivery,2025-06-24
REV004027,CUST00968,PROD0069,3,Packaging could be better,2025-02-27
REV004028,CUST01040,PROD0360,4,Looks premium,2025-12-14
REV004029,CUST00783,PROD0249,4,Value for money,2025-05-16
REV004030,CUST01675,PROD0243,3,Worth buying,2025-12-09
REV004031,CUST01689,PROD0487,3,Value for money,2025-02-19
REV004032,CUST01066,PROD0031,3,Packaging could be better,2025-11-20
REV004033,CUST01035,PROD0295,2,Packaging could be better,2025-01-16
REV004034,CUST01350,PROD0465,5,Value for money,2025-01-24
REV004035,CUST01051,PROD0474,3,Packaging could be better,2025-05-06
REV004036,CUST00678,PROD0215,2,Fast delivery,2025-07-24
REV004037,CUST00458,PROD0330,1,Fast delivery,2025-12-26
REV004038,CUST00023,PROD0344,3,Packaging could be better,2025-10-15
REV004039,CUST00824,PROD0431,1,Value for money,2025-10-16
REV004040,CUST00100,PROD0419,5,Excellent quality,2025-04-21
REV004041,CUST00371,PROD0326,1,Packaging could be better,2025-07-06
REV004042,CUST01323,PROD0033,1,Poor quality,2025-03-11
REV004043,CUST01510,PROD0403,1,Battery backup is amazing,2025-09-11
REV004044,CUST01835,PROD0463,4,Packaging could be better,2025-09-24
REV004045,CUST00070,PROD0029,2,Worth buying,2025-06-24
REV004046,CUST00131,PROD0009,5,Highly recommended,2025-03-28
REV004047,CUST01905,PROD0326,1,Average product,2025-02-26
REV004048,CUST01101,PROD0196,3,Battery backup is amazing,2025-05-09
REV004049,CUST01158,PROD0102,5,Battery backup is amazing,2025-06-08
REV004050,CUST01337,PROD0220,1,Fast delivery,2025-12-04
REV004051,CUST00875,PROD0128,5,Worth buying,2025-05-02
REV004052,CUST01507,PROD0061,2,Packaging could be better,2025-08-05
REV004053,CUST00549,PROD0040,2,Excellent quality,2025-10-14
REV004054,CUST00424,PROD0358,3,Received damaged product,2025-07-10
REV004055,CUST01975,PROD0424,3,Excellent quality,2025-08-09
REV004056,CUST01151,PROD0246,4,Poor quality,2025-12-03
REV004057,CUST01610,PROD0063,4,Received damaged product,2025-05-04
REV004058,CUST01967,PROD0372,1,Packaging could be better,2025-08-25
REV004059,CUST00305,PROD0224,3,Worth buying,2025-04-24
REV004060,CUST00843,PROD0175,2,Excellent quality,2025-08-26
REV004061,CUST01411,PROD0384,5,Value for money,2025-05-04
REV004062,CUST00577,PROD0366,1,Looks premium,2025-10-18
REV004063,CUST00177,PROD0259,2,Worth buying,2025-04-10
REV004064,CUST00456,PROD0469,1,Worth buying,2025-08-22
REV004065,CUST00344,PROD0282,4,Received damaged product,2025-05-28
REV004066,CUST01556,PROD0192,1,Excellent quality,2025-02-26
REV004067,CUST00484,PROD0299,4,Worth buying,2025-09-26
REV004068,CUST01829,PROD0243,2,Highly recommended,2025-04-08
REV004069,CUST01374,PROD0361,3,Highly recommended,2025-07-02
REV004070,CUST01063,PROD0271,5,Received damaged product,2025-12-19
REV004071,CUST00320,PROD0256,3,Average product,2025-05-23
REV004072,CUST01202,PROD0344,1,Packaging could be better,2025-09-11
REV004073,CUST00191,PROD0155,1,Value for money,2025-09-04
REV004074,CUST00023,PROD0118,5,Worth buying,2025-03-13
REV004075,CUST00314,PROD0275,1,Packaging could be better,2025-11-01
REV004076,CUST00270,PROD0453,3,Highly recommended,2025-08-21
REV004077,CUST00522,PROD0085,1,Worth buying,2025-03-25
REV004078,CUST01740,PROD0300,3,Fast delivery,2025-12-10
REV004079,CUST00109,PROD0280,5,Poor quality,2025-11-23
REV004080,CUST00182,PROD0373,2,Fast delivery,2025-03-04
REV004081,CUST01715,PROD0287,3,Value for money,2025-10-14
REV004082,CUST00758,PROD0379,1,Received damaged product,2025-04-25
REV004083,CUST01112,PROD0217,3,Fast delivery,2025-08-16
REV004084,CUST00041,PROD0202,1,Packaging could be better,2025-03-13
REV004085,CUST00377,PROD0045,2,Fast delivery,2025-02-13
REV004086,CUST00865,PROD0480,2,Excellent quality,2025-12-02
REV004087,CUST01079,PROD0402,3,Value for money,2025-02-02
REV004088,CUST00637,PROD0062,4,Fast delivery,2025-02-10
REV004089,CUST00403,PROD0379,1,Poor quality,2025-05-17
REV004090,CUST00198,PROD0007,4,Highly recommended,2025-11-16
REV004091,CUST00565,PROD0065,2,Average product,2025-06-02
REV004092,CUST00592,PROD0282,5,Received damaged product,2025-03-05
REV004093,CUST01303,PROD0297,4,Poor quality,2025-04-15
REV004094,CUST01044,PROD0167,4,Battery backup is amazing,2025-11-27
REV004095,CUST00249,PROD0134,5,Battery backup is amazing,2025-09-03
REV004096,CUST00577,PROD0008,5,Highly recommended,2025-08-05
REV004097,CUST01554,PROD0159,1,Fast delivery,2025-01-16
REV004098,CUST01845,PROD0421,5,Packaging could be better,2025-04-24
REV004099,CUST01136,PROD0119,1,Battery backup is amazing,2025-10-08
REV004100,CUST00664,PROD0128,5,Battery backup is amazing,2025-03-14
REV004101,CUST00755,PROD0060,2,Fast delivery,2025-10-09
REV004102,CUST01920,PROD0472,2,Battery backup is amazing,2025-07-12
REV004103,CUST01368,PROD0157,4,Average product,2025-05-15
REV004104,CUST01677,PROD0050,3,Battery backup is amazing,2025-01-27
REV004105,CUST01589,PROD0396,5,Packaging could be better,2025-06-09
REV004106,CUST00142,PROD0250,3,Poor quality,2025-04-16
REV004107,CUST00408,PROD0024,5,Highly recommended,2025-08-06
REV004108,CUST01980,PROD0110,1,Fast delivery,2025-08-16
REV004109,CUST01464,PROD0430,1,Worth buying,2025-09-24
REV004110,CUST00667,PROD0221,3,Value for money,2025-10-08
REV004111,CUST01398,PROD0314,2,Value for money,2025-08-21
REV004112,CUST00756,PROD0075,2,Packaging could be better,2025-12-11
REV004113,CUST00586,PROD0397,2,Excellent quality,2025-04-08
REV004114,CUST00757,PROD0429,5,Received damaged product,2025-09-24
REV004115,CUST01596,PROD0313,2,Excellent quality,2025-06-13
REV004116,CUST00646,PROD0062,5,Battery backup is amazing,2025-02-14
REV004117,CUST00616,PROD0123,2,Worth buying,2025-09-20
REV004118,CUST01364,PROD0144,5,Value for money,2025-08-18
REV004119,CUST00222,PROD0150,4,Highly recommended,2025-09-09
REV004120,CUST00659,PROD0385,5,Received damaged product,2025-11-22
REV004121,CUST01106,PROD0201,2,Value for money,2025-07-03
REV004122,CUST01339,PROD0092,1,Excellent quality,2025-08-07
REV004123,CUST00630,PROD0384,4,Value for money,2025-05-16
REV004124,CUST00910,PROD0444,1,Highly recommended,2025-09-11
REV004125,CUST00346,PROD0220,5,Poor quality,2025-08-22
REV004126,CUST01885,PROD0034,2,Battery backup is amazing,2025-12-08
REV004127,CUST00311,PROD0329,5,Fast delivery,2025-12-21
REV004128,CUST01916,PROD0232,4,Highly recommended,2025-06-28
REV004129,CUST01275,PROD0205,3,Packaging could be better,2025-08-28
REV004130,CUST01777,PROD0029,4,Poor quality,2025-08-15
REV004131,CUST01929,PROD0179,3,Battery backup is amazing,2025-07-21
REV004132,CUST01613,PROD0385,5,Packaging could be better,2025-09-07
REV004133,CUST00882,PROD0213,2,Battery backup is amazing,2025-06-16
REV004134,CUST00458,PROD0123,3,Fast delivery,2025-02-04
REV004135,CUST01650,PROD0329,3,Average product,2025-07-24
REV004136,CUST00058,PROD0172,4,Excellent quality,2025-04-26
REV004137,CUST00875,PROD0488,1,Excellent quality,2025-11-14
REV004138,CUST00001,PROD0278,4,Looks premium,2025-10-09
REV004139,CUST00312,PROD0233,1,Excellent quality,2025-04-02
REV004140,CUST00779,PROD0113,3,Highly recommended,2025-02-01
REV004141,CUST00800,PROD0111,3,Battery backup is amazing,2025-06-18
REV004142,CUST01114,PROD0296,3,Fast delivery,2025-06-12
REV004143,CUST01309,PROD0323,4,Received damaged product,2025-03-19
REV004144,CUST00126,PROD0130,2,Excellent quality,2025-05-24
REV004145,CUST01298,PROD0266,1,Worth buying,2025-01-08
REV004146,CUST00279,PROD0053,5,Excellent quality,2025-11-15
REV004147,CUST00992,PROD0402,4,Battery backup is amazing,2025-01-04
REV004148,CUST01382,PROD0050,5,Worth buying,2025-04-17
REV004149,CUST01490,PROD0302,5,Highly recommended,2025-06-27
REV004150,CUST01126,PROD0127,5,Looks premium,2025-06-17
REV004151,CUST01797,PROD0373,5,Average product,2025-12-24
REV004152,CUST00056,PROD0039,1,Worth buying,2025-02-02
REV004153,CUST01137,PROD0384,3,Packaging could be better,2025-11-27
REV004154,CUST01308,PROD0062,2,Highly recommended,2025-02-12
REV004155,CUST01204,PROD0162,1,Looks premium,2025-09-01
REV004156,CUST00665,PROD0255,5,Poor quality,2025-01-18
REV004157,CUST01683,PROD0078,3,Fast delivery,2025-12-16
REV004158,CUST01491,PROD0178,4,Excellent quality,2025-02-18
REV004159,CUST00145,PROD0262,3,Highly recommended,2025-12-02
REV004160,CUST00765,PROD0328,5,Battery backup is amazing,2025-02-10
REV004161,CUST01805,PROD0493,5,Fast delivery,2025-06-14
REV004162,CUST00022,PROD0227,4,Average product,2025-02-26
REV004163,CUST01366,PROD0394,1,Value for money,2025-07-21
REV004164,CUST01412,PROD0497,5,Fast delivery,2025-09-15
REV004165,CUST00375,PROD0299,4,Fast delivery,2025-06-17
REV004166,CUST01107,PROD0040,2,Average product,2025-01-17
REV004167,CUST00454,PROD0095,4,Packaging could be better,2025-02-20
REV004168,CUST01447,PROD0067,5,Received damaged product,2025-01-01
REV004169,CUST01327,PROD0319,1,Packaging could be better,2025-06-14
REV004170,CUST00821,PROD0284,4,Highly recommended,2025-12-13
REV004171,CUST01068,PROD0074,1,Excellent quality,2025-06-14
REV004172,CUST00662,PROD0428,3,Battery backup is amazing,2025-05-06
REV004173,CUST00450,PROD0243,5,Excellent quality,2025-05-18
REV004174,CUST00446,PROD0205,1,Fast delivery,2025-01-10
REV004175,CUST00657,PROD0392,3,Value for money,2025-12-25
REV004176,CUST01542,PROD0322,2,Received damaged product,2025-01-08
REV004177,CUST00600,PROD0148,5,Looks premium,2025-12-03
REV004178,CUST00110,PROD0209,5,Worth buying,2025-11-05
REV004179,CUST00822,PROD0229,5,Poor quality,2025-07-02
REV004180,CUST01876,PROD0498,3,Received damaged product,2025-10-06
REV004181,CUST01165,PROD0262,1,Battery backup is amazing,2025-12-26
REV004182,CUST00023,PROD0472,2,Highly recommended,2025-01-10
REV004183,CUST00175,PROD0293,1,Highly recommended,2025-08-02
REV004184,CUST00185,PROD0412,3,Highly recommended,2025-08-24
REV004185,CUST01587,PROD0076,2,Value for money,2025-12-26
REV004186,CUST01239,PROD0378,2,Received damaged product,2025-12-02
REV004187,CUST01123,PROD0056,2,Worth buying,2025-12-23
REV004188,CUST01333,PROD0004,5,Fast delivery,2025-05-17
REV004189,CUST01859,PROD0011,4,Worth buying,2025-05-10
REV004190,CUST01935,PROD0123,5,Worth buying,2025-09-09
REV004191,CUST01185,PROD0451,3,Average product,2025-09-07
REV004192,CUST00505,PROD0125,5,Average product,2025-11-21
REV004193,CUST01451,PROD0027,5,Received damaged product,2025-06-18
REV004194,CUST01254,PROD0341,4,Poor quality,2025-06-09
REV004195,CUST01860,PROD0131,1,Worth buying,2025-12-04
REV004196,CUST00597,PROD0500,2,Poor quality,2025-07-19
REV004197,CUST01577,PROD0051,1,Average product,2025-10-07
REV004198,CUST01660,PROD0102,3,Received damaged product,2025-09-05
REV004199,CUST01854,PROD0053,2,Looks premium,2025-05-14
REV004200,CUST00826,PROD0287,2,Fast delivery,2025-09-19
REV004201,CUST00230,PROD0120,5,Excellent quality,2025-05-20
REV004202,CUST01526,PROD0470,3,Value for money,2025-01-09
REV004203,CUST01428,PROD0284,5,Looks premium,2025-04-04
REV004204,CUST01207,PROD0062,3,Value for money,2025-09-24
REV004205,CUST01975,PROD0448,4,Packaging could be better,2025-07-21
REV004206,CUST00110,PROD0063,3,Poor quality,2025-06-01
REV004207,CUST00409,PROD0170,2,Fast delivery,2025-11-21
REV004208,CUST00852,PROD0405,5,Packaging could be better,2025-05-07
REV004209,CUST00138,PROD0059,5,Battery backup is amazing,2025-02-04
REV004210,CUST01949,PROD0297,2,Battery backup is amazing,2025-09-16
REV004211,CUST00978,PROD0205,4,Value for money,2025-03-17
REV004212,CUST01845,PROD0466,2,Fast delivery,2025-03-26
REV004213,CUST00607,PROD0254,5,Highly recommended,2025-06-26
REV004214,CUST01637,PROD0359,1,Excellent quality,2025-04-20
REV004215,CUST00532,PROD0289,1,Battery backup is amazing,2025-10-26
REV004216,CUST01769,PROD0322,3,Looks premium,2025-10-27
REV004217,CUST01762,PROD0321,4,Battery backup is amazing,2025-07-06
REV004218,CUST01918,PROD0145,1,Packaging could be better,2025-08-01
REV004219,CUST00470,PROD0136,4,Looks premium,2025-10-07
REV004220,CUST00594,PROD0138,1,Value for money,2025-11-22
REV004221,CUST01607,PROD0284,3,Battery backup is amazing,2025-12-17
REV004222,CUST00999,PROD0409,1,Highly recommended,2025-06-14
REV004223,CUST00691,PROD0424,3,Worth buying,2025-09-10
REV004224,CUST01849,PROD0126,5,Worth buying,2025-05-02
REV004225,CUST00845,PROD0036,5,Packaging could be better,2025-02-06
REV004226,CUST00537,PROD0388,3,Average product,2025-01-22
REV004227,CUST01498,PROD0229,2,Highly recommended,2025-05-10
REV004228,CUST01110,PROD0202,3,Packaging could be better,2025-08-08
REV004229,CUST01893,PROD0333,2,Fast delivery,2025-11-17
REV004230,CUST01827,PROD0229,5,Looks premium,2025-08-22
REV004231,CUST00442,PROD0151,1,Average product,2025-03-15
REV004232,CUST01004,PROD0414,2,Packaging could be better,2025-09-27
REV004233,CUST00697,PROD0161,2,Packaging could be better,2025-02-09
REV004234,CUST01340,PROD0137,2,Fast delivery,2025-08-24
REV004235,CUST00410,PROD0201,1,Poor quality,2025-11-04
REV004236,CUST00647,PROD0233,5,Fast delivery,2025-08-18
REV004237,CUST01355,PROD0189,2,Worth buying,2025-06-01
REV004238,CUST00937,PROD0339,4,Excellent quality,2025-10-03
REV004239,CUST01380,PROD0394,4,Worth buying,2025-11-09
REV004240,CUST00021,PROD0034,2,Worth buying,2025-02-19
REV004241,CUST01211,PROD0376,4,Highly recommended,2025-03-07
REV004242,CUST00439,PROD0093,4,Average product,2025-11-04
REV004243,CUST00679,PROD0461,5,Value for money,2025-01-17
REV004244,CUST01161,PROD0478,1,Worth buying,2025-05-25
REV004245,CUST00920,PROD0297,2,Average product,2025-05-18
REV004246,CUST00684,PROD0338,2,Packaging could be better,2025-09-21
REV004247,CUST01878,PROD0346,2,Fast delivery,2025-08-05
REV004248,CUST00222,PROD0367,3,Worth buying,2025-10-18
REV004249,CUST01384,PROD0311,5,Highly recommended,2025-01-03
REV004250,CUST00370,PROD0220,3,Received damaged product,2025-05-09
REV004251,CUST01352,PROD0453,5,Poor quality,2025-06-14
REV004252,CUST01601,PROD0353,1,Value for money,2025-05-03
REV004253,CUST00145,PROD0354,2,Excellent quality,2025-06-08
REV004254,CUST01887,PROD0237,1,Average product,2025-04-27
REV004255,CUST01215,PROD0245,2,Highly recommended,2025-07-11
REV004256,CUST01131,PROD0040,2,Highly recommended,2025-09-23
REV004257,CUST00715,PROD0172,4,Looks premium,2025-01-16
REV004258,CUST01770,PROD0291,1,Battery backup is amazing,2025-09-23
REV004259,CUST01859,PROD0230,4,Average product,2025-08-18
REV004260,CUST00583,PROD0392,1,Highly recommended,2025-03-28
REV004261,CUST01801,PROD0029,3,Average product,2025-04-08
REV004262,CUST00734,PROD0450,5,Poor quality,2025-06-26
REV004263,CUST00198,PROD0179,1,Worth buying,2025-07-01
REV004264,CUST01480,PROD0402,4,Value for money,2025-12-02
REV004265,CUST01305,PROD0326,3,Looks premium,2025-01-13
REV004266,CUST01292,PROD0034,3,Fast delivery,2025-01-21
REV004267,CUST01264,PROD0248,3,Worth buying,2025-01-21
REV004268,CUST00732,PROD0469,4,Excellent quality,2025-03-13
REV004269,CUST01825,PROD0150,3,Packaging could be better,2025-04-23
REV004270,CUST01023,PROD0003,4,Looks premium,2025-04-15
REV004271,CUST01715,PROD0158,5,Poor quality,2025-11-10
REV004272,CUST00922,PROD0424,1,Looks premium,2025-09-26
REV004273,CUST01044,PROD0214,1,Value for money,2025-03-28
REV004274,CUST01338,PROD0450,2,Worth buying,2025-04-23
REV004275,CUST00463,PROD0076,3,Highly recommended,2025-05-19
REV004276,CUST00334,PROD0052,3,Average product,2025-12-10
REV004277,CUST01823,PROD0397,5,Excellent quality,2025-07-22
REV004278,CUST01554,PROD0426,4,Looks premium,2025-01-23
REV004279,CUST01404,PROD0347,5,Packaging could be better,2025-12-05
REV004280,CUST01434,PROD0327,1,Received damaged product,2025-11-08
REV004281,CUST00148,PROD0495,4,Average product,2025-01-26
REV004282,CUST00508,PROD0407,1,Worth buying,2025-01-19
REV004283,CUST00670,PROD0489,1,Packaging could be better,2025-01-24
REV004284,CUST01928,PROD0417,5,Fast delivery,2025-09-04
REV004285,CUST00275,PROD0201,2,Excellent quality,2025-02-01
REV004286,CUST01640,PROD0005,1,Battery backup is amazing,2025-05-06
REV004287,CUST01402,PROD0384,3,Average product,2025-07-16
REV004288,CUST00922,PROD0348,1,Looks premium,2025-10-28
REV004289,CUST01121,PROD0338,4,Value for money,2025-01-13
REV004290,CUST01334,PROD0309,5,Average product,2025-09-18
REV004291,CUST00437,PROD0233,5,Value for money,2025-07-01
REV004292,CUST01986,PROD0027,3,Excellent quality,2025-06-26
REV004293,CUST00390,PROD0010,3,Received damaged product,2025-04-15
REV004294,CUST00121,PROD0396,2,Average product,2025-02-12
REV004295,CUST00836,PROD0133,1,Fast delivery,2025-01-03
REV004296,CUST01861,PROD0213,4,Worth buying,2025-12-07
REV004297,CUST00251,PROD0446,3,Highly recommended,2025-11-04
REV004298,CUST00664,PROD0038,3,Worth buying,2025-07-17
REV004299,CUST00503,PROD0453,2,Value for money,2025-10-12
REV004300,CUST01226,PROD0242,2,Average product,2025-01-15
REV004301,CUST00036,PROD0387,5,Packaging could be better,2025-01-22
REV004302,CUST00247,PROD0338,4,Received damaged product,2025-03-17
REV004303,CUST00611,PROD0157,1,Average product,2025-02-28
REV004304,CUST00117,PROD0322,2,Fast delivery,2025-08-19
REV004305,CUST01150,PROD0152,5,Packaging could be better,2025-11-12
REV004306,CUST00552,PROD0371,2,Fast delivery,2025-11-14
REV004307,CUST01065,PROD0408,3,Worth buying,2025-07-18
REV004308,CUST00896,PROD0209,4,Looks premium,2025-10-03
REV004309,CUST00670,PROD0169,1,Average product,2025-07-28
REV004310,CUST00141,PROD0117,5,Excellent quality,2025-03-18
REV004311,CUST01077,PROD0330,1,Battery backup is amazing,2025-08-09
REV004312,CUST01588,PROD0455,4,Received damaged product,2025-11-09
REV004313,CUST00716,PROD0387,3,Value for money,2025-06-16
REV004314,CUST01622,PROD0493,2,Average product,2025-11-26
REV004315,CUST01297,PROD0050,5,Poor quality,2025-05-01
REV004316,CUST00212,PROD0463,4,Battery backup is amazing,2025-07-25
REV004317,CUST01256,PROD0455,3,Worth buying,2025-08-23
REV004318,CUST00206,PROD0323,4,Value for money,2025-01-28
REV004319,CUST01130,PROD0243,3,Packaging could be better,2025-07-23
REV004320,CUST00751,PROD0232,2,Value for money,2025-09-04
REV004321,CUST00273,PROD0097,5,Excellent quality,2025-10-06
REV004322,CUST00563,PROD0320,4,Excellent quality,2025-10-20
REV004323,CUST01400,PROD0117,2,Worth buying,2025-02-02
REV004324,CUST01476,PROD0204,1,Average product,2025-11-04
REV004325,CUST00258,PROD0303,3,Battery backup is amazing,2025-12-20
REV004326,CUST01073,PROD0379,5,Highly recommended,2025-10-07
REV004327,CUST00071,PROD0192,1,Worth buying,2025-12-08
REV004328,CUST01770,PROD0421,4,Received damaged product,2025-09-13
REV004329,CUST00279,PROD0490,4,Value for money,2025-09-05
REV004330,CUST00331,PROD0332,1,Value for money,2025-09-16
REV004331,CUST00850,PROD0231,5,Worth buying,2025-05-26
REV004332,CUST00993,PROD0248,5,Excellent quality,2025-02-24
REV004333,CUST00880,PROD0112,3,Highly recommended,2025-11-28
REV004334,CUST01326,PROD0268,3,Packaging could be better,2025-08-17
REV004335,CUST00207,PROD0166,2,Worth buying,2025-02-22
REV004336,CUST00410,PROD0098,5,Value for money,2025-07-20
REV004337,CUST01316,PROD0372,1,Battery backup is amazing,2025-01-14
REV004338,CUST00541,PROD0010,4,Received damaged product,2025-04-19
REV004339,CUST00490,PROD0119,5,Battery backup is amazing,2025-04-27
REV004340,CUST01819,PROD0420,3,Poor quality,2025-01-11
REV004341,CUST01036,PROD0240,3,Packaging could be better,2025-03-24
REV004342,CUST00366,PROD0209,4,Worth buying,2025-04-17
REV004343,CUST01461,PROD0444,5,Battery backup is amazing,2025-11-14
REV004344,CUST01180,PROD0441,3,Poor quality,2025-07-28
REV004345,CUST00221,PROD0323,4,Fast delivery,2025-04-04
REV004346,CUST00356,PROD0362,3,Highly recommended,2025-11-19
REV004347,CUST01944,PROD0207,1,Packaging could be better,2025-10-24
REV004348,CUST00298,PROD0231,4,Worth buying,2025-05-06
REV004349,CUST01501,PROD0116,2,Poor quality,2025-06-13
REV004350,CUST00023,PROD0254,1,Average product,2025-07-27
REV004351,CUST01944,PROD0206,2,Worth buying,2025-10-13
REV004352,CUST00919,PROD0093,3,Highly recommended,2025-12-15
REV004353,CUST01914,PROD0251,3,Worth buying,2025-10-22
REV004354,CUST01051,PROD0220,5,Worth buying,2025-10-27
REV004355,CUST01330,PROD0092,1,Average product,2025-09-17
REV004356,CUST01170,PROD0270,4,Excellent quality,2025-06-08
REV004357,CUST01556,PROD0068,1,Packaging could be better,2025-07-15
REV004358,CUST01025,PROD0214,4,Excellent quality,2025-10-22
REV004359,CUST00137,PROD0290,2,Excellent quality,2025-04-12
REV004360,CUST00826,PROD0396,2,Highly recommended,2025-12-15
REV004361,CUST00537,PROD0158,2,Battery backup is amazing,2025-10-02
REV004362,CUST00801,PROD0410,5,Value for money,2025-04-09
REV004363,CUST01206,PROD0170,2,Excellent quality,2025-10-10
REV004364,CUST00149,PROD0199,1,Fast delivery,2025-12-23
REV004365,CUST00305,PROD0113,5,Worth buying,2025-06-25
REV004366,CUST00940,PROD0162,2,Excellent quality,2025-07-15
REV004367,CUST01735,PROD0003,3,Highly recommended,2025-03-26
REV004368,CUST01231,PROD0020,3,Packaging could be better,2025-11-23
REV004369,CUST01875,PROD0013,3,Battery backup is amazing,2025-10-16
REV004370,CUST01755,PROD0142,1,Average product,2025-04-08
REV004371,CUST00225,PROD0061,5,Received damaged product,2025-05-07
REV004372,CUST01007,PROD0048,5,Battery backup is amazing,2025-02-07
REV004373,CUST00811,PROD0278,3,Packaging could be better,2025-03-24
REV004374,CUST00443,PROD0375,4,Received damaged product,2025-03-28
REV004375,CUST00854,PROD0089,1,Highly recommended,2025-09-28
REV004376,CUST00910,PROD0242,2,Highly recommended,2025-05-21
REV004377,CUST00623,PROD0487,5,Packaging could be better,2025-04-20
REV004378,CUST00351,PROD0282,2,Looks premium,2025-02-26
REV004379,CUST00148,PROD0075,3,Average product,2025-09-19
REV004380,CUST00700,PROD0181,5,Looks premium,2025-01-05
REV004381,CUST01860,PROD0178,3,Average product,2025-12-28
REV004382,CUST01578,PROD0348,4,Average product,2025-01-05
REV004383,CUST00725,PROD0375,5,Battery backup is amazing,2025-05-13
REV004384,CUST01263,PROD0215,1,Value for money,2025-05-26
REV004385,CUST01459,PROD0155,4,Packaging could be better,2025-01-12
REV004386,CUST00922,PROD0454,1,Received damaged product,2025-10-08
REV004387,CUST01427,PROD0010,2,Worth buying,2025-01-10
REV004388,CUST00635,PROD0230,5,Average product,2025-08-20
REV004389,CUST01744,PROD0250,5,Highly recommended,2025-08-10
REV004390,CUST00303,PROD0383,1,Fast delivery,2025-03-25
REV004391,CUST01669,PROD0381,3,Battery backup is amazing,2025-05-16
REV004392,CUST00803,PROD0220,5,Value for money,2025-10-13
REV004393,CUST00777,PROD0173,4,Average product,2025-06-22
REV004394,CUST01448,PROD0371,5,Fast delivery,2025-05-16
REV004395,CUST01171,PROD0379,1,Battery backup is amazing,2025-06-22
REV004396,CUST01636,PROD0434,3,Poor quality,2025-12-14
REV004397,CUST00874,PROD0434,3,Poor quality,2025-04-09
REV004398,CUST01170,PROD0163,3,Excellent quality,2025-06-12
REV004399,CUST00868,PROD0273,3,Poor quality,2025-01-10
REV004400,CUST00802,PROD0364,3,Looks premium,2025-05-28
REV004401,CUST01017,PROD0471,1,Received damaged product,2025-05-07
REV004402,CUST01262,PROD0426,3,Excellent quality,2025-07-22
REV004403,CUST00336,PROD0139,2,Highly recommended,2025-02-18
REV004404,CUST01323,PROD0164,5,Average product,2025-05-05
REV004405,CUST01083,PROD0187,2,Packaging could be better,2025-11-10
REV004406,CUST00405,PROD0191,2,Poor quality,2025-05-28
REV004407,CUST00504,PROD0094,4,Battery backup is amazing,2025-04-19
REV004408,CUST01562,PROD0177,4,Excellent quality,2025-12-28
REV004409,CUST00202,PROD0054,5,Highly recommended,2025-10-13
REV004410,CUST00117,PROD0267,2,Poor quality,2025-10-15
REV004411,CUST01180,PROD0146,5,Received damaged product,2025-04-04
REV004412,CUST00960,PROD0224,3,Excellent quality,2025-06-15
REV004413,CUST00511,PROD0172,1,Packaging could be better,2025-08-17
REV004414,CUST00585,PROD0407,1,Poor quality,2025-05-01
REV004415,CUST00270,PROD0210,2,Worth buying,2025-09-08
REV004416,CUST00985,PROD0398,1,Highly recommended,2025-02-03
REV004417,CUST01912,PROD0435,4,Looks premium,2025-03-11
REV004418,CUST00388,PROD0370,2,Value for money,2025-03-13
REV004419,CUST01922,PROD0104,3,Average product,2025-07-13
REV004420,CUST00979,PROD0418,3,Highly recommended,2025-01-05
REV004421,CUST01462,PROD0481,4,Worth buying,2025-10-01
REV004422,CUST01699,PROD0102,1,Excellent quality,2025-02-05
REV004423,CUST00132,PROD0149,3,Looks premium,2025-03-27
REV004424,CUST00188,PROD0045,3,Highly recommended,2025-04-18
REV004425,CUST00035,PROD0324,4,Poor quality,2025-05-27
REV004426,CUST00080,PROD0064,1,Average product,2025-09-15
REV004427,CUST01424,PROD0400,2,Packaging could be better,2025-03-23
REV004428,CUST00999,PROD0024,3,Looks premium,2025-05-15
REV004429,CUST01788,PROD0408,1,Fast delivery,2025-04-15
REV004430,CUST00422,PROD0412,2,Fast delivery,2025-05-07
REV004431,CUST00400,PROD0493,3,Worth buying,2025-12-15
REV004432,CUST01236,PROD0224,1,Received damaged product,2025-10-21
REV004433,CUST00619,PROD0076,5,Highly recommended,2025-06-16
REV004434,CUST01157,PROD0297,2,Highly recommended,2025-05-16
REV004435,CUST00626,PROD0031,5,Average product,2025-12-19
REV004436,CUST00836,PROD0204,4,Excellent quality,2025-03-08
REV004437,CUST01679,PROD0466,5,Received damaged product,2025-05-08
REV004438,CUST01798,PROD0333,3,Worth buying,2025-10-01
REV004439,CUST01594,PROD0055,4,Excellent quality,2025-03-28
REV004440,CUST01699,PROD0156,4,Packaging could be better,2025-04-14
REV004441,CUST00429,PROD0368,2,Highly recommended,2025-01-17
REV004442,CUST01482,PROD0266,1,Average product,2025-10-15
REV004443,CUST00828,PROD0118,3,Worth buying,2025-12-08
REV004444,CUST00310,PROD0361,4,Poor quality,2025-12-13
REV004445,CUST01862,PROD0019,1,Looks premium,2025-02-24
REV004446,CUST00838,PROD0231,3,Poor quality,2025-05-18
REV004447,CUST00146,PROD0201,1,Excellent quality,2025-03-08
REV004448,CUST00556,PROD0388,4,Worth buying,2025-12-17
REV004449,CUST00643,PROD0040,4,Poor quality,2025-03-19
REV004450,CUST00891,PROD0414,5,Poor quality,2025-06-08
REV004451,CUST00690,PROD0362,5,Poor quality,2025-11-14
REV004452,CUST00334,PROD0022,5,Average product,2025-01-11
REV004453,CUST01384,PROD0224,4,Average product,2025-10-12
REV004454,CUST01910,PROD0031,1,Highly recommended,2025-02-09
REV004455,CUST00463,PROD0390,3,Fast delivery,2025-12-24
REV004456,CUST01461,PROD0014,3,Fast delivery,2025-08-26
REV004457,CUST00448,PROD0461,5,Looks premium,2025-11-26
REV004458,CUST00503,PROD0390,1,Looks premium,2025-01-14
REV004459,CUST00284,PROD0402,2,Fast delivery,2025-10-15
REV004460,CUST00325,PROD0135,4,Value for money,2025-04-22
REV004461,CUST01067,PROD0485,1,Average product,2025-03-04
REV004462,CUST01791,PROD0334,2,Worth buying,2025-06-16
REV004463,CUST00572,PROD0369,3,Excellent quality,2025-09-12
REV004464,CUST01844,PROD0255,5,Battery backup is amazing,2025-11-14
REV004465,CUST00925,PROD0194,3,Packaging could be better,2025-04-15
REV004466,CUST01363,PROD0069,5,Average product,2025-02-26
REV004467,CUST01883,PROD0124,5,Fast delivery,2025-07-08
REV004468,CUST01963,PROD0416,4,Fast delivery,2025-01-03
REV004469,CUST01587,PROD0267,2,Worth buying,2025-01-16
REV004470,CUST00553,PROD0435,3,Highly recommended,2025-08-16
REV004471,CUST00423,PROD0384,3,Packaging could be better,2025-02-10
REV004472,CUST01150,PROD0270,5,Average product,2025-03-16
REV004473,CUST00308,PROD0075,1,Received damaged product,2025-01-20
REV004474,CUST00909,PROD0468,4,Packaging could be better,2025-06-24
REV004475,CUST00070,PROD0485,4,Value for money,2025-05-12
REV004476,CUST01539,PROD0161,5,Excellent quality,2025-03-03
REV004477,CUST01820,PROD0290,3,Worth buying,2025-04-18
REV004478,CUST01466,PROD0202,5,Packaging could be better,2025-02-27
REV004479,CUST01234,PROD0259,2,Battery backup is amazing,2025-06-07
REV004480,CUST00136,PROD0394,5,Worth buying,2025-11-05
REV004481,CUST01400,PROD0089,2,Poor quality,2025-04-12
REV004482,CUST00982,PROD0045,1,Battery backup is amazing,2025-01-07
REV004483,CUST00233,PROD0470,4,Battery backup is amazing,2025-05-22
REV004484,CUST00793,PROD0358,1,Battery backup is amazing,2025-05-23
REV004485,CUST01729,PROD0192,3,Battery backup is amazing,2025-11-20
REV004486,CUST00102,PROD0001,2,Battery backup is amazing,2025-12-11
REV004487,CUST00056,PROD0481,1,Average product,2025-07-14
REV004488,CUST01372,PROD0301,5,Value for money,2025-07-02
REV004489,CUST01400,PROD0465,5,Fast delivery,2025-08-27
REV004490,CUST00858,PROD0287,3,Poor quality,2025-04-26
REV004491,CUST01612,PROD0194,5,Battery backup is amazing,2025-10-24
REV004492,CUST00484,PROD0344,3,Battery backup is amazing,2025-05-18
REV004493,CUST01758,PROD0083,1,Received damaged product,2025-04-01
REV004494,CUST01613,PROD0323,2,Value for money,2025-03-28
REV004495,CUST00584,PROD0486,1,Value for money,2025-12-08
REV004496,CUST01501,PROD0240,5,Fast delivery,2025-01-17
REV004497,CUST00878,PROD0281,4,Looks premium,2025-08-26
REV004498,CUST00128,PROD0057,3,Battery backup is amazing,2025-09-22
REV004499,CUST01987,PROD0219,5,Received damaged product,2025-06-16
REV004500,CUST00427,PROD0351,4,Average product,2025-08-09
REV004501,CUST00193,PROD0321,4,Received damaged product,2025-02-12
REV004502,CUST01437,PROD0300,1,Highly recommended,2025-06-21
REV004503,CUST01257,PROD0108,2,Fast delivery,2025-08-05
REV004504,CUST01247,PROD0268,4,Packaging could be better,2025-12-17
REV004505,CUST01926,PROD0148,5,Packaging could be better,2025-01-12
REV004506,CUST00069,PROD0033,5,Highly recommended,2025-06-28
REV004507,CUST01730,PROD0428,5,Packaging could be better,2025-03-06
REV004508,CUST01511,PROD0051,5,Excellent quality,2025-11-23
REV004509,CUST01992,PROD0419,3,Value for money,2025-09-27
REV004510,CUST00846,PROD0218,3,Average product,2025-04-05
REV004511,CUST00087,PROD0393,2,Battery backup is amazing,2025-09-09
REV004512,CUST01236,PROD0062,5,Poor quality,2025-07-03
REV004513,CUST01097,PROD0096,3,Poor quality,2025-07-26
REV004514,CUST01422,PROD0177,5,Looks premium,2025-03-14
REV004515,CUST00181,PROD0380,1,Looks premium,2025-07-06
REV004516,CUST00087,PROD0428,4,Looks premium,2025-04-19
REV004517,CUST00517,PROD0407,2,Battery backup is amazing,2025-01-16
REV004518,CUST00132,PROD0325,1,Average product,2025-12-12
REV004519,CUST00422,PROD0078,2,Battery backup is amazing,2025-09-17
REV004520,CUST01213,PROD0470,1,Worth buying,2025-08-20
REV004521,CUST01395,PROD0114,1,Packaging could be better,2025-03-05
REV004522,CUST00250,PROD0096,3,Received damaged product,2025-04-01
REV004523,CUST00444,PROD0165,1,Fast delivery,2025-09-04
REV004524,CUST00024,PROD0129,5,Battery backup is amazing,2025-08-19
REV004525,CUST00533,PROD0299,5,Highly recommended,2025-11-15
REV004526,CUST01187,PROD0479,2,Excellent quality,2025-04-11
REV004527,CUST00848,PROD0350,3,Worth buying,2025-11-18
REV004528,CUST00405,PROD0018,4,Value for money,2025-12-03
REV004529,CUST00500,PROD0361,4,Excellent quality,2025-12-14
REV004530,CUST00418,PROD0296,5,Average product,2025-03-27
REV004531,CUST01456,PROD0306,4,Battery backup is amazing,2025-10-16
REV004532,CUST00083,PROD0019,2,Highly recommended,2025-03-05
REV004533,CUST00226,PROD0069,1,Highly recommended,2025-01-10
REV004534,CUST00963,PROD0450,4,Fast delivery,2025-09-25
REV004535,CUST01002,PROD0143,3,Worth buying,2025-11-17
REV004536,CUST01243,PROD0465,2,Excellent quality,2025-10-05
REV004537,CUST01971,PROD0125,3,Excellent quality,2025-07-16
REV004538,CUST01260,PROD0309,1,Poor quality,2025-03-01
REV004539,CUST00128,PROD0366,5,Excellent quality,2025-10-03
REV004540,CUST00148,PROD0067,5,Fast delivery,2025-01-06
REV004541,CUST01510,PROD0213,3,Received damaged product,2025-02-26
REV004542,CUST00225,PROD0170,3,Fast delivery,2025-07-14
REV004543,CUST01366,PROD0143,3,Worth buying,2025-11-22
REV004544,CUST00162,PROD0016,1,Received damaged product,2025-02-18
REV004545,CUST00302,PROD0413,5,Average product,2025-05-10
REV004546,CUST00651,PROD0146,4,Highly recommended,2025-09-25
REV004547,CUST01446,PROD0198,3,Packaging could be better,2025-01-01
REV004548,CUST01437,PROD0025,1,Worth buying,2025-02-06
REV004549,CUST00821,PROD0350,2,Highly recommended,2025-03-16
REV004550,CUST00137,PROD0432,2,Fast delivery,2025-09-19
REV004551,CUST01388,PROD0308,2,Poor quality,2025-08-05
REV004552,CUST00068,PROD0124,4,Received damaged product,2025-05-12
REV004553,CUST01757,PROD0484,5,Packaging could be better,2025-07-10
REV004554,CUST01279,PROD0353,4,Battery backup is amazing,2025-08-19
REV004555,CUST00960,PROD0295,2,Looks premium,2025-03-24
REV004556,CUST01216,PROD0181,1,Fast delivery,2025-06-22
REV004557,CUST00946,PROD0080,3,Received damaged product,2025-01-17
REV004558,CUST01513,PROD0166,4,Highly recommended,2025-06-03
REV004559,CUST00607,PROD0171,3,Excellent quality,2025-07-08
REV004560,CUST01622,PROD0312,2,Excellent quality,2025-05-15
REV004561,CUST01626,PROD0219,1,Looks premium,2025-03-08
REV004562,CUST00745,PROD0379,1,Fast delivery,2025-11-22
REV004563,CUST01633,PROD0380,3,Highly recommended,2025-12-22
REV004564,CUST01174,PROD0440,3,Packaging could be better,2025-03-02
REV004565,CUST00233,PROD0285,2,Average product,2025-02-06
REV004566,CUST01512,PROD0156,3,Excellent quality,2025-04-07
REV004567,CUST00627,PROD0301,5,Average product,2025-05-18
REV004568,CUST00269,PROD0067,2,Average product,2025-03-28
REV004569,CUST01722,PROD0375,1,Received damaged product,2025-04-18
REV004570,CUST00637,PROD0003,5,Fast delivery,2025-10-11
REV004571,CUST00892,PROD0443,4,Excellent quality,2025-04-19
REV004572,CUST01431,PROD0129,4,Value for money,2025-06-01
REV004573,CUST00890,PROD0048,3,Packaging could be better,2025-03-06
REV004574,CUST00555,PROD0028,1,Received damaged product,2025-07-17
REV004575,CUST01437,PROD0126,4,Battery backup is amazing,2025-05-17
REV004576,CUST01696,PROD0021,2,Battery backup is amazing,2025-03-17
REV004577,CUST01222,PROD0371,3,Battery backup is amazing,2025-07-15
REV004578,CUST00425,PROD0362,5,Looks premium,2025-06-25
REV004579,CUST00601,PROD0199,3,Excellent quality,2025-03-08
REV004580,CUST00499,PROD0222,5,Battery backup is amazing,2025-03-08
REV004581,CUST01384,PROD0137,4,Worth buying,2025-04-21
REV004582,CUST01358,PROD0019,3,Fast delivery,2025-01-02
REV004583,CUST01256,PROD0419,1,Received damaged product,2025-08-23
REV004584,CUST00977,PROD0042,4,Received damaged product,2025-08-10
REV004585,CUST00276,PROD0167,3,Looks premium,2025-12-12
REV004586,CUST01124,PROD0229,2,Looks premium,2025-05-01
REV004587,CUST01991,PROD0248,2,Received damaged product,2025-04-06
REV004588,CUST00666,PROD0170,1,Packaging could be better,2025-03-28
REV004589,CUST01501,PROD0034,3,Received damaged product,2025-05-11
REV004590,CUST01363,PROD0069,2,Highly recommended,2025-01-22
REV004591,CUST01026,PROD0050,1,Average product,2025-09-02
REV004592,CUST01006,PROD0150,4,Excellent quality,2025-03-01
REV004593,CUST00180,PROD0118,5,Looks premium,2025-07-25
REV004594,CUST00139,PROD0211,1,Average product,2025-12-03
REV004595,CUST01894,PROD0271,4,Average product,2025-01-25
REV004596,CUST01400,PROD0444,3,Battery backup is amazing,2025-05-10
REV004597,CUST01595,PROD0288,1,Battery backup is amazing,2025-08-25
REV004598,CUST00252,PROD0003,4,Average product,2025-12-17
REV004599,CUST01820,PROD0094,4,Value for money,2025-02-25
REV004600,CUST01030,PROD0106,1,Received damaged product,2025-11-12
REV004601,CUST01535,PROD0448,3,Excellent quality,2025-04-17
REV004602,CUST01467,PROD0399,4,Packaging could be better,2025-11-09
REV004603,CUST00667,PROD0160,5,Packaging could be better,2025-07-09
REV004604,CUST01912,PROD0019,3,Excellent quality,2025-12-28
REV004605,CUST01824,PROD0330,3,Packaging could be better,2025-10-22
REV004606,CUST01538,PROD0038,4,Value for money,2025-12-17
REV004607,CUST01565,PROD0255,2,Battery backup is amazing,2025-05-11
REV004608,CUST00012,PROD0419,3,Packaging could be better,2025-11-02
REV004609,CUST01570,PROD0239,2,Packaging could be better,2025-03-18
REV004610,CUST01919,PROD0249,4,Packaging could be better,2025-03-20
REV004611,CUST00668,PROD0134,1,Average product,2025-05-06
REV004612,CUST00251,PROD0402,3,Excellent quality,2025-07-21
REV004613,CUST00630,PROD0155,4,Fast delivery,2025-01-11
REV004614,CUST01558,PROD0319,5,Poor quality,2025-08-07
REV004615,CUST01371,PROD0248,3,Battery backup is amazing,2025-05-22
REV004616,CUST00902,PROD0379,2,Worth buying,2025-12-05
REV004617,CUST01773,PROD0217,4,Battery backup is amazing,2025-05-02
REV004618,CUST00212,PROD0242,5,Average product,2025-10-18
REV004619,CUST00406,PROD0112,4,Highly recommended,2025-11-02
REV004620,CUST00703,PROD0173,1,Packaging could be better,2025-05-09
REV004621,CUST01417,PROD0223,3,Fast delivery,2025-04-22
REV004622,CUST00022,PROD0134,5,Excellent quality,2025-05-10
REV004623,CUST01683,PROD0469,4,Packaging could be better,2025-03-20
REV004624,CUST00766,PROD0275,1,Packaging could be better,2025-07-19
REV004625,CUST01848,PROD0239,1,Value for money,2025-02-16
REV004626,CUST00894,PROD0223,5,Packaging could be better,2025-02-04
REV004627,CUST00214,PROD0312,3,Packaging could be better,2025-01-02
REV004628,CUST01987,PROD0382,1,Average product,2025-07-07
REV004629,CUST00300,PROD0187,2,Average product,2025-09-14
REV004630,CUST00762,PROD0400,4,Looks premium,2025-07-27
REV004631,CUST00292,PROD0408,5,Battery backup is amazing,2025-03-25
REV004632,CUST00027,PROD0469,5,Fast delivery,2025-05-26
REV004633,CUST00043,PROD0390,2,Value for money,2025-07-01
REV004634,CUST00313,PROD0246,2,Excellent quality,2025-05-27
REV004635,CUST00531,PROD0326,5,Fast delivery,2025-09-15
REV004636,CUST01808,PROD0235,1,Looks premium,2025-06-18
REV004637,CUST00127,PROD0064,1,Average product,2025-09-18
REV004638,CUST01971,PROD0080,2,Looks premium,2025-09-01
REV004639,CUST00227,PROD0325,1,Highly recommended,2025-09-20
REV004640,CUST01792,PROD0032,4,Worth buying,2025-08-28
REV004641,CUST01416,PROD0057,1,Average product,2025-02-25
REV004642,CUST01360,PROD0430,5,Received damaged product,2025-08-05
REV004643,CUST01658,PROD0105,3,Packaging could be better,2025-06-15
REV004644,CUST00149,PROD0017,3,Average product,2025-01-09
REV004645,CUST00795,PROD0429,2,Looks premium,2025-03-26
REV004646,CUST01711,PROD0428,5,Packaging could be better,2025-11-16
REV004647,CUST00255,PROD0100,4,Worth buying,2025-12-26
REV004648,CUST01838,PROD0364,5,Looks premium,2025-11-16
REV004649,CUST01030,PROD0485,3,Average product,2025-12-24
REV004650,CUST01938,PROD0283,5,Fast delivery,2025-04-18
REV004651,CUST00360,PROD0268,5,Average product,2025-01-25
REV004652,CUST00104,PROD0183,4,Worth buying,2025-04-18
REV004653,CUST00553,PROD0196,5,Value for money,2025-06-17
REV004654,CUST01327,PROD0270,3,Packaging could be better,2025-04-28
REV004655,CUST00302,PROD0019,1,Battery backup is amazing,2025-04-15
REV004656,CUST00442,PROD0460,3,Value for money,2025-09-27
REV004657,CUST00146,PROD0017,2,Fast delivery,2025-04-07
REV004658,CUST01553,PROD0390,4,Looks premium,2025-01-24
REV004659,CUST01135,PROD0389,1,Looks premium,2025-10-19
REV004660,CUST01320,PROD0312,3,Packaging could be better,2025-02-12
REV004661,CUST00569,PROD0187,5,Poor quality,2025-03-08
REV004662,CUST00702,PROD0308,3,Highly recommended,2025-08-17
REV004663,CUST01265,PROD0267,4,Value for money,2025-03-08
REV004664,CUST00484,PROD0030,5,Excellent quality,2025-12-12
REV004665,CUST01201,PROD0088,5,Looks premium,2025-04-02
REV004666,CUST00011,PROD0001,2,Average product,2025-02-14
REV004667,CUST01945,PROD0434,4,Poor quality,2025-03-28
REV004668,CUST00327,PROD0003,3,Packaging could be better,2025-08-25
REV004669,CUST00574,PROD0180,2,Packaging could be better,2025-08-05
REV004670,CUST01572,PROD0094,1,Received damaged product,2025-03-21
REV004671,CUST01695,PROD0151,3,Fast delivery,2025-03-15
REV004672,CUST01851,PROD0117,2,Packaging could be better,2025-10-21
REV004673,CUST01348,PROD0323,5,Looks premium,2025-08-11
REV004674,CUST01045,PROD0418,3,Highly recommended,2025-09-20
REV004675,CUST01565,PROD0133,5,Excellent quality,2025-11-13
REV004676,CUST00293,PROD0091,4,Battery backup is amazing,2025-02-23
REV004677,CUST01373,PROD0092,5,Looks premium,2025-01-08
REV004678,CUST01687,PROD0009,5,Worth buying,2025-02-17
REV004679,CUST01571,PROD0340,5,Packaging could be better,2025-03-15
REV004680,CUST00496,PROD0210,4,Fast delivery,2025-11-27
REV004681,CUST01838,PROD0119,3,Received damaged product,2025-06-18
REV004682,CUST00653,PROD0329,4,Value for money,2025-06-25
REV004683,CUST01541,PROD0228,1,Average product,2025-08-20
REV004684,CUST00362,PROD0464,5,Fast delivery,2025-07-10
REV004685,CUST01056,PROD0139,3,Average product,2025-07-04
REV004686,CUST01770,PROD0290,5,Received damaged product,2025-09-03
REV004687,CUST01306,PROD0386,5,Average product,2025-11-11
REV004688,CUST01712,PROD0494,1,Packaging could be better,2025-07-22
REV004689,CUST01438,PROD0066,4,Average product,2025-04-24
REV004690,CUST00720,PROD0345,1,Fast delivery,2025-02-20
REV004691,CUST01275,PROD0422,3,Highly recommended,2025-03-04
REV004692,CUST01427,PROD0155,3,Looks premium,2025-09-08
REV004693,CUST01734,PROD0040,4,Battery backup is amazing,2025-08-24
REV004694,CUST00744,PROD0402,3,Value for money,2025-06-01
REV004695,CUST01559,PROD0492,2,Worth buying,2025-02-06
REV004696,CUST00218,PROD0473,2,Poor quality,2025-06-07
REV004697,CUST00763,PROD0390,3,Worth buying,2025-02-16
REV004698,CUST01974,PROD0079,5,Looks premium,2025-07-01
REV004699,CUST01511,PROD0110,5,Fast delivery,2025-09-03
REV004700,CUST00319,PROD0245,4,Highly recommended,2025-04-24
REV004701,CUST01879,PROD0413,4,Fast delivery,2025-02-21
REV004702,CUST00505,PROD0366,3,Excellent quality,2025-09-03
REV004703,CUST01721,PROD0083,1,Battery backup is amazing,2025-02-25
REV004704,CUST01395,PROD0222,3,Poor quality,2025-07-02
REV004705,CUST01484,PROD0044,1,Excellent quality,2025-07-11
REV004706,CUST01470,PROD0296,1,Fast delivery,2025-06-28
REV004707,CUST00099,PROD0289,3,Average product,2025-12-27
REV004708,CUST00220,PROD0082,5,Fast delivery,2025-08-27
REV004709,CUST00045,PROD0448,3,Poor quality,2025-12-28
REV004710,CUST00119,PROD0256,1,Fast delivery,2025-11-09
REV004711,CUST00376,PROD0148,4,Excellent quality,2025-09-25
REV004712,CUST01531,PROD0016,3,Excellent quality,2025-05-22
REV004713,CUST00840,PROD0259,1,Excellent quality,2025-12-26
REV004714,CUST00880,PROD0154,5,Packaging could be better,2025-12-01
REV004715,CUST01399,PROD0433,4,Highly recommended,2025-12-13
REV004716,CUST01875,PROD0169,2,Battery backup is amazing,2025-01-24
REV004717,CUST01735,PROD0399,5,Excellent quality,2025-02-06
REV004718,CUST00131,PROD0359,1,Poor quality,2025-05-21
REV004719,CUST00888,PROD0379,4,Value for money,2025-01-10
REV004720,CUST01261,PROD0395,2,Worth buying,2025-02-15
REV004721,CUST01486,PROD0274,3,Received damaged product,2025-10-02
REV004722,CUST01352,PROD0452,2,Worth buying,2025-06-10
REV004723,CUST01001,PROD0481,4,Poor quality,2025-02-26
REV004724,CUST00245,PROD0266,3,Average product,2025-01-07
REV004725,CUST00719,PROD0372,4,Received damaged product,2025-10-14
REV004726,CUST00530,PROD0445,1,Poor quality,2025-03-12
REV004727,CUST00832,PROD0074,4,Received damaged product,2025-08-14
REV004728,CUST00238,PROD0397,5,Highly recommended,2025-07-17
REV004729,CUST01245,PROD0079,5,Highly recommended,2025-02-12
REV004730,CUST01639,PROD0168,3,Battery backup is amazing,2025-09-18
REV004731,CUST01412,PROD0042,2,Average product,2025-06-08
REV004732,CUST00331,PROD0068,1,Value for money,2025-06-02
REV004733,CUST01715,PROD0468,3,Fast delivery,2025-04-22
REV004734,CUST01056,PROD0030,3,Value for money,2025-01-18
REV004735,CUST00273,PROD0289,2,Fast delivery,2025-10-03
REV004736,CUST01249,PROD0321,5,Highly recommended,2025-11-14
REV004737,CUST00772,PROD0380,1,Battery backup is amazing,2025-07-08
REV004738,CUST00032,PROD0305,3,Fast delivery,2025-10-08
REV004739,CUST01338,PROD0354,1,Highly recommended,2025-09-12
REV004740,CUST00571,PROD0357,1,Packaging could be better,2025-04-02
REV004741,CUST00521,PROD0047,3,Excellent quality,2025-10-23
REV004742,CUST00076,PROD0233,2,Value for money,2025-07-26
REV004743,CUST00476,PROD0187,1,Worth buying,2025-11-16
REV004744,CUST01439,PROD0353,4,Value for money,2025-08-01
REV004745,CUST00874,PROD0088,3,Highly recommended,2025-01-28
REV004746,CUST00545,PROD0440,2,Looks premium,2025-03-19
REV004747,CUST01151,PROD0458,3,Received damaged product,2025-09-28
REV004748,CUST01295,PROD0424,3,Average product,2025-06-25
REV004749,CUST00503,PROD0253,1,Worth buying,2025-11-25
REV004750,CUST01011,PROD0318,2,Excellent quality,2025-06-02
REV004751,CUST00552,PROD0229,3,Packaging could be better,2025-06-17
REV004752,CUST00054,PROD0279,1,Battery backup is amazing,2025-04-16
REV004753,CUST00905,PROD0289,4,Packaging could be better,2025-06-04
REV004754,CUST00541,PROD0225,1,Excellent quality,2025-09-03
REV004755,CUST00474,PROD0328,4,Packaging could be better,2025-11-19
REV004756,CUST00102,PROD0035,5,Poor quality,2025-08-14
REV004757,CUST00421,PROD0453,1,Fast delivery,2025-11-28
REV004758,CUST01398,PROD0261,4,Average product,2025-06-14
REV004759,CUST01095,PROD0124,2,Worth buying,2025-10-21
REV004760,CUST01562,PROD0368,1,Fast delivery,2025-05-20
REV004761,CUST00085,PROD0279,2,Excellent quality,2025-07-19
REV004762,CUST01432,PROD0472,3,Value for money,2025-11-02
REV004763,CUST00731,PROD0126,1,Packaging could be better,2025-09-11
REV004764,CUST01667,PROD0310,4,Packaging could be better,2025-05-19
REV004765,CUST01926,PROD0028,1,Average product,2025-06-15
REV004766,CUST01461,PROD0011,2,Battery backup is amazing,2025-01-18
REV004767,CUST00548,PROD0112,2,Packaging could be better,2025-05-26
REV004768,CUST00407,PROD0125,5,Battery backup is amazing,2025-04-16
REV004769,CUST00186,PROD0401,5,Packaging could be better,2025-05-04
REV004770,CUST00433,PROD0364,2,Value for money,2025-07-18
REV004771,CUST01581,PROD0329,1,Battery backup is amazing,2025-02-23
REV004772,CUST01751,PROD0194,2,Poor quality,2025-12-10
REV004773,CUST00477,PROD0113,4,Worth buying,2025-10-15
REV004774,CUST01142,PROD0344,4,Fast delivery,2025-09-03
REV004775,CUST01883,PROD0387,1,Received damaged product,2025-02-12
REV004776,CUST00644,PROD0115,4,Poor quality,2025-06-16
REV004777,CUST00792,PROD0326,2,Poor quality,2025-12-20
REV004778,CUST00299,PROD0488,2,Battery backup is amazing,2025-10-02
REV004779,CUST01496,PROD0027,3,Received damaged product,2025-06-08
REV004780,CUST01320,PROD0194,2,Packaging could be better,2025-01-24
REV004781,CUST01953,PROD0344,1,Received damaged product,2025-05-27
REV004782,CUST00388,PROD0076,4,Worth buying,2025-09-05
REV004783,CUST00393,PROD0385,4,Highly recommended,2025-09-16
REV004784,CUST01504,PROD0337,2,Average product,2025-05-19
REV004785,CUST01118,PROD0168,5,Looks premium,2025-08-20
REV004786,CUST01541,PROD0152,5,Poor quality,2025-03-08
REV004787,CUST00209,PROD0137,2,Looks premium,2025-01-20
REV004788,CUST01431,PROD0303,2,Packaging could be better,2025-05-24
REV004789,CUST00947,PROD0450,3,Packaging could be better,2025-02-03
REV004790,CUST01484,PROD0236,5,Looks premium,2025-09-02
REV004791,CUST01891,PROD0227,4,Value for money,2025-02-12
REV004792,CUST01799,PROD0347,3,Battery backup is amazing,2025-02-04
REV004793,CUST00711,PROD0144,2,Looks premium,2025-10-24
REV004794,CUST01018,PROD0392,2,Excellent quality,2025-02-11
REV004795,CUST01874,PROD0496,3,Received damaged product,2025-12-19
REV004796,CUST01990,PROD0070,3,Excellent quality,2025-07-19
REV004797,CUST00638,PROD0102,2,Poor quality,2025-10-24
REV004798,CUST00919,PROD0335,1,Fast delivery,2025-04-14
REV004799,CUST01936,PROD0117,1,Poor quality,2025-02-02
REV004800,CUST00934,PROD0429,5,Excellent quality,2025-01-12
REV004801,CUST00489,PROD0300,1,Poor quality,2025-05-23
REV004802,CUST00224,PROD0483,2,Poor quality,2025-04-03
REV004803,CUST00655,PROD0084,1,Received damaged product,2025-09-10
REV004804,CUST00339,PROD0114,5,Average product,2025-04-10
REV004805,CUST01517,PROD0089,5,Received damaged product,2025-06-16
REV004806,CUST01635,PROD0496,5,Received damaged product,2025-02-01
REV004807,CUST01643,PROD0099,5,Packaging could be better,2025-07-07
REV004808,CUST00303,PROD0345,5,Looks premium,2025-09-07
REV004809,CUST01585,PROD0153,1,Value for money,2025-09-27
REV004810,CUST00134,PROD0186,3,Highly recommended,2025-05-28
REV004811,CUST00922,PROD0361,1,Excellent quality,2025-05-17
REV004812,CUST00561,PROD0478,5,Battery backup is amazing,2025-11-05
REV004813,CUST01910,PROD0151,2,Worth buying,2025-11-16
REV004814,CUST00217,PROD0236,3,Value for money,2025-06-08
REV004815,CUST01184,PROD0008,4,Received damaged product,2025-05-15
REV004816,CUST01806,PROD0437,2,Received damaged product,2025-05-01
REV004817,CUST00247,PROD0194,2,Highly recommended,2025-11-28
REV004818,CUST00257,PROD0028,5,Fast delivery,2025-10-14
REV004819,CUST01213,PROD0171,4,Battery backup is amazing,2025-01-15
REV004820,CUST01145,PROD0239,1,Worth buying,2025-07-06
REV004821,CUST01423,PROD0202,1,Poor quality,2025-05-09
REV004822,CUST00140,PROD0064,4,Highly recommended,2025-09-13
REV004823,CUST01874,PROD0462,5,Battery backup is amazing,2025-04-01
REV004824,CUST00085,PROD0341,1,Value for money,2025-11-11
REV004825,CUST01566,PROD0009,4,Looks premium,2025-12-12
REV004826,CUST01761,PROD0384,5,Fast delivery,2025-12-10
REV004827,CUST00175,PROD0255,1,Poor quality,2025-12-14
REV004828,CUST00932,PROD0117,4,Packaging could be better,2025-10-22
REV004829,CUST00783,PROD0061,4,Battery backup is amazing,2025-11-06
REV004830,CUST01909,PROD0012,5,Average product,2025-03-09
REV004831,CUST01411,PROD0406,2,Average product,2025-04-05
REV004832,CUST01067,PROD0163,3,Battery backup is amazing,2025-01-01
REV004833,CUST01918,PROD0166,5,Value for money,2025-05-03
REV004834,CUST01825,PROD0025,1,Excellent quality,2025-06-19
REV004835,CUST01618,PROD0396,3,Poor quality,2025-12-04
REV004836,CUST01826,PROD0479,2,Packaging could be better,2025-04-23
REV004837,CUST00851,PROD0029,5,Fast delivery,2025-04-08
REV004838,CUST00244,PROD0083,3,Worth buying,2025-03-13
REV004839,CUST00132,PROD0268,3,Looks premium,2025-02-01
REV004840,CUST00620,PROD0421,5,Value for money,2025-10-02
REV004841,CUST01024,PROD0359,4,Fast delivery,2025-08-27
REV004842,CUST00082,PROD0386,3,Excellent quality,2025-03-01
REV004843,CUST00701,PROD0161,4,Excellent quality,2025-06-19
REV004844,CUST00554,PROD0001,3,Packaging could be better,2025-06-01
REV004845,CUST00440,PROD0430,2,Looks premium,2025-01-16
REV004846,CUST01731,PROD0406,3,Poor quality,2025-03-20
REV004847,CUST00982,PROD0145,1,Looks premium,2025-05-23
REV004848,CUST00132,PROD0076,5,Fast delivery,2025-08-09
REV004849,CUST01060,PROD0096,4,Value for money,2025-11-23
REV004850,CUST01959,PROD0406,4,Highly recommended,2025-04-07
REV004851,CUST00401,PROD0080,5,Excellent quality,2025-03-06
REV004852,CUST00387,PROD0309,4,Looks premium,2025-04-22
REV004853,CUST00197,PROD0490,2,Value for money,2025-03-04
REV004854,CUST00760,PROD0264,4,Poor quality,2025-02-14
REV004855,CUST00077,PROD0044,1,Packaging could be better,2025-08-13
REV004856,CUST00542,PROD0381,4,Average product,2025-04-04
REV004857,CUST01934,PROD0458,1,Average product,2025-11-17
REV004858,CUST00260,PROD0494,1,Battery backup is amazing,2025-03-23
REV004859,CUST00831,PROD0111,1,Excellent quality,2025-08-21
REV004860,CUST01586,PROD0101,2,Battery backup is amazing,2025-04-13
REV004861,CUST00593,PROD0192,4,Battery backup is amazing,2025-06-25
REV004862,CUST01908,PROD0047,1,Highly recommended,2025-11-15
REV004863,CUST00304,PROD0335,4,Poor quality,2025-03-22
REV004864,CUST00384,PROD0037,3,Excellent quality,2025-02-18
REV004865,CUST00448,PROD0143,2,Received damaged product,2025-01-07
REV004866,CUST00175,PROD0434,3,Average product,2025-07-01
REV004867,CUST01593,PROD0273,3,Looks premium,2025-12-24
REV004868,CUST00663,PROD0413,2,Value for money,2025-06-15
REV004869,CUST01947,PROD0418,2,Packaging could be better,2025-10-09
REV004870,CUST01315,PROD0446,1,Worth buying,2025-08-17
REV004871,CUST00370,PROD0143,3,Looks premium,2025-11-18
REV004872,CUST01922,PROD0289,3,Excellent quality,2025-06-20
REV004873,CUST00897,PROD0200,5,Highly recommended,2025-04-19
REV004874,CUST01881,PROD0375,1,Poor quality,2025-11-01
REV004875,CUST00621,PROD0346,3,Fast delivery,2025-07-27
REV004876,CUST00018,PROD0119,3,Value for money,2025-08-07
REV004877,CUST00287,PROD0404,3,Average product,2025-09-22
REV004878,CUST00989,PROD0177,3,Highly recommended,2025-03-21
REV004879,CUST00566,PROD0357,4,Excellent quality,2025-08-25
REV004880,CUST00464,PROD0417,1,Highly recommended,2025-01-10
REV004881,CUST00140,PROD0284,1,Received damaged product,2025-11-13
REV004882,CUST00180,PROD0113,3,Packaging could be better,2025-03-09
REV004883,CUST01818,PROD0464,2,Average product,2025-11-13
REV004884,CUST00215,PROD0343,1,Highly recommended,2025-04-17
REV004885,CUST01386,PROD0363,4,Value for money,2025-10-07
REV004886,CUST00333,PROD0284,1,Average product,2025-07-17
REV004887,CUST01453,PROD0483,5,Highly recommended,2025-04-01
REV004888,CUST01629,PROD0294,5,Average product,2025-10-04
REV004889,CUST01405,PROD0401,5,Battery backup is amazing,2025-01-22
REV004890,CUST01927,PROD0103,4,Battery backup is amazing,2025-02-06
REV004891,CUST00512,PROD0373,1,Worth buying,2025-08-23
REV004892,CUST00856,PROD0189,2,Packaging could be better,2025-01-12
REV004893,CUST00394,PROD0173,1,Excellent quality,2025-07-18
REV004894,CUST00593,PROD0446,3,Excellent quality,2025-05-16
REV004895,CUST01189,PROD0349,5,Poor quality,2025-08-10
REV004896,CUST01566,PROD0416,1,Looks premium,2025-10-22
REV004897,CUST00642,PROD0188,4,Average product,2025-05-17
REV004898,CUST00424,PROD0427,1,Fast delivery,2025-12-04
REV004899,CUST01181,PROD0475,2,Excellent quality,2025-05-08
REV004900,CUST01200,PROD0439,3,Average product,2025-05-24
REV004901,CUST01027,PROD0260,1,Fast delivery,2025-04-01
REV004902,CUST01579,PROD0486,2,Average product,2025-08-16
REV004903,CUST01490,PROD0265,2,Excellent quality,2025-03-10
REV004904,CUST01544,PROD0248,3,Looks premium,2025-07-11
REV004905,CUST00521,PROD0133,4,Battery backup is amazing,2025-11-03
REV004906,CUST00083,PROD0486,5,Excellent quality,2025-11-20
REV004907,CUST01357,PROD0220,4,Received damaged product,2025-11-23
REV004908,CUST00594,PROD0053,2,Received damaged product,2025-09-11
REV004909,CUST01846,PROD0250,2,Average product,2025-06-26
REV004910,CUST00999,PROD0447,2,Fast delivery,2025-02-07
REV004911,CUST01404,PROD0044,1,Fast delivery,2025-04-16
REV004912,CUST01320,PROD0205,3,Looks premium,2025-01-08
REV004913,CUST01498,PROD0356,1,Value for money,2025-07-23
REV004914,CUST00075,PROD0355,2,Excellent quality,2025-04-05
REV004915,CUST01486,PROD0372,3,Packaging could be better,2025-01-18
REV004916,CUST01528,PROD0462,1,Worth buying,2025-03-01
REV004917,CUST01552,PROD0329,5,Packaging could be better,2025-08-09
REV004918,CUST00996,PROD0102,5,Worth buying,2025-10-02
REV004919,CUST00360,PROD0239,4,Looks premium,2025-06-09
REV004920,CUST01468,PROD0183,5,Highly recommended,2025-01-26
REV004921,CUST00971,PROD0309,4,Poor quality,2025-10-05
REV004922,CUST00117,PROD0405,3,Fast delivery,2025-01-24
REV004923,CUST00529,PROD0192,1,Value for money,2025-09-13
REV004924,CUST01870,PROD0117,2,Excellent quality,2025-08-02
REV004925,CUST01718,PROD0333,3,Value for money,2025-05-07
REV004926,CUST00455,PROD0412,1,Battery backup is amazing,2025-05-11
REV004927,CUST01769,PROD0333,5,Excellent quality,2025-03-06
REV004928,CUST01394,PROD0461,5,Average product,2025-12-25
REV004929,CUST00453,PROD0358,4,Excellent quality,2025-06-09
REV004930,CUST01228,PROD0304,3,Looks premium,2025-04-21
REV004931,CUST01335,PROD0147,4,Highly recommended,2025-01-02
REV004932,CUST00451,PROD0173,1,Highly recommended,2025-04-20
REV004933,CUST01085,PROD0398,2,Poor quality,2025-11-18
REV004934,CUST01262,PROD0164,2,Fast delivery,2025-02-16
REV004935,CUST01800,PROD0337,4,Fast delivery,2025-07-05
REV004936,CUST01166,PROD0067,4,Packaging could be better,2025-11-02
REV004937,CUST00132,PROD0073,4,Fast delivery,2025-02-02
REV004938,CUST01238,PROD0463,3,Poor quality,2025-03-06
REV004939,CUST01356,PROD0345,1,Worth buying,2025-02-27
REV004940,CUST00105,PROD0467,3,Highly recommended,2025-05-27
REV004941,CUST00244,PROD0498,4,Excellent quality,2025-06-16
REV004942,CUST00795,PROD0006,5,Packaging could be better,2025-02-27
REV004943,CUST01148,PROD0203,4,Packaging could be better,2025-04-26
REV004944,CUST00486,PROD0343,1,Value for money,2025-09-19
REV004945,CUST01418,PROD0153,5,Fast delivery,2025-05-21
REV004946,CUST01136,PROD0422,2,Looks premium,2025-07-15
REV004947,CUST00749,PROD0389,1,Looks premium,2025-06-07
REV004948,CUST01408,PROD0129,2,Poor quality,2025-04-05
REV004949,CUST00771,PROD0063,2,Highly recommended,2025-07-06
REV004950,CUST01518,PROD0317,5,Excellent quality,2025-01-18
REV004951,CUST00032,PROD0077,4,Packaging could be better,2025-11-13
REV004952,CUST00438,PROD0488,2,Received damaged product,2025-09-04
REV004953,CUST01994,PROD0441,3,Excellent quality,2025-09-21
REV004954,CUST01844,PROD0367,5,Excellent quality,2025-05-28
REV004955,CUST00940,PROD0173,5,Looks premium,2025-03-02
REV004956,CUST00172,PROD0107,2,Looks premium,2025-10-06
REV004957,CUST00930,PROD0059,1,Poor quality,2025-04-04
REV004958,CUST01710,PROD0006,1,Poor quality,2025-08-18
REV004959,CUST00714,PROD0013,3,Average product,2025-11-26
REV004960,CUST00234,PROD0268,1,Packaging could be better,2025-04-20
REV004961,CUST01511,PROD0358,2,Worth buying,2025-05-25
REV004962,CUST01400,PROD0192,2,Looks premium,2025-02-06
REV004963,CUST01927,PROD0034,3,Excellent quality,2025-10-27
REV004964,CUST01567,PROD0043,2,Average product,2025-07-17
REV004965,CUST01750,PROD0350,4,Worth buying,2025-09-13
REV004966,CUST00085,PROD0429,2,Excellent quality,2025-02-15
REV004967,CUST01462,PROD0331,2,Excellent quality,2025-02-11
REV004968,CUST00010,PROD0016,4,Highly recommended,2025-10-06
REV004969,CUST00925,PROD0251,1,Average product,2025-05-19
REV004970,CUST00054,PROD0250,3,Received damaged product,2025-08-25
REV004971,CUST00498,PROD0445,1,Looks premium,2025-04-03
REV004972,CUST00767,PROD0304,3,Average product,2025-10-12
REV004973,CUST00554,PROD0350,2,Packaging could be better,2025-02-24
REV004974,CUST00713,PROD0188,3,Excellent quality,2025-05-14
REV004975,CUST00232,PROD0374,3,Looks premium,2025-07-06
REV004976,CUST01351,PROD0344,3,Packaging could be better,2025-09-22
REV004977,CUST01710,PROD0247,5,Highly recommended,2025-01-08
REV004978,CUST00808,PROD0444,2,Excellent quality,2025-03-25
REV004979,CUST00120,PROD0186,2,Highly recommended,2025-06-16
REV004980,CUST00073,PROD0212,2,Received damaged product,2025-07-07
REV004981,CUST00067,PROD0085,1,Received damaged product,2025-09-06
REV004982,CUST01832,PROD0172,3,Highly recommended,2025-02-23
REV004983,CUST01091,PROD0270,1,Battery backup is amazing,2025-09-06
REV004984,CUST00571,PROD0410,4,Value for money,2025-10-05
REV004985,CUST01489,PROD0442,5,Worth buying,2025-06-10
REV004986,CUST00383,PROD0144,1,Highly recommended,2025-10-05
REV004987,CUST01988,PROD0435,5,Excellent quality,2025-08-05
REV004988,CUST00702,PROD0321,2,Excellent quality,2025-07-05
REV004989,CUST00231,PROD0454,2,Poor quality,2025-08-26
REV004990,CUST01143,PROD0145,3,Worth buying,2025-12-25
REV004991,CUST01927,PROD0048,4,Fast delivery,2025-05-06
REV004992,CUST00238,PROD0456,5,Looks premium,2025-06-22
REV004993,CUST00745,PROD0134,1,Average product,2025-11-09
REV004994,CUST01464,PROD0081,5,Looks premium,2025-10-03
REV004995,CUST01749,PROD0107,2,Fast delivery,2025-01-18
REV004996,CUST01500,PROD0145,4,Packaging could be better,2025-12-15
REV004997,CUST01140,PROD0030,2,Packaging could be better,2025-12-01
REV004998,CUST00816,PROD0056,5,Looks premium,2025-05-01
REV004999,CUST01272,PROD0424,5,Worth buying,2025-07-07
REV005000,CUST01228,PROD0312,5,Value for money,2025-03-07
