Customer_ID,Customer_Name,Gender,DOB,Email,Phone,City,State,Country,Join_Date
CUST00001,Customer 1,Male,1995-01-01,customer1@mail.com,9900000001,Bengaluru,State,India,2024-01-01
CUST00002,Customer 2,Female,1995-01-01,customer2@mail.com,9900000002,Chennai,State,India,2024-01-01
CUST00003,Customer 3,Male,1995-01-01,customer3@mail.com,9900000003,Mumbai,State,India,2024-01-01
CUST00004,Customer 4,Female,1995-01-01,customer4@mail.com,9900000004,Delhi,State,India,2024-01-01
CUST00005,Customer 5,Male,1995-01-01,customer5@mail.com,9900000005,Pune,State,India,2024-01-01
CUST00006,Customer 6,Female,1995-01-01,customer6@mail.com,9900000006,Vijayawada,State,India,2024-01-01
CUST00007,Customer 7,Male,1995-01-01,customer7@mail.com,9900000007,Visakhapatnam,State,India,2024-01-01
CUST00008,Customer 8,Female,1995-01-01,customer8@mail.com,9900000008,Jaipur,State,India,2024-01-01
CUST00009,Customer 9,Male,1995-01-01,customer9@mail.com,9900000009,Ahmedabad,State,India,2024-01-01
CUST00010,Customer 10,Female,1995-01-01,customer10@mail.com,9900000010,Hyderabad,State,India,2024-01-01
CUST00011,Customer 11,Male,1995-01-01,customer11@mail.com,9900000011,Bengaluru,State,India,2024-01-01
CUST00012,Customer 12,Female,1995-01-01,customer12@mail.com,9900000012,Chennai,State,India,2024-01-01
CUST00013,Customer 13,Male,1995-01-01,customer13@mail.com,9900000013,Mumbai,State,India,2024-01-01
CUST00014,Customer 14,Female,1995-01-01,customer14@mail.com,9900000014,Delhi,State,India,2024-01-01
CUST00015,Customer 15,Male,1995-01-01,customer15@mail.com,9900000015,Pune,State,India,2024-01-01
CUST00016,Customer 16,Female,1995-01-01,customer16@mail.com,9900000016,Vijayawada,State,India,2024-01-01
CUST00017,Customer 17,Male,1995-01-01,customer17@mail.com,9900000017,Visakhapatnam,State,India,2024-01-01
CUST00018,Customer 18,Female,1995-01-01,customer18@mail.com,9900000018,Jaipur,State,India,2024-01-01
CUST00019,Customer 19,Male,1995-01-01,customer19@mail.com,9900000019,Ahmedabad,State,India,2024-01-01
CUST00020,Customer 20,Female,1995-01-01,customer20@mail.com,9900000020,Hyderabad,State,India,2024-01-01
CUST00021,Customer 21,Male,1995-01-01,customer21@mail.com,9900000021,Bengaluru,State,India,2024-01-01
CUST00022,Customer 22,Female,1995-01-01,customer22@mail.com,9900000022,Chennai,State,India,2024-01-01
CUST00023,Customer 23,Male,1995-01-01,customer23@mail.com,9900000023,Mumbai,State,India,2024-01-01
CUST00024,Customer 24,Female,1995-01-01,customer24@mail.com,9900000024,Delhi,State,India,2024-01-01
CUST00025,Customer 25,Male,1995-01-01,customer25@mail.com,9900000025,Pune,State,India,2024-01-01
CUST00026,Customer 26,Female,1995-01-01,customer26@mail.com,9900000026,Vijayawada,State,India,2024-01-01
CUST00027,Customer 27,Male,1995-01-01,customer27@mail.com,9900000027,Visakhapatnam,State,India,2024-01-01
CUST00028,Customer 28,Female,1995-01-01,customer28@mail.com,9900000028,Jaipur,State,India,2024-01-01
CUST00029,Customer 29,Male,1995-01-01,customer29@mail.com,9900000029,Ahmedabad,State,India,2024-01-01
CUST00030,Customer 30,Female,1995-01-01,customer30@mail.com,9900000030,Hyderabad,State,India,2024-01-01
CUST00031,Customer 31,Male,1995-01-01,customer31@mail.com,9900000031,Bengaluru,State,India,2024-01-01
CUST00032,Customer 32,Female,1995-01-01,customer32@mail.com,9900000032,Chennai,State,India,2024-01-01
CUST00033,Customer 33,Male,1995-01-01,customer33@mail.com,9900000033,Mumbai,State,India,2024-01-01
CUST00034,Customer 34,Female,1995-01-01,customer34@mail.com,9900000034,Delhi,State,India,2024-01-01
CUST00035,Customer 35,Male,1995-01-01,customer35@mail.com,9900000035,Pune,State,India,2024-01-01
CUST00036,Customer 36,Female,1995-01-01,customer36@mail.com,9900000036,Vijayawada,State,India,2024-01-01
CUST00037,Customer 37,Male,1995-01-01,customer37@mail.com,9900000037,Visakhapatnam,State,India,2024-01-01
CUST00038,Customer 38,Female,1995-01-01,customer38@mail.com,9900000038,Jaipur,State,India,2024-01-01
CUST00039,Customer 39,Male,1995-01-01,customer39@mail.com,9900000039,Ahmedabad,State,India,2024-01-01
CUST00040,Customer 40,Female,1995-01-01,customer40@mail.com,9900000040,Hyderabad,State,India,2024-01-01
CUST00041,Customer 41,Male,1995-01-01,customer41@mail.com,9900000041,Bengaluru,State,India,2024-01-01
CUST00042,Customer 42,Female,1995-01-01,customer42@mail.com,9900000042,Chennai,State,India,2024-01-01
CUST00043,Customer 43,Male,1995-01-01,customer43@mail.com,9900000043,Mumbai,State,India,2024-01-01
CUST00044,Customer 44,Female,1995-01-01,customer44@mail.com,9900000044,Delhi,State,India,2024-01-01
CUST00045,Customer 45,Male,1995-01-01,customer45@mail.com,9900000045,Pune,State,India,2024-01-01
CUST00046,Customer 46,Female,1995-01-01,customer46@mail.com,9900000046,Vijayawada,State,India,2024-01-01
CUST00047,Customer 47,Male,1995-01-01,customer47@mail.com,9900000047,Visakhapatnam,State,India,2024-01-01
CUST00048,Customer 48,Female,1995-01-01,customer48@mail.com,9900000048,Jaipur,State,India,2024-01-01
CUST00049,Customer 49,Male,1995-01-01,customer49@mail.com,9900000049,Ahmedabad,State,India,2024-01-01
CUST00050,Customer 50,Female,1995-01-01,customer50@mail.com,9900000050,Hyderabad,State,India,2024-01-01
CUST00051,Customer 51,Male,1995-01-01,customer51@mail.com,9900000051,Bengaluru,State,India,2024-01-01
CUST00052,Customer 52,Female,1995-01-01,customer52@mail.com,9900000052,Chennai,State,India,2024-01-01
CUST00053,Customer 53,Male,1995-01-01,customer53@mail.com,9900000053,Mumbai,State,India,2024-01-01
CUST00054,Customer 54,Female,1995-01-01,customer54@mail.com,9900000054,Delhi,State,India,2024-01-01
CUST00055,Customer 55,Male,1995-01-01,customer55@mail.com,9900000055,Pune,State,India,2024-01-01
CUST00056,Customer 56,Female,1995-01-01,customer56@mail.com,9900000056,Vijayawada,State,India,2024-01-01
CUST00057,Customer 57,Male,1995-01-01,customer57@mail.com,9900000057,Visakhapatnam,State,India,2024-01-01
CUST00058,Customer 58,Female,1995-01-01,customer58@mail.com,9900000058,Jaipur,State,India,2024-01-01
CUST00059,Customer 59,Male,1995-01-01,customer59@mail.com,9900000059,Ahmedabad,State,India,2024-01-01
CUST00060,Customer 60,Female,1995-01-01,customer60@mail.com,9900000060,Hyderabad,State,India,2024-01-01
CUST00061,Customer 61,Male,1995-01-01,customer61@mail.com,9900000061,Bengaluru,State,India,2024-01-01
CUST00062,Customer 62,Female,1995-01-01,customer62@mail.com,9900000062,Chennai,State,India,2024-01-01
CUST00063,Customer 63,Male,1995-01-01,customer63@mail.com,9900000063,Mumbai,State,India,2024-01-01
CUST00064,Customer 64,Female,1995-01-01,customer64@mail.com,9900000064,Delhi,State,India,2024-01-01
CUST00065,Customer 65,Male,1995-01-01,customer65@mail.com,9900000065,Pune,State,India,2024-01-01
CUST00066,Customer 66,Female,1995-01-01,customer66@mail.com,9900000066,Vijayawada,State,India,2024-01-01
CUST00067,Customer 67,Male,1995-01-01,customer67@mail.com,9900000067,Visakhapatnam,State,India,2024-01-01
CUST00068,Customer 68,Female,1995-01-01,customer68@mail.com,9900000068,Jaipur,State,India,2024-01-01
CUST00069,Customer 69,Male,1995-01-01,customer69@mail.com,9900000069,Ahmedabad,State,India,2024-01-01
CUST00070,Customer 70,Female,1995-01-01,customer70@mail.com,9900000070,Hyderabad,State,India,2024-01-01
CUST00071,Customer 71,Male,1995-01-01,customer71@mail.com,9900000071,Bengaluru,State,India,2024-01-01
CUST00072,Customer 72,Female,1995-01-01,customer72@mail.com,9900000072,Chennai,State,India,2024-01-01
CUST00073,Customer 73,Male,1995-01-01,customer73@mail.com,9900000073,Mumbai,State,India,2024-01-01
CUST00074,Customer 74,Female,1995-01-01,customer74@mail.com,9900000074,Delhi,State,India,2024-01-01
CUST00075,Customer 75,Male,1995-01-01,customer75@mail.com,9900000075,Pune,State,India,2024-01-01
CUST00076,Customer 76,Female,1995-01-01,customer76@mail.com,9900000076,Vijayawada,State,India,2024-01-01
CUST00077,Customer 77,Male,1995-01-01,customer77@mail.com,9900000077,Visakhapatnam,State,India,2024-01-01
CUST00078,Customer 78,Female,1995-01-01,customer78@mail.com,9900000078,Jaipur,State,India,2024-01-01
CUST00079,Customer 79,Male,1995-01-01,customer79@mail.com,9900000079,Ahmedabad,State,India,2024-01-01
CUST00080,Customer 80,Female,1995-01-01,customer80@mail.com,9900000080,Hyderabad,State,India,2024-01-01
CUST00081,Customer 81,Male,1995-01-01,customer81@mail.com,9900000081,Bengaluru,State,India,2024-01-01
CUST00082,Customer 82,Female,1995-01-01,customer82@mail.com,9900000082,Chennai,State,India,2024-01-01
CUST00083,Customer 83,Male,1995-01-01,customer83@mail.com,9900000083,Mumbai,State,India,2024-01-01
CUST00084,Customer 84,Female,1995-01-01,customer84@mail.com,9900000084,Delhi,State,India,2024-01-01
CUST00085,Customer 85,Male,1995-01-01,customer85@mail.com,9900000085,Pune,State,India,2024-01-01
CUST00086,Customer 86,Female,1995-01-01,customer86@mail.com,9900000086,Vijayawada,State,India,2024-01-01
CUST00087,Customer 87,Male,1995-01-01,customer87@mail.com,9900000087,Visakhapatnam,State,India,2024-01-01
CUST00088,Customer 88,Female,1995-01-01,customer88@mail.com,9900000088,Jaipur,State,India,2024-01-01
CUST00089,Customer 89,Male,1995-01-01,customer89@mail.com,9900000089,Ahmedabad,State,India,2024-01-01
CUST00090,Customer 90,Female,1995-01-01,customer90@mail.com,9900000090,Hyderabad,State,India,2024-01-01
CUST00091,Customer 91,Male,1995-01-01,customer91@mail.com,9900000091,Bengaluru,State,India,2024-01-01
CUST00092,Customer 92,Female,1995-01-01,customer92@mail.com,9900000092,Chennai,State,India,2024-01-01
CUST00093,Customer 93,Male,1995-01-01,customer93@mail.com,9900000093,Mumbai,State,India,2024-01-01
CUST00094,Customer 94,Female,1995-01-01,customer94@mail.com,9900000094,Delhi,State,India,2024-01-01
CUST00095,Customer 95,Male,1995-01-01,customer95@mail.com,9900000095,Pune,State,India,2024-01-01
CUST00096,Customer 96,Female,1995-01-01,customer96@mail.com,9900000096,Vijayawada,State,India,2024-01-01
CUST00097,Customer 97,Male,1995-01-01,customer97@mail.com,9900000097,Visakhapatnam,State,India,2024-01-01
CUST00098,Customer 98,Female,1995-01-01,customer98@mail.com,9900000098,Jaipur,State,India,2024-01-01
CUST00099,Customer 99,Male,1995-01-01,customer99@mail.com,9900000099,Ahmedabad,State,India,2024-01-01
CUST00100,Customer 100,Female,1995-01-01,customer100@mail.com,9900000100,Hyderabad,State,India,2024-01-01
CUST00101,Customer 101,Male,1995-01-01,customer101@mail.com,9900000101,Bengaluru,State,India,2024-01-01
CUST00102,Customer 102,Female,1995-01-01,customer102@mail.com,9900000102,Chennai,State,India,2024-01-01
CUST00103,Customer 103,Male,1995-01-01,customer103@mail.com,9900000103,Mumbai,State,India,2024-01-01
CUST00104,Customer 104,Female,1995-01-01,customer104@mail.com,9900000104,Delhi,State,India,2024-01-01
CUST00105,Customer 105,Male,1995-01-01,customer105@mail.com,9900000105,Pune,State,India,2024-01-01
CUST00106,Customer 106,Female,1995-01-01,customer106@mail.com,9900000106,Vijayawada,State,India,2024-01-01
CUST00107,Customer 107,Male,1995-01-01,customer107@mail.com,9900000107,Visakhapatnam,State,India,2024-01-01
CUST00108,Customer 108,Female,1995-01-01,customer108@mail.com,9900000108,Jaipur,State,India,2024-01-01
CUST00109,Customer 109,Male,1995-01-01,customer109@mail.com,9900000109,Ahmedabad,State,India,2024-01-01
CUST00110,Customer 110,Female,1995-01-01,customer110@mail.com,9900000110,Hyderabad,State,India,2024-01-01
CUST00111,Customer 111,Male,1995-01-01,customer111@mail.com,9900000111,Bengaluru,State,India,2024-01-01
CUST00112,Customer 112,Female,1995-01-01,customer112@mail.com,9900000112,Chennai,State,India,2024-01-01
CUST00113,Customer 113,Male,1995-01-01,customer113@mail.com,9900000113,Mumbai,State,India,2024-01-01
CUST00114,Customer 114,Female,1995-01-01,customer114@mail.com,9900000114,Delhi,State,India,2024-01-01
CUST00115,Customer 115,Male,1995-01-01,customer115@mail.com,9900000115,Pune,State,India,2024-01-01
CUST00116,Customer 116,Female,1995-01-01,customer116@mail.com,9900000116,Vijayawada,State,India,2024-01-01
CUST00117,Customer 117,Male,1995-01-01,customer117@mail.com,9900000117,Visakhapatnam,State,India,2024-01-01
CUST00118,Customer 118,Female,1995-01-01,customer118@mail.com,9900000118,Jaipur,State,India,2024-01-01
CUST00119,Customer 119,Male,1995-01-01,customer119@mail.com,9900000119,Ahmedabad,State,India,2024-01-01
CUST00120,Customer 120,Female,1995-01-01,customer120@mail.com,9900000120,Hyderabad,State,India,2024-01-01
CUST00121,Customer 121,Male,1995-01-01,customer121@mail.com,9900000121,Bengaluru,State,India,2024-01-01
CUST00122,Customer 122,Female,1995-01-01,customer122@mail.com,9900000122,Chennai,State,India,2024-01-01
CUST00123,Customer 123,Male,1995-01-01,customer123@mail.com,9900000123,Mumbai,State,India,2024-01-01
CUST00124,Customer 124,Female,1995-01-01,customer124@mail.com,9900000124,Delhi,State,India,2024-01-01
CUST00125,Customer 125,Male,1995-01-01,customer125@mail.com,9900000125,Pune,State,India,2024-01-01
CUST00126,Customer 126,Female,1995-01-01,customer126@mail.com,9900000126,Vijayawada,State,India,2024-01-01
CUST00127,Customer 127,Male,1995-01-01,customer127@mail.com,9900000127,Visakhapatnam,State,India,2024-01-01
CUST00128,Customer 128,Female,1995-01-01,customer128@mail.com,9900000128,Jaipur,State,India,2024-01-01
CUST00129,Customer 129,Male,1995-01-01,customer129@mail.com,9900000129,Ahmedabad,State,India,2024-01-01
CUST00130,Customer 130,Female,1995-01-01,customer130@mail.com,9900000130,Hyderabad,State,India,2024-01-01
CUST00131,Customer 131,Male,1995-01-01,customer131@mail.com,9900000131,Bengaluru,State,India,2024-01-01
CUST00132,Customer 132,Female,1995-01-01,customer132@mail.com,9900000132,Chennai,State,India,2024-01-01
CUST00133,Customer 133,Male,1995-01-01,customer133@mail.com,9900000133,Mumbai,State,India,2024-01-01
CUST00134,Customer 134,Female,1995-01-01,customer134@mail.com,9900000134,Delhi,State,India,2024-01-01
CUST00135,Customer 135,Male,1995-01-01,customer135@mail.com,9900000135,Pune,State,India,2024-01-01
CUST00136,Customer 136,Female,1995-01-01,customer136@mail.com,9900000136,Vijayawada,State,India,2024-01-01
CUST00137,Customer 137,Male,1995-01-01,customer137@mail.com,9900000137,Visakhapatnam,State,India,2024-01-01
CUST00138,Customer 138,Female,1995-01-01,customer138@mail.com,9900000138,Jaipur,State,India,2024-01-01
CUST00139,Customer 139,Male,1995-01-01,customer139@mail.com,9900000139,Ahmedabad,State,India,2024-01-01
CUST00140,Customer 140,Female,1995-01-01,customer140@mail.com,9900000140,Hyderabad,State,India,2024-01-01
CUST00141,Customer 141,Male,1995-01-01,customer141@mail.com,9900000141,Bengaluru,State,India,2024-01-01
CUST00142,Customer 142,Female,1995-01-01,customer142@mail.com,9900000142,Chennai,State,India,2024-01-01
CUST00143,Customer 143,Male,1995-01-01,customer143@mail.com,9900000143,Mumbai,State,India,2024-01-01
CUST00144,Customer 144,Female,1995-01-01,customer144@mail.com,9900000144,Delhi,State,India,2024-01-01
CUST00145,Customer 145,Male,1995-01-01,customer145@mail.com,9900000145,Pune,State,India,2024-01-01
CUST00146,Customer 146,Female,1995-01-01,customer146@mail.com,9900000146,Vijayawada,State,India,2024-01-01
CUST00147,Customer 147,Male,1995-01-01,customer147@mail.com,9900000147,Visakhapatnam,State,India,2024-01-01
CUST00148,Customer 148,Female,1995-01-01,customer148@mail.com,9900000148,Jaipur,State,India,2024-01-01
CUST00149,Customer 149,Male,1995-01-01,customer149@mail.com,9900000149,Ahmedabad,State,India,2024-01-01
CUST00150,Customer 150,Female,1995-01-01,customer150@mail.com,9900000150,Hyderabad,State,India,2024-01-01
CUST00151,Customer 151,Male,1995-01-01,customer151@mail.com,9900000151,Bengaluru,State,India,2024-01-01
CUST00152,Customer 152,Female,1995-01-01,customer152@mail.com,9900000152,Chennai,State,India,2024-01-01
CUST00153,Customer 153,Male,1995-01-01,customer153@mail.com,9900000153,Mumbai,State,India,2024-01-01
CUST00154,Customer 154,Female,1995-01-01,customer154@mail.com,9900000154,Delhi,State,India,2024-01-01
CUST00155,Customer 155,Male,1995-01-01,customer155@mail.com,9900000155,Pune,State,India,2024-01-01
CUST00156,Customer 156,Female,1995-01-01,customer156@mail.com,9900000156,Vijayawada,State,India,2024-01-01
CUST00157,Customer 157,Male,1995-01-01,customer157@mail.com,9900000157,Visakhapatnam,State,India,2024-01-01
CUST00158,Customer 158,Female,1995-01-01,customer158@mail.com,9900000158,Jaipur,State,India,2024-01-01
CUST00159,Customer 159,Male,1995-01-01,customer159@mail.com,9900000159,Ahmedabad,State,India,2024-01-01
CUST00160,Customer 160,Female,1995-01-01,customer160@mail.com,9900000160,Hyderabad,State,India,2024-01-01
CUST00161,Customer 161,Male,1995-01-01,customer161@mail.com,9900000161,Bengaluru,State,India,2024-01-01
CUST00162,Customer 162,Female,1995-01-01,customer162@mail.com,9900000162,Chennai,State,India,2024-01-01
CUST00163,Customer 163,Male,1995-01-01,customer163@mail.com,9900000163,Mumbai,State,India,2024-01-01
CUST00164,Customer 164,Female,1995-01-01,customer164@mail.com,9900000164,Delhi,State,India,2024-01-01
CUST00165,Customer 165,Male,1995-01-01,customer165@mail.com,9900000165,Pune,State,India,2024-01-01
CUST00166,Customer 166,Female,1995-01-01,customer166@mail.com,9900000166,Vijayawada,State,India,2024-01-01
CUST00167,Customer 167,Male,1995-01-01,customer167@mail.com,9900000167,Visakhapatnam,State,India,2024-01-01
CUST00168,Customer 168,Female,1995-01-01,customer168@mail.com,9900000168,Jaipur,State,India,2024-01-01
CUST00169,Customer 169,Male,1995-01-01,customer169@mail.com,9900000169,Ahmedabad,State,India,2024-01-01
CUST00170,Customer 170,Female,1995-01-01,customer170@mail.com,9900000170,Hyderabad,State,India,2024-01-01
CUST00171,Customer 171,Male,1995-01-01,customer171@mail.com,9900000171,Bengaluru,State,India,2024-01-01
CUST00172,Customer 172,Female,1995-01-01,customer172@mail.com,9900000172,Chennai,State,India,2024-01-01
CUST00173,Customer 173,Male,1995-01-01,customer173@mail.com,9900000173,Mumbai,State,India,2024-01-01
CUST00174,Customer 174,Female,1995-01-01,customer174@mail.com,9900000174,Delhi,State,India,2024-01-01
CUST00175,Customer 175,Male,1995-01-01,customer175@mail.com,9900000175,Pune,State,India,2024-01-01
CUST00176,Customer 176,Female,1995-01-01,customer176@mail.com,9900000176,Vijayawada,State,India,2024-01-01
CUST00177,Customer 177,Male,1995-01-01,customer177@mail.com,9900000177,Visakhapatnam,State,India,2024-01-01
CUST00178,Customer 178,Female,1995-01-01,customer178@mail.com,9900000178,Jaipur,State,India,2024-01-01
CUST00179,Customer 179,Male,1995-01-01,customer179@mail.com,9900000179,Ahmedabad,State,India,2024-01-01
CUST00180,Customer 180,Female,1995-01-01,customer180@mail.com,9900000180,Hyderabad,State,India,2024-01-01
CUST00181,Customer 181,Male,1995-01-01,customer181@mail.com,9900000181,Bengaluru,State,India,2024-01-01
CUST00182,Customer 182,Female,1995-01-01,customer182@mail.com,9900000182,Chennai,State,India,2024-01-01
CUST00183,Customer 183,Male,1995-01-01,customer183@mail.com,9900000183,Mumbai,State,India,2024-01-01
CUST00184,Customer 184,Female,1995-01-01,customer184@mail.com,9900000184,Delhi,State,India,2024-01-01
CUST00185,Customer 185,Male,1995-01-01,customer185@mail.com,9900000185,Pune,State,India,2024-01-01
CUST00186,Customer 186,Female,1995-01-01,customer186@mail.com,9900000186,Vijayawada,State,India,2024-01-01
CUST00187,Customer 187,Male,1995-01-01,customer187@mail.com,9900000187,Visakhapatnam,State,India,2024-01-01
CUST00188,Customer 188,Female,1995-01-01,customer188@mail.com,9900000188,Jaipur,State,India,2024-01-01
CUST00189,Customer 189,Male,1995-01-01,customer189@mail.com,9900000189,Ahmedabad,State,India,2024-01-01
CUST00190,Customer 190,Female,1995-01-01,customer190@mail.com,9900000190,Hyderabad,State,India,2024-01-01
CUST00191,Customer 191,Male,1995-01-01,customer191@mail.com,9900000191,Bengaluru,State,India,2024-01-01
CUST00192,Customer 192,Female,1995-01-01,customer192@mail.com,9900000192,Chennai,State,India,2024-01-01
CUST00193,Customer 193,Male,1995-01-01,customer193@mail.com,9900000193,Mumbai,State,India,2024-01-01
CUST00194,Customer 194,Female,1995-01-01,customer194@mail.com,9900000194,Delhi,State,India,2024-01-01
CUST00195,Customer 195,Male,1995-01-01,customer195@mail.com,9900000195,Pune,State,India,2024-01-01
CUST00196,Customer 196,Female,1995-01-01,customer196@mail.com,9900000196,Vijayawada,State,India,2024-01-01
CUST00197,Customer 197,Male,1995-01-01,customer197@mail.com,9900000197,Visakhapatnam,State,India,2024-01-01
CUST00198,Customer 198,Female,1995-01-01,customer198@mail.com,9900000198,Jaipur,State,India,2024-01-01
CUST00199,Customer 199,Male,1995-01-01,customer199@mail.com,9900000199,Ahmedabad,State,India,2024-01-01
CUST00200,Customer 200,Female,1995-01-01,customer200@mail.com,9900000200,Hyderabad,State,India,2024-01-01
CUST00201,Customer 201,Male,1995-01-01,customer201@mail.com,9900000201,Bengaluru,State,India,2024-01-01
CUST00202,Customer 202,Female,1995-01-01,customer202@mail.com,9900000202,Chennai,State,India,2024-01-01
CUST00203,Customer 203,Male,1995-01-01,customer203@mail.com,9900000203,Mumbai,State,India,2024-01-01
CUST00204,Customer 204,Female,1995-01-01,customer204@mail.com,9900000204,Delhi,State,India,2024-01-01
CUST00205,Customer 205,Male,1995-01-01,customer205@mail.com,9900000205,Pune,State,India,2024-01-01
CUST00206,Customer 206,Female,1995-01-01,customer206@mail.com,9900000206,Vijayawada,State,India,2024-01-01
CUST00207,Customer 207,Male,1995-01-01,customer207@mail.com,9900000207,Visakhapatnam,State,India,2024-01-01
CUST00208,Customer 208,Female,1995-01-01,customer208@mail.com,9900000208,Jaipur,State,India,2024-01-01
CUST00209,Customer 209,Male,1995-01-01,customer209@mail.com,9900000209,Ahmedabad,State,India,2024-01-01
CUST00210,Customer 210,Female,1995-01-01,customer210@mail.com,9900000210,Hyderabad,State,India,2024-01-01
CUST00211,Customer 211,Male,1995-01-01,customer211@mail.com,9900000211,Bengaluru,State,India,2024-01-01
CUST00212,Customer 212,Female,1995-01-01,customer212@mail.com,9900000212,Chennai,State,India,2024-01-01
CUST00213,Customer 213,Male,1995-01-01,customer213@mail.com,9900000213,Mumbai,State,India,2024-01-01
CUST00214,Customer 214,Female,1995-01-01,customer214@mail.com,9900000214,Delhi,State,India,2024-01-01
CUST00215,Customer 215,Male,1995-01-01,customer215@mail.com,9900000215,Pune,State,India,2024-01-01
CUST00216,Customer 216,Female,1995-01-01,customer216@mail.com,9900000216,Vijayawada,State,India,2024-01-01
CUST00217,Customer 217,Male,1995-01-01,customer217@mail.com,9900000217,Visakhapatnam,State,India,2024-01-01
CUST00218,Customer 218,Female,1995-01-01,customer218@mail.com,9900000218,Jaipur,State,India,2024-01-01
CUST00219,Customer 219,Male,1995-01-01,customer219@mail.com,9900000219,Ahmedabad,State,India,2024-01-01
CUST00220,Customer 220,Female,1995-01-01,customer220@mail.com,9900000220,Hyderabad,State,India,2024-01-01
CUST00221,Customer 221,Male,1995-01-01,customer221@mail.com,9900000221,Bengaluru,State,India,2024-01-01
CUST00222,Customer 222,Female,1995-01-01,customer222@mail.com,9900000222,Chennai,State,India,2024-01-01
CUST00223,Customer 223,Male,1995-01-01,customer223@mail.com,9900000223,Mumbai,State,India,2024-01-01
CUST00224,Customer 224,Female,1995-01-01,customer224@mail.com,9900000224,Delhi,State,India,2024-01-01
CUST00225,Customer 225,Male,1995-01-01,customer225@mail.com,9900000225,Pune,State,India,2024-01-01
CUST00226,Customer 226,Female,1995-01-01,customer226@mail.com,9900000226,Vijayawada,State,India,2024-01-01
CUST00227,Customer 227,Male,1995-01-01,customer227@mail.com,9900000227,Visakhapatnam,State,India,2024-01-01
CUST00228,Customer 228,Female,1995-01-01,customer228@mail.com,9900000228,Jaipur,State,India,2024-01-01
CUST00229,Customer 229,Male,1995-01-01,customer229@mail.com,9900000229,Ahmedabad,State,India,2024-01-01
CUST00230,Customer 230,Female,1995-01-01,customer230@mail.com,9900000230,Hyderabad,State,India,2024-01-01
CUST00231,Customer 231,Male,1995-01-01,customer231@mail.com,9900000231,Bengaluru,State,India,2024-01-01
CUST00232,Customer 232,Female,1995-01-01,customer232@mail.com,9900000232,Chennai,State,India,2024-01-01
CUST00233,Customer 233,Male,1995-01-01,customer233@mail.com,9900000233,Mumbai,State,India,2024-01-01
CUST00234,Customer 234,Female,1995-01-01,customer234@mail.com,9900000234,Delhi,State,India,2024-01-01
CUST00235,Customer 235,Male,1995-01-01,customer235@mail.com,9900000235,Pune,State,India,2024-01-01
CUST00236,Customer 236,Female,1995-01-01,customer236@mail.com,9900000236,Vijayawada,State,India,2024-01-01
CUST00237,Customer 237,Male,1995-01-01,customer237@mail.com,9900000237,Visakhapatnam,State,India,2024-01-01
CUST00238,Customer 238,Female,1995-01-01,customer238@mail.com,9900000238,Jaipur,State,India,2024-01-01
CUST00239,Customer 239,Male,1995-01-01,customer239@mail.com,9900000239,Ahmedabad,State,India,2024-01-01
CUST00240,Customer 240,Female,1995-01-01,customer240@mail.com,9900000240,Hyderabad,State,India,2024-01-01
CUST00241,Customer 241,Male,1995-01-01,customer241@mail.com,9900000241,Bengaluru,State,India,2024-01-01
CUST00242,Customer 242,Female,1995-01-01,customer242@mail.com,9900000242,Chennai,State,India,2024-01-01
CUST00243,Customer 243,Male,1995-01-01,customer243@mail.com,9900000243,Mumbai,State,India,2024-01-01
CUST00244,Customer 244,Female,1995-01-01,customer244@mail.com,9900000244,Delhi,State,India,2024-01-01
CUST00245,Customer 245,Male,1995-01-01,customer245@mail.com,9900000245,Pune,State,India,2024-01-01
CUST00246,Customer 246,Female,1995-01-01,customer246@mail.com,9900000246,Vijayawada,State,India,2024-01-01
CUST00247,Customer 247,Male,1995-01-01,customer247@mail.com,9900000247,Visakhapatnam,State,India,2024-01-01
CUST00248,Customer 248,Female,1995-01-01,customer248@mail.com,9900000248,Jaipur,State,India,2024-01-01
CUST00249,Customer 249,Male,1995-01-01,customer249@mail.com,9900000249,Ahmedabad,State,India,2024-01-01
CUST00250,Customer 250,Female,1995-01-01,customer250@mail.com,9900000250,Hyderabad,State,India,2024-01-01
CUST00251,Customer 251,Male,1995-01-01,customer251@mail.com,9900000251,Bengaluru,State,India,2024-01-01
CUST00252,Customer 252,Female,1995-01-01,customer252@mail.com,9900000252,Chennai,State,India,2024-01-01
CUST00253,Customer 253,Male,1995-01-01,customer253@mail.com,9900000253,Mumbai,State,India,2024-01-01
CUST00254,Customer 254,Female,1995-01-01,customer254@mail.com,9900000254,Delhi,State,India,2024-01-01
CUST00255,Customer 255,Male,1995-01-01,customer255@mail.com,9900000255,Pune,State,India,2024-01-01
CUST00256,Customer 256,Female,1995-01-01,customer256@mail.com,9900000256,Vijayawada,State,India,2024-01-01
CUST00257,Customer 257,Male,1995-01-01,customer257@mail.com,9900000257,Visakhapatnam,State,India,2024-01-01
CUST00258,Customer 258,Female,1995-01-01,customer258@mail.com,9900000258,Jaipur,State,India,2024-01-01
CUST00259,Customer 259,Male,1995-01-01,customer259@mail.com,9900000259,Ahmedabad,State,India,2024-01-01
CUST00260,Customer 260,Female,1995-01-01,customer260@mail.com,9900000260,Hyderabad,State,India,2024-01-01
CUST00261,Customer 261,Male,1995-01-01,customer261@mail.com,9900000261,Bengaluru,State,India,2024-01-01
CUST00262,Customer 262,Female,1995-01-01,customer262@mail.com,9900000262,Chennai,State,India,2024-01-01
CUST00263,Customer 263,Male,1995-01-01,customer263@mail.com,9900000263,Mumbai,State,India,2024-01-01
CUST00264,Customer 264,Female,1995-01-01,customer264@mail.com,9900000264,Delhi,State,India,2024-01-01
CUST00265,Customer 265,Male,1995-01-01,customer265@mail.com,9900000265,Pune,State,India,2024-01-01
CUST00266,Customer 266,Female,1995-01-01,customer266@mail.com,9900000266,Vijayawada,State,India,2024-01-01
CUST00267,Customer 267,Male,1995-01-01,customer267@mail.com,9900000267,Visakhapatnam,State,India,2024-01-01
CUST00268,Customer 268,Female,1995-01-01,customer268@mail.com,9900000268,Jaipur,State,India,2024-01-01
CUST00269,Customer 269,Male,1995-01-01,customer269@mail.com,9900000269,Ahmedabad,State,India,2024-01-01
CUST00270,Customer 270,Female,1995-01-01,customer270@mail.com,9900000270,Hyderabad,State,India,2024-01-01
CUST00271,Customer 271,Male,1995-01-01,customer271@mail.com,9900000271,Bengaluru,State,India,2024-01-01
CUST00272,Customer 272,Female,1995-01-01,customer272@mail.com,9900000272,Chennai,State,India,2024-01-01
CUST00273,Customer 273,Male,1995-01-01,customer273@mail.com,9900000273,Mumbai,State,India,2024-01-01
CUST00274,Customer 274,Female,1995-01-01,customer274@mail.com,9900000274,Delhi,State,India,2024-01-01
CUST00275,Customer 275,Male,1995-01-01,customer275@mail.com,9900000275,Pune,State,India,2024-01-01
CUST00276,Customer 276,Female,1995-01-01,customer276@mail.com,9900000276,Vijayawada,State,India,2024-01-01
CUST00277,Customer 277,Male,1995-01-01,customer277@mail.com,9900000277,Visakhapatnam,State,India,2024-01-01
CUST00278,Customer 278,Female,1995-01-01,customer278@mail.com,9900000278,Jaipur,State,India,2024-01-01
CUST00279,Customer 279,Male,1995-01-01,customer279@mail.com,9900000279,Ahmedabad,State,India,2024-01-01
CUST00280,Customer 280,Female,1995-01-01,customer280@mail.com,9900000280,Hyderabad,State,India,2024-01-01
CUST00281,Customer 281,Male,1995-01-01,customer281@mail.com,9900000281,Bengaluru,State,India,2024-01-01
CUST00282,Customer 282,Female,1995-01-01,customer282@mail.com,9900000282,Chennai,State,India,2024-01-01
CUST00283,Customer 283,Male,1995-01-01,customer283@mail.com,9900000283,Mumbai,State,India,2024-01-01
CUST00284,Customer 284,Female,1995-01-01,customer284@mail.com,9900000284,Delhi,State,India,2024-01-01
CUST00285,Customer 285,Male,1995-01-01,customer285@mail.com,9900000285,Pune,State,India,2024-01-01
CUST00286,Customer 286,Female,1995-01-01,customer286@mail.com,9900000286,Vijayawada,State,India,2024-01-01
CUST00287,Customer 287,Male,1995-01-01,customer287@mail.com,9900000287,Visakhapatnam,State,India,2024-01-01
CUST00288,Customer 288,Female,1995-01-01,customer288@mail.com,9900000288,Jaipur,State,India,2024-01-01
CUST00289,Customer 289,Male,1995-01-01,customer289@mail.com,9900000289,Ahmedabad,State,India,2024-01-01
CUST00290,Customer 290,Female,1995-01-01,customer290@mail.com,9900000290,Hyderabad,State,India,2024-01-01
CUST00291,Customer 291,Male,1995-01-01,customer291@mail.com,9900000291,Bengaluru,State,India,2024-01-01
CUST00292,Customer 292,Female,1995-01-01,customer292@mail.com,9900000292,Chennai,State,India,2024-01-01
CUST00293,Customer 293,Male,1995-01-01,customer293@mail.com,9900000293,Mumbai,State,India,2024-01-01
CUST00294,Customer 294,Female,1995-01-01,customer294@mail.com,9900000294,Delhi,State,India,2024-01-01
CUST00295,Customer 295,Male,1995-01-01,customer295@mail.com,9900000295,Pune,State,India,2024-01-01
CUST00296,Customer 296,Female,1995-01-01,customer296@mail.com,9900000296,Vijayawada,State,India,2024-01-01
CUST00297,Customer 297,Male,1995-01-01,customer297@mail.com,9900000297,Visakhapatnam,State,India,2024-01-01
CUST00298,Customer 298,Female,1995-01-01,customer298@mail.com,9900000298,Jaipur,State,India,2024-01-01
CUST00299,Customer 299,Male,1995-01-01,customer299@mail.com,9900000299,Ahmedabad,State,India,2024-01-01
CUST00300,Customer 300,Female,1995-01-01,customer300@mail.com,9900000300,Hyderabad,State,India,2024-01-01
CUST00301,Customer 301,Male,1995-01-01,customer301@mail.com,9900000301,Bengaluru,State,India,2024-01-01
CUST00302,Customer 302,Female,1995-01-01,customer302@mail.com,9900000302,Chennai,State,India,2024-01-01
CUST00303,Customer 303,Male,1995-01-01,customer303@mail.com,9900000303,Mumbai,State,India,2024-01-01
CUST00304,Customer 304,Female,1995-01-01,customer304@mail.com,9900000304,Delhi,State,India,2024-01-01
CUST00305,Customer 305,Male,1995-01-01,customer305@mail.com,9900000305,Pune,State,India,2024-01-01
CUST00306,Customer 306,Female,1995-01-01,customer306@mail.com,9900000306,Vijayawada,State,India,2024-01-01
CUST00307,Customer 307,Male,1995-01-01,customer307@mail.com,9900000307,Visakhapatnam,State,India,2024-01-01
CUST00308,Customer 308,Female,1995-01-01,customer308@mail.com,9900000308,Jaipur,State,India,2024-01-01
CUST00309,Customer 309,Male,1995-01-01,customer309@mail.com,9900000309,Ahmedabad,State,India,2024-01-01
CUST00310,Customer 310,Female,1995-01-01,customer310@mail.com,9900000310,Hyderabad,State,India,2024-01-01
CUST00311,Customer 311,Male,1995-01-01,customer311@mail.com,9900000311,Bengaluru,State,India,2024-01-01
CUST00312,Customer 312,Female,1995-01-01,customer312@mail.com,9900000312,Chennai,State,India,2024-01-01
CUST00313,Customer 313,Male,1995-01-01,customer313@mail.com,9900000313,Mumbai,State,India,2024-01-01
CUST00314,Customer 314,Female,1995-01-01,customer314@mail.com,9900000314,Delhi,State,India,2024-01-01
CUST00315,Customer 315,Male,1995-01-01,customer315@mail.com,9900000315,Pune,State,India,2024-01-01
CUST00316,Customer 316,Female,1995-01-01,customer316@mail.com,9900000316,Vijayawada,State,India,2024-01-01
CUST00317,Customer 317,Male,1995-01-01,customer317@mail.com,9900000317,Visakhapatnam,State,India,2024-01-01
CUST00318,Customer 318,Female,1995-01-01,customer318@mail.com,9900000318,Jaipur,State,India,2024-01-01
CUST00319,Customer 319,Male,1995-01-01,customer319@mail.com,9900000319,Ahmedabad,State,India,2024-01-01
CUST00320,Customer 320,Female,1995-01-01,customer320@mail.com,9900000320,Hyderabad,State,India,2024-01-01
CUST00321,Customer 321,Male,1995-01-01,customer321@mail.com,9900000321,Bengaluru,State,India,2024-01-01
CUST00322,Customer 322,Female,1995-01-01,customer322@mail.com,9900000322,Chennai,State,India,2024-01-01
CUST00323,Customer 323,Male,1995-01-01,customer323@mail.com,9900000323,Mumbai,State,India,2024-01-01
CUST00324,Customer 324,Female,1995-01-01,customer324@mail.com,9900000324,Delhi,State,India,2024-01-01
CUST00325,Customer 325,Male,1995-01-01,customer325@mail.com,9900000325,Pune,State,India,2024-01-01
CUST00326,Customer 326,Female,1995-01-01,customer326@mail.com,9900000326,Vijayawada,State,India,2024-01-01
CUST00327,Customer 327,Male,1995-01-01,customer327@mail.com,9900000327,Visakhapatnam,State,India,2024-01-01
CUST00328,Customer 328,Female,1995-01-01,customer328@mail.com,9900000328,Jaipur,State,India,2024-01-01
CUST00329,Customer 329,Male,1995-01-01,customer329@mail.com,9900000329,Ahmedabad,State,India,2024-01-01
CUST00330,Customer 330,Female,1995-01-01,customer330@mail.com,9900000330,Hyderabad,State,India,2024-01-01
CUST00331,Customer 331,Male,1995-01-01,customer331@mail.com,9900000331,Bengaluru,State,India,2024-01-01
CUST00332,Customer 332,Female,1995-01-01,customer332@mail.com,9900000332,Chennai,State,India,2024-01-01
CUST00333,Customer 333,Male,1995-01-01,customer333@mail.com,9900000333,Mumbai,State,India,2024-01-01
CUST00334,Customer 334,Female,1995-01-01,customer334@mail.com,9900000334,Delhi,State,India,2024-01-01
CUST00335,Customer 335,Male,1995-01-01,customer335@mail.com,9900000335,Pune,State,India,2024-01-01
CUST00336,Customer 336,Female,1995-01-01,customer336@mail.com,9900000336,Vijayawada,State,India,2024-01-01
CUST00337,Customer 337,Male,1995-01-01,customer337@mail.com,9900000337,Visakhapatnam,State,India,2024-01-01
CUST00338,Customer 338,Female,1995-01-01,customer338@mail.com,9900000338,Jaipur,State,India,2024-01-01
CUST00339,Customer 339,Male,1995-01-01,customer339@mail.com,9900000339,Ahmedabad,State,India,2024-01-01
CUST00340,Customer 340,Female,1995-01-01,customer340@mail.com,9900000340,Hyderabad,State,India,2024-01-01
CUST00341,Customer 341,Male,1995-01-01,customer341@mail.com,9900000341,Bengaluru,State,India,2024-01-01
CUST00342,Customer 342,Female,1995-01-01,customer342@mail.com,9900000342,Chennai,State,India,2024-01-01
CUST00343,Customer 343,Male,1995-01-01,customer343@mail.com,9900000343,Mumbai,State,India,2024-01-01
CUST00344,Customer 344,Female,1995-01-01,customer344@mail.com,9900000344,Delhi,State,India,2024-01-01
CUST00345,Customer 345,Male,1995-01-01,customer345@mail.com,9900000345,Pune,State,India,2024-01-01
CUST00346,Customer 346,Female,1995-01-01,customer346@mail.com,9900000346,Vijayawada,State,India,2024-01-01
CUST00347,Customer 347,Male,1995-01-01,customer347@mail.com,9900000347,Visakhapatnam,State,India,2024-01-01
CUST00348,Customer 348,Female,1995-01-01,customer348@mail.com,9900000348,Jaipur,State,India,2024-01-01
CUST00349,Customer 349,Male,1995-01-01,customer349@mail.com,9900000349,Ahmedabad,State,India,2024-01-01
CUST00350,Customer 350,Female,1995-01-01,customer350@mail.com,9900000350,Hyderabad,State,India,2024-01-01
CUST00351,Customer 351,Male,1995-01-01,customer351@mail.com,9900000351,Bengaluru,State,India,2024-01-01
CUST00352,Customer 352,Female,1995-01-01,customer352@mail.com,9900000352,Chennai,State,India,2024-01-01
CUST00353,Customer 353,Male,1995-01-01,customer353@mail.com,9900000353,Mumbai,State,India,2024-01-01
CUST00354,Customer 354,Female,1995-01-01,customer354@mail.com,9900000354,Delhi,State,India,2024-01-01
CUST00355,Customer 355,Male,1995-01-01,customer355@mail.com,9900000355,Pune,State,India,2024-01-01
CUST00356,Customer 356,Female,1995-01-01,customer356@mail.com,9900000356,Vijayawada,State,India,2024-01-01
CUST00357,Customer 357,Male,1995-01-01,customer357@mail.com,9900000357,Visakhapatnam,State,India,2024-01-01
CUST00358,Customer 358,Female,1995-01-01,customer358@mail.com,9900000358,Jaipur,State,India,2024-01-01
CUST00359,Customer 359,Male,1995-01-01,customer359@mail.com,9900000359,Ahmedabad,State,India,2024-01-01
CUST00360,Customer 360,Female,1995-01-01,customer360@mail.com,9900000360,Hyderabad,State,India,2024-01-01
CUST00361,Customer 361,Male,1995-01-01,customer361@mail.com,9900000361,Bengaluru,State,India,2024-01-01
CUST00362,Customer 362,Female,1995-01-01,customer362@mail.com,9900000362,Chennai,State,India,2024-01-01
CUST00363,Customer 363,Male,1995-01-01,customer363@mail.com,9900000363,Mumbai,State,India,2024-01-01
CUST00364,Customer 364,Female,1995-01-01,customer364@mail.com,9900000364,Delhi,State,India,2024-01-01
CUST00365,Customer 365,Male,1995-01-01,customer365@mail.com,9900000365,Pune,State,India,2024-01-01
CUST00366,Customer 366,Female,1995-01-01,customer366@mail.com,9900000366,Vijayawada,State,India,2024-01-01
CUST00367,Customer 367,Male,1995-01-01,customer367@mail.com,9900000367,Visakhapatnam,State,India,2024-01-01
CUST00368,Customer 368,Female,1995-01-01,customer368@mail.com,9900000368,Jaipur,State,India,2024-01-01
CUST00369,Customer 369,Male,1995-01-01,customer369@mail.com,9900000369,Ahmedabad,State,India,2024-01-01
CUST00370,Customer 370,Female,1995-01-01,customer370@mail.com,9900000370,Hyderabad,State,India,2024-01-01
CUST00371,Customer 371,Male,1995-01-01,customer371@mail.com,9900000371,Bengaluru,State,India,2024-01-01
CUST00372,Customer 372,Female,1995-01-01,customer372@mail.com,9900000372,Chennai,State,India,2024-01-01
CUST00373,Customer 373,Male,1995-01-01,customer373@mail.com,9900000373,Mumbai,State,India,2024-01-01
CUST00374,Customer 374,Female,1995-01-01,customer374@mail.com,9900000374,Delhi,State,India,2024-01-01
CUST00375,Customer 375,Male,1995-01-01,customer375@mail.com,9900000375,Pune,State,India,2024-01-01
CUST00376,Customer 376,Female,1995-01-01,customer376@mail.com,9900000376,Vijayawada,State,India,2024-01-01
CUST00377,Customer 377,Male,1995-01-01,customer377@mail.com,9900000377,Visakhapatnam,State,India,2024-01-01
CUST00378,Customer 378,Female,1995-01-01,customer378@mail.com,9900000378,Jaipur,State,India,2024-01-01
CUST00379,Customer 379,Male,1995-01-01,customer379@mail.com,9900000379,Ahmedabad,State,India,2024-01-01
CUST00380,Customer 380,Female,1995-01-01,customer380@mail.com,9900000380,Hyderabad,State,India,2024-01-01
CUST00381,Customer 381,Male,1995-01-01,customer381@mail.com,9900000381,Bengaluru,State,India,2024-01-01
CUST00382,Customer 382,Female,1995-01-01,customer382@mail.com,9900000382,Chennai,State,India,2024-01-01
CUST00383,Customer 383,Male,1995-01-01,customer383@mail.com,9900000383,Mumbai,State,India,2024-01-01
CUST00384,Customer 384,Female,1995-01-01,customer384@mail.com,9900000384,Delhi,State,India,2024-01-01
CUST00385,Customer 385,Male,1995-01-01,customer385@mail.com,9900000385,Pune,State,India,2024-01-01
CUST00386,Customer 386,Female,1995-01-01,customer386@mail.com,9900000386,Vijayawada,State,India,2024-01-01
CUST00387,Customer 387,Male,1995-01-01,customer387@mail.com,9900000387,Visakhapatnam,State,India,2024-01-01
CUST00388,Customer 388,Female,1995-01-01,customer388@mail.com,9900000388,Jaipur,State,India,2024-01-01
CUST00389,Customer 389,Male,1995-01-01,customer389@mail.com,9900000389,Ahmedabad,State,India,2024-01-01
CUST00390,Customer 390,Female,1995-01-01,customer390@mail.com,9900000390,Hyderabad,State,India,2024-01-01
CUST00391,Customer 391,Male,1995-01-01,customer391@mail.com,9900000391,Bengaluru,State,India,2024-01-01
CUST00392,Customer 392,Female,1995-01-01,customer392@mail.com,9900000392,Chennai,State,India,2024-01-01
CUST00393,Customer 393,Male,1995-01-01,customer393@mail.com,9900000393,Mumbai,State,India,2024-01-01
CUST00394,Customer 394,Female,1995-01-01,customer394@mail.com,9900000394,Delhi,State,India,2024-01-01
CUST00395,Customer 395,Male,1995-01-01,customer395@mail.com,9900000395,Pune,State,India,2024-01-01
CUST00396,Customer 396,Female,1995-01-01,customer396@mail.com,9900000396,Vijayawada,State,India,2024-01-01
CUST00397,Customer 397,Male,1995-01-01,customer397@mail.com,9900000397,Visakhapatnam,State,India,2024-01-01
CUST00398,Customer 398,Female,1995-01-01,customer398@mail.com,9900000398,Jaipur,State,India,2024-01-01
CUST00399,Customer 399,Male,1995-01-01,customer399@mail.com,9900000399,Ahmedabad,State,India,2024-01-01
CUST00400,Customer 400,Female,1995-01-01,customer400@mail.com,9900000400,Hyderabad,State,India,2024-01-01
CUST00401,Customer 401,Male,1995-01-01,customer401@mail.com,9900000401,Bengaluru,State,India,2024-01-01
CUST00402,Customer 402,Female,1995-01-01,customer402@mail.com,9900000402,Chennai,State,India,2024-01-01
CUST00403,Customer 403,Male,1995-01-01,customer403@mail.com,9900000403,Mumbai,State,India,2024-01-01
CUST00404,Customer 404,Female,1995-01-01,customer404@mail.com,9900000404,Delhi,State,India,2024-01-01
CUST00405,Customer 405,Male,1995-01-01,customer405@mail.com,9900000405,Pune,State,India,2024-01-01
CUST00406,Customer 406,Female,1995-01-01,customer406@mail.com,9900000406,Vijayawada,State,India,2024-01-01
CUST00407,Customer 407,Male,1995-01-01,customer407@mail.com,9900000407,Visakhapatnam,State,India,2024-01-01
CUST00408,Customer 408,Female,1995-01-01,customer408@mail.com,9900000408,Jaipur,State,India,2024-01-01
CUST00409,Customer 409,Male,1995-01-01,customer409@mail.com,9900000409,Ahmedabad,State,India,2024-01-01
CUST00410,Customer 410,Female,1995-01-01,customer410@mail.com,9900000410,Hyderabad,State,India,2024-01-01
CUST00411,Customer 411,Male,1995-01-01,customer411@mail.com,9900000411,Bengaluru,State,India,2024-01-01
CUST00412,Customer 412,Female,1995-01-01,customer412@mail.com,9900000412,Chennai,State,India,2024-01-01
CUST00413,Customer 413,Male,1995-01-01,customer413@mail.com,9900000413,Mumbai,State,India,2024-01-01
CUST00414,Customer 414,Female,1995-01-01,customer414@mail.com,9900000414,Delhi,State,India,2024-01-01
CUST00415,Customer 415,Male,1995-01-01,customer415@mail.com,9900000415,Pune,State,India,2024-01-01
CUST00416,Customer 416,Female,1995-01-01,customer416@mail.com,9900000416,Vijayawada,State,India,2024-01-01
CUST00417,Customer 417,Male,1995-01-01,customer417@mail.com,9900000417,Visakhapatnam,State,India,2024-01-01
CUST00418,Customer 418,Female,1995-01-01,customer418@mail.com,9900000418,Jaipur,State,India,2024-01-01
CUST00419,Customer 419,Male,1995-01-01,customer419@mail.com,9900000419,Ahmedabad,State,India,2024-01-01
CUST00420,Customer 420,Female,1995-01-01,customer420@mail.com,9900000420,Hyderabad,State,India,2024-01-01
CUST00421,Customer 421,Male,1995-01-01,customer421@mail.com,9900000421,Bengaluru,State,India,2024-01-01
CUST00422,Customer 422,Female,1995-01-01,customer422@mail.com,9900000422,Chennai,State,India,2024-01-01
CUST00423,Customer 423,Male,1995-01-01,customer423@mail.com,9900000423,Mumbai,State,India,2024-01-01
CUST00424,Customer 424,Female,1995-01-01,customer424@mail.com,9900000424,Delhi,State,India,2024-01-01
CUST00425,Customer 425,Male,1995-01-01,customer425@mail.com,9900000425,Pune,State,India,2024-01-01
CUST00426,Customer 426,Female,1995-01-01,customer426@mail.com,9900000426,Vijayawada,State,India,2024-01-01
CUST00427,Customer 427,Male,1995-01-01,customer427@mail.com,9900000427,Visakhapatnam,State,India,2024-01-01
CUST00428,Customer 428,Female,1995-01-01,customer428@mail.com,9900000428,Jaipur,State,India,2024-01-01
CUST00429,Customer 429,Male,1995-01-01,customer429@mail.com,9900000429,Ahmedabad,State,India,2024-01-01
CUST00430,Customer 430,Female,1995-01-01,customer430@mail.com,9900000430,Hyderabad,State,India,2024-01-01
CUST00431,Customer 431,Male,1995-01-01,customer431@mail.com,9900000431,Bengaluru,State,India,2024-01-01
CUST00432,Customer 432,Female,1995-01-01,customer432@mail.com,9900000432,Chennai,State,India,2024-01-01
CUST00433,Customer 433,Male,1995-01-01,customer433@mail.com,9900000433,Mumbai,State,India,2024-01-01
CUST00434,Customer 434,Female,1995-01-01,customer434@mail.com,9900000434,Delhi,State,India,2024-01-01
CUST00435,Customer 435,Male,1995-01-01,customer435@mail.com,9900000435,Pune,State,India,2024-01-01
CUST00436,Customer 436,Female,1995-01-01,customer436@mail.com,9900000436,Vijayawada,State,India,2024-01-01
CUST00437,Customer 437,Male,1995-01-01,customer437@mail.com,9900000437,Visakhapatnam,State,India,2024-01-01
CUST00438,Customer 438,Female,1995-01-01,customer438@mail.com,9900000438,Jaipur,State,India,2024-01-01
CUST00439,Customer 439,Male,1995-01-01,customer439@mail.com,9900000439,Ahmedabad,State,India,2024-01-01
CUST00440,Customer 440,Female,1995-01-01,customer440@mail.com,9900000440,Hyderabad,State,India,2024-01-01
CUST00441,Customer 441,Male,1995-01-01,customer441@mail.com,9900000441,Bengaluru,State,India,2024-01-01
CUST00442,Customer 442,Female,1995-01-01,customer442@mail.com,9900000442,Chennai,State,India,2024-01-01
CUST00443,Customer 443,Male,1995-01-01,customer443@mail.com,9900000443,Mumbai,State,India,2024-01-01
CUST00444,Customer 444,Female,1995-01-01,customer444@mail.com,9900000444,Delhi,State,India,2024-01-01
CUST00445,Customer 445,Male,1995-01-01,customer445@mail.com,9900000445,Pune,State,India,2024-01-01
CUST00446,Customer 446,Female,1995-01-01,customer446@mail.com,9900000446,Vijayawada,State,India,2024-01-01
CUST00447,Customer 447,Male,1995-01-01,customer447@mail.com,9900000447,Visakhapatnam,State,India,2024-01-01
CUST00448,Customer 448,Female,1995-01-01,customer448@mail.com,9900000448,Jaipur,State,India,2024-01-01
CUST00449,Customer 449,Male,1995-01-01,customer449@mail.com,9900000449,Ahmedabad,State,India,2024-01-01
CUST00450,Customer 450,Female,1995-01-01,customer450@mail.com,9900000450,Hyderabad,State,India,2024-01-01
CUST00451,Customer 451,Male,1995-01-01,customer451@mail.com,9900000451,Bengaluru,State,India,2024-01-01
CUST00452,Customer 452,Female,1995-01-01,customer452@mail.com,9900000452,Chennai,State,India,2024-01-01
CUST00453,Customer 453,Male,1995-01-01,customer453@mail.com,9900000453,Mumbai,State,India,2024-01-01
CUST00454,Customer 454,Female,1995-01-01,customer454@mail.com,9900000454,Delhi,State,India,2024-01-01
CUST00455,Customer 455,Male,1995-01-01,customer455@mail.com,9900000455,Pune,State,India,2024-01-01
CUST00456,Customer 456,Female,1995-01-01,customer456@mail.com,9900000456,Vijayawada,State,India,2024-01-01
CUST00457,Customer 457,Male,1995-01-01,customer457@mail.com,9900000457,Visakhapatnam,State,India,2024-01-01
CUST00458,Customer 458,Female,1995-01-01,customer458@mail.com,9900000458,Jaipur,State,India,2024-01-01
CUST00459,Customer 459,Male,1995-01-01,customer459@mail.com,9900000459,Ahmedabad,State,India,2024-01-01
CUST00460,Customer 460,Female,1995-01-01,customer460@mail.com,9900000460,Hyderabad,State,India,2024-01-01
CUST00461,Customer 461,Male,1995-01-01,customer461@mail.com,9900000461,Bengaluru,State,India,2024-01-01
CUST00462,Customer 462,Female,1995-01-01,customer462@mail.com,9900000462,Chennai,State,India,2024-01-01
CUST00463,Customer 463,Male,1995-01-01,customer463@mail.com,9900000463,Mumbai,State,India,2024-01-01
CUST00464,Customer 464,Female,1995-01-01,customer464@mail.com,9900000464,Delhi,State,India,2024-01-01
CUST00465,Customer 465,Male,1995-01-01,customer465@mail.com,9900000465,Pune,State,India,2024-01-01
CUST00466,Customer 466,Female,1995-01-01,customer466@mail.com,9900000466,Vijayawada,State,India,2024-01-01
CUST00467,Customer 467,Male,1995-01-01,customer467@mail.com,9900000467,Visakhapatnam,State,India,2024-01-01
CUST00468,Customer 468,Female,1995-01-01,customer468@mail.com,9900000468,Jaipur,State,India,2024-01-01
CUST00469,Customer 469,Male,1995-01-01,customer469@mail.com,9900000469,Ahmedabad,State,India,2024-01-01
CUST00470,Customer 470,Female,1995-01-01,customer470@mail.com,9900000470,Hyderabad,State,India,2024-01-01
CUST00471,Customer 471,Male,1995-01-01,customer471@mail.com,9900000471,Bengaluru,State,India,2024-01-01
CUST00472,Customer 472,Female,1995-01-01,customer472@mail.com,9900000472,Chennai,State,India,2024-01-01
CUST00473,Customer 473,Male,1995-01-01,customer473@mail.com,9900000473,Mumbai,State,India,2024-01-01
CUST00474,Customer 474,Female,1995-01-01,customer474@mail.com,9900000474,Delhi,State,India,2024-01-01
CUST00475,Customer 475,Male,1995-01-01,customer475@mail.com,9900000475,Pune,State,India,2024-01-01
CUST00476,Customer 476,Female,1995-01-01,customer476@mail.com,9900000476,Vijayawada,State,India,2024-01-01
CUST00477,Customer 477,Male,1995-01-01,customer477@mail.com,9900000477,Visakhapatnam,State,India,2024-01-01
CUST00478,Customer 478,Female,1995-01-01,customer478@mail.com,9900000478,Jaipur,State,India,2024-01-01
CUST00479,Customer 479,Male,1995-01-01,customer479@mail.com,9900000479,Ahmedabad,State,India,2024-01-01
CUST00480,Customer 480,Female,1995-01-01,customer480@mail.com,9900000480,Hyderabad,State,India,2024-01-01
CUST00481,Customer 481,Male,1995-01-01,customer481@mail.com,9900000481,Bengaluru,State,India,2024-01-01
CUST00482,Customer 482,Female,1995-01-01,customer482@mail.com,9900000482,Chennai,State,India,2024-01-01
CUST00483,Customer 483,Male,1995-01-01,customer483@mail.com,9900000483,Mumbai,State,India,2024-01-01
CUST00484,Customer 484,Female,1995-01-01,customer484@mail.com,9900000484,Delhi,State,India,2024-01-01
CUST00485,Customer 485,Male,1995-01-01,customer485@mail.com,9900000485,Pune,State,India,2024-01-01
CUST00486,Customer 486,Female,1995-01-01,customer486@mail.com,9900000486,Vijayawada,State,India,2024-01-01
CUST00487,Customer 487,Male,1995-01-01,customer487@mail.com,9900000487,Visakhapatnam,State,India,2024-01-01
CUST00488,Customer 488,Female,1995-01-01,customer488@mail.com,9900000488,Jaipur,State,India,2024-01-01
CUST00489,Customer 489,Male,1995-01-01,customer489@mail.com,9900000489,Ahmedabad,State,India,2024-01-01
CUST00490,Customer 490,Female,1995-01-01,customer490@mail.com,9900000490,Hyderabad,State,India,2024-01-01
CUST00491,Customer 491,Male,1995-01-01,customer491@mail.com,9900000491,Bengaluru,State,India,2024-01-01
CUST00492,Customer 492,Female,1995-01-01,customer492@mail.com,9900000492,Chennai,State,India,2024-01-01
CUST00493,Customer 493,Male,1995-01-01,customer493@mail.com,9900000493,Mumbai,State,India,2024-01-01
CUST00494,Customer 494,Female,1995-01-01,customer494@mail.com,9900000494,Delhi,State,India,2024-01-01
CUST00495,Customer 495,Male,1995-01-01,customer495@mail.com,9900000495,Pune,State,India,2024-01-01
CUST00496,Customer 496,Female,1995-01-01,customer496@mail.com,9900000496,Vijayawada,State,India,2024-01-01
CUST00497,Customer 497,Male,1995-01-01,customer497@mail.com,9900000497,Visakhapatnam,State,India,2024-01-01
CUST00498,Customer 498,Female,1995-01-01,customer498@mail.com,9900000498,Jaipur,State,India,2024-01-01
CUST00499,Customer 499,Male,1995-01-01,customer499@mail.com,9900000499,Ahmedabad,State,India,2024-01-01
CUST00500,Customer 500,Female,1995-01-01,customer500@mail.com,9900000500,Hyderabad,State,India,2024-01-01
CUST00501,Customer 501,Male,1995-01-01,customer501@mail.com,9900000501,Bengaluru,State,India,2024-01-01
CUST00502,Customer 502,Female,1995-01-01,customer502@mail.com,9900000502,Chennai,State,India,2024-01-01
CUST00503,Customer 503,Male,1995-01-01,customer503@mail.com,9900000503,Mumbai,State,India,2024-01-01
CUST00504,Customer 504,Female,1995-01-01,customer504@mail.com,9900000504,Delhi,State,India,2024-01-01
CUST00505,Customer 505,Male,1995-01-01,customer505@mail.com,9900000505,Pune,State,India,2024-01-01
CUST00506,Customer 506,Female,1995-01-01,customer506@mail.com,9900000506,Vijayawada,State,India,2024-01-01
CUST00507,Customer 507,Male,1995-01-01,customer507@mail.com,9900000507,Visakhapatnam,State,India,2024-01-01
CUST00508,Customer 508,Female,1995-01-01,customer508@mail.com,9900000508,Jaipur,State,India,2024-01-01
CUST00509,Customer 509,Male,1995-01-01,customer509@mail.com,9900000509,Ahmedabad,State,India,2024-01-01
CUST00510,Customer 510,Female,1995-01-01,customer510@mail.com,9900000510,Hyderabad,State,India,2024-01-01
CUST00511,Customer 511,Male,1995-01-01,customer511@mail.com,9900000511,Bengaluru,State,India,2024-01-01
CUST00512,Customer 512,Female,1995-01-01,customer512@mail.com,9900000512,Chennai,State,India,2024-01-01
CUST00513,Customer 513,Male,1995-01-01,customer513@mail.com,9900000513,Mumbai,State,India,2024-01-01
CUST00514,Customer 514,Female,1995-01-01,customer514@mail.com,9900000514,Delhi,State,India,2024-01-01
CUST00515,Customer 515,Male,1995-01-01,customer515@mail.com,9900000515,Pune,State,India,2024-01-01
CUST00516,Customer 516,Female,1995-01-01,customer516@mail.com,9900000516,Vijayawada,State,India,2024-01-01
CUST00517,Customer 517,Male,1995-01-01,customer517@mail.com,9900000517,Visakhapatnam,State,India,2024-01-01
CUST00518,Customer 518,Female,1995-01-01,customer518@mail.com,9900000518,Jaipur,State,India,2024-01-01
CUST00519,Customer 519,Male,1995-01-01,customer519@mail.com,9900000519,Ahmedabad,State,India,2024-01-01
CUST00520,Customer 520,Female,1995-01-01,customer520@mail.com,9900000520,Hyderabad,State,India,2024-01-01
CUST00521,Customer 521,Male,1995-01-01,customer521@mail.com,9900000521,Bengaluru,State,India,2024-01-01
CUST00522,Customer 522,Female,1995-01-01,customer522@mail.com,9900000522,Chennai,State,India,2024-01-01
CUST00523,Customer 523,Male,1995-01-01,customer523@mail.com,9900000523,Mumbai,State,India,2024-01-01
CUST00524,Customer 524,Female,1995-01-01,customer524@mail.com,9900000524,Delhi,State,India,2024-01-01
CUST00525,Customer 525,Male,1995-01-01,customer525@mail.com,9900000525,Pune,State,India,2024-01-01
CUST00526,Customer 526,Female,1995-01-01,customer526@mail.com,9900000526,Vijayawada,State,India,2024-01-01
CUST00527,Customer 527,Male,1995-01-01,customer527@mail.com,9900000527,Visakhapatnam,State,India,2024-01-01
CUST00528,Customer 528,Female,1995-01-01,customer528@mail.com,9900000528,Jaipur,State,India,2024-01-01
CUST00529,Customer 529,Male,1995-01-01,customer529@mail.com,9900000529,Ahmedabad,State,India,2024-01-01
CUST00530,Customer 530,Female,1995-01-01,customer530@mail.com,9900000530,Hyderabad,State,India,2024-01-01
CUST00531,Customer 531,Male,1995-01-01,customer531@mail.com,9900000531,Bengaluru,State,India,2024-01-01
CUST00532,Customer 532,Female,1995-01-01,customer532@mail.com,9900000532,Chennai,State,India,2024-01-01
CUST00533,Customer 533,Male,1995-01-01,customer533@mail.com,9900000533,Mumbai,State,India,2024-01-01
CUST00534,Customer 534,Female,1995-01-01,customer534@mail.com,9900000534,Delhi,State,India,2024-01-01
CUST00535,Customer 535,Male,1995-01-01,customer535@mail.com,9900000535,Pune,State,India,2024-01-01
CUST00536,Customer 536,Female,1995-01-01,customer536@mail.com,9900000536,Vijayawada,State,India,2024-01-01
CUST00537,Customer 537,Male,1995-01-01,customer537@mail.com,9900000537,Visakhapatnam,State,India,2024-01-01
CUST00538,Customer 538,Female,1995-01-01,customer538@mail.com,9900000538,Jaipur,State,India,2024-01-01
CUST00539,Customer 539,Male,1995-01-01,customer539@mail.com,9900000539,Ahmedabad,State,India,2024-01-01
CUST00540,Customer 540,Female,1995-01-01,customer540@mail.com,9900000540,Hyderabad,State,India,2024-01-01
CUST00541,Customer 541,Male,1995-01-01,customer541@mail.com,9900000541,Bengaluru,State,India,2024-01-01
CUST00542,Customer 542,Female,1995-01-01,customer542@mail.com,9900000542,Chennai,State,India,2024-01-01
CUST00543,Customer 543,Male,1995-01-01,customer543@mail.com,9900000543,Mumbai,State,India,2024-01-01
CUST00544,Customer 544,Female,1995-01-01,customer544@mail.com,9900000544,Delhi,State,India,2024-01-01
CUST00545,Customer 545,Male,1995-01-01,customer545@mail.com,9900000545,Pune,State,India,2024-01-01
CUST00546,Customer 546,Female,1995-01-01,customer546@mail.com,9900000546,Vijayawada,State,India,2024-01-01
CUST00547,Customer 547,Male,1995-01-01,customer547@mail.com,9900000547,Visakhapatnam,State,India,2024-01-01
CUST00548,Customer 548,Female,1995-01-01,customer548@mail.com,9900000548,Jaipur,State,India,2024-01-01
CUST00549,Customer 549,Male,1995-01-01,customer549@mail.com,9900000549,Ahmedabad,State,India,2024-01-01
CUST00550,Customer 550,Female,1995-01-01,customer550@mail.com,9900000550,Hyderabad,State,India,2024-01-01
CUST00551,Customer 551,Male,1995-01-01,customer551@mail.com,9900000551,Bengaluru,State,India,2024-01-01
CUST00552,Customer 552,Female,1995-01-01,customer552@mail.com,9900000552,Chennai,State,India,2024-01-01
CUST00553,Customer 553,Male,1995-01-01,customer553@mail.com,9900000553,Mumbai,State,India,2024-01-01
CUST00554,Customer 554,Female,1995-01-01,customer554@mail.com,9900000554,Delhi,State,India,2024-01-01
CUST00555,Customer 555,Male,1995-01-01,customer555@mail.com,9900000555,Pune,State,India,2024-01-01
CUST00556,Customer 556,Female,1995-01-01,customer556@mail.com,9900000556,Vijayawada,State,India,2024-01-01
CUST00557,Customer 557,Male,1995-01-01,customer557@mail.com,9900000557,Visakhapatnam,State,India,2024-01-01
CUST00558,Customer 558,Female,1995-01-01,customer558@mail.com,9900000558,Jaipur,State,India,2024-01-01
CUST00559,Customer 559,Male,1995-01-01,customer559@mail.com,9900000559,Ahmedabad,State,India,2024-01-01
CUST00560,Customer 560,Female,1995-01-01,customer560@mail.com,9900000560,Hyderabad,State,India,2024-01-01
CUST00561,Customer 561,Male,1995-01-01,customer561@mail.com,9900000561,Bengaluru,State,India,2024-01-01
CUST00562,Customer 562,Female,1995-01-01,customer562@mail.com,9900000562,Chennai,State,India,2024-01-01
CUST00563,Customer 563,Male,1995-01-01,customer563@mail.com,9900000563,Mumbai,State,India,2024-01-01
CUST00564,Customer 564,Female,1995-01-01,customer564@mail.com,9900000564,Delhi,State,India,2024-01-01
CUST00565,Customer 565,Male,1995-01-01,customer565@mail.com,9900000565,Pune,State,India,2024-01-01
CUST00566,Customer 566,Female,1995-01-01,customer566@mail.com,9900000566,Vijayawada,State,India,2024-01-01
CUST00567,Customer 567,Male,1995-01-01,customer567@mail.com,9900000567,Visakhapatnam,State,India,2024-01-01
CUST00568,Customer 568,Female,1995-01-01,customer568@mail.com,9900000568,Jaipur,State,India,2024-01-01
CUST00569,Customer 569,Male,1995-01-01,customer569@mail.com,9900000569,Ahmedabad,State,India,2024-01-01
CUST00570,Customer 570,Female,1995-01-01,customer570@mail.com,9900000570,Hyderabad,State,India,2024-01-01
CUST00571,Customer 571,Male,1995-01-01,customer571@mail.com,9900000571,Bengaluru,State,India,2024-01-01
CUST00572,Customer 572,Female,1995-01-01,customer572@mail.com,9900000572,Chennai,State,India,2024-01-01
CUST00573,Customer 573,Male,1995-01-01,customer573@mail.com,9900000573,Mumbai,State,India,2024-01-01
CUST00574,Customer 574,Female,1995-01-01,customer574@mail.com,9900000574,Delhi,State,India,2024-01-01
CUST00575,Customer 575,Male,1995-01-01,customer575@mail.com,9900000575,Pune,State,India,2024-01-01
CUST00576,Customer 576,Female,1995-01-01,customer576@mail.com,9900000576,Vijayawada,State,India,2024-01-01
CUST00577,Customer 577,Male,1995-01-01,customer577@mail.com,9900000577,Visakhapatnam,State,India,2024-01-01
CUST00578,Customer 578,Female,1995-01-01,customer578@mail.com,9900000578,Jaipur,State,India,2024-01-01
CUST00579,Customer 579,Male,1995-01-01,customer579@mail.com,9900000579,Ahmedabad,State,India,2024-01-01
CUST00580,Customer 580,Female,1995-01-01,customer580@mail.com,9900000580,Hyderabad,State,India,2024-01-01
CUST00581,Customer 581,Male,1995-01-01,customer581@mail.com,9900000581,Bengaluru,State,India,2024-01-01
CUST00582,Customer 582,Female,1995-01-01,customer582@mail.com,9900000582,Chennai,State,India,2024-01-01
CUST00583,Customer 583,Male,1995-01-01,customer583@mail.com,9900000583,Mumbai,State,India,2024-01-01
CUST00584,Customer 584,Female,1995-01-01,customer584@mail.com,9900000584,Delhi,State,India,2024-01-01
CUST00585,Customer 585,Male,1995-01-01,customer585@mail.com,9900000585,Pune,State,India,2024-01-01
CUST00586,Customer 586,Female,1995-01-01,customer586@mail.com,9900000586,Vijayawada,State,India,2024-01-01
CUST00587,Customer 587,Male,1995-01-01,customer587@mail.com,9900000587,Visakhapatnam,State,India,2024-01-01
CUST00588,Customer 588,Female,1995-01-01,customer588@mail.com,9900000588,Jaipur,State,India,2024-01-01
CUST00589,Customer 589,Male,1995-01-01,customer589@mail.com,9900000589,Ahmedabad,State,India,2024-01-01
CUST00590,Customer 590,Female,1995-01-01,customer590@mail.com,9900000590,Hyderabad,State,India,2024-01-01
CUST00591,Customer 591,Male,1995-01-01,customer591@mail.com,9900000591,Bengaluru,State,India,2024-01-01
CUST00592,Customer 592,Female,1995-01-01,customer592@mail.com,9900000592,Chennai,State,India,2024-01-01
CUST00593,Customer 593,Male,1995-01-01,customer593@mail.com,9900000593,Mumbai,State,India,2024-01-01
CUST00594,Customer 594,Female,1995-01-01,customer594@mail.com,9900000594,Delhi,State,India,2024-01-01
CUST00595,Customer 595,Male,1995-01-01,customer595@mail.com,9900000595,Pune,State,India,2024-01-01
CUST00596,Customer 596,Female,1995-01-01,customer596@mail.com,9900000596,Vijayawada,State,India,2024-01-01
CUST00597,Customer 597,Male,1995-01-01,customer597@mail.com,9900000597,Visakhapatnam,State,India,2024-01-01
CUST00598,Customer 598,Female,1995-01-01,customer598@mail.com,9900000598,Jaipur,State,India,2024-01-01
CUST00599,Customer 599,Male,1995-01-01,customer599@mail.com,9900000599,Ahmedabad,State,India,2024-01-01
CUST00600,Customer 600,Female,1995-01-01,customer600@mail.com,9900000600,Hyderabad,State,India,2024-01-01
CUST00601,Customer 601,Male,1995-01-01,customer601@mail.com,9900000601,Bengaluru,State,India,2024-01-01
CUST00602,Customer 602,Female,1995-01-01,customer602@mail.com,9900000602,Chennai,State,India,2024-01-01
CUST00603,Customer 603,Male,1995-01-01,customer603@mail.com,9900000603,Mumbai,State,India,2024-01-01
CUST00604,Customer 604,Female,1995-01-01,customer604@mail.com,9900000604,Delhi,State,India,2024-01-01
CUST00605,Customer 605,Male,1995-01-01,customer605@mail.com,9900000605,Pune,State,India,2024-01-01
CUST00606,Customer 606,Female,1995-01-01,customer606@mail.com,9900000606,Vijayawada,State,India,2024-01-01
CUST00607,Customer 607,Male,1995-01-01,customer607@mail.com,9900000607,Visakhapatnam,State,India,2024-01-01
CUST00608,Customer 608,Female,1995-01-01,customer608@mail.com,9900000608,Jaipur,State,India,2024-01-01
CUST00609,Customer 609,Male,1995-01-01,customer609@mail.com,9900000609,Ahmedabad,State,India,2024-01-01
CUST00610,Customer 610,Female,1995-01-01,customer610@mail.com,9900000610,Hyderabad,State,India,2024-01-01
CUST00611,Customer 611,Male,1995-01-01,customer611@mail.com,9900000611,Bengaluru,State,India,2024-01-01
CUST00612,Customer 612,Female,1995-01-01,customer612@mail.com,9900000612,Chennai,State,India,2024-01-01
CUST00613,Customer 613,Male,1995-01-01,customer613@mail.com,9900000613,Mumbai,State,India,2024-01-01
CUST00614,Customer 614,Female,1995-01-01,customer614@mail.com,9900000614,Delhi,State,India,2024-01-01
CUST00615,Customer 615,Male,1995-01-01,customer615@mail.com,9900000615,Pune,State,India,2024-01-01
CUST00616,Customer 616,Female,1995-01-01,customer616@mail.com,9900000616,Vijayawada,State,India,2024-01-01
CUST00617,Customer 617,Male,1995-01-01,customer617@mail.com,9900000617,Visakhapatnam,State,India,2024-01-01
CUST00618,Customer 618,Female,1995-01-01,customer618@mail.com,9900000618,Jaipur,State,India,2024-01-01
CUST00619,Customer 619,Male,1995-01-01,customer619@mail.com,9900000619,Ahmedabad,State,India,2024-01-01
CUST00620,Customer 620,Female,1995-01-01,customer620@mail.com,9900000620,Hyderabad,State,India,2024-01-01
CUST00621,Customer 621,Male,1995-01-01,customer621@mail.com,9900000621,Bengaluru,State,India,2024-01-01
CUST00622,Customer 622,Female,1995-01-01,customer622@mail.com,9900000622,Chennai,State,India,2024-01-01
CUST00623,Customer 623,Male,1995-01-01,customer623@mail.com,9900000623,Mumbai,State,India,2024-01-01
CUST00624,Customer 624,Female,1995-01-01,customer624@mail.com,9900000624,Delhi,State,India,2024-01-01
CUST00625,Customer 625,Male,1995-01-01,customer625@mail.com,9900000625,Pune,State,India,2024-01-01
CUST00626,Customer 626,Female,1995-01-01,customer626@mail.com,9900000626,Vijayawada,State,India,2024-01-01
CUST00627,Customer 627,Male,1995-01-01,customer627@mail.com,9900000627,Visakhapatnam,State,India,2024-01-01
CUST00628,Customer 628,Female,1995-01-01,customer628@mail.com,9900000628,Jaipur,State,India,2024-01-01
CUST00629,Customer 629,Male,1995-01-01,customer629@mail.com,9900000629,Ahmedabad,State,India,2024-01-01
CUST00630,Customer 630,Female,1995-01-01,customer630@mail.com,9900000630,Hyderabad,State,India,2024-01-01
CUST00631,Customer 631,Male,1995-01-01,customer631@mail.com,9900000631,Bengaluru,State,India,2024-01-01
CUST00632,Customer 632,Female,1995-01-01,customer632@mail.com,9900000632,Chennai,State,India,2024-01-01
CUST00633,Customer 633,Male,1995-01-01,customer633@mail.com,9900000633,Mumbai,State,India,2024-01-01
CUST00634,Customer 634,Female,1995-01-01,customer634@mail.com,9900000634,Delhi,State,India,2024-01-01
CUST00635,Customer 635,Male,1995-01-01,customer635@mail.com,9900000635,Pune,State,India,2024-01-01
CUST00636,Customer 636,Female,1995-01-01,customer636@mail.com,9900000636,Vijayawada,State,India,2024-01-01
CUST00637,Customer 637,Male,1995-01-01,customer637@mail.com,9900000637,Visakhapatnam,State,India,2024-01-01
CUST00638,Customer 638,Female,1995-01-01,customer638@mail.com,9900000638,Jaipur,State,India,2024-01-01
CUST00639,Customer 639,Male,1995-01-01,customer639@mail.com,9900000639,Ahmedabad,State,India,2024-01-01
CUST00640,Customer 640,Female,1995-01-01,customer640@mail.com,9900000640,Hyderabad,State,India,2024-01-01
CUST00641,Customer 641,Male,1995-01-01,customer641@mail.com,9900000641,Bengaluru,State,India,2024-01-01
CUST00642,Customer 642,Female,1995-01-01,customer642@mail.com,9900000642,Chennai,State,India,2024-01-01
CUST00643,Customer 643,Male,1995-01-01,customer643@mail.com,9900000643,Mumbai,State,India,2024-01-01
CUST00644,Customer 644,Female,1995-01-01,customer644@mail.com,9900000644,Delhi,State,India,2024-01-01
CUST00645,Customer 645,Male,1995-01-01,customer645@mail.com,9900000645,Pune,State,India,2024-01-01
CUST00646,Customer 646,Female,1995-01-01,customer646@mail.com,9900000646,Vijayawada,State,India,2024-01-01
CUST00647,Customer 647,Male,1995-01-01,customer647@mail.com,9900000647,Visakhapatnam,State,India,2024-01-01
CUST00648,Customer 648,Female,1995-01-01,customer648@mail.com,9900000648,Jaipur,State,India,2024-01-01
CUST00649,Customer 649,Male,1995-01-01,customer649@mail.com,9900000649,Ahmedabad,State,India,2024-01-01
CUST00650,Customer 650,Female,1995-01-01,customer650@mail.com,9900000650,Hyderabad,State,India,2024-01-01
CUST00651,Customer 651,Male,1995-01-01,customer651@mail.com,9900000651,Bengaluru,State,India,2024-01-01
CUST00652,Customer 652,Female,1995-01-01,customer652@mail.com,9900000652,Chennai,State,India,2024-01-01
CUST00653,Customer 653,Male,1995-01-01,customer653@mail.com,9900000653,Mumbai,State,India,2024-01-01
CUST00654,Customer 654,Female,1995-01-01,customer654@mail.com,9900000654,Delhi,State,India,2024-01-01
CUST00655,Customer 655,Male,1995-01-01,customer655@mail.com,9900000655,Pune,State,India,2024-01-01
CUST00656,Customer 656,Female,1995-01-01,customer656@mail.com,9900000656,Vijayawada,State,India,2024-01-01
CUST00657,Customer 657,Male,1995-01-01,customer657@mail.com,9900000657,Visakhapatnam,State,India,2024-01-01
CUST00658,Customer 658,Female,1995-01-01,customer658@mail.com,9900000658,Jaipur,State,India,2024-01-01
CUST00659,Customer 659,Male,1995-01-01,customer659@mail.com,9900000659,Ahmedabad,State,India,2024-01-01
CUST00660,Customer 660,Female,1995-01-01,customer660@mail.com,9900000660,Hyderabad,State,India,2024-01-01
CUST00661,Customer 661,Male,1995-01-01,customer661@mail.com,9900000661,Bengaluru,State,India,2024-01-01
CUST00662,Customer 662,Female,1995-01-01,customer662@mail.com,9900000662,Chennai,State,India,2024-01-01
CUST00663,Customer 663,Male,1995-01-01,customer663@mail.com,9900000663,Mumbai,State,India,2024-01-01
CUST00664,Customer 664,Female,1995-01-01,customer664@mail.com,9900000664,Delhi,State,India,2024-01-01
CUST00665,Customer 665,Male,1995-01-01,customer665@mail.com,9900000665,Pune,State,India,2024-01-01
CUST00666,Customer 666,Female,1995-01-01,customer666@mail.com,9900000666,Vijayawada,State,India,2024-01-01
CUST00667,Customer 667,Male,1995-01-01,customer667@mail.com,9900000667,Visakhapatnam,State,India,2024-01-01
CUST00668,Customer 668,Female,1995-01-01,customer668@mail.com,9900000668,Jaipur,State,India,2024-01-01
CUST00669,Customer 669,Male,1995-01-01,customer669@mail.com,9900000669,Ahmedabad,State,India,2024-01-01
CUST00670,Customer 670,Female,1995-01-01,customer670@mail.com,9900000670,Hyderabad,State,India,2024-01-01
CUST00671,Customer 671,Male,1995-01-01,customer671@mail.com,9900000671,Bengaluru,State,India,2024-01-01
CUST00672,Customer 672,Female,1995-01-01,customer672@mail.com,9900000672,Chennai,State,India,2024-01-01
CUST00673,Customer 673,Male,1995-01-01,customer673@mail.com,9900000673,Mumbai,State,India,2024-01-01
CUST00674,Customer 674,Female,1995-01-01,customer674@mail.com,9900000674,Delhi,State,India,2024-01-01
CUST00675,Customer 675,Male,1995-01-01,customer675@mail.com,9900000675,Pune,State,India,2024-01-01
CUST00676,Customer 676,Female,1995-01-01,customer676@mail.com,9900000676,Vijayawada,State,India,2024-01-01
CUST00677,Customer 677,Male,1995-01-01,customer677@mail.com,9900000677,Visakhapatnam,State,India,2024-01-01
CUST00678,Customer 678,Female,1995-01-01,customer678@mail.com,9900000678,Jaipur,State,India,2024-01-01
CUST00679,Customer 679,Male,1995-01-01,customer679@mail.com,9900000679,Ahmedabad,State,India,2024-01-01
CUST00680,Customer 680,Female,1995-01-01,customer680@mail.com,9900000680,Hyderabad,State,India,2024-01-01
CUST00681,Customer 681,Male,1995-01-01,customer681@mail.com,9900000681,Bengaluru,State,India,2024-01-01
CUST00682,Customer 682,Female,1995-01-01,customer682@mail.com,9900000682,Chennai,State,India,2024-01-01
CUST00683,Customer 683,Male,1995-01-01,customer683@mail.com,9900000683,Mumbai,State,India,2024-01-01
CUST00684,Customer 684,Female,1995-01-01,customer684@mail.com,9900000684,Delhi,State,India,2024-01-01
CUST00685,Customer 685,Male,1995-01-01,customer685@mail.com,9900000685,Pune,State,India,2024-01-01
CUST00686,Customer 686,Female,1995-01-01,customer686@mail.com,9900000686,Vijayawada,State,India,2024-01-01
CUST00687,Customer 687,Male,1995-01-01,customer687@mail.com,9900000687,Visakhapatnam,State,India,2024-01-01
CUST00688,Customer 688,Female,1995-01-01,customer688@mail.com,9900000688,Jaipur,State,India,2024-01-01
CUST00689,Customer 689,Male,1995-01-01,customer689@mail.com,9900000689,Ahmedabad,State,India,2024-01-01
CUST00690,Customer 690,Female,1995-01-01,customer690@mail.com,9900000690,Hyderabad,State,India,2024-01-01
CUST00691,Customer 691,Male,1995-01-01,customer691@mail.com,9900000691,Bengaluru,State,India,2024-01-01
CUST00692,Customer 692,Female,1995-01-01,customer692@mail.com,9900000692,Chennai,State,India,2024-01-01
CUST00693,Customer 693,Male,1995-01-01,customer693@mail.com,9900000693,Mumbai,State,India,2024-01-01
CUST00694,Customer 694,Female,1995-01-01,customer694@mail.com,9900000694,Delhi,State,India,2024-01-01
CUST00695,Customer 695,Male,1995-01-01,customer695@mail.com,9900000695,Pune,State,India,2024-01-01
CUST00696,Customer 696,Female,1995-01-01,customer696@mail.com,9900000696,Vijayawada,State,India,2024-01-01
CUST00697,Customer 697,Male,1995-01-01,customer697@mail.com,9900000697,Visakhapatnam,State,India,2024-01-01
CUST00698,Customer 698,Female,1995-01-01,customer698@mail.com,9900000698,Jaipur,State,India,2024-01-01
CUST00699,Customer 699,Male,1995-01-01,customer699@mail.com,9900000699,Ahmedabad,State,India,2024-01-01
CUST00700,Customer 700,Female,1995-01-01,customer700@mail.com,9900000700,Hyderabad,State,India,2024-01-01
CUST00701,Customer 701,Male,1995-01-01,customer701@mail.com,9900000701,Bengaluru,State,India,2024-01-01
CUST00702,Customer 702,Female,1995-01-01,customer702@mail.com,9900000702,Chennai,State,India,2024-01-01
CUST00703,Customer 703,Male,1995-01-01,customer703@mail.com,9900000703,Mumbai,State,India,2024-01-01
CUST00704,Customer 704,Female,1995-01-01,customer704@mail.com,9900000704,Delhi,State,India,2024-01-01
CUST00705,Customer 705,Male,1995-01-01,customer705@mail.com,9900000705,Pune,State,India,2024-01-01
CUST00706,Customer 706,Female,1995-01-01,customer706@mail.com,9900000706,Vijayawada,State,India,2024-01-01
CUST00707,Customer 707,Male,1995-01-01,customer707@mail.com,9900000707,Visakhapatnam,State,India,2024-01-01
CUST00708,Customer 708,Female,1995-01-01,customer708@mail.com,9900000708,Jaipur,State,India,2024-01-01
CUST00709,Customer 709,Male,1995-01-01,customer709@mail.com,9900000709,Ahmedabad,State,India,2024-01-01
CUST00710,Customer 710,Female,1995-01-01,customer710@mail.com,9900000710,Hyderabad,State,India,2024-01-01
CUST00711,Customer 711,Male,1995-01-01,customer711@mail.com,9900000711,Bengaluru,State,India,2024-01-01
CUST00712,Customer 712,Female,1995-01-01,customer712@mail.com,9900000712,Chennai,State,India,2024-01-01
CUST00713,Customer 713,Male,1995-01-01,customer713@mail.com,9900000713,Mumbai,State,India,2024-01-01
CUST00714,Customer 714,Female,1995-01-01,customer714@mail.com,9900000714,Delhi,State,India,2024-01-01
CUST00715,Customer 715,Male,1995-01-01,customer715@mail.com,9900000715,Pune,State,India,2024-01-01
CUST00716,Customer 716,Female,1995-01-01,customer716@mail.com,9900000716,Vijayawada,State,India,2024-01-01
CUST00717,Customer 717,Male,1995-01-01,customer717@mail.com,9900000717,Visakhapatnam,State,India,2024-01-01
CUST00718,Customer 718,Female,1995-01-01,customer718@mail.com,9900000718,Jaipur,State,India,2024-01-01
CUST00719,Customer 719,Male,1995-01-01,customer719@mail.com,9900000719,Ahmedabad,State,India,2024-01-01
CUST00720,Customer 720,Female,1995-01-01,customer720@mail.com,9900000720,Hyderabad,State,India,2024-01-01
CUST00721,Customer 721,Male,1995-01-01,customer721@mail.com,9900000721,Bengaluru,State,India,2024-01-01
CUST00722,Customer 722,Female,1995-01-01,customer722@mail.com,9900000722,Chennai,State,India,2024-01-01
CUST00723,Customer 723,Male,1995-01-01,customer723@mail.com,9900000723,Mumbai,State,India,2024-01-01
CUST00724,Customer 724,Female,1995-01-01,customer724@mail.com,9900000724,Delhi,State,India,2024-01-01
CUST00725,Customer 725,Male,1995-01-01,customer725@mail.com,9900000725,Pune,State,India,2024-01-01
CUST00726,Customer 726,Female,1995-01-01,customer726@mail.com,9900000726,Vijayawada,State,India,2024-01-01
CUST00727,Customer 727,Male,1995-01-01,customer727@mail.com,9900000727,Visakhapatnam,State,India,2024-01-01
CUST00728,Customer 728,Female,1995-01-01,customer728@mail.com,9900000728,Jaipur,State,India,2024-01-01
CUST00729,Customer 729,Male,1995-01-01,customer729@mail.com,9900000729,Ahmedabad,State,India,2024-01-01
CUST00730,Customer 730,Female,1995-01-01,customer730@mail.com,9900000730,Hyderabad,State,India,2024-01-01
CUST00731,Customer 731,Male,1995-01-01,customer731@mail.com,9900000731,Bengaluru,State,India,2024-01-01
CUST00732,Customer 732,Female,1995-01-01,customer732@mail.com,9900000732,Chennai,State,India,2024-01-01
CUST00733,Customer 733,Male,1995-01-01,customer733@mail.com,9900000733,Mumbai,State,India,2024-01-01
CUST00734,Customer 734,Female,1995-01-01,customer734@mail.com,9900000734,Delhi,State,India,2024-01-01
CUST00735,Customer 735,Male,1995-01-01,customer735@mail.com,9900000735,Pune,State,India,2024-01-01
CUST00736,Customer 736,Female,1995-01-01,customer736@mail.com,9900000736,Vijayawada,State,India,2024-01-01
CUST00737,Customer 737,Male,1995-01-01,customer737@mail.com,9900000737,Visakhapatnam,State,India,2024-01-01
CUST00738,Customer 738,Female,1995-01-01,customer738@mail.com,9900000738,Jaipur,State,India,2024-01-01
CUST00739,Customer 739,Male,1995-01-01,customer739@mail.com,9900000739,Ahmedabad,State,India,2024-01-01
CUST00740,Customer 740,Female,1995-01-01,customer740@mail.com,9900000740,Hyderabad,State,India,2024-01-01
CUST00741,Customer 741,Male,1995-01-01,customer741@mail.com,9900000741,Bengaluru,State,India,2024-01-01
CUST00742,Customer 742,Female,1995-01-01,customer742@mail.com,9900000742,Chennai,State,India,2024-01-01
CUST00743,Customer 743,Male,1995-01-01,customer743@mail.com,9900000743,Mumbai,State,India,2024-01-01
CUST00744,Customer 744,Female,1995-01-01,customer744@mail.com,9900000744,Delhi,State,India,2024-01-01
CUST00745,Customer 745,Male,1995-01-01,customer745@mail.com,9900000745,Pune,State,India,2024-01-01
CUST00746,Customer 746,Female,1995-01-01,customer746@mail.com,9900000746,Vijayawada,State,India,2024-01-01
CUST00747,Customer 747,Male,1995-01-01,customer747@mail.com,9900000747,Visakhapatnam,State,India,2024-01-01
CUST00748,Customer 748,Female,1995-01-01,customer748@mail.com,9900000748,Jaipur,State,India,2024-01-01
CUST00749,Customer 749,Male,1995-01-01,customer749@mail.com,9900000749,Ahmedabad,State,India,2024-01-01
CUST00750,Customer 750,Female,1995-01-01,customer750@mail.com,9900000750,Hyderabad,State,India,2024-01-01
CUST00751,Customer 751,Male,1995-01-01,customer751@mail.com,9900000751,Bengaluru,State,India,2024-01-01
CUST00752,Customer 752,Female,1995-01-01,customer752@mail.com,9900000752,Chennai,State,India,2024-01-01
CUST00753,Customer 753,Male,1995-01-01,customer753@mail.com,9900000753,Mumbai,State,India,2024-01-01
CUST00754,Customer 754,Female,1995-01-01,customer754@mail.com,9900000754,Delhi,State,India,2024-01-01
CUST00755,Customer 755,Male,1995-01-01,customer755@mail.com,9900000755,Pune,State,India,2024-01-01
CUST00756,Customer 756,Female,1995-01-01,customer756@mail.com,9900000756,Vijayawada,State,India,2024-01-01
CUST00757,Customer 757,Male,1995-01-01,customer757@mail.com,9900000757,Visakhapatnam,State,India,2024-01-01
CUST00758,Customer 758,Female,1995-01-01,customer758@mail.com,9900000758,Jaipur,State,India,2024-01-01
CUST00759,Customer 759,Male,1995-01-01,customer759@mail.com,9900000759,Ahmedabad,State,India,2024-01-01
CUST00760,Customer 760,Female,1995-01-01,customer760@mail.com,9900000760,Hyderabad,State,India,2024-01-01
CUST00761,Customer 761,Male,1995-01-01,customer761@mail.com,9900000761,Bengaluru,State,India,2024-01-01
CUST00762,Customer 762,Female,1995-01-01,customer762@mail.com,9900000762,Chennai,State,India,2024-01-01
CUST00763,Customer 763,Male,1995-01-01,customer763@mail.com,9900000763,Mumbai,State,India,2024-01-01
CUST00764,Customer 764,Female,1995-01-01,customer764@mail.com,9900000764,Delhi,State,India,2024-01-01
CUST00765,Customer 765,Male,1995-01-01,customer765@mail.com,9900000765,Pune,State,India,2024-01-01
CUST00766,Customer 766,Female,1995-01-01,customer766@mail.com,9900000766,Vijayawada,State,India,2024-01-01
CUST00767,Customer 767,Male,1995-01-01,customer767@mail.com,9900000767,Visakhapatnam,State,India,2024-01-01
CUST00768,Customer 768,Female,1995-01-01,customer768@mail.com,9900000768,Jaipur,State,India,2024-01-01
CUST00769,Customer 769,Male,1995-01-01,customer769@mail.com,9900000769,Ahmedabad,State,India,2024-01-01
CUST00770,Customer 770,Female,1995-01-01,customer770@mail.com,9900000770,Hyderabad,State,India,2024-01-01
CUST00771,Customer 771,Male,1995-01-01,customer771@mail.com,9900000771,Bengaluru,State,India,2024-01-01
CUST00772,Customer 772,Female,1995-01-01,customer772@mail.com,9900000772,Chennai,State,India,2024-01-01
CUST00773,Customer 773,Male,1995-01-01,customer773@mail.com,9900000773,Mumbai,State,India,2024-01-01
CUST00774,Customer 774,Female,1995-01-01,customer774@mail.com,9900000774,Delhi,State,India,2024-01-01
CUST00775,Customer 775,Male,1995-01-01,customer775@mail.com,9900000775,Pune,State,India,2024-01-01
CUST00776,Customer 776,Female,1995-01-01,customer776@mail.com,9900000776,Vijayawada,State,India,2024-01-01
CUST00777,Customer 777,Male,1995-01-01,customer777@mail.com,9900000777,Visakhapatnam,State,India,2024-01-01
CUST00778,Customer 778,Female,1995-01-01,customer778@mail.com,9900000778,Jaipur,State,India,2024-01-01
CUST00779,Customer 779,Male,1995-01-01,customer779@mail.com,9900000779,Ahmedabad,State,India,2024-01-01
CUST00780,Customer 780,Female,1995-01-01,customer780@mail.com,9900000780,Hyderabad,State,India,2024-01-01
CUST00781,Customer 781,Male,1995-01-01,customer781@mail.com,9900000781,Bengaluru,State,India,2024-01-01
CUST00782,Customer 782,Female,1995-01-01,customer782@mail.com,9900000782,Chennai,State,India,2024-01-01
CUST00783,Customer 783,Male,1995-01-01,customer783@mail.com,9900000783,Mumbai,State,India,2024-01-01
CUST00784,Customer 784,Female,1995-01-01,customer784@mail.com,9900000784,Delhi,State,India,2024-01-01
CUST00785,Customer 785,Male,1995-01-01,customer785@mail.com,9900000785,Pune,State,India,2024-01-01
CUST00786,Customer 786,Female,1995-01-01,customer786@mail.com,9900000786,Vijayawada,State,India,2024-01-01
CUST00787,Customer 787,Male,1995-01-01,customer787@mail.com,9900000787,Visakhapatnam,State,India,2024-01-01
CUST00788,Customer 788,Female,1995-01-01,customer788@mail.com,9900000788,Jaipur,State,India,2024-01-01
CUST00789,Customer 789,Male,1995-01-01,customer789@mail.com,9900000789,Ahmedabad,State,India,2024-01-01
CUST00790,Customer 790,Female,1995-01-01,customer790@mail.com,9900000790,Hyderabad,State,India,2024-01-01
CUST00791,Customer 791,Male,1995-01-01,customer791@mail.com,9900000791,Bengaluru,State,India,2024-01-01
CUST00792,Customer 792,Female,1995-01-01,customer792@mail.com,9900000792,Chennai,State,India,2024-01-01
CUST00793,Customer 793,Male,1995-01-01,customer793@mail.com,9900000793,Mumbai,State,India,2024-01-01
CUST00794,Customer 794,Female,1995-01-01,customer794@mail.com,9900000794,Delhi,State,India,2024-01-01
CUST00795,Customer 795,Male,1995-01-01,customer795@mail.com,9900000795,Pune,State,India,2024-01-01
CUST00796,Customer 796,Female,1995-01-01,customer796@mail.com,9900000796,Vijayawada,State,India,2024-01-01
CUST00797,Customer 797,Male,1995-01-01,customer797@mail.com,9900000797,Visakhapatnam,State,India,2024-01-01
CUST00798,Customer 798,Female,1995-01-01,customer798@mail.com,9900000798,Jaipur,State,India,2024-01-01
CUST00799,Customer 799,Male,1995-01-01,customer799@mail.com,9900000799,Ahmedabad,State,India,2024-01-01
CUST00800,Customer 800,Female,1995-01-01,customer800@mail.com,9900000800,Hyderabad,State,India,2024-01-01
CUST00801,Customer 801,Male,1995-01-01,customer801@mail.com,9900000801,Bengaluru,State,India,2024-01-01
CUST00802,Customer 802,Female,1995-01-01,customer802@mail.com,9900000802,Chennai,State,India,2024-01-01
CUST00803,Customer 803,Male,1995-01-01,customer803@mail.com,9900000803,Mumbai,State,India,2024-01-01
CUST00804,Customer 804,Female,1995-01-01,customer804@mail.com,9900000804,Delhi,State,India,2024-01-01
CUST00805,Customer 805,Male,1995-01-01,customer805@mail.com,9900000805,Pune,State,India,2024-01-01
CUST00806,Customer 806,Female,1995-01-01,customer806@mail.com,9900000806,Vijayawada,State,India,2024-01-01
CUST00807,Customer 807,Male,1995-01-01,customer807@mail.com,9900000807,Visakhapatnam,State,India,2024-01-01
CUST00808,Customer 808,Female,1995-01-01,customer808@mail.com,9900000808,Jaipur,State,India,2024-01-01
CUST00809,Customer 809,Male,1995-01-01,customer809@mail.com,9900000809,Ahmedabad,State,India,2024-01-01
CUST00810,Customer 810,Female,1995-01-01,customer810@mail.com,9900000810,Hyderabad,State,India,2024-01-01
CUST00811,Customer 811,Male,1995-01-01,customer811@mail.com,9900000811,Bengaluru,State,India,2024-01-01
CUST00812,Customer 812,Female,1995-01-01,customer812@mail.com,9900000812,Chennai,State,India,2024-01-01
CUST00813,Customer 813,Male,1995-01-01,customer813@mail.com,9900000813,Mumbai,State,India,2024-01-01
CUST00814,Customer 814,Female,1995-01-01,customer814@mail.com,9900000814,Delhi,State,India,2024-01-01
CUST00815,Customer 815,Male,1995-01-01,customer815@mail.com,9900000815,Pune,State,India,2024-01-01
CUST00816,Customer 816,Female,1995-01-01,customer816@mail.com,9900000816,Vijayawada,State,India,2024-01-01
CUST00817,Customer 817,Male,1995-01-01,customer817@mail.com,9900000817,Visakhapatnam,State,India,2024-01-01
CUST00818,Customer 818,Female,1995-01-01,customer818@mail.com,9900000818,Jaipur,State,India,2024-01-01
CUST00819,Customer 819,Male,1995-01-01,customer819@mail.com,9900000819,Ahmedabad,State,India,2024-01-01
CUST00820,Customer 820,Female,1995-01-01,customer820@mail.com,9900000820,Hyderabad,State,India,2024-01-01
CUST00821,Customer 821,Male,1995-01-01,customer821@mail.com,9900000821,Bengaluru,State,India,2024-01-01
CUST00822,Customer 822,Female,1995-01-01,customer822@mail.com,9900000822,Chennai,State,India,2024-01-01
CUST00823,Customer 823,Male,1995-01-01,customer823@mail.com,9900000823,Mumbai,State,India,2024-01-01
CUST00824,Customer 824,Female,1995-01-01,customer824@mail.com,9900000824,Delhi,State,India,2024-01-01
CUST00825,Customer 825,Male,1995-01-01,customer825@mail.com,9900000825,Pune,State,India,2024-01-01
CUST00826,Customer 826,Female,1995-01-01,customer826@mail.com,9900000826,Vijayawada,State,India,2024-01-01
CUST00827,Customer 827,Male,1995-01-01,customer827@mail.com,9900000827,Visakhapatnam,State,India,2024-01-01
CUST00828,Customer 828,Female,1995-01-01,customer828@mail.com,9900000828,Jaipur,State,India,2024-01-01
CUST00829,Customer 829,Male,1995-01-01,customer829@mail.com,9900000829,Ahmedabad,State,India,2024-01-01
CUST00830,Customer 830,Female,1995-01-01,customer830@mail.com,9900000830,Hyderabad,State,India,2024-01-01
CUST00831,Customer 831,Male,1995-01-01,customer831@mail.com,9900000831,Bengaluru,State,India,2024-01-01
CUST00832,Customer 832,Female,1995-01-01,customer832@mail.com,9900000832,Chennai,State,India,2024-01-01
CUST00833,Customer 833,Male,1995-01-01,customer833@mail.com,9900000833,Mumbai,State,India,2024-01-01
CUST00834,Customer 834,Female,1995-01-01,customer834@mail.com,9900000834,Delhi,State,India,2024-01-01
CUST00835,Customer 835,Male,1995-01-01,customer835@mail.com,9900000835,Pune,State,India,2024-01-01
CUST00836,Customer 836,Female,1995-01-01,customer836@mail.com,9900000836,Vijayawada,State,India,2024-01-01
CUST00837,Customer 837,Male,1995-01-01,customer837@mail.com,9900000837,Visakhapatnam,State,India,2024-01-01
CUST00838,Customer 838,Female,1995-01-01,customer838@mail.com,9900000838,Jaipur,State,India,2024-01-01
CUST00839,Customer 839,Male,1995-01-01,customer839@mail.com,9900000839,Ahmedabad,State,India,2024-01-01
CUST00840,Customer 840,Female,1995-01-01,customer840@mail.com,9900000840,Hyderabad,State,India,2024-01-01
CUST00841,Customer 841,Male,1995-01-01,customer841@mail.com,9900000841,Bengaluru,State,India,2024-01-01
CUST00842,Customer 842,Female,1995-01-01,customer842@mail.com,9900000842,Chennai,State,India,2024-01-01
CUST00843,Customer 843,Male,1995-01-01,customer843@mail.com,9900000843,Mumbai,State,India,2024-01-01
CUST00844,Customer 844,Female,1995-01-01,customer844@mail.com,9900000844,Delhi,State,India,2024-01-01
CUST00845,Customer 845,Male,1995-01-01,customer845@mail.com,9900000845,Pune,State,India,2024-01-01
CUST00846,Customer 846,Female,1995-01-01,customer846@mail.com,9900000846,Vijayawada,State,India,2024-01-01
CUST00847,Customer 847,Male,1995-01-01,customer847@mail.com,9900000847,Visakhapatnam,State,India,2024-01-01
CUST00848,Customer 848,Female,1995-01-01,customer848@mail.com,9900000848,Jaipur,State,India,2024-01-01
CUST00849,Customer 849,Male,1995-01-01,customer849@mail.com,9900000849,Ahmedabad,State,India,2024-01-01
CUST00850,Customer 850,Female,1995-01-01,customer850@mail.com,9900000850,Hyderabad,State,India,2024-01-01
CUST00851,Customer 851,Male,1995-01-01,customer851@mail.com,9900000851,Bengaluru,State,India,2024-01-01
CUST00852,Customer 852,Female,1995-01-01,customer852@mail.com,9900000852,Chennai,State,India,2024-01-01
CUST00853,Customer 853,Male,1995-01-01,customer853@mail.com,9900000853,Mumbai,State,India,2024-01-01
CUST00854,Customer 854,Female,1995-01-01,customer854@mail.com,9900000854,Delhi,State,India,2024-01-01
CUST00855,Customer 855,Male,1995-01-01,customer855@mail.com,9900000855,Pune,State,India,2024-01-01
CUST00856,Customer 856,Female,1995-01-01,customer856@mail.com,9900000856,Vijayawada,State,India,2024-01-01
CUST00857,Customer 857,Male,1995-01-01,customer857@mail.com,9900000857,Visakhapatnam,State,India,2024-01-01
CUST00858,Customer 858,Female,1995-01-01,customer858@mail.com,9900000858,Jaipur,State,India,2024-01-01
CUST00859,Customer 859,Male,1995-01-01,customer859@mail.com,9900000859,Ahmedabad,State,India,2024-01-01
CUST00860,Customer 860,Female,1995-01-01,customer860@mail.com,9900000860,Hyderabad,State,India,2024-01-01
CUST00861,Customer 861,Male,1995-01-01,customer861@mail.com,9900000861,Bengaluru,State,India,2024-01-01
CUST00862,Customer 862,Female,1995-01-01,customer862@mail.com,9900000862,Chennai,State,India,2024-01-01
CUST00863,Customer 863,Male,1995-01-01,customer863@mail.com,9900000863,Mumbai,State,India,2024-01-01
CUST00864,Customer 864,Female,1995-01-01,customer864@mail.com,9900000864,Delhi,State,India,2024-01-01
CUST00865,Customer 865,Male,1995-01-01,customer865@mail.com,9900000865,Pune,State,India,2024-01-01
CUST00866,Customer 866,Female,1995-01-01,customer866@mail.com,9900000866,Vijayawada,State,India,2024-01-01
CUST00867,Customer 867,Male,1995-01-01,customer867@mail.com,9900000867,Visakhapatnam,State,India,2024-01-01
CUST00868,Customer 868,Female,1995-01-01,customer868@mail.com,9900000868,Jaipur,State,India,2024-01-01
CUST00869,Customer 869,Male,1995-01-01,customer869@mail.com,9900000869,Ahmedabad,State,India,2024-01-01
CUST00870,Customer 870,Female,1995-01-01,customer870@mail.com,9900000870,Hyderabad,State,India,2024-01-01
CUST00871,Customer 871,Male,1995-01-01,customer871@mail.com,9900000871,Bengaluru,State,India,2024-01-01
CUST00872,Customer 872,Female,1995-01-01,customer872@mail.com,9900000872,Chennai,State,India,2024-01-01
CUST00873,Customer 873,Male,1995-01-01,customer873@mail.com,9900000873,Mumbai,State,India,2024-01-01
CUST00874,Customer 874,Female,1995-01-01,customer874@mail.com,9900000874,Delhi,State,India,2024-01-01
CUST00875,Customer 875,Male,1995-01-01,customer875@mail.com,9900000875,Pune,State,India,2024-01-01
CUST00876,Customer 876,Female,1995-01-01,customer876@mail.com,9900000876,Vijayawada,State,India,2024-01-01
CUST00877,Customer 877,Male,1995-01-01,customer877@mail.com,9900000877,Visakhapatnam,State,India,2024-01-01
CUST00878,Customer 878,Female,1995-01-01,customer878@mail.com,9900000878,Jaipur,State,India,2024-01-01
CUST00879,Customer 879,Male,1995-01-01,customer879@mail.com,9900000879,Ahmedabad,State,India,2024-01-01
CUST00880,Customer 880,Female,1995-01-01,customer880@mail.com,9900000880,Hyderabad,State,India,2024-01-01
CUST00881,Customer 881,Male,1995-01-01,customer881@mail.com,9900000881,Bengaluru,State,India,2024-01-01
CUST00882,Customer 882,Female,1995-01-01,customer882@mail.com,9900000882,Chennai,State,India,2024-01-01
CUST00883,Customer 883,Male,1995-01-01,customer883@mail.com,9900000883,Mumbai,State,India,2024-01-01
CUST00884,Customer 884,Female,1995-01-01,customer884@mail.com,9900000884,Delhi,State,India,2024-01-01
CUST00885,Customer 885,Male,1995-01-01,customer885@mail.com,9900000885,Pune,State,India,2024-01-01
CUST00886,Customer 886,Female,1995-01-01,customer886@mail.com,9900000886,Vijayawada,State,India,2024-01-01
CUST00887,Customer 887,Male,1995-01-01,customer887@mail.com,9900000887,Visakhapatnam,State,India,2024-01-01
CUST00888,Customer 888,Female,1995-01-01,customer888@mail.com,9900000888,Jaipur,State,India,2024-01-01
CUST00889,Customer 889,Male,1995-01-01,customer889@mail.com,9900000889,Ahmedabad,State,India,2024-01-01
CUST00890,Customer 890,Female,1995-01-01,customer890@mail.com,9900000890,Hyderabad,State,India,2024-01-01
CUST00891,Customer 891,Male,1995-01-01,customer891@mail.com,9900000891,Bengaluru,State,India,2024-01-01
CUST00892,Customer 892,Female,1995-01-01,customer892@mail.com,9900000892,Chennai,State,India,2024-01-01
CUST00893,Customer 893,Male,1995-01-01,customer893@mail.com,9900000893,Mumbai,State,India,2024-01-01
CUST00894,Customer 894,Female,1995-01-01,customer894@mail.com,9900000894,Delhi,State,India,2024-01-01
CUST00895,Customer 895,Male,1995-01-01,customer895@mail.com,9900000895,Pune,State,India,2024-01-01
CUST00896,Customer 896,Female,1995-01-01,customer896@mail.com,9900000896,Vijayawada,State,India,2024-01-01
CUST00897,Customer 897,Male,1995-01-01,customer897@mail.com,9900000897,Visakhapatnam,State,India,2024-01-01
CUST00898,Customer 898,Female,1995-01-01,customer898@mail.com,9900000898,Jaipur,State,India,2024-01-01
CUST00899,Customer 899,Male,1995-01-01,customer899@mail.com,9900000899,Ahmedabad,State,India,2024-01-01
CUST00900,Customer 900,Female,1995-01-01,customer900@mail.com,9900000900,Hyderabad,State,India,2024-01-01
CUST00901,Customer 901,Male,1995-01-01,customer901@mail.com,9900000901,Bengaluru,State,India,2024-01-01
CUST00902,Customer 902,Female,1995-01-01,customer902@mail.com,9900000902,Chennai,State,India,2024-01-01
CUST00903,Customer 903,Male,1995-01-01,customer903@mail.com,9900000903,Mumbai,State,India,2024-01-01
CUST00904,Customer 904,Female,1995-01-01,customer904@mail.com,9900000904,Delhi,State,India,2024-01-01
CUST00905,Customer 905,Male,1995-01-01,customer905@mail.com,9900000905,Pune,State,India,2024-01-01
CUST00906,Customer 906,Female,1995-01-01,customer906@mail.com,9900000906,Vijayawada,State,India,2024-01-01
CUST00907,Customer 907,Male,1995-01-01,customer907@mail.com,9900000907,Visakhapatnam,State,India,2024-01-01
CUST00908,Customer 908,Female,1995-01-01,customer908@mail.com,9900000908,Jaipur,State,India,2024-01-01
CUST00909,Customer 909,Male,1995-01-01,customer909@mail.com,9900000909,Ahmedabad,State,India,2024-01-01
CUST00910,Customer 910,Female,1995-01-01,customer910@mail.com,9900000910,Hyderabad,State,India,2024-01-01
CUST00911,Customer 911,Male,1995-01-01,customer911@mail.com,9900000911,Bengaluru,State,India,2024-01-01
CUST00912,Customer 912,Female,1995-01-01,customer912@mail.com,9900000912,Chennai,State,India,2024-01-01
CUST00913,Customer 913,Male,1995-01-01,customer913@mail.com,9900000913,Mumbai,State,India,2024-01-01
CUST00914,Customer 914,Female,1995-01-01,customer914@mail.com,9900000914,Delhi,State,India,2024-01-01
CUST00915,Customer 915,Male,1995-01-01,customer915@mail.com,9900000915,Pune,State,India,2024-01-01
CUST00916,Customer 916,Female,1995-01-01,customer916@mail.com,9900000916,Vijayawada,State,India,2024-01-01
CUST00917,Customer 917,Male,1995-01-01,customer917@mail.com,9900000917,Visakhapatnam,State,India,2024-01-01
CUST00918,Customer 918,Female,1995-01-01,customer918@mail.com,9900000918,Jaipur,State,India,2024-01-01
CUST00919,Customer 919,Male,1995-01-01,customer919@mail.com,9900000919,Ahmedabad,State,India,2024-01-01
CUST00920,Customer 920,Female,1995-01-01,customer920@mail.com,9900000920,Hyderabad,State,India,2024-01-01
CUST00921,Customer 921,Male,1995-01-01,customer921@mail.com,9900000921,Bengaluru,State,India,2024-01-01
CUST00922,Customer 922,Female,1995-01-01,customer922@mail.com,9900000922,Chennai,State,India,2024-01-01
CUST00923,Customer 923,Male,1995-01-01,customer923@mail.com,9900000923,Mumbai,State,India,2024-01-01
CUST00924,Customer 924,Female,1995-01-01,customer924@mail.com,9900000924,Delhi,State,India,2024-01-01
CUST00925,Customer 925,Male,1995-01-01,customer925@mail.com,9900000925,Pune,State,India,2024-01-01
CUST00926,Customer 926,Female,1995-01-01,customer926@mail.com,9900000926,Vijayawada,State,India,2024-01-01
CUST00927,Customer 927,Male,1995-01-01,customer927@mail.com,9900000927,Visakhapatnam,State,India,2024-01-01
CUST00928,Customer 928,Female,1995-01-01,customer928@mail.com,9900000928,Jaipur,State,India,2024-01-01
CUST00929,Customer 929,Male,1995-01-01,customer929@mail.com,9900000929,Ahmedabad,State,India,2024-01-01
CUST00930,Customer 930,Female,1995-01-01,customer930@mail.com,9900000930,Hyderabad,State,India,2024-01-01
CUST00931,Customer 931,Male,1995-01-01,customer931@mail.com,9900000931,Bengaluru,State,India,2024-01-01
CUST00932,Customer 932,Female,1995-01-01,customer932@mail.com,9900000932,Chennai,State,India,2024-01-01
CUST00933,Customer 933,Male,1995-01-01,customer933@mail.com,9900000933,Mumbai,State,India,2024-01-01
CUST00934,Customer 934,Female,1995-01-01,customer934@mail.com,9900000934,Delhi,State,India,2024-01-01
CUST00935,Customer 935,Male,1995-01-01,customer935@mail.com,9900000935,Pune,State,India,2024-01-01
CUST00936,Customer 936,Female,1995-01-01,customer936@mail.com,9900000936,Vijayawada,State,India,2024-01-01
CUST00937,Customer 937,Male,1995-01-01,customer937@mail.com,9900000937,Visakhapatnam,State,India,2024-01-01
CUST00938,Customer 938,Female,1995-01-01,customer938@mail.com,9900000938,Jaipur,State,India,2024-01-01
CUST00939,Customer 939,Male,1995-01-01,customer939@mail.com,9900000939,Ahmedabad,State,India,2024-01-01
CUST00940,Customer 940,Female,1995-01-01,customer940@mail.com,9900000940,Hyderabad,State,India,2024-01-01
CUST00941,Customer 941,Male,1995-01-01,customer941@mail.com,9900000941,Bengaluru,State,India,2024-01-01
CUST00942,Customer 942,Female,1995-01-01,customer942@mail.com,9900000942,Chennai,State,India,2024-01-01
CUST00943,Customer 943,Male,1995-01-01,customer943@mail.com,9900000943,Mumbai,State,India,2024-01-01
CUST00944,Customer 944,Female,1995-01-01,customer944@mail.com,9900000944,Delhi,State,India,2024-01-01
CUST00945,Customer 945,Male,1995-01-01,customer945@mail.com,9900000945,Pune,State,India,2024-01-01
CUST00946,Customer 946,Female,1995-01-01,customer946@mail.com,9900000946,Vijayawada,State,India,2024-01-01
CUST00947,Customer 947,Male,1995-01-01,customer947@mail.com,9900000947,Visakhapatnam,State,India,2024-01-01
CUST00948,Customer 948,Female,1995-01-01,customer948@mail.com,9900000948,Jaipur,State,India,2024-01-01
CUST00949,Customer 949,Male,1995-01-01,customer949@mail.com,9900000949,Ahmedabad,State,India,2024-01-01
CUST00950,Customer 950,Female,1995-01-01,customer950@mail.com,9900000950,Hyderabad,State,India,2024-01-01
CUST00951,Customer 951,Male,1995-01-01,customer951@mail.com,9900000951,Bengaluru,State,India,2024-01-01
CUST00952,Customer 952,Female,1995-01-01,customer952@mail.com,9900000952,Chennai,State,India,2024-01-01
CUST00953,Customer 953,Male,1995-01-01,customer953@mail.com,9900000953,Mumbai,State,India,2024-01-01
CUST00954,Customer 954,Female,1995-01-01,customer954@mail.com,9900000954,Delhi,State,India,2024-01-01
CUST00955,Customer 955,Male,1995-01-01,customer955@mail.com,9900000955,Pune,State,India,2024-01-01
CUST00956,Customer 956,Female,1995-01-01,customer956@mail.com,9900000956,Vijayawada,State,India,2024-01-01
CUST00957,Customer 957,Male,1995-01-01,customer957@mail.com,9900000957,Visakhapatnam,State,India,2024-01-01
CUST00958,Customer 958,Female,1995-01-01,customer958@mail.com,9900000958,Jaipur,State,India,2024-01-01
CUST00959,Customer 959,Male,1995-01-01,customer959@mail.com,9900000959,Ahmedabad,State,India,2024-01-01
CUST00960,Customer 960,Female,1995-01-01,customer960@mail.com,9900000960,Hyderabad,State,India,2024-01-01
CUST00961,Customer 961,Male,1995-01-01,customer961@mail.com,9900000961,Bengaluru,State,India,2024-01-01
CUST00962,Customer 962,Female,1995-01-01,customer962@mail.com,9900000962,Chennai,State,India,2024-01-01
CUST00963,Customer 963,Male,1995-01-01,customer963@mail.com,9900000963,Mumbai,State,India,2024-01-01
CUST00964,Customer 964,Female,1995-01-01,customer964@mail.com,9900000964,Delhi,State,India,2024-01-01
CUST00965,Customer 965,Male,1995-01-01,customer965@mail.com,9900000965,Pune,State,India,2024-01-01
CUST00966,Customer 966,Female,1995-01-01,customer966@mail.com,9900000966,Vijayawada,State,India,2024-01-01
CUST00967,Customer 967,Male,1995-01-01,customer967@mail.com,9900000967,Visakhapatnam,State,India,2024-01-01
CUST00968,Customer 968,Female,1995-01-01,customer968@mail.com,9900000968,Jaipur,State,India,2024-01-01
CUST00969,Customer 969,Male,1995-01-01,customer969@mail.com,9900000969,Ahmedabad,State,India,2024-01-01
CUST00970,Customer 970,Female,1995-01-01,customer970@mail.com,9900000970,Hyderabad,State,India,2024-01-01
CUST00971,Customer 971,Male,1995-01-01,customer971@mail.com,9900000971,Bengaluru,State,India,2024-01-01
CUST00972,Customer 972,Female,1995-01-01,customer972@mail.com,9900000972,Chennai,State,India,2024-01-01
CUST00973,Customer 973,Male,1995-01-01,customer973@mail.com,9900000973,Mumbai,State,India,2024-01-01
CUST00974,Customer 974,Female,1995-01-01,customer974@mail.com,9900000974,Delhi,State,India,2024-01-01
CUST00975,Customer 975,Male,1995-01-01,customer975@mail.com,9900000975,Pune,State,India,2024-01-01
CUST00976,Customer 976,Female,1995-01-01,customer976@mail.com,9900000976,Vijayawada,State,India,2024-01-01
CUST00977,Customer 977,Male,1995-01-01,customer977@mail.com,9900000977,Visakhapatnam,State,India,2024-01-01
CUST00978,Customer 978,Female,1995-01-01,customer978@mail.com,9900000978,Jaipur,State,India,2024-01-01
CUST00979,Customer 979,Male,1995-01-01,customer979@mail.com,9900000979,Ahmedabad,State,India,2024-01-01
CUST00980,Customer 980,Female,1995-01-01,customer980@mail.com,9900000980,Hyderabad,State,India,2024-01-01
CUST00981,Customer 981,Male,1995-01-01,customer981@mail.com,9900000981,Bengaluru,State,India,2024-01-01
CUST00982,Customer 982,Female,1995-01-01,customer982@mail.com,9900000982,Chennai,State,India,2024-01-01
CUST00983,Customer 983,Male,1995-01-01,customer983@mail.com,9900000983,Mumbai,State,India,2024-01-01
CUST00984,Customer 984,Female,1995-01-01,customer984@mail.com,9900000984,Delhi,State,India,2024-01-01
CUST00985,Customer 985,Male,1995-01-01,customer985@mail.com,9900000985,Pune,State,India,2024-01-01
CUST00986,Customer 986,Female,1995-01-01,customer986@mail.com,9900000986,Vijayawada,State,India,2024-01-01
CUST00987,Customer 987,Male,1995-01-01,customer987@mail.com,9900000987,Visakhapatnam,State,India,2024-01-01
CUST00988,Customer 988,Female,1995-01-01,customer988@mail.com,9900000988,Jaipur,State,India,2024-01-01
CUST00989,Customer 989,Male,1995-01-01,customer989@mail.com,9900000989,Ahmedabad,State,India,2024-01-01
CUST00990,Customer 990,Female,1995-01-01,customer990@mail.com,9900000990,Hyderabad,State,India,2024-01-01
CUST00991,Customer 991,Male,1995-01-01,customer991@mail.com,9900000991,Bengaluru,State,India,2024-01-01
CUST00992,Customer 992,Female,1995-01-01,customer992@mail.com,9900000992,Chennai,State,India,2024-01-01
CUST00993,Customer 993,Male,1995-01-01,customer993@mail.com,9900000993,Mumbai,State,India,2024-01-01
CUST00994,Customer 994,Female,1995-01-01,customer994@mail.com,9900000994,Delhi,State,India,2024-01-01
CUST00995,Customer 995,Male,1995-01-01,customer995@mail.com,9900000995,Pune,State,India,2024-01-01
CUST00996,Customer 996,Female,1995-01-01,customer996@mail.com,9900000996,Vijayawada,State,India,2024-01-01
CUST00997,Customer 997,Male,1995-01-01,customer997@mail.com,9900000997,Visakhapatnam,State,India,2024-01-01
CUST00998,Customer 998,Female,1995-01-01,customer998@mail.com,9900000998,Jaipur,State,India,2024-01-01
CUST00999,Customer 999,Male,1995-01-01,customer999@mail.com,9900000999,Ahmedabad,State,India,2024-01-01
CUST01000,Customer 1000,Female,1995-01-01,customer1000@mail.com,9900001000,Hyderabad,State,India,2024-01-01
CUST01001,Customer 1001,Male,1995-01-01,customer1001@mail.com,9900001001,Bengaluru,State,India,2024-01-01
CUST01002,Customer 1002,Female,1995-01-01,customer1002@mail.com,9900001002,Chennai,State,India,2024-01-01
CUST01003,Customer 1003,Male,1995-01-01,customer1003@mail.com,9900001003,Mumbai,State,India,2024-01-01
CUST01004,Customer 1004,Female,1995-01-01,customer1004@mail.com,9900001004,Delhi,State,India,2024-01-01
CUST01005,Customer 1005,Male,1995-01-01,customer1005@mail.com,9900001005,Pune,State,India,2024-01-01
CUST01006,Customer 1006,Female,1995-01-01,customer1006@mail.com,9900001006,Vijayawada,State,India,2024-01-01
CUST01007,Customer 1007,Male,1995-01-01,customer1007@mail.com,9900001007,Visakhapatnam,State,India,2024-01-01
CUST01008,Customer 1008,Female,1995-01-01,customer1008@mail.com,9900001008,Jaipur,State,India,2024-01-01
CUST01009,Customer 1009,Male,1995-01-01,customer1009@mail.com,9900001009,Ahmedabad,State,India,2024-01-01
CUST01010,Customer 1010,Female,1995-01-01,customer1010@mail.com,9900001010,Hyderabad,State,India,2024-01-01
CUST01011,Customer 1011,Male,1995-01-01,customer1011@mail.com,9900001011,Bengaluru,State,India,2024-01-01
CUST01012,Customer 1012,Female,1995-01-01,customer1012@mail.com,9900001012,Chennai,State,India,2024-01-01
CUST01013,Customer 1013,Male,1995-01-01,customer1013@mail.com,9900001013,Mumbai,State,India,2024-01-01
CUST01014,Customer 1014,Female,1995-01-01,customer1014@mail.com,9900001014,Delhi,State,India,2024-01-01
CUST01015,Customer 1015,Male,1995-01-01,customer1015@mail.com,9900001015,Pune,State,India,2024-01-01
CUST01016,Customer 1016,Female,1995-01-01,customer1016@mail.com,9900001016,Vijayawada,State,India,2024-01-01
CUST01017,Customer 1017,Male,1995-01-01,customer1017@mail.com,9900001017,Visakhapatnam,State,India,2024-01-01
CUST01018,Customer 1018,Female,1995-01-01,customer1018@mail.com,9900001018,Jaipur,State,India,2024-01-01
CUST01019,Customer 1019,Male,1995-01-01,customer1019@mail.com,9900001019,Ahmedabad,State,India,2024-01-01
CUST01020,Customer 1020,Female,1995-01-01,customer1020@mail.com,9900001020,Hyderabad,State,India,2024-01-01
CUST01021,Customer 1021,Male,1995-01-01,customer1021@mail.com,9900001021,Bengaluru,State,India,2024-01-01
CUST01022,Customer 1022,Female,1995-01-01,customer1022@mail.com,9900001022,Chennai,State,India,2024-01-01
CUST01023,Customer 1023,Male,1995-01-01,customer1023@mail.com,9900001023,Mumbai,State,India,2024-01-01
CUST01024,Customer 1024,Female,1995-01-01,customer1024@mail.com,9900001024,Delhi,State,India,2024-01-01
CUST01025,Customer 1025,Male,1995-01-01,customer1025@mail.com,9900001025,Pune,State,India,2024-01-01
CUST01026,Customer 1026,Female,1995-01-01,customer1026@mail.com,9900001026,Vijayawada,State,India,2024-01-01
CUST01027,Customer 1027,Male,1995-01-01,customer1027@mail.com,9900001027,Visakhapatnam,State,India,2024-01-01
CUST01028,Customer 1028,Female,1995-01-01,customer1028@mail.com,9900001028,Jaipur,State,India,2024-01-01
CUST01029,Customer 1029,Male,1995-01-01,customer1029@mail.com,9900001029,Ahmedabad,State,India,2024-01-01
CUST01030,Customer 1030,Female,1995-01-01,customer1030@mail.com,9900001030,Hyderabad,State,India,2024-01-01
CUST01031,Customer 1031,Male,1995-01-01,customer1031@mail.com,9900001031,Bengaluru,State,India,2024-01-01
CUST01032,Customer 1032,Female,1995-01-01,customer1032@mail.com,9900001032,Chennai,State,India,2024-01-01
CUST01033,Customer 1033,Male,1995-01-01,customer1033@mail.com,9900001033,Mumbai,State,India,2024-01-01
CUST01034,Customer 1034,Female,1995-01-01,customer1034@mail.com,9900001034,Delhi,State,India,2024-01-01
CUST01035,Customer 1035,Male,1995-01-01,customer1035@mail.com,9900001035,Pune,State,India,2024-01-01
CUST01036,Customer 1036,Female,1995-01-01,customer1036@mail.com,9900001036,Vijayawada,State,India,2024-01-01
CUST01037,Customer 1037,Male,1995-01-01,customer1037@mail.com,9900001037,Visakhapatnam,State,India,2024-01-01
CUST01038,Customer 1038,Female,1995-01-01,customer1038@mail.com,9900001038,Jaipur,State,India,2024-01-01
CUST01039,Customer 1039,Male,1995-01-01,customer1039@mail.com,9900001039,Ahmedabad,State,India,2024-01-01
CUST01040,Customer 1040,Female,1995-01-01,customer1040@mail.com,9900001040,Hyderabad,State,India,2024-01-01
CUST01041,Customer 1041,Male,1995-01-01,customer1041@mail.com,9900001041,Bengaluru,State,India,2024-01-01
CUST01042,Customer 1042,Female,1995-01-01,customer1042@mail.com,9900001042,Chennai,State,India,2024-01-01
CUST01043,Customer 1043,Male,1995-01-01,customer1043@mail.com,9900001043,Mumbai,State,India,2024-01-01
CUST01044,Customer 1044,Female,1995-01-01,customer1044@mail.com,9900001044,Delhi,State,India,2024-01-01
CUST01045,Customer 1045,Male,1995-01-01,customer1045@mail.com,9900001045,Pune,State,India,2024-01-01
CUST01046,Customer 1046,Female,1995-01-01,customer1046@mail.com,9900001046,Vijayawada,State,India,2024-01-01
CUST01047,Customer 1047,Male,1995-01-01,customer1047@mail.com,9900001047,Visakhapatnam,State,India,2024-01-01
CUST01048,Customer 1048,Female,1995-01-01,customer1048@mail.com,9900001048,Jaipur,State,India,2024-01-01
CUST01049,Customer 1049,Male,1995-01-01,customer1049@mail.com,9900001049,Ahmedabad,State,India,2024-01-01
CUST01050,Customer 1050,Female,1995-01-01,customer1050@mail.com,9900001050,Hyderabad,State,India,2024-01-01
CUST01051,Customer 1051,Male,1995-01-01,customer1051@mail.com,9900001051,Bengaluru,State,India,2024-01-01
CUST01052,Customer 1052,Female,1995-01-01,customer1052@mail.com,9900001052,Chennai,State,India,2024-01-01
CUST01053,Customer 1053,Male,1995-01-01,customer1053@mail.com,9900001053,Mumbai,State,India,2024-01-01
CUST01054,Customer 1054,Female,1995-01-01,customer1054@mail.com,9900001054,Delhi,State,India,2024-01-01
CUST01055,Customer 1055,Male,1995-01-01,customer1055@mail.com,9900001055,Pune,State,India,2024-01-01
CUST01056,Customer 1056,Female,1995-01-01,customer1056@mail.com,9900001056,Vijayawada,State,India,2024-01-01
CUST01057,Customer 1057,Male,1995-01-01,customer1057@mail.com,9900001057,Visakhapatnam,State,India,2024-01-01
CUST01058,Customer 1058,Female,1995-01-01,customer1058@mail.com,9900001058,Jaipur,State,India,2024-01-01
CUST01059,Customer 1059,Male,1995-01-01,customer1059@mail.com,9900001059,Ahmedabad,State,India,2024-01-01
CUST01060,Customer 1060,Female,1995-01-01,customer1060@mail.com,9900001060,Hyderabad,State,India,2024-01-01
CUST01061,Customer 1061,Male,1995-01-01,customer1061@mail.com,9900001061,Bengaluru,State,India,2024-01-01
CUST01062,Customer 1062,Female,1995-01-01,customer1062@mail.com,9900001062,Chennai,State,India,2024-01-01
CUST01063,Customer 1063,Male,1995-01-01,customer1063@mail.com,9900001063,Mumbai,State,India,2024-01-01
CUST01064,Customer 1064,Female,1995-01-01,customer1064@mail.com,9900001064,Delhi,State,India,2024-01-01
CUST01065,Customer 1065,Male,1995-01-01,customer1065@mail.com,9900001065,Pune,State,India,2024-01-01
CUST01066,Customer 1066,Female,1995-01-01,customer1066@mail.com,9900001066,Vijayawada,State,India,2024-01-01
CUST01067,Customer 1067,Male,1995-01-01,customer1067@mail.com,9900001067,Visakhapatnam,State,India,2024-01-01
CUST01068,Customer 1068,Female,1995-01-01,customer1068@mail.com,9900001068,Jaipur,State,India,2024-01-01
CUST01069,Customer 1069,Male,1995-01-01,customer1069@mail.com,9900001069,Ahmedabad,State,India,2024-01-01
CUST01070,Customer 1070,Female,1995-01-01,customer1070@mail.com,9900001070,Hyderabad,State,India,2024-01-01
CUST01071,Customer 1071,Male,1995-01-01,customer1071@mail.com,9900001071,Bengaluru,State,India,2024-01-01
CUST01072,Customer 1072,Female,1995-01-01,customer1072@mail.com,9900001072,Chennai,State,India,2024-01-01
CUST01073,Customer 1073,Male,1995-01-01,customer1073@mail.com,9900001073,Mumbai,State,India,2024-01-01
CUST01074,Customer 1074,Female,1995-01-01,customer1074@mail.com,9900001074,Delhi,State,India,2024-01-01
CUST01075,Customer 1075,Male,1995-01-01,customer1075@mail.com,9900001075,Pune,State,India,2024-01-01
CUST01076,Customer 1076,Female,1995-01-01,customer1076@mail.com,9900001076,Vijayawada,State,India,2024-01-01
CUST01077,Customer 1077,Male,1995-01-01,customer1077@mail.com,9900001077,Visakhapatnam,State,India,2024-01-01
CUST01078,Customer 1078,Female,1995-01-01,customer1078@mail.com,9900001078,Jaipur,State,India,2024-01-01
CUST01079,Customer 1079,Male,1995-01-01,customer1079@mail.com,9900001079,Ahmedabad,State,India,2024-01-01
CUST01080,Customer 1080,Female,1995-01-01,customer1080@mail.com,9900001080,Hyderabad,State,India,2024-01-01
CUST01081,Customer 1081,Male,1995-01-01,customer1081@mail.com,9900001081,Bengaluru,State,India,2024-01-01
CUST01082,Customer 1082,Female,1995-01-01,customer1082@mail.com,9900001082,Chennai,State,India,2024-01-01
CUST01083,Customer 1083,Male,1995-01-01,customer1083@mail.com,9900001083,Mumbai,State,India,2024-01-01
CUST01084,Customer 1084,Female,1995-01-01,customer1084@mail.com,9900001084,Delhi,State,India,2024-01-01
CUST01085,Customer 1085,Male,1995-01-01,customer1085@mail.com,9900001085,Pune,State,India,2024-01-01
CUST01086,Customer 1086,Female,1995-01-01,customer1086@mail.com,9900001086,Vijayawada,State,India,2024-01-01
CUST01087,Customer 1087,Male,1995-01-01,customer1087@mail.com,9900001087,Visakhapatnam,State,India,2024-01-01
CUST01088,Customer 1088,Female,1995-01-01,customer1088@mail.com,9900001088,Jaipur,State,India,2024-01-01
CUST01089,Customer 1089,Male,1995-01-01,customer1089@mail.com,9900001089,Ahmedabad,State,India,2024-01-01
CUST01090,Customer 1090,Female,1995-01-01,customer1090@mail.com,9900001090,Hyderabad,State,India,2024-01-01
CUST01091,Customer 1091,Male,1995-01-01,customer1091@mail.com,9900001091,Bengaluru,State,India,2024-01-01
CUST01092,Customer 1092,Female,1995-01-01,customer1092@mail.com,9900001092,Chennai,State,India,2024-01-01
CUST01093,Customer 1093,Male,1995-01-01,customer1093@mail.com,9900001093,Mumbai,State,India,2024-01-01
CUST01094,Customer 1094,Female,1995-01-01,customer1094@mail.com,9900001094,Delhi,State,India,2024-01-01
CUST01095,Customer 1095,Male,1995-01-01,customer1095@mail.com,9900001095,Pune,State,India,2024-01-01
CUST01096,Customer 1096,Female,1995-01-01,customer1096@mail.com,9900001096,Vijayawada,State,India,2024-01-01
CUST01097,Customer 1097,Male,1995-01-01,customer1097@mail.com,9900001097,Visakhapatnam,State,India,2024-01-01
CUST01098,Customer 1098,Female,1995-01-01,customer1098@mail.com,9900001098,Jaipur,State,India,2024-01-01
CUST01099,Customer 1099,Male,1995-01-01,customer1099@mail.com,9900001099,Ahmedabad,State,India,2024-01-01
CUST01100,Customer 1100,Female,1995-01-01,customer1100@mail.com,9900001100,Hyderabad,State,India,2024-01-01
CUST01101,Customer 1101,Male,1995-01-01,customer1101@mail.com,9900001101,Bengaluru,State,India,2024-01-01
CUST01102,Customer 1102,Female,1995-01-01,customer1102@mail.com,9900001102,Chennai,State,India,2024-01-01
CUST01103,Customer 1103,Male,1995-01-01,customer1103@mail.com,9900001103,Mumbai,State,India,2024-01-01
CUST01104,Customer 1104,Female,1995-01-01,customer1104@mail.com,9900001104,Delhi,State,India,2024-01-01
CUST01105,Customer 1105,Male,1995-01-01,customer1105@mail.com,9900001105,Pune,State,India,2024-01-01
CUST01106,Customer 1106,Female,1995-01-01,customer1106@mail.com,9900001106,Vijayawada,State,India,2024-01-01
CUST01107,Customer 1107,Male,1995-01-01,customer1107@mail.com,9900001107,Visakhapatnam,State,India,2024-01-01
CUST01108,Customer 1108,Female,1995-01-01,customer1108@mail.com,9900001108,Jaipur,State,India,2024-01-01
CUST01109,Customer 1109,Male,1995-01-01,customer1109@mail.com,9900001109,Ahmedabad,State,India,2024-01-01
CUST01110,Customer 1110,Female,1995-01-01,customer1110@mail.com,9900001110,Hyderabad,State,India,2024-01-01
CUST01111,Customer 1111,Male,1995-01-01,customer1111@mail.com,9900001111,Bengaluru,State,India,2024-01-01
CUST01112,Customer 1112,Female,1995-01-01,customer1112@mail.com,9900001112,Chennai,State,India,2024-01-01
CUST01113,Customer 1113,Male,1995-01-01,customer1113@mail.com,9900001113,Mumbai,State,India,2024-01-01
CUST01114,Customer 1114,Female,1995-01-01,customer1114@mail.com,9900001114,Delhi,State,India,2024-01-01
CUST01115,Customer 1115,Male,1995-01-01,customer1115@mail.com,9900001115,Pune,State,India,2024-01-01
CUST01116,Customer 1116,Female,1995-01-01,customer1116@mail.com,9900001116,Vijayawada,State,India,2024-01-01
CUST01117,Customer 1117,Male,1995-01-01,customer1117@mail.com,9900001117,Visakhapatnam,State,India,2024-01-01
CUST01118,Customer 1118,Female,1995-01-01,customer1118@mail.com,9900001118,Jaipur,State,India,2024-01-01
CUST01119,Customer 1119,Male,1995-01-01,customer1119@mail.com,9900001119,Ahmedabad,State,India,2024-01-01
CUST01120,Customer 1120,Female,1995-01-01,customer1120@mail.com,9900001120,Hyderabad,State,India,2024-01-01
CUST01121,Customer 1121,Male,1995-01-01,customer1121@mail.com,9900001121,Bengaluru,State,India,2024-01-01
CUST01122,Customer 1122,Female,1995-01-01,customer1122@mail.com,9900001122,Chennai,State,India,2024-01-01
CUST01123,Customer 1123,Male,1995-01-01,customer1123@mail.com,9900001123,Mumbai,State,India,2024-01-01
CUST01124,Customer 1124,Female,1995-01-01,customer1124@mail.com,9900001124,Delhi,State,India,2024-01-01
CUST01125,Customer 1125,Male,1995-01-01,customer1125@mail.com,9900001125,Pune,State,India,2024-01-01
CUST01126,Customer 1126,Female,1995-01-01,customer1126@mail.com,9900001126,Vijayawada,State,India,2024-01-01
CUST01127,Customer 1127,Male,1995-01-01,customer1127@mail.com,9900001127,Visakhapatnam,State,India,2024-01-01
CUST01128,Customer 1128,Female,1995-01-01,customer1128@mail.com,9900001128,Jaipur,State,India,2024-01-01
CUST01129,Customer 1129,Male,1995-01-01,customer1129@mail.com,9900001129,Ahmedabad,State,India,2024-01-01
CUST01130,Customer 1130,Female,1995-01-01,customer1130@mail.com,9900001130,Hyderabad,State,India,2024-01-01
CUST01131,Customer 1131,Male,1995-01-01,customer1131@mail.com,9900001131,Bengaluru,State,India,2024-01-01
CUST01132,Customer 1132,Female,1995-01-01,customer1132@mail.com,9900001132,Chennai,State,India,2024-01-01
CUST01133,Customer 1133,Male,1995-01-01,customer1133@mail.com,9900001133,Mumbai,State,India,2024-01-01
CUST01134,Customer 1134,Female,1995-01-01,customer1134@mail.com,9900001134,Delhi,State,India,2024-01-01
CUST01135,Customer 1135,Male,1995-01-01,customer1135@mail.com,9900001135,Pune,State,India,2024-01-01
CUST01136,Customer 1136,Female,1995-01-01,customer1136@mail.com,9900001136,Vijayawada,State,India,2024-01-01
CUST01137,Customer 1137,Male,1995-01-01,customer1137@mail.com,9900001137,Visakhapatnam,State,India,2024-01-01
CUST01138,Customer 1138,Female,1995-01-01,customer1138@mail.com,9900001138,Jaipur,State,India,2024-01-01
CUST01139,Customer 1139,Male,1995-01-01,customer1139@mail.com,9900001139,Ahmedabad,State,India,2024-01-01
CUST01140,Customer 1140,Female,1995-01-01,customer1140@mail.com,9900001140,Hyderabad,State,India,2024-01-01
CUST01141,Customer 1141,Male,1995-01-01,customer1141@mail.com,9900001141,Bengaluru,State,India,2024-01-01
CUST01142,Customer 1142,Female,1995-01-01,customer1142@mail.com,9900001142,Chennai,State,India,2024-01-01
CUST01143,Customer 1143,Male,1995-01-01,customer1143@mail.com,9900001143,Mumbai,State,India,2024-01-01
CUST01144,Customer 1144,Female,1995-01-01,customer1144@mail.com,9900001144,Delhi,State,India,2024-01-01
CUST01145,Customer 1145,Male,1995-01-01,customer1145@mail.com,9900001145,Pune,State,India,2024-01-01
CUST01146,Customer 1146,Female,1995-01-01,customer1146@mail.com,9900001146,Vijayawada,State,India,2024-01-01
CUST01147,Customer 1147,Male,1995-01-01,customer1147@mail.com,9900001147,Visakhapatnam,State,India,2024-01-01
CUST01148,Customer 1148,Female,1995-01-01,customer1148@mail.com,9900001148,Jaipur,State,India,2024-01-01
CUST01149,Customer 1149,Male,1995-01-01,customer1149@mail.com,9900001149,Ahmedabad,State,India,2024-01-01
CUST01150,Customer 1150,Female,1995-01-01,customer1150@mail.com,9900001150,Hyderabad,State,India,2024-01-01
CUST01151,Customer 1151,Male,1995-01-01,customer1151@mail.com,9900001151,Bengaluru,State,India,2024-01-01
CUST01152,Customer 1152,Female,1995-01-01,customer1152@mail.com,9900001152,Chennai,State,India,2024-01-01
CUST01153,Customer 1153,Male,1995-01-01,customer1153@mail.com,9900001153,Mumbai,State,India,2024-01-01
CUST01154,Customer 1154,Female,1995-01-01,customer1154@mail.com,9900001154,Delhi,State,India,2024-01-01
CUST01155,Customer 1155,Male,1995-01-01,customer1155@mail.com,9900001155,Pune,State,India,2024-01-01
CUST01156,Customer 1156,Female,1995-01-01,customer1156@mail.com,9900001156,Vijayawada,State,India,2024-01-01
CUST01157,Customer 1157,Male,1995-01-01,customer1157@mail.com,9900001157,Visakhapatnam,State,India,2024-01-01
CUST01158,Customer 1158,Female,1995-01-01,customer1158@mail.com,9900001158,Jaipur,State,India,2024-01-01
CUST01159,Customer 1159,Male,1995-01-01,customer1159@mail.com,9900001159,Ahmedabad,State,India,2024-01-01
CUST01160,Customer 1160,Female,1995-01-01,customer1160@mail.com,9900001160,Hyderabad,State,India,2024-01-01
CUST01161,Customer 1161,Male,1995-01-01,customer1161@mail.com,9900001161,Bengaluru,State,India,2024-01-01
CUST01162,Customer 1162,Female,1995-01-01,customer1162@mail.com,9900001162,Chennai,State,India,2024-01-01
CUST01163,Customer 1163,Male,1995-01-01,customer1163@mail.com,9900001163,Mumbai,State,India,2024-01-01
CUST01164,Customer 1164,Female,1995-01-01,customer1164@mail.com,9900001164,Delhi,State,India,2024-01-01
CUST01165,Customer 1165,Male,1995-01-01,customer1165@mail.com,9900001165,Pune,State,India,2024-01-01
CUST01166,Customer 1166,Female,1995-01-01,customer1166@mail.com,9900001166,Vijayawada,State,India,2024-01-01
CUST01167,Customer 1167,Male,1995-01-01,customer1167@mail.com,9900001167,Visakhapatnam,State,India,2024-01-01
CUST01168,Customer 1168,Female,1995-01-01,customer1168@mail.com,9900001168,Jaipur,State,India,2024-01-01
CUST01169,Customer 1169,Male,1995-01-01,customer1169@mail.com,9900001169,Ahmedabad,State,India,2024-01-01
CUST01170,Customer 1170,Female,1995-01-01,customer1170@mail.com,9900001170,Hyderabad,State,India,2024-01-01
CUST01171,Customer 1171,Male,1995-01-01,customer1171@mail.com,9900001171,Bengaluru,State,India,2024-01-01
CUST01172,Customer 1172,Female,1995-01-01,customer1172@mail.com,9900001172,Chennai,State,India,2024-01-01
CUST01173,Customer 1173,Male,1995-01-01,customer1173@mail.com,9900001173,Mumbai,State,India,2024-01-01
CUST01174,Customer 1174,Female,1995-01-01,customer1174@mail.com,9900001174,Delhi,State,India,2024-01-01
CUST01175,Customer 1175,Male,1995-01-01,customer1175@mail.com,9900001175,Pune,State,India,2024-01-01
CUST01176,Customer 1176,Female,1995-01-01,customer1176@mail.com,9900001176,Vijayawada,State,India,2024-01-01
CUST01177,Customer 1177,Male,1995-01-01,customer1177@mail.com,9900001177,Visakhapatnam,State,India,2024-01-01
CUST01178,Customer 1178,Female,1995-01-01,customer1178@mail.com,9900001178,Jaipur,State,India,2024-01-01
CUST01179,Customer 1179,Male,1995-01-01,customer1179@mail.com,9900001179,Ahmedabad,State,India,2024-01-01
CUST01180,Customer 1180,Female,1995-01-01,customer1180@mail.com,9900001180,Hyderabad,State,India,2024-01-01
CUST01181,Customer 1181,Male,1995-01-01,customer1181@mail.com,9900001181,Bengaluru,State,India,2024-01-01
CUST01182,Customer 1182,Female,1995-01-01,customer1182@mail.com,9900001182,Chennai,State,India,2024-01-01
CUST01183,Customer 1183,Male,1995-01-01,customer1183@mail.com,9900001183,Mumbai,State,India,2024-01-01
CUST01184,Customer 1184,Female,1995-01-01,customer1184@mail.com,9900001184,Delhi,State,India,2024-01-01
CUST01185,Customer 1185,Male,1995-01-01,customer1185@mail.com,9900001185,Pune,State,India,2024-01-01
CUST01186,Customer 1186,Female,1995-01-01,customer1186@mail.com,9900001186,Vijayawada,State,India,2024-01-01
CUST01187,Customer 1187,Male,1995-01-01,customer1187@mail.com,9900001187,Visakhapatnam,State,India,2024-01-01
CUST01188,Customer 1188,Female,1995-01-01,customer1188@mail.com,9900001188,Jaipur,State,India,2024-01-01
CUST01189,Customer 1189,Male,1995-01-01,customer1189@mail.com,9900001189,Ahmedabad,State,India,2024-01-01
CUST01190,Customer 1190,Female,1995-01-01,customer1190@mail.com,9900001190,Hyderabad,State,India,2024-01-01
CUST01191,Customer 1191,Male,1995-01-01,customer1191@mail.com,9900001191,Bengaluru,State,India,2024-01-01
CUST01192,Customer 1192,Female,1995-01-01,customer1192@mail.com,9900001192,Chennai,State,India,2024-01-01
CUST01193,Customer 1193,Male,1995-01-01,customer1193@mail.com,9900001193,Mumbai,State,India,2024-01-01
CUST01194,Customer 1194,Female,1995-01-01,customer1194@mail.com,9900001194,Delhi,State,India,2024-01-01
CUST01195,Customer 1195,Male,1995-01-01,customer1195@mail.com,9900001195,Pune,State,India,2024-01-01
CUST01196,Customer 1196,Female,1995-01-01,customer1196@mail.com,9900001196,Vijayawada,State,India,2024-01-01
CUST01197,Customer 1197,Male,1995-01-01,customer1197@mail.com,9900001197,Visakhapatnam,State,India,2024-01-01
CUST01198,Customer 1198,Female,1995-01-01,customer1198@mail.com,9900001198,Jaipur,State,India,2024-01-01
CUST01199,Customer 1199,Male,1995-01-01,customer1199@mail.com,9900001199,Ahmedabad,State,India,2024-01-01
CUST01200,Customer 1200,Female,1995-01-01,customer1200@mail.com,9900001200,Hyderabad,State,India,2024-01-01
CUST01201,Customer 1201,Male,1995-01-01,customer1201@mail.com,9900001201,Bengaluru,State,India,2024-01-01
CUST01202,Customer 1202,Female,1995-01-01,customer1202@mail.com,9900001202,Chennai,State,India,2024-01-01
CUST01203,Customer 1203,Male,1995-01-01,customer1203@mail.com,9900001203,Mumbai,State,India,2024-01-01
CUST01204,Customer 1204,Female,1995-01-01,customer1204@mail.com,9900001204,Delhi,State,India,2024-01-01
CUST01205,Customer 1205,Male,1995-01-01,customer1205@mail.com,9900001205,Pune,State,India,2024-01-01
CUST01206,Customer 1206,Female,1995-01-01,customer1206@mail.com,9900001206,Vijayawada,State,India,2024-01-01
CUST01207,Customer 1207,Male,1995-01-01,customer1207@mail.com,9900001207,Visakhapatnam,State,India,2024-01-01
CUST01208,Customer 1208,Female,1995-01-01,customer1208@mail.com,9900001208,Jaipur,State,India,2024-01-01
CUST01209,Customer 1209,Male,1995-01-01,customer1209@mail.com,9900001209,Ahmedabad,State,India,2024-01-01
CUST01210,Customer 1210,Female,1995-01-01,customer1210@mail.com,9900001210,Hyderabad,State,India,2024-01-01
CUST01211,Customer 1211,Male,1995-01-01,customer1211@mail.com,9900001211,Bengaluru,State,India,2024-01-01
CUST01212,Customer 1212,Female,1995-01-01,customer1212@mail.com,9900001212,Chennai,State,India,2024-01-01
CUST01213,Customer 1213,Male,1995-01-01,customer1213@mail.com,9900001213,Mumbai,State,India,2024-01-01
CUST01214,Customer 1214,Female,1995-01-01,customer1214@mail.com,9900001214,Delhi,State,India,2024-01-01
CUST01215,Customer 1215,Male,1995-01-01,customer1215@mail.com,9900001215,Pune,State,India,2024-01-01
CUST01216,Customer 1216,Female,1995-01-01,customer1216@mail.com,9900001216,Vijayawada,State,India,2024-01-01
CUST01217,Customer 1217,Male,1995-01-01,customer1217@mail.com,9900001217,Visakhapatnam,State,India,2024-01-01
CUST01218,Customer 1218,Female,1995-01-01,customer1218@mail.com,9900001218,Jaipur,State,India,2024-01-01
CUST01219,Customer 1219,Male,1995-01-01,customer1219@mail.com,9900001219,Ahmedabad,State,India,2024-01-01
CUST01220,Customer 1220,Female,1995-01-01,customer1220@mail.com,9900001220,Hyderabad,State,India,2024-01-01
CUST01221,Customer 1221,Male,1995-01-01,customer1221@mail.com,9900001221,Bengaluru,State,India,2024-01-01
CUST01222,Customer 1222,Female,1995-01-01,customer1222@mail.com,9900001222,Chennai,State,India,2024-01-01
CUST01223,Customer 1223,Male,1995-01-01,customer1223@mail.com,9900001223,Mumbai,State,India,2024-01-01
CUST01224,Customer 1224,Female,1995-01-01,customer1224@mail.com,9900001224,Delhi,State,India,2024-01-01
CUST01225,Customer 1225,Male,1995-01-01,customer1225@mail.com,9900001225,Pune,State,India,2024-01-01
CUST01226,Customer 1226,Female,1995-01-01,customer1226@mail.com,9900001226,Vijayawada,State,India,2024-01-01
CUST01227,Customer 1227,Male,1995-01-01,customer1227@mail.com,9900001227,Visakhapatnam,State,India,2024-01-01
CUST01228,Customer 1228,Female,1995-01-01,customer1228@mail.com,9900001228,Jaipur,State,India,2024-01-01
CUST01229,Customer 1229,Male,1995-01-01,customer1229@mail.com,9900001229,Ahmedabad,State,India,2024-01-01
CUST01230,Customer 1230,Female,1995-01-01,customer1230@mail.com,9900001230,Hyderabad,State,India,2024-01-01
CUST01231,Customer 1231,Male,1995-01-01,customer1231@mail.com,9900001231,Bengaluru,State,India,2024-01-01
CUST01232,Customer 1232,Female,1995-01-01,customer1232@mail.com,9900001232,Chennai,State,India,2024-01-01
CUST01233,Customer 1233,Male,1995-01-01,customer1233@mail.com,9900001233,Mumbai,State,India,2024-01-01
CUST01234,Customer 1234,Female,1995-01-01,customer1234@mail.com,9900001234,Delhi,State,India,2024-01-01
CUST01235,Customer 1235,Male,1995-01-01,customer1235@mail.com,9900001235,Pune,State,India,2024-01-01
CUST01236,Customer 1236,Female,1995-01-01,customer1236@mail.com,9900001236,Vijayawada,State,India,2024-01-01
CUST01237,Customer 1237,Male,1995-01-01,customer1237@mail.com,9900001237,Visakhapatnam,State,India,2024-01-01
CUST01238,Customer 1238,Female,1995-01-01,customer1238@mail.com,9900001238,Jaipur,State,India,2024-01-01
CUST01239,Customer 1239,Male,1995-01-01,customer1239@mail.com,9900001239,Ahmedabad,State,India,2024-01-01
CUST01240,Customer 1240,Female,1995-01-01,customer1240@mail.com,9900001240,Hyderabad,State,India,2024-01-01
CUST01241,Customer 1241,Male,1995-01-01,customer1241@mail.com,9900001241,Bengaluru,State,India,2024-01-01
CUST01242,Customer 1242,Female,1995-01-01,customer1242@mail.com,9900001242,Chennai,State,India,2024-01-01
CUST01243,Customer 1243,Male,1995-01-01,customer1243@mail.com,9900001243,Mumbai,State,India,2024-01-01
CUST01244,Customer 1244,Female,1995-01-01,customer1244@mail.com,9900001244,Delhi,State,India,2024-01-01
CUST01245,Customer 1245,Male,1995-01-01,customer1245@mail.com,9900001245,Pune,State,India,2024-01-01
CUST01246,Customer 1246,Female,1995-01-01,customer1246@mail.com,9900001246,Vijayawada,State,India,2024-01-01
CUST01247,Customer 1247,Male,1995-01-01,customer1247@mail.com,9900001247,Visakhapatnam,State,India,2024-01-01
CUST01248,Customer 1248,Female,1995-01-01,customer1248@mail.com,9900001248,Jaipur,State,India,2024-01-01
CUST01249,Customer 1249,Male,1995-01-01,customer1249@mail.com,9900001249,Ahmedabad,State,India,2024-01-01
CUST01250,Customer 1250,Female,1995-01-01,customer1250@mail.com,9900001250,Hyderabad,State,India,2024-01-01
CUST01251,Customer 1251,Male,1995-01-01,customer1251@mail.com,9900001251,Bengaluru,State,India,2024-01-01
CUST01252,Customer 1252,Female,1995-01-01,customer1252@mail.com,9900001252,Chennai,State,India,2024-01-01
CUST01253,Customer 1253,Male,1995-01-01,customer1253@mail.com,9900001253,Mumbai,State,India,2024-01-01
CUST01254,Customer 1254,Female,1995-01-01,customer1254@mail.com,9900001254,Delhi,State,India,2024-01-01
CUST01255,Customer 1255,Male,1995-01-01,customer1255@mail.com,9900001255,Pune,State,India,2024-01-01
CUST01256,Customer 1256,Female,1995-01-01,customer1256@mail.com,9900001256,Vijayawada,State,India,2024-01-01
CUST01257,Customer 1257,Male,1995-01-01,customer1257@mail.com,9900001257,Visakhapatnam,State,India,2024-01-01
CUST01258,Customer 1258,Female,1995-01-01,customer1258@mail.com,9900001258,Jaipur,State,India,2024-01-01
CUST01259,Customer 1259,Male,1995-01-01,customer1259@mail.com,9900001259,Ahmedabad,State,India,2024-01-01
CUST01260,Customer 1260,Female,1995-01-01,customer1260@mail.com,9900001260,Hyderabad,State,India,2024-01-01
CUST01261,Customer 1261,Male,1995-01-01,customer1261@mail.com,9900001261,Bengaluru,State,India,2024-01-01
CUST01262,Customer 1262,Female,1995-01-01,customer1262@mail.com,9900001262,Chennai,State,India,2024-01-01
CUST01263,Customer 1263,Male,1995-01-01,customer1263@mail.com,9900001263,Mumbai,State,India,2024-01-01
CUST01264,Customer 1264,Female,1995-01-01,customer1264@mail.com,9900001264,Delhi,State,India,2024-01-01
CUST01265,Customer 1265,Male,1995-01-01,customer1265@mail.com,9900001265,Pune,State,India,2024-01-01
CUST01266,Customer 1266,Female,1995-01-01,customer1266@mail.com,9900001266,Vijayawada,State,India,2024-01-01
CUST01267,Customer 1267,Male,1995-01-01,customer1267@mail.com,9900001267,Visakhapatnam,State,India,2024-01-01
CUST01268,Customer 1268,Female,1995-01-01,customer1268@mail.com,9900001268,Jaipur,State,India,2024-01-01
CUST01269,Customer 1269,Male,1995-01-01,customer1269@mail.com,9900001269,Ahmedabad,State,India,2024-01-01
CUST01270,Customer 1270,Female,1995-01-01,customer1270@mail.com,9900001270,Hyderabad,State,India,2024-01-01
CUST01271,Customer 1271,Male,1995-01-01,customer1271@mail.com,9900001271,Bengaluru,State,India,2024-01-01
CUST01272,Customer 1272,Female,1995-01-01,customer1272@mail.com,9900001272,Chennai,State,India,2024-01-01
CUST01273,Customer 1273,Male,1995-01-01,customer1273@mail.com,9900001273,Mumbai,State,India,2024-01-01
CUST01274,Customer 1274,Female,1995-01-01,customer1274@mail.com,9900001274,Delhi,State,India,2024-01-01
CUST01275,Customer 1275,Male,1995-01-01,customer1275@mail.com,9900001275,Pune,State,India,2024-01-01
CUST01276,Customer 1276,Female,1995-01-01,customer1276@mail.com,9900001276,Vijayawada,State,India,2024-01-01
CUST01277,Customer 1277,Male,1995-01-01,customer1277@mail.com,9900001277,Visakhapatnam,State,India,2024-01-01
CUST01278,Customer 1278,Female,1995-01-01,customer1278@mail.com,9900001278,Jaipur,State,India,2024-01-01
CUST01279,Customer 1279,Male,1995-01-01,customer1279@mail.com,9900001279,Ahmedabad,State,India,2024-01-01
CUST01280,Customer 1280,Female,1995-01-01,customer1280@mail.com,9900001280,Hyderabad,State,India,2024-01-01
CUST01281,Customer 1281,Male,1995-01-01,customer1281@mail.com,9900001281,Bengaluru,State,India,2024-01-01
CUST01282,Customer 1282,Female,1995-01-01,customer1282@mail.com,9900001282,Chennai,State,India,2024-01-01
CUST01283,Customer 1283,Male,1995-01-01,customer1283@mail.com,9900001283,Mumbai,State,India,2024-01-01
CUST01284,Customer 1284,Female,1995-01-01,customer1284@mail.com,9900001284,Delhi,State,India,2024-01-01
CUST01285,Customer 1285,Male,1995-01-01,customer1285@mail.com,9900001285,Pune,State,India,2024-01-01
CUST01286,Customer 1286,Female,1995-01-01,customer1286@mail.com,9900001286,Vijayawada,State,India,2024-01-01
CUST01287,Customer 1287,Male,1995-01-01,customer1287@mail.com,9900001287,Visakhapatnam,State,India,2024-01-01
CUST01288,Customer 1288,Female,1995-01-01,customer1288@mail.com,9900001288,Jaipur,State,India,2024-01-01
CUST01289,Customer 1289,Male,1995-01-01,customer1289@mail.com,9900001289,Ahmedabad,State,India,2024-01-01
CUST01290,Customer 1290,Female,1995-01-01,customer1290@mail.com,9900001290,Hyderabad,State,India,2024-01-01
CUST01291,Customer 1291,Male,1995-01-01,customer1291@mail.com,9900001291,Bengaluru,State,India,2024-01-01
CUST01292,Customer 1292,Female,1995-01-01,customer1292@mail.com,9900001292,Chennai,State,India,2024-01-01
CUST01293,Customer 1293,Male,1995-01-01,customer1293@mail.com,9900001293,Mumbai,State,India,2024-01-01
CUST01294,Customer 1294,Female,1995-01-01,customer1294@mail.com,9900001294,Delhi,State,India,2024-01-01
CUST01295,Customer 1295,Male,1995-01-01,customer1295@mail.com,9900001295,Pune,State,India,2024-01-01
CUST01296,Customer 1296,Female,1995-01-01,customer1296@mail.com,9900001296,Vijayawada,State,India,2024-01-01
CUST01297,Customer 1297,Male,1995-01-01,customer1297@mail.com,9900001297,Visakhapatnam,State,India,2024-01-01
CUST01298,Customer 1298,Female,1995-01-01,customer1298@mail.com,9900001298,Jaipur,State,India,2024-01-01
CUST01299,Customer 1299,Male,1995-01-01,customer1299@mail.com,9900001299,Ahmedabad,State,India,2024-01-01
CUST01300,Customer 1300,Female,1995-01-01,customer1300@mail.com,9900001300,Hyderabad,State,India,2024-01-01
CUST01301,Customer 1301,Male,1995-01-01,customer1301@mail.com,9900001301,Bengaluru,State,India,2024-01-01
CUST01302,Customer 1302,Female,1995-01-01,customer1302@mail.com,9900001302,Chennai,State,India,2024-01-01
CUST01303,Customer 1303,Male,1995-01-01,customer1303@mail.com,9900001303,Mumbai,State,India,2024-01-01
CUST01304,Customer 1304,Female,1995-01-01,customer1304@mail.com,9900001304,Delhi,State,India,2024-01-01
CUST01305,Customer 1305,Male,1995-01-01,customer1305@mail.com,9900001305,Pune,State,India,2024-01-01
CUST01306,Customer 1306,Female,1995-01-01,customer1306@mail.com,9900001306,Vijayawada,State,India,2024-01-01
CUST01307,Customer 1307,Male,1995-01-01,customer1307@mail.com,9900001307,Visakhapatnam,State,India,2024-01-01
CUST01308,Customer 1308,Female,1995-01-01,customer1308@mail.com,9900001308,Jaipur,State,India,2024-01-01
CUST01309,Customer 1309,Male,1995-01-01,customer1309@mail.com,9900001309,Ahmedabad,State,India,2024-01-01
CUST01310,Customer 1310,Female,1995-01-01,customer1310@mail.com,9900001310,Hyderabad,State,India,2024-01-01
CUST01311,Customer 1311,Male,1995-01-01,customer1311@mail.com,9900001311,Bengaluru,State,India,2024-01-01
CUST01312,Customer 1312,Female,1995-01-01,customer1312@mail.com,9900001312,Chennai,State,India,2024-01-01
CUST01313,Customer 1313,Male,1995-01-01,customer1313@mail.com,9900001313,Mumbai,State,India,2024-01-01
CUST01314,Customer 1314,Female,1995-01-01,customer1314@mail.com,9900001314,Delhi,State,India,2024-01-01
CUST01315,Customer 1315,Male,1995-01-01,customer1315@mail.com,9900001315,Pune,State,India,2024-01-01
CUST01316,Customer 1316,Female,1995-01-01,customer1316@mail.com,9900001316,Vijayawada,State,India,2024-01-01
CUST01317,Customer 1317,Male,1995-01-01,customer1317@mail.com,9900001317,Visakhapatnam,State,India,2024-01-01
CUST01318,Customer 1318,Female,1995-01-01,customer1318@mail.com,9900001318,Jaipur,State,India,2024-01-01
CUST01319,Customer 1319,Male,1995-01-01,customer1319@mail.com,9900001319,Ahmedabad,State,India,2024-01-01
CUST01320,Customer 1320,Female,1995-01-01,customer1320@mail.com,9900001320,Hyderabad,State,India,2024-01-01
CUST01321,Customer 1321,Male,1995-01-01,customer1321@mail.com,9900001321,Bengaluru,State,India,2024-01-01
CUST01322,Customer 1322,Female,1995-01-01,customer1322@mail.com,9900001322,Chennai,State,India,2024-01-01
CUST01323,Customer 1323,Male,1995-01-01,customer1323@mail.com,9900001323,Mumbai,State,India,2024-01-01
CUST01324,Customer 1324,Female,1995-01-01,customer1324@mail.com,9900001324,Delhi,State,India,2024-01-01
CUST01325,Customer 1325,Male,1995-01-01,customer1325@mail.com,9900001325,Pune,State,India,2024-01-01
CUST01326,Customer 1326,Female,1995-01-01,customer1326@mail.com,9900001326,Vijayawada,State,India,2024-01-01
CUST01327,Customer 1327,Male,1995-01-01,customer1327@mail.com,9900001327,Visakhapatnam,State,India,2024-01-01
CUST01328,Customer 1328,Female,1995-01-01,customer1328@mail.com,9900001328,Jaipur,State,India,2024-01-01
CUST01329,Customer 1329,Male,1995-01-01,customer1329@mail.com,9900001329,Ahmedabad,State,India,2024-01-01
CUST01330,Customer 1330,Female,1995-01-01,customer1330@mail.com,9900001330,Hyderabad,State,India,2024-01-01
CUST01331,Customer 1331,Male,1995-01-01,customer1331@mail.com,9900001331,Bengaluru,State,India,2024-01-01
CUST01332,Customer 1332,Female,1995-01-01,customer1332@mail.com,9900001332,Chennai,State,India,2024-01-01
CUST01333,Customer 1333,Male,1995-01-01,customer1333@mail.com,9900001333,Mumbai,State,India,2024-01-01
CUST01334,Customer 1334,Female,1995-01-01,customer1334@mail.com,9900001334,Delhi,State,India,2024-01-01
CUST01335,Customer 1335,Male,1995-01-01,customer1335@mail.com,9900001335,Pune,State,India,2024-01-01
CUST01336,Customer 1336,Female,1995-01-01,customer1336@mail.com,9900001336,Vijayawada,State,India,2024-01-01
CUST01337,Customer 1337,Male,1995-01-01,customer1337@mail.com,9900001337,Visakhapatnam,State,India,2024-01-01
CUST01338,Customer 1338,Female,1995-01-01,customer1338@mail.com,9900001338,Jaipur,State,India,2024-01-01
CUST01339,Customer 1339,Male,1995-01-01,customer1339@mail.com,9900001339,Ahmedabad,State,India,2024-01-01
CUST01340,Customer 1340,Female,1995-01-01,customer1340@mail.com,9900001340,Hyderabad,State,India,2024-01-01
CUST01341,Customer 1341,Male,1995-01-01,customer1341@mail.com,9900001341,Bengaluru,State,India,2024-01-01
CUST01342,Customer 1342,Female,1995-01-01,customer1342@mail.com,9900001342,Chennai,State,India,2024-01-01
CUST01343,Customer 1343,Male,1995-01-01,customer1343@mail.com,9900001343,Mumbai,State,India,2024-01-01
CUST01344,Customer 1344,Female,1995-01-01,customer1344@mail.com,9900001344,Delhi,State,India,2024-01-01
CUST01345,Customer 1345,Male,1995-01-01,customer1345@mail.com,9900001345,Pune,State,India,2024-01-01
CUST01346,Customer 1346,Female,1995-01-01,customer1346@mail.com,9900001346,Vijayawada,State,India,2024-01-01
CUST01347,Customer 1347,Male,1995-01-01,customer1347@mail.com,9900001347,Visakhapatnam,State,India,2024-01-01
CUST01348,Customer 1348,Female,1995-01-01,customer1348@mail.com,9900001348,Jaipur,State,India,2024-01-01
CUST01349,Customer 1349,Male,1995-01-01,customer1349@mail.com,9900001349,Ahmedabad,State,India,2024-01-01
CUST01350,Customer 1350,Female,1995-01-01,customer1350@mail.com,9900001350,Hyderabad,State,India,2024-01-01
CUST01351,Customer 1351,Male,1995-01-01,customer1351@mail.com,9900001351,Bengaluru,State,India,2024-01-01
CUST01352,Customer 1352,Female,1995-01-01,customer1352@mail.com,9900001352,Chennai,State,India,2024-01-01
CUST01353,Customer 1353,Male,1995-01-01,customer1353@mail.com,9900001353,Mumbai,State,India,2024-01-01
CUST01354,Customer 1354,Female,1995-01-01,customer1354@mail.com,9900001354,Delhi,State,India,2024-01-01
CUST01355,Customer 1355,Male,1995-01-01,customer1355@mail.com,9900001355,Pune,State,India,2024-01-01
CUST01356,Customer 1356,Female,1995-01-01,customer1356@mail.com,9900001356,Vijayawada,State,India,2024-01-01
CUST01357,Customer 1357,Male,1995-01-01,customer1357@mail.com,9900001357,Visakhapatnam,State,India,2024-01-01
CUST01358,Customer 1358,Female,1995-01-01,customer1358@mail.com,9900001358,Jaipur,State,India,2024-01-01
CUST01359,Customer 1359,Male,1995-01-01,customer1359@mail.com,9900001359,Ahmedabad,State,India,2024-01-01
CUST01360,Customer 1360,Female,1995-01-01,customer1360@mail.com,9900001360,Hyderabad,State,India,2024-01-01
CUST01361,Customer 1361,Male,1995-01-01,customer1361@mail.com,9900001361,Bengaluru,State,India,2024-01-01
CUST01362,Customer 1362,Female,1995-01-01,customer1362@mail.com,9900001362,Chennai,State,India,2024-01-01
CUST01363,Customer 1363,Male,1995-01-01,customer1363@mail.com,9900001363,Mumbai,State,India,2024-01-01
CUST01364,Customer 1364,Female,1995-01-01,customer1364@mail.com,9900001364,Delhi,State,India,2024-01-01
CUST01365,Customer 1365,Male,1995-01-01,customer1365@mail.com,9900001365,Pune,State,India,2024-01-01
CUST01366,Customer 1366,Female,1995-01-01,customer1366@mail.com,9900001366,Vijayawada,State,India,2024-01-01
CUST01367,Customer 1367,Male,1995-01-01,customer1367@mail.com,9900001367,Visakhapatnam,State,India,2024-01-01
CUST01368,Customer 1368,Female,1995-01-01,customer1368@mail.com,9900001368,Jaipur,State,India,2024-01-01
CUST01369,Customer 1369,Male,1995-01-01,customer1369@mail.com,9900001369,Ahmedabad,State,India,2024-01-01
CUST01370,Customer 1370,Female,1995-01-01,customer1370@mail.com,9900001370,Hyderabad,State,India,2024-01-01
CUST01371,Customer 1371,Male,1995-01-01,customer1371@mail.com,9900001371,Bengaluru,State,India,2024-01-01
CUST01372,Customer 1372,Female,1995-01-01,customer1372@mail.com,9900001372,Chennai,State,India,2024-01-01
CUST01373,Customer 1373,Male,1995-01-01,customer1373@mail.com,9900001373,Mumbai,State,India,2024-01-01
CUST01374,Customer 1374,Female,1995-01-01,customer1374@mail.com,9900001374,Delhi,State,India,2024-01-01
CUST01375,Customer 1375,Male,1995-01-01,customer1375@mail.com,9900001375,Pune,State,India,2024-01-01
CUST01376,Customer 1376,Female,1995-01-01,customer1376@mail.com,9900001376,Vijayawada,State,India,2024-01-01
CUST01377,Customer 1377,Male,1995-01-01,customer1377@mail.com,9900001377,Visakhapatnam,State,India,2024-01-01
CUST01378,Customer 1378,Female,1995-01-01,customer1378@mail.com,9900001378,Jaipur,State,India,2024-01-01
CUST01379,Customer 1379,Male,1995-01-01,customer1379@mail.com,9900001379,Ahmedabad,State,India,2024-01-01
CUST01380,Customer 1380,Female,1995-01-01,customer1380@mail.com,9900001380,Hyderabad,State,India,2024-01-01
CUST01381,Customer 1381,Male,1995-01-01,customer1381@mail.com,9900001381,Bengaluru,State,India,2024-01-01
CUST01382,Customer 1382,Female,1995-01-01,customer1382@mail.com,9900001382,Chennai,State,India,2024-01-01
CUST01383,Customer 1383,Male,1995-01-01,customer1383@mail.com,9900001383,Mumbai,State,India,2024-01-01
CUST01384,Customer 1384,Female,1995-01-01,customer1384@mail.com,9900001384,Delhi,State,India,2024-01-01
CUST01385,Customer 1385,Male,1995-01-01,customer1385@mail.com,9900001385,Pune,State,India,2024-01-01
CUST01386,Customer 1386,Female,1995-01-01,customer1386@mail.com,9900001386,Vijayawada,State,India,2024-01-01
CUST01387,Customer 1387,Male,1995-01-01,customer1387@mail.com,9900001387,Visakhapatnam,State,India,2024-01-01
CUST01388,Customer 1388,Female,1995-01-01,customer1388@mail.com,9900001388,Jaipur,State,India,2024-01-01
CUST01389,Customer 1389,Male,1995-01-01,customer1389@mail.com,9900001389,Ahmedabad,State,India,2024-01-01
CUST01390,Customer 1390,Female,1995-01-01,customer1390@mail.com,9900001390,Hyderabad,State,India,2024-01-01
CUST01391,Customer 1391,Male,1995-01-01,customer1391@mail.com,9900001391,Bengaluru,State,India,2024-01-01
CUST01392,Customer 1392,Female,1995-01-01,customer1392@mail.com,9900001392,Chennai,State,India,2024-01-01
CUST01393,Customer 1393,Male,1995-01-01,customer1393@mail.com,9900001393,Mumbai,State,India,2024-01-01
CUST01394,Customer 1394,Female,1995-01-01,customer1394@mail.com,9900001394,Delhi,State,India,2024-01-01
CUST01395,Customer 1395,Male,1995-01-01,customer1395@mail.com,9900001395,Pune,State,India,2024-01-01
CUST01396,Customer 1396,Female,1995-01-01,customer1396@mail.com,9900001396,Vijayawada,State,India,2024-01-01
CUST01397,Customer 1397,Male,1995-01-01,customer1397@mail.com,9900001397,Visakhapatnam,State,India,2024-01-01
CUST01398,Customer 1398,Female,1995-01-01,customer1398@mail.com,9900001398,Jaipur,State,India,2024-01-01
CUST01399,Customer 1399,Male,1995-01-01,customer1399@mail.com,9900001399,Ahmedabad,State,India,2024-01-01
CUST01400,Customer 1400,Female,1995-01-01,customer1400@mail.com,9900001400,Hyderabad,State,India,2024-01-01
CUST01401,Customer 1401,Male,1995-01-01,customer1401@mail.com,9900001401,Bengaluru,State,India,2024-01-01
CUST01402,Customer 1402,Female,1995-01-01,customer1402@mail.com,9900001402,Chennai,State,India,2024-01-01
CUST01403,Customer 1403,Male,1995-01-01,customer1403@mail.com,9900001403,Mumbai,State,India,2024-01-01
CUST01404,Customer 1404,Female,1995-01-01,customer1404@mail.com,9900001404,Delhi,State,India,2024-01-01
CUST01405,Customer 1405,Male,1995-01-01,customer1405@mail.com,9900001405,Pune,State,India,2024-01-01
CUST01406,Customer 1406,Female,1995-01-01,customer1406@mail.com,9900001406,Vijayawada,State,India,2024-01-01
CUST01407,Customer 1407,Male,1995-01-01,customer1407@mail.com,9900001407,Visakhapatnam,State,India,2024-01-01
CUST01408,Customer 1408,Female,1995-01-01,customer1408@mail.com,9900001408,Jaipur,State,India,2024-01-01
CUST01409,Customer 1409,Male,1995-01-01,customer1409@mail.com,9900001409,Ahmedabad,State,India,2024-01-01
CUST01410,Customer 1410,Female,1995-01-01,customer1410@mail.com,9900001410,Hyderabad,State,India,2024-01-01
CUST01411,Customer 1411,Male,1995-01-01,customer1411@mail.com,9900001411,Bengaluru,State,India,2024-01-01
CUST01412,Customer 1412,Female,1995-01-01,customer1412@mail.com,9900001412,Chennai,State,India,2024-01-01
CUST01413,Customer 1413,Male,1995-01-01,customer1413@mail.com,9900001413,Mumbai,State,India,2024-01-01
CUST01414,Customer 1414,Female,1995-01-01,customer1414@mail.com,9900001414,Delhi,State,India,2024-01-01
CUST01415,Customer 1415,Male,1995-01-01,customer1415@mail.com,9900001415,Pune,State,India,2024-01-01
CUST01416,Customer 1416,Female,1995-01-01,customer1416@mail.com,9900001416,Vijayawada,State,India,2024-01-01
CUST01417,Customer 1417,Male,1995-01-01,customer1417@mail.com,9900001417,Visakhapatnam,State,India,2024-01-01
CUST01418,Customer 1418,Female,1995-01-01,customer1418@mail.com,9900001418,Jaipur,State,India,2024-01-01
CUST01419,Customer 1419,Male,1995-01-01,customer1419@mail.com,9900001419,Ahmedabad,State,India,2024-01-01
CUST01420,Customer 1420,Female,1995-01-01,customer1420@mail.com,9900001420,Hyderabad,State,India,2024-01-01
CUST01421,Customer 1421,Male,1995-01-01,customer1421@mail.com,9900001421,Bengaluru,State,India,2024-01-01
CUST01422,Customer 1422,Female,1995-01-01,customer1422@mail.com,9900001422,Chennai,State,India,2024-01-01
CUST01423,Customer 1423,Male,1995-01-01,customer1423@mail.com,9900001423,Mumbai,State,India,2024-01-01
CUST01424,Customer 1424,Female,1995-01-01,customer1424@mail.com,9900001424,Delhi,State,India,2024-01-01
CUST01425,Customer 1425,Male,1995-01-01,customer1425@mail.com,9900001425,Pune,State,India,2024-01-01
CUST01426,Customer 1426,Female,1995-01-01,customer1426@mail.com,9900001426,Vijayawada,State,India,2024-01-01
CUST01427,Customer 1427,Male,1995-01-01,customer1427@mail.com,9900001427,Visakhapatnam,State,India,2024-01-01
CUST01428,Customer 1428,Female,1995-01-01,customer1428@mail.com,9900001428,Jaipur,State,India,2024-01-01
CUST01429,Customer 1429,Male,1995-01-01,customer1429@mail.com,9900001429,Ahmedabad,State,India,2024-01-01
CUST01430,Customer 1430,Female,1995-01-01,customer1430@mail.com,9900001430,Hyderabad,State,India,2024-01-01
CUST01431,Customer 1431,Male,1995-01-01,customer1431@mail.com,9900001431,Bengaluru,State,India,2024-01-01
CUST01432,Customer 1432,Female,1995-01-01,customer1432@mail.com,9900001432,Chennai,State,India,2024-01-01
CUST01433,Customer 1433,Male,1995-01-01,customer1433@mail.com,9900001433,Mumbai,State,India,2024-01-01
CUST01434,Customer 1434,Female,1995-01-01,customer1434@mail.com,9900001434,Delhi,State,India,2024-01-01
CUST01435,Customer 1435,Male,1995-01-01,customer1435@mail.com,9900001435,Pune,State,India,2024-01-01
CUST01436,Customer 1436,Female,1995-01-01,customer1436@mail.com,9900001436,Vijayawada,State,India,2024-01-01
CUST01437,Customer 1437,Male,1995-01-01,customer1437@mail.com,9900001437,Visakhapatnam,State,India,2024-01-01
CUST01438,Customer 1438,Female,1995-01-01,customer1438@mail.com,9900001438,Jaipur,State,India,2024-01-01
CUST01439,Customer 1439,Male,1995-01-01,customer1439@mail.com,9900001439,Ahmedabad,State,India,2024-01-01
CUST01440,Customer 1440,Female,1995-01-01,customer1440@mail.com,9900001440,Hyderabad,State,India,2024-01-01
CUST01441,Customer 1441,Male,1995-01-01,customer1441@mail.com,9900001441,Bengaluru,State,India,2024-01-01
CUST01442,Customer 1442,Female,1995-01-01,customer1442@mail.com,9900001442,Chennai,State,India,2024-01-01
CUST01443,Customer 1443,Male,1995-01-01,customer1443@mail.com,9900001443,Mumbai,State,India,2024-01-01
CUST01444,Customer 1444,Female,1995-01-01,customer1444@mail.com,9900001444,Delhi,State,India,2024-01-01
CUST01445,Customer 1445,Male,1995-01-01,customer1445@mail.com,9900001445,Pune,State,India,2024-01-01
CUST01446,Customer 1446,Female,1995-01-01,customer1446@mail.com,9900001446,Vijayawada,State,India,2024-01-01
CUST01447,Customer 1447,Male,1995-01-01,customer1447@mail.com,9900001447,Visakhapatnam,State,India,2024-01-01
CUST01448,Customer 1448,Female,1995-01-01,customer1448@mail.com,9900001448,Jaipur,State,India,2024-01-01
CUST01449,Customer 1449,Male,1995-01-01,customer1449@mail.com,9900001449,Ahmedabad,State,India,2024-01-01
CUST01450,Customer 1450,Female,1995-01-01,customer1450@mail.com,9900001450,Hyderabad,State,India,2024-01-01
CUST01451,Customer 1451,Male,1995-01-01,customer1451@mail.com,9900001451,Bengaluru,State,India,2024-01-01
CUST01452,Customer 1452,Female,1995-01-01,customer1452@mail.com,9900001452,Chennai,State,India,2024-01-01
CUST01453,Customer 1453,Male,1995-01-01,customer1453@mail.com,9900001453,Mumbai,State,India,2024-01-01
CUST01454,Customer 1454,Female,1995-01-01,customer1454@mail.com,9900001454,Delhi,State,India,2024-01-01
CUST01455,Customer 1455,Male,1995-01-01,customer1455@mail.com,9900001455,Pune,State,India,2024-01-01
CUST01456,Customer 1456,Female,1995-01-01,customer1456@mail.com,9900001456,Vijayawada,State,India,2024-01-01
CUST01457,Customer 1457,Male,1995-01-01,customer1457@mail.com,9900001457,Visakhapatnam,State,India,2024-01-01
CUST01458,Customer 1458,Female,1995-01-01,customer1458@mail.com,9900001458,Jaipur,State,India,2024-01-01
CUST01459,Customer 1459,Male,1995-01-01,customer1459@mail.com,9900001459,Ahmedabad,State,India,2024-01-01
CUST01460,Customer 1460,Female,1995-01-01,customer1460@mail.com,9900001460,Hyderabad,State,India,2024-01-01
CUST01461,Customer 1461,Male,1995-01-01,customer1461@mail.com,9900001461,Bengaluru,State,India,2024-01-01
CUST01462,Customer 1462,Female,1995-01-01,customer1462@mail.com,9900001462,Chennai,State,India,2024-01-01
CUST01463,Customer 1463,Male,1995-01-01,customer1463@mail.com,9900001463,Mumbai,State,India,2024-01-01
CUST01464,Customer 1464,Female,1995-01-01,customer1464@mail.com,9900001464,Delhi,State,India,2024-01-01
CUST01465,Customer 1465,Male,1995-01-01,customer1465@mail.com,9900001465,Pune,State,India,2024-01-01
CUST01466,Customer 1466,Female,1995-01-01,customer1466@mail.com,9900001466,Vijayawada,State,India,2024-01-01
CUST01467,Customer 1467,Male,1995-01-01,customer1467@mail.com,9900001467,Visakhapatnam,State,India,2024-01-01
CUST01468,Customer 1468,Female,1995-01-01,customer1468@mail.com,9900001468,Jaipur,State,India,2024-01-01
CUST01469,Customer 1469,Male,1995-01-01,customer1469@mail.com,9900001469,Ahmedabad,State,India,2024-01-01
CUST01470,Customer 1470,Female,1995-01-01,customer1470@mail.com,9900001470,Hyderabad,State,India,2024-01-01
CUST01471,Customer 1471,Male,1995-01-01,customer1471@mail.com,9900001471,Bengaluru,State,India,2024-01-01
CUST01472,Customer 1472,Female,1995-01-01,customer1472@mail.com,9900001472,Chennai,State,India,2024-01-01
CUST01473,Customer 1473,Male,1995-01-01,customer1473@mail.com,9900001473,Mumbai,State,India,2024-01-01
CUST01474,Customer 1474,Female,1995-01-01,customer1474@mail.com,9900001474,Delhi,State,India,2024-01-01
CUST01475,Customer 1475,Male,1995-01-01,customer1475@mail.com,9900001475,Pune,State,India,2024-01-01
CUST01476,Customer 1476,Female,1995-01-01,customer1476@mail.com,9900001476,Vijayawada,State,India,2024-01-01
CUST01477,Customer 1477,Male,1995-01-01,customer1477@mail.com,9900001477,Visakhapatnam,State,India,2024-01-01
CUST01478,Customer 1478,Female,1995-01-01,customer1478@mail.com,9900001478,Jaipur,State,India,2024-01-01
CUST01479,Customer 1479,Male,1995-01-01,customer1479@mail.com,9900001479,Ahmedabad,State,India,2024-01-01
CUST01480,Customer 1480,Female,1995-01-01,customer1480@mail.com,9900001480,Hyderabad,State,India,2024-01-01
CUST01481,Customer 1481,Male,1995-01-01,customer1481@mail.com,9900001481,Bengaluru,State,India,2024-01-01
CUST01482,Customer 1482,Female,1995-01-01,customer1482@mail.com,9900001482,Chennai,State,India,2024-01-01
CUST01483,Customer 1483,Male,1995-01-01,customer1483@mail.com,9900001483,Mumbai,State,India,2024-01-01
CUST01484,Customer 1484,Female,1995-01-01,customer1484@mail.com,9900001484,Delhi,State,India,2024-01-01
CUST01485,Customer 1485,Male,1995-01-01,customer1485@mail.com,9900001485,Pune,State,India,2024-01-01
CUST01486,Customer 1486,Female,1995-01-01,customer1486@mail.com,9900001486,Vijayawada,State,India,2024-01-01
CUST01487,Customer 1487,Male,1995-01-01,customer1487@mail.com,9900001487,Visakhapatnam,State,India,2024-01-01
CUST01488,Customer 1488,Female,1995-01-01,customer1488@mail.com,9900001488,Jaipur,State,India,2024-01-01
CUST01489,Customer 1489,Male,1995-01-01,customer1489@mail.com,9900001489,Ahmedabad,State,India,2024-01-01
CUST01490,Customer 1490,Female,1995-01-01,customer1490@mail.com,9900001490,Hyderabad,State,India,2024-01-01
CUST01491,Customer 1491,Male,1995-01-01,customer1491@mail.com,9900001491,Bengaluru,State,India,2024-01-01
CUST01492,Customer 1492,Female,1995-01-01,customer1492@mail.com,9900001492,Chennai,State,India,2024-01-01
CUST01493,Customer 1493,Male,1995-01-01,customer1493@mail.com,9900001493,Mumbai,State,India,2024-01-01
CUST01494,Customer 1494,Female,1995-01-01,customer1494@mail.com,9900001494,Delhi,State,India,2024-01-01
CUST01495,Customer 1495,Male,1995-01-01,customer1495@mail.com,9900001495,Pune,State,India,2024-01-01
CUST01496,Customer 1496,Female,1995-01-01,customer1496@mail.com,9900001496,Vijayawada,State,India,2024-01-01
CUST01497,Customer 1497,Male,1995-01-01,customer1497@mail.com,9900001497,Visakhapatnam,State,India,2024-01-01
CUST01498,Customer 1498,Female,1995-01-01,customer1498@mail.com,9900001498,Jaipur,State,India,2024-01-01
CUST01499,Customer 1499,Male,1995-01-01,customer1499@mail.com,9900001499,Ahmedabad,State,India,2024-01-01
CUST01500,Customer 1500,Female,1995-01-01,customer1500@mail.com,9900001500,Hyderabad,State,India,2024-01-01
CUST01501,Customer 1501,Male,1995-01-01,customer1501@mail.com,9900001501,Bengaluru,State,India,2024-01-01
CUST01502,Customer 1502,Female,1995-01-01,customer1502@mail.com,9900001502,Chennai,State,India,2024-01-01
CUST01503,Customer 1503,Male,1995-01-01,customer1503@mail.com,9900001503,Mumbai,State,India,2024-01-01
CUST01504,Customer 1504,Female,1995-01-01,customer1504@mail.com,9900001504,Delhi,State,India,2024-01-01
CUST01505,Customer 1505,Male,1995-01-01,customer1505@mail.com,9900001505,Pune,State,India,2024-01-01
CUST01506,Customer 1506,Female,1995-01-01,customer1506@mail.com,9900001506,Vijayawada,State,India,2024-01-01
CUST01507,Customer 1507,Male,1995-01-01,customer1507@mail.com,9900001507,Visakhapatnam,State,India,2024-01-01
CUST01508,Customer 1508,Female,1995-01-01,customer1508@mail.com,9900001508,Jaipur,State,India,2024-01-01
CUST01509,Customer 1509,Male,1995-01-01,customer1509@mail.com,9900001509,Ahmedabad,State,India,2024-01-01
CUST01510,Customer 1510,Female,1995-01-01,customer1510@mail.com,9900001510,Hyderabad,State,India,2024-01-01
CUST01511,Customer 1511,Male,1995-01-01,customer1511@mail.com,9900001511,Bengaluru,State,India,2024-01-01
CUST01512,Customer 1512,Female,1995-01-01,customer1512@mail.com,9900001512,Chennai,State,India,2024-01-01
CUST01513,Customer 1513,Male,1995-01-01,customer1513@mail.com,9900001513,Mumbai,State,India,2024-01-01
CUST01514,Customer 1514,Female,1995-01-01,customer1514@mail.com,9900001514,Delhi,State,India,2024-01-01
CUST01515,Customer 1515,Male,1995-01-01,customer1515@mail.com,9900001515,Pune,State,India,2024-01-01
CUST01516,Customer 1516,Female,1995-01-01,customer1516@mail.com,9900001516,Vijayawada,State,India,2024-01-01
CUST01517,Customer 1517,Male,1995-01-01,customer1517@mail.com,9900001517,Visakhapatnam,State,India,2024-01-01
CUST01518,Customer 1518,Female,1995-01-01,customer1518@mail.com,9900001518,Jaipur,State,India,2024-01-01
CUST01519,Customer 1519,Male,1995-01-01,customer1519@mail.com,9900001519,Ahmedabad,State,India,2024-01-01
CUST01520,Customer 1520,Female,1995-01-01,customer1520@mail.com,9900001520,Hyderabad,State,India,2024-01-01
CUST01521,Customer 1521,Male,1995-01-01,customer1521@mail.com,9900001521,Bengaluru,State,India,2024-01-01
CUST01522,Customer 1522,Female,1995-01-01,customer1522@mail.com,9900001522,Chennai,State,India,2024-01-01
CUST01523,Customer 1523,Male,1995-01-01,customer1523@mail.com,9900001523,Mumbai,State,India,2024-01-01
CUST01524,Customer 1524,Female,1995-01-01,customer1524@mail.com,9900001524,Delhi,State,India,2024-01-01
CUST01525,Customer 1525,Male,1995-01-01,customer1525@mail.com,9900001525,Pune,State,India,2024-01-01
CUST01526,Customer 1526,Female,1995-01-01,customer1526@mail.com,9900001526,Vijayawada,State,India,2024-01-01
CUST01527,Customer 1527,Male,1995-01-01,customer1527@mail.com,9900001527,Visakhapatnam,State,India,2024-01-01
CUST01528,Customer 1528,Female,1995-01-01,customer1528@mail.com,9900001528,Jaipur,State,India,2024-01-01
CUST01529,Customer 1529,Male,1995-01-01,customer1529@mail.com,9900001529,Ahmedabad,State,India,2024-01-01
CUST01530,Customer 1530,Female,1995-01-01,customer1530@mail.com,9900001530,Hyderabad,State,India,2024-01-01
CUST01531,Customer 1531,Male,1995-01-01,customer1531@mail.com,9900001531,Bengaluru,State,India,2024-01-01
CUST01532,Customer 1532,Female,1995-01-01,customer1532@mail.com,9900001532,Chennai,State,India,2024-01-01
CUST01533,Customer 1533,Male,1995-01-01,customer1533@mail.com,9900001533,Mumbai,State,India,2024-01-01
CUST01534,Customer 1534,Female,1995-01-01,customer1534@mail.com,9900001534,Delhi,State,India,2024-01-01
CUST01535,Customer 1535,Male,1995-01-01,customer1535@mail.com,9900001535,Pune,State,India,2024-01-01
CUST01536,Customer 1536,Female,1995-01-01,customer1536@mail.com,9900001536,Vijayawada,State,India,2024-01-01
CUST01537,Customer 1537,Male,1995-01-01,customer1537@mail.com,9900001537,Visakhapatnam,State,India,2024-01-01
CUST01538,Customer 1538,Female,1995-01-01,customer1538@mail.com,9900001538,Jaipur,State,India,2024-01-01
CUST01539,Customer 1539,Male,1995-01-01,customer1539@mail.com,9900001539,Ahmedabad,State,India,2024-01-01
CUST01540,Customer 1540,Female,1995-01-01,customer1540@mail.com,9900001540,Hyderabad,State,India,2024-01-01
CUST01541,Customer 1541,Male,1995-01-01,customer1541@mail.com,9900001541,Bengaluru,State,India,2024-01-01
CUST01542,Customer 1542,Female,1995-01-01,customer1542@mail.com,9900001542,Chennai,State,India,2024-01-01
CUST01543,Customer 1543,Male,1995-01-01,customer1543@mail.com,9900001543,Mumbai,State,India,2024-01-01
CUST01544,Customer 1544,Female,1995-01-01,customer1544@mail.com,9900001544,Delhi,State,India,2024-01-01
CUST01545,Customer 1545,Male,1995-01-01,customer1545@mail.com,9900001545,Pune,State,India,2024-01-01
CUST01546,Customer 1546,Female,1995-01-01,customer1546@mail.com,9900001546,Vijayawada,State,India,2024-01-01
CUST01547,Customer 1547,Male,1995-01-01,customer1547@mail.com,9900001547,Visakhapatnam,State,India,2024-01-01
CUST01548,Customer 1548,Female,1995-01-01,customer1548@mail.com,9900001548,Jaipur,State,India,2024-01-01
CUST01549,Customer 1549,Male,1995-01-01,customer1549@mail.com,9900001549,Ahmedabad,State,India,2024-01-01
CUST01550,Customer 1550,Female,1995-01-01,customer1550@mail.com,9900001550,Hyderabad,State,India,2024-01-01
CUST01551,Customer 1551,Male,1995-01-01,customer1551@mail.com,9900001551,Bengaluru,State,India,2024-01-01
CUST01552,Customer 1552,Female,1995-01-01,customer1552@mail.com,9900001552,Chennai,State,India,2024-01-01
CUST01553,Customer 1553,Male,1995-01-01,customer1553@mail.com,9900001553,Mumbai,State,India,2024-01-01
CUST01554,Customer 1554,Female,1995-01-01,customer1554@mail.com,9900001554,Delhi,State,India,2024-01-01
CUST01555,Customer 1555,Male,1995-01-01,customer1555@mail.com,9900001555,Pune,State,India,2024-01-01
CUST01556,Customer 1556,Female,1995-01-01,customer1556@mail.com,9900001556,Vijayawada,State,India,2024-01-01
CUST01557,Customer 1557,Male,1995-01-01,customer1557@mail.com,9900001557,Visakhapatnam,State,India,2024-01-01
CUST01558,Customer 1558,Female,1995-01-01,customer1558@mail.com,9900001558,Jaipur,State,India,2024-01-01
CUST01559,Customer 1559,Male,1995-01-01,customer1559@mail.com,9900001559,Ahmedabad,State,India,2024-01-01
CUST01560,Customer 1560,Female,1995-01-01,customer1560@mail.com,9900001560,Hyderabad,State,India,2024-01-01
CUST01561,Customer 1561,Male,1995-01-01,customer1561@mail.com,9900001561,Bengaluru,State,India,2024-01-01
CUST01562,Customer 1562,Female,1995-01-01,customer1562@mail.com,9900001562,Chennai,State,India,2024-01-01
CUST01563,Customer 1563,Male,1995-01-01,customer1563@mail.com,9900001563,Mumbai,State,India,2024-01-01
CUST01564,Customer 1564,Female,1995-01-01,customer1564@mail.com,9900001564,Delhi,State,India,2024-01-01
CUST01565,Customer 1565,Male,1995-01-01,customer1565@mail.com,9900001565,Pune,State,India,2024-01-01
CUST01566,Customer 1566,Female,1995-01-01,customer1566@mail.com,9900001566,Vijayawada,State,India,2024-01-01
CUST01567,Customer 1567,Male,1995-01-01,customer1567@mail.com,9900001567,Visakhapatnam,State,India,2024-01-01
CUST01568,Customer 1568,Female,1995-01-01,customer1568@mail.com,9900001568,Jaipur,State,India,2024-01-01
CUST01569,Customer 1569,Male,1995-01-01,customer1569@mail.com,9900001569,Ahmedabad,State,India,2024-01-01
CUST01570,Customer 1570,Female,1995-01-01,customer1570@mail.com,9900001570,Hyderabad,State,India,2024-01-01
CUST01571,Customer 1571,Male,1995-01-01,customer1571@mail.com,9900001571,Bengaluru,State,India,2024-01-01
CUST01572,Customer 1572,Female,1995-01-01,customer1572@mail.com,9900001572,Chennai,State,India,2024-01-01
CUST01573,Customer 1573,Male,1995-01-01,customer1573@mail.com,9900001573,Mumbai,State,India,2024-01-01
CUST01574,Customer 1574,Female,1995-01-01,customer1574@mail.com,9900001574,Delhi,State,India,2024-01-01
CUST01575,Customer 1575,Male,1995-01-01,customer1575@mail.com,9900001575,Pune,State,India,2024-01-01
CUST01576,Customer 1576,Female,1995-01-01,customer1576@mail.com,9900001576,Vijayawada,State,India,2024-01-01
CUST01577,Customer 1577,Male,1995-01-01,customer1577@mail.com,9900001577,Visakhapatnam,State,India,2024-01-01
CUST01578,Customer 1578,Female,1995-01-01,customer1578@mail.com,9900001578,Jaipur,State,India,2024-01-01
CUST01579,Customer 1579,Male,1995-01-01,customer1579@mail.com,9900001579,Ahmedabad,State,India,2024-01-01
CUST01580,Customer 1580,Female,1995-01-01,customer1580@mail.com,9900001580,Hyderabad,State,India,2024-01-01
CUST01581,Customer 1581,Male,1995-01-01,customer1581@mail.com,9900001581,Bengaluru,State,India,2024-01-01
CUST01582,Customer 1582,Female,1995-01-01,customer1582@mail.com,9900001582,Chennai,State,India,2024-01-01
CUST01583,Customer 1583,Male,1995-01-01,customer1583@mail.com,9900001583,Mumbai,State,India,2024-01-01
CUST01584,Customer 1584,Female,1995-01-01,customer1584@mail.com,9900001584,Delhi,State,India,2024-01-01
CUST01585,Customer 1585,Male,1995-01-01,customer1585@mail.com,9900001585,Pune,State,India,2024-01-01
CUST01586,Customer 1586,Female,1995-01-01,customer1586@mail.com,9900001586,Vijayawada,State,India,2024-01-01
CUST01587,Customer 1587,Male,1995-01-01,customer1587@mail.com,9900001587,Visakhapatnam,State,India,2024-01-01
CUST01588,Customer 1588,Female,1995-01-01,customer1588@mail.com,9900001588,Jaipur,State,India,2024-01-01
CUST01589,Customer 1589,Male,1995-01-01,customer1589@mail.com,9900001589,Ahmedabad,State,India,2024-01-01
CUST01590,Customer 1590,Female,1995-01-01,customer1590@mail.com,9900001590,Hyderabad,State,India,2024-01-01
CUST01591,Customer 1591,Male,1995-01-01,customer1591@mail.com,9900001591,Bengaluru,State,India,2024-01-01
CUST01592,Customer 1592,Female,1995-01-01,customer1592@mail.com,9900001592,Chennai,State,India,2024-01-01
CUST01593,Customer 1593,Male,1995-01-01,customer1593@mail.com,9900001593,Mumbai,State,India,2024-01-01
CUST01594,Customer 1594,Female,1995-01-01,customer1594@mail.com,9900001594,Delhi,State,India,2024-01-01
CUST01595,Customer 1595,Male,1995-01-01,customer1595@mail.com,9900001595,Pune,State,India,2024-01-01
CUST01596,Customer 1596,Female,1995-01-01,customer1596@mail.com,9900001596,Vijayawada,State,India,2024-01-01
CUST01597,Customer 1597,Male,1995-01-01,customer1597@mail.com,9900001597,Visakhapatnam,State,India,2024-01-01
CUST01598,Customer 1598,Female,1995-01-01,customer1598@mail.com,9900001598,Jaipur,State,India,2024-01-01
CUST01599,Customer 1599,Male,1995-01-01,customer1599@mail.com,9900001599,Ahmedabad,State,India,2024-01-01
CUST01600,Customer 1600,Female,1995-01-01,customer1600@mail.com,9900001600,Hyderabad,State,India,2024-01-01
CUST01601,Customer 1601,Male,1995-01-01,customer1601@mail.com,9900001601,Bengaluru,State,India,2024-01-01
CUST01602,Customer 1602,Female,1995-01-01,customer1602@mail.com,9900001602,Chennai,State,India,2024-01-01
CUST01603,Customer 1603,Male,1995-01-01,customer1603@mail.com,9900001603,Mumbai,State,India,2024-01-01
CUST01604,Customer 1604,Female,1995-01-01,customer1604@mail.com,9900001604,Delhi,State,India,2024-01-01
CUST01605,Customer 1605,Male,1995-01-01,customer1605@mail.com,9900001605,Pune,State,India,2024-01-01
CUST01606,Customer 1606,Female,1995-01-01,customer1606@mail.com,9900001606,Vijayawada,State,India,2024-01-01
CUST01607,Customer 1607,Male,1995-01-01,customer1607@mail.com,9900001607,Visakhapatnam,State,India,2024-01-01
CUST01608,Customer 1608,Female,1995-01-01,customer1608@mail.com,9900001608,Jaipur,State,India,2024-01-01
CUST01609,Customer 1609,Male,1995-01-01,customer1609@mail.com,9900001609,Ahmedabad,State,India,2024-01-01
CUST01610,Customer 1610,Female,1995-01-01,customer1610@mail.com,9900001610,Hyderabad,State,India,2024-01-01
CUST01611,Customer 1611,Male,1995-01-01,customer1611@mail.com,9900001611,Bengaluru,State,India,2024-01-01
CUST01612,Customer 1612,Female,1995-01-01,customer1612@mail.com,9900001612,Chennai,State,India,2024-01-01
CUST01613,Customer 1613,Male,1995-01-01,customer1613@mail.com,9900001613,Mumbai,State,India,2024-01-01
CUST01614,Customer 1614,Female,1995-01-01,customer1614@mail.com,9900001614,Delhi,State,India,2024-01-01
CUST01615,Customer 1615,Male,1995-01-01,customer1615@mail.com,9900001615,Pune,State,India,2024-01-01
CUST01616,Customer 1616,Female,1995-01-01,customer1616@mail.com,9900001616,Vijayawada,State,India,2024-01-01
CUST01617,Customer 1617,Male,1995-01-01,customer1617@mail.com,9900001617,Visakhapatnam,State,India,2024-01-01
CUST01618,Customer 1618,Female,1995-01-01,customer1618@mail.com,9900001618,Jaipur,State,India,2024-01-01
CUST01619,Customer 1619,Male,1995-01-01,customer1619@mail.com,9900001619,Ahmedabad,State,India,2024-01-01
CUST01620,Customer 1620,Female,1995-01-01,customer1620@mail.com,9900001620,Hyderabad,State,India,2024-01-01
CUST01621,Customer 1621,Male,1995-01-01,customer1621@mail.com,9900001621,Bengaluru,State,India,2024-01-01
CUST01622,Customer 1622,Female,1995-01-01,customer1622@mail.com,9900001622,Chennai,State,India,2024-01-01
CUST01623,Customer 1623,Male,1995-01-01,customer1623@mail.com,9900001623,Mumbai,State,India,2024-01-01
CUST01624,Customer 1624,Female,1995-01-01,customer1624@mail.com,9900001624,Delhi,State,India,2024-01-01
CUST01625,Customer 1625,Male,1995-01-01,customer1625@mail.com,9900001625,Pune,State,India,2024-01-01
CUST01626,Customer 1626,Female,1995-01-01,customer1626@mail.com,9900001626,Vijayawada,State,India,2024-01-01
CUST01627,Customer 1627,Male,1995-01-01,customer1627@mail.com,9900001627,Visakhapatnam,State,India,2024-01-01
CUST01628,Customer 1628,Female,1995-01-01,customer1628@mail.com,9900001628,Jaipur,State,India,2024-01-01
CUST01629,Customer 1629,Male,1995-01-01,customer1629@mail.com,9900001629,Ahmedabad,State,India,2024-01-01
CUST01630,Customer 1630,Female,1995-01-01,customer1630@mail.com,9900001630,Hyderabad,State,India,2024-01-01
CUST01631,Customer 1631,Male,1995-01-01,customer1631@mail.com,9900001631,Bengaluru,State,India,2024-01-01
CUST01632,Customer 1632,Female,1995-01-01,customer1632@mail.com,9900001632,Chennai,State,India,2024-01-01
CUST01633,Customer 1633,Male,1995-01-01,customer1633@mail.com,9900001633,Mumbai,State,India,2024-01-01
CUST01634,Customer 1634,Female,1995-01-01,customer1634@mail.com,9900001634,Delhi,State,India,2024-01-01
CUST01635,Customer 1635,Male,1995-01-01,customer1635@mail.com,9900001635,Pune,State,India,2024-01-01
CUST01636,Customer 1636,Female,1995-01-01,customer1636@mail.com,9900001636,Vijayawada,State,India,2024-01-01
CUST01637,Customer 1637,Male,1995-01-01,customer1637@mail.com,9900001637,Visakhapatnam,State,India,2024-01-01
CUST01638,Customer 1638,Female,1995-01-01,customer1638@mail.com,9900001638,Jaipur,State,India,2024-01-01
CUST01639,Customer 1639,Male,1995-01-01,customer1639@mail.com,9900001639,Ahmedabad,State,India,2024-01-01
CUST01640,Customer 1640,Female,1995-01-01,customer1640@mail.com,9900001640,Hyderabad,State,India,2024-01-01
CUST01641,Customer 1641,Male,1995-01-01,customer1641@mail.com,9900001641,Bengaluru,State,India,2024-01-01
CUST01642,Customer 1642,Female,1995-01-01,customer1642@mail.com,9900001642,Chennai,State,India,2024-01-01
CUST01643,Customer 1643,Male,1995-01-01,customer1643@mail.com,9900001643,Mumbai,State,India,2024-01-01
CUST01644,Customer 1644,Female,1995-01-01,customer1644@mail.com,9900001644,Delhi,State,India,2024-01-01
CUST01645,Customer 1645,Male,1995-01-01,customer1645@mail.com,9900001645,Pune,State,India,2024-01-01
CUST01646,Customer 1646,Female,1995-01-01,customer1646@mail.com,9900001646,Vijayawada,State,India,2024-01-01
CUST01647,Customer 1647,Male,1995-01-01,customer1647@mail.com,9900001647,Visakhapatnam,State,India,2024-01-01
CUST01648,Customer 1648,Female,1995-01-01,customer1648@mail.com,9900001648,Jaipur,State,India,2024-01-01
CUST01649,Customer 1649,Male,1995-01-01,customer1649@mail.com,9900001649,Ahmedabad,State,India,2024-01-01
CUST01650,Customer 1650,Female,1995-01-01,customer1650@mail.com,9900001650,Hyderabad,State,India,2024-01-01
CUST01651,Customer 1651,Male,1995-01-01,customer1651@mail.com,9900001651,Bengaluru,State,India,2024-01-01
CUST01652,Customer 1652,Female,1995-01-01,customer1652@mail.com,9900001652,Chennai,State,India,2024-01-01
CUST01653,Customer 1653,Male,1995-01-01,customer1653@mail.com,9900001653,Mumbai,State,India,2024-01-01
CUST01654,Customer 1654,Female,1995-01-01,customer1654@mail.com,9900001654,Delhi,State,India,2024-01-01
CUST01655,Customer 1655,Male,1995-01-01,customer1655@mail.com,9900001655,Pune,State,India,2024-01-01
CUST01656,Customer 1656,Female,1995-01-01,customer1656@mail.com,9900001656,Vijayawada,State,India,2024-01-01
CUST01657,Customer 1657,Male,1995-01-01,customer1657@mail.com,9900001657,Visakhapatnam,State,India,2024-01-01
CUST01658,Customer 1658,Female,1995-01-01,customer1658@mail.com,9900001658,Jaipur,State,India,2024-01-01
CUST01659,Customer 1659,Male,1995-01-01,customer1659@mail.com,9900001659,Ahmedabad,State,India,2024-01-01
CUST01660,Customer 1660,Female,1995-01-01,customer1660@mail.com,9900001660,Hyderabad,State,India,2024-01-01
CUST01661,Customer 1661,Male,1995-01-01,customer1661@mail.com,9900001661,Bengaluru,State,India,2024-01-01
CUST01662,Customer 1662,Female,1995-01-01,customer1662@mail.com,9900001662,Chennai,State,India,2024-01-01
CUST01663,Customer 1663,Male,1995-01-01,customer1663@mail.com,9900001663,Mumbai,State,India,2024-01-01
CUST01664,Customer 1664,Female,1995-01-01,customer1664@mail.com,9900001664,Delhi,State,India,2024-01-01
CUST01665,Customer 1665,Male,1995-01-01,customer1665@mail.com,9900001665,Pune,State,India,2024-01-01
CUST01666,Customer 1666,Female,1995-01-01,customer1666@mail.com,9900001666,Vijayawada,State,India,2024-01-01
CUST01667,Customer 1667,Male,1995-01-01,customer1667@mail.com,9900001667,Visakhapatnam,State,India,2024-01-01
CUST01668,Customer 1668,Female,1995-01-01,customer1668@mail.com,9900001668,Jaipur,State,India,2024-01-01
CUST01669,Customer 1669,Male,1995-01-01,customer1669@mail.com,9900001669,Ahmedabad,State,India,2024-01-01
CUST01670,Customer 1670,Female,1995-01-01,customer1670@mail.com,9900001670,Hyderabad,State,India,2024-01-01
CUST01671,Customer 1671,Male,1995-01-01,customer1671@mail.com,9900001671,Bengaluru,State,India,2024-01-01
CUST01672,Customer 1672,Female,1995-01-01,customer1672@mail.com,9900001672,Chennai,State,India,2024-01-01
CUST01673,Customer 1673,Male,1995-01-01,customer1673@mail.com,9900001673,Mumbai,State,India,2024-01-01
CUST01674,Customer 1674,Female,1995-01-01,customer1674@mail.com,9900001674,Delhi,State,India,2024-01-01
CUST01675,Customer 1675,Male,1995-01-01,customer1675@mail.com,9900001675,Pune,State,India,2024-01-01
CUST01676,Customer 1676,Female,1995-01-01,customer1676@mail.com,9900001676,Vijayawada,State,India,2024-01-01
CUST01677,Customer 1677,Male,1995-01-01,customer1677@mail.com,9900001677,Visakhapatnam,State,India,2024-01-01
CUST01678,Customer 1678,Female,1995-01-01,customer1678@mail.com,9900001678,Jaipur,State,India,2024-01-01
CUST01679,Customer 1679,Male,1995-01-01,customer1679@mail.com,9900001679,Ahmedabad,State,India,2024-01-01
CUST01680,Customer 1680,Female,1995-01-01,customer1680@mail.com,9900001680,Hyderabad,State,India,2024-01-01
CUST01681,Customer 1681,Male,1995-01-01,customer1681@mail.com,9900001681,Bengaluru,State,India,2024-01-01
CUST01682,Customer 1682,Female,1995-01-01,customer1682@mail.com,9900001682,Chennai,State,India,2024-01-01
CUST01683,Customer 1683,Male,1995-01-01,customer1683@mail.com,9900001683,Mumbai,State,India,2024-01-01
CUST01684,Customer 1684,Female,1995-01-01,customer1684@mail.com,9900001684,Delhi,State,India,2024-01-01
CUST01685,Customer 1685,Male,1995-01-01,customer1685@mail.com,9900001685,Pune,State,India,2024-01-01
CUST01686,Customer 1686,Female,1995-01-01,customer1686@mail.com,9900001686,Vijayawada,State,India,2024-01-01
CUST01687,Customer 1687,Male,1995-01-01,customer1687@mail.com,9900001687,Visakhapatnam,State,India,2024-01-01
CUST01688,Customer 1688,Female,1995-01-01,customer1688@mail.com,9900001688,Jaipur,State,India,2024-01-01
CUST01689,Customer 1689,Male,1995-01-01,customer1689@mail.com,9900001689,Ahmedabad,State,India,2024-01-01
CUST01690,Customer 1690,Female,1995-01-01,customer1690@mail.com,9900001690,Hyderabad,State,India,2024-01-01
CUST01691,Customer 1691,Male,1995-01-01,customer1691@mail.com,9900001691,Bengaluru,State,India,2024-01-01
CUST01692,Customer 1692,Female,1995-01-01,customer1692@mail.com,9900001692,Chennai,State,India,2024-01-01
CUST01693,Customer 1693,Male,1995-01-01,customer1693@mail.com,9900001693,Mumbai,State,India,2024-01-01
CUST01694,Customer 1694,Female,1995-01-01,customer1694@mail.com,9900001694,Delhi,State,India,2024-01-01
CUST01695,Customer 1695,Male,1995-01-01,customer1695@mail.com,9900001695,Pune,State,India,2024-01-01
CUST01696,Customer 1696,Female,1995-01-01,customer1696@mail.com,9900001696,Vijayawada,State,India,2024-01-01
CUST01697,Customer 1697,Male,1995-01-01,customer1697@mail.com,9900001697,Visakhapatnam,State,India,2024-01-01
CUST01698,Customer 1698,Female,1995-01-01,customer1698@mail.com,9900001698,Jaipur,State,India,2024-01-01
CUST01699,Customer 1699,Male,1995-01-01,customer1699@mail.com,9900001699,Ahmedabad,State,India,2024-01-01
CUST01700,Customer 1700,Female,1995-01-01,customer1700@mail.com,9900001700,Hyderabad,State,India,2024-01-01
CUST01701,Customer 1701,Male,1995-01-01,customer1701@mail.com,9900001701,Bengaluru,State,India,2024-01-01
CUST01702,Customer 1702,Female,1995-01-01,customer1702@mail.com,9900001702,Chennai,State,India,2024-01-01
CUST01703,Customer 1703,Male,1995-01-01,customer1703@mail.com,9900001703,Mumbai,State,India,2024-01-01
CUST01704,Customer 1704,Female,1995-01-01,customer1704@mail.com,9900001704,Delhi,State,India,2024-01-01
CUST01705,Customer 1705,Male,1995-01-01,customer1705@mail.com,9900001705,Pune,State,India,2024-01-01
CUST01706,Customer 1706,Female,1995-01-01,customer1706@mail.com,9900001706,Vijayawada,State,India,2024-01-01
CUST01707,Customer 1707,Male,1995-01-01,customer1707@mail.com,9900001707,Visakhapatnam,State,India,2024-01-01
CUST01708,Customer 1708,Female,1995-01-01,customer1708@mail.com,9900001708,Jaipur,State,India,2024-01-01
CUST01709,Customer 1709,Male,1995-01-01,customer1709@mail.com,9900001709,Ahmedabad,State,India,2024-01-01
CUST01710,Customer 1710,Female,1995-01-01,customer1710@mail.com,9900001710,Hyderabad,State,India,2024-01-01
CUST01711,Customer 1711,Male,1995-01-01,customer1711@mail.com,9900001711,Bengaluru,State,India,2024-01-01
CUST01712,Customer 1712,Female,1995-01-01,customer1712@mail.com,9900001712,Chennai,State,India,2024-01-01
CUST01713,Customer 1713,Male,1995-01-01,customer1713@mail.com,9900001713,Mumbai,State,India,2024-01-01
CUST01714,Customer 1714,Female,1995-01-01,customer1714@mail.com,9900001714,Delhi,State,India,2024-01-01
CUST01715,Customer 1715,Male,1995-01-01,customer1715@mail.com,9900001715,Pune,State,India,2024-01-01
CUST01716,Customer 1716,Female,1995-01-01,customer1716@mail.com,9900001716,Vijayawada,State,India,2024-01-01
CUST01717,Customer 1717,Male,1995-01-01,customer1717@mail.com,9900001717,Visakhapatnam,State,India,2024-01-01
CUST01718,Customer 1718,Female,1995-01-01,customer1718@mail.com,9900001718,Jaipur,State,India,2024-01-01
CUST01719,Customer 1719,Male,1995-01-01,customer1719@mail.com,9900001719,Ahmedabad,State,India,2024-01-01
CUST01720,Customer 1720,Female,1995-01-01,customer1720@mail.com,9900001720,Hyderabad,State,India,2024-01-01
CUST01721,Customer 1721,Male,1995-01-01,customer1721@mail.com,9900001721,Bengaluru,State,India,2024-01-01
CUST01722,Customer 1722,Female,1995-01-01,customer1722@mail.com,9900001722,Chennai,State,India,2024-01-01
CUST01723,Customer 1723,Male,1995-01-01,customer1723@mail.com,9900001723,Mumbai,State,India,2024-01-01
CUST01724,Customer 1724,Female,1995-01-01,customer1724@mail.com,9900001724,Delhi,State,India,2024-01-01
CUST01725,Customer 1725,Male,1995-01-01,customer1725@mail.com,9900001725,Pune,State,India,2024-01-01
CUST01726,Customer 1726,Female,1995-01-01,customer1726@mail.com,9900001726,Vijayawada,State,India,2024-01-01
CUST01727,Customer 1727,Male,1995-01-01,customer1727@mail.com,9900001727,Visakhapatnam,State,India,2024-01-01
CUST01728,Customer 1728,Female,1995-01-01,customer1728@mail.com,9900001728,Jaipur,State,India,2024-01-01
CUST01729,Customer 1729,Male,1995-01-01,customer1729@mail.com,9900001729,Ahmedabad,State,India,2024-01-01
CUST01730,Customer 1730,Female,1995-01-01,customer1730@mail.com,9900001730,Hyderabad,State,India,2024-01-01
CUST01731,Customer 1731,Male,1995-01-01,customer1731@mail.com,9900001731,Bengaluru,State,India,2024-01-01
CUST01732,Customer 1732,Female,1995-01-01,customer1732@mail.com,9900001732,Chennai,State,India,2024-01-01
CUST01733,Customer 1733,Male,1995-01-01,customer1733@mail.com,9900001733,Mumbai,State,India,2024-01-01
CUST01734,Customer 1734,Female,1995-01-01,customer1734@mail.com,9900001734,Delhi,State,India,2024-01-01
CUST01735,Customer 1735,Male,1995-01-01,customer1735@mail.com,9900001735,Pune,State,India,2024-01-01
CUST01736,Customer 1736,Female,1995-01-01,customer1736@mail.com,9900001736,Vijayawada,State,India,2024-01-01
CUST01737,Customer 1737,Male,1995-01-01,customer1737@mail.com,9900001737,Visakhapatnam,State,India,2024-01-01
CUST01738,Customer 1738,Female,1995-01-01,customer1738@mail.com,9900001738,Jaipur,State,India,2024-01-01
CUST01739,Customer 1739,Male,1995-01-01,customer1739@mail.com,9900001739,Ahmedabad,State,India,2024-01-01
CUST01740,Customer 1740,Female,1995-01-01,customer1740@mail.com,9900001740,Hyderabad,State,India,2024-01-01
CUST01741,Customer 1741,Male,1995-01-01,customer1741@mail.com,9900001741,Bengaluru,State,India,2024-01-01
CUST01742,Customer 1742,Female,1995-01-01,customer1742@mail.com,9900001742,Chennai,State,India,2024-01-01
CUST01743,Customer 1743,Male,1995-01-01,customer1743@mail.com,9900001743,Mumbai,State,India,2024-01-01
CUST01744,Customer 1744,Female,1995-01-01,customer1744@mail.com,9900001744,Delhi,State,India,2024-01-01
CUST01745,Customer 1745,Male,1995-01-01,customer1745@mail.com,9900001745,Pune,State,India,2024-01-01
CUST01746,Customer 1746,Female,1995-01-01,customer1746@mail.com,9900001746,Vijayawada,State,India,2024-01-01
CUST01747,Customer 1747,Male,1995-01-01,customer1747@mail.com,9900001747,Visakhapatnam,State,India,2024-01-01
CUST01748,Customer 1748,Female,1995-01-01,customer1748@mail.com,9900001748,Jaipur,State,India,2024-01-01
CUST01749,Customer 1749,Male,1995-01-01,customer1749@mail.com,9900001749,Ahmedabad,State,India,2024-01-01
CUST01750,Customer 1750,Female,1995-01-01,customer1750@mail.com,9900001750,Hyderabad,State,India,2024-01-01
CUST01751,Customer 1751,Male,1995-01-01,customer1751@mail.com,9900001751,Bengaluru,State,India,2024-01-01
CUST01752,Customer 1752,Female,1995-01-01,customer1752@mail.com,9900001752,Chennai,State,India,2024-01-01
CUST01753,Customer 1753,Male,1995-01-01,customer1753@mail.com,9900001753,Mumbai,State,India,2024-01-01
CUST01754,Customer 1754,Female,1995-01-01,customer1754@mail.com,9900001754,Delhi,State,India,2024-01-01
CUST01755,Customer 1755,Male,1995-01-01,customer1755@mail.com,9900001755,Pune,State,India,2024-01-01
CUST01756,Customer 1756,Female,1995-01-01,customer1756@mail.com,9900001756,Vijayawada,State,India,2024-01-01
CUST01757,Customer 1757,Male,1995-01-01,customer1757@mail.com,9900001757,Visakhapatnam,State,India,2024-01-01
CUST01758,Customer 1758,Female,1995-01-01,customer1758@mail.com,9900001758,Jaipur,State,India,2024-01-01
CUST01759,Customer 1759,Male,1995-01-01,customer1759@mail.com,9900001759,Ahmedabad,State,India,2024-01-01
CUST01760,Customer 1760,Female,1995-01-01,customer1760@mail.com,9900001760,Hyderabad,State,India,2024-01-01
CUST01761,Customer 1761,Male,1995-01-01,customer1761@mail.com,9900001761,Bengaluru,State,India,2024-01-01
CUST01762,Customer 1762,Female,1995-01-01,customer1762@mail.com,9900001762,Chennai,State,India,2024-01-01
CUST01763,Customer 1763,Male,1995-01-01,customer1763@mail.com,9900001763,Mumbai,State,India,2024-01-01
CUST01764,Customer 1764,Female,1995-01-01,customer1764@mail.com,9900001764,Delhi,State,India,2024-01-01
CUST01765,Customer 1765,Male,1995-01-01,customer1765@mail.com,9900001765,Pune,State,India,2024-01-01
CUST01766,Customer 1766,Female,1995-01-01,customer1766@mail.com,9900001766,Vijayawada,State,India,2024-01-01
CUST01767,Customer 1767,Male,1995-01-01,customer1767@mail.com,9900001767,Visakhapatnam,State,India,2024-01-01
CUST01768,Customer 1768,Female,1995-01-01,customer1768@mail.com,9900001768,Jaipur,State,India,2024-01-01
CUST01769,Customer 1769,Male,1995-01-01,customer1769@mail.com,9900001769,Ahmedabad,State,India,2024-01-01
CUST01770,Customer 1770,Female,1995-01-01,customer1770@mail.com,9900001770,Hyderabad,State,India,2024-01-01
CUST01771,Customer 1771,Male,1995-01-01,customer1771@mail.com,9900001771,Bengaluru,State,India,2024-01-01
CUST01772,Customer 1772,Female,1995-01-01,customer1772@mail.com,9900001772,Chennai,State,India,2024-01-01
CUST01773,Customer 1773,Male,1995-01-01,customer1773@mail.com,9900001773,Mumbai,State,India,2024-01-01
CUST01774,Customer 1774,Female,1995-01-01,customer1774@mail.com,9900001774,Delhi,State,India,2024-01-01
CUST01775,Customer 1775,Male,1995-01-01,customer1775@mail.com,9900001775,Pune,State,India,2024-01-01
CUST01776,Customer 1776,Female,1995-01-01,customer1776@mail.com,9900001776,Vijayawada,State,India,2024-01-01
CUST01777,Customer 1777,Male,1995-01-01,customer1777@mail.com,9900001777,Visakhapatnam,State,India,2024-01-01
CUST01778,Customer 1778,Female,1995-01-01,customer1778@mail.com,9900001778,Jaipur,State,India,2024-01-01
CUST01779,Customer 1779,Male,1995-01-01,customer1779@mail.com,9900001779,Ahmedabad,State,India,2024-01-01
CUST01780,Customer 1780,Female,1995-01-01,customer1780@mail.com,9900001780,Hyderabad,State,India,2024-01-01
CUST01781,Customer 1781,Male,1995-01-01,customer1781@mail.com,9900001781,Bengaluru,State,India,2024-01-01
CUST01782,Customer 1782,Female,1995-01-01,customer1782@mail.com,9900001782,Chennai,State,India,2024-01-01
CUST01783,Customer 1783,Male,1995-01-01,customer1783@mail.com,9900001783,Mumbai,State,India,2024-01-01
CUST01784,Customer 1784,Female,1995-01-01,customer1784@mail.com,9900001784,Delhi,State,India,2024-01-01
CUST01785,Customer 1785,Male,1995-01-01,customer1785@mail.com,9900001785,Pune,State,India,2024-01-01
CUST01786,Customer 1786,Female,1995-01-01,customer1786@mail.com,9900001786,Vijayawada,State,India,2024-01-01
CUST01787,Customer 1787,Male,1995-01-01,customer1787@mail.com,9900001787,Visakhapatnam,State,India,2024-01-01
CUST01788,Customer 1788,Female,1995-01-01,customer1788@mail.com,9900001788,Jaipur,State,India,2024-01-01
CUST01789,Customer 1789,Male,1995-01-01,customer1789@mail.com,9900001789,Ahmedabad,State,India,2024-01-01
CUST01790,Customer 1790,Female,1995-01-01,customer1790@mail.com,9900001790,Hyderabad,State,India,2024-01-01
CUST01791,Customer 1791,Male,1995-01-01,customer1791@mail.com,9900001791,Bengaluru,State,India,2024-01-01
CUST01792,Customer 1792,Female,1995-01-01,customer1792@mail.com,9900001792,Chennai,State,India,2024-01-01
CUST01793,Customer 1793,Male,1995-01-01,customer1793@mail.com,9900001793,Mumbai,State,India,2024-01-01
CUST01794,Customer 1794,Female,1995-01-01,customer1794@mail.com,9900001794,Delhi,State,India,2024-01-01
CUST01795,Customer 1795,Male,1995-01-01,customer1795@mail.com,9900001795,Pune,State,India,2024-01-01
CUST01796,Customer 1796,Female,1995-01-01,customer1796@mail.com,9900001796,Vijayawada,State,India,2024-01-01
CUST01797,Customer 1797,Male,1995-01-01,customer1797@mail.com,9900001797,Visakhapatnam,State,India,2024-01-01
CUST01798,Customer 1798,Female,1995-01-01,customer1798@mail.com,9900001798,Jaipur,State,India,2024-01-01
CUST01799,Customer 1799,Male,1995-01-01,customer1799@mail.com,9900001799,Ahmedabad,State,India,2024-01-01
CUST01800,Customer 1800,Female,1995-01-01,customer1800@mail.com,9900001800,Hyderabad,State,India,2024-01-01
CUST01801,Customer 1801,Male,1995-01-01,customer1801@mail.com,9900001801,Bengaluru,State,India,2024-01-01
CUST01802,Customer 1802,Female,1995-01-01,customer1802@mail.com,9900001802,Chennai,State,India,2024-01-01
CUST01803,Customer 1803,Male,1995-01-01,customer1803@mail.com,9900001803,Mumbai,State,India,2024-01-01
CUST01804,Customer 1804,Female,1995-01-01,customer1804@mail.com,9900001804,Delhi,State,India,2024-01-01
CUST01805,Customer 1805,Male,1995-01-01,customer1805@mail.com,9900001805,Pune,State,India,2024-01-01
CUST01806,Customer 1806,Female,1995-01-01,customer1806@mail.com,9900001806,Vijayawada,State,India,2024-01-01
CUST01807,Customer 1807,Male,1995-01-01,customer1807@mail.com,9900001807,Visakhapatnam,State,India,2024-01-01
CUST01808,Customer 1808,Female,1995-01-01,customer1808@mail.com,9900001808,Jaipur,State,India,2024-01-01
CUST01809,Customer 1809,Male,1995-01-01,customer1809@mail.com,9900001809,Ahmedabad,State,India,2024-01-01
CUST01810,Customer 1810,Female,1995-01-01,customer1810@mail.com,9900001810,Hyderabad,State,India,2024-01-01
CUST01811,Customer 1811,Male,1995-01-01,customer1811@mail.com,9900001811,Bengaluru,State,India,2024-01-01
CUST01812,Customer 1812,Female,1995-01-01,customer1812@mail.com,9900001812,Chennai,State,India,2024-01-01
CUST01813,Customer 1813,Male,1995-01-01,customer1813@mail.com,9900001813,Mumbai,State,India,2024-01-01
CUST01814,Customer 1814,Female,1995-01-01,customer1814@mail.com,9900001814,Delhi,State,India,2024-01-01
CUST01815,Customer 1815,Male,1995-01-01,customer1815@mail.com,9900001815,Pune,State,India,2024-01-01
CUST01816,Customer 1816,Female,1995-01-01,customer1816@mail.com,9900001816,Vijayawada,State,India,2024-01-01
CUST01817,Customer 1817,Male,1995-01-01,customer1817@mail.com,9900001817,Visakhapatnam,State,India,2024-01-01
CUST01818,Customer 1818,Female,1995-01-01,customer1818@mail.com,9900001818,Jaipur,State,India,2024-01-01
CUST01819,Customer 1819,Male,1995-01-01,customer1819@mail.com,9900001819,Ahmedabad,State,India,2024-01-01
CUST01820,Customer 1820,Female,1995-01-01,customer1820@mail.com,9900001820,Hyderabad,State,India,2024-01-01
CUST01821,Customer 1821,Male,1995-01-01,customer1821@mail.com,9900001821,Bengaluru,State,India,2024-01-01
CUST01822,Customer 1822,Female,1995-01-01,customer1822@mail.com,9900001822,Chennai,State,India,2024-01-01
CUST01823,Customer 1823,Male,1995-01-01,customer1823@mail.com,9900001823,Mumbai,State,India,2024-01-01
CUST01824,Customer 1824,Female,1995-01-01,customer1824@mail.com,9900001824,Delhi,State,India,2024-01-01
CUST01825,Customer 1825,Male,1995-01-01,customer1825@mail.com,9900001825,Pune,State,India,2024-01-01
CUST01826,Customer 1826,Female,1995-01-01,customer1826@mail.com,9900001826,Vijayawada,State,India,2024-01-01
CUST01827,Customer 1827,Male,1995-01-01,customer1827@mail.com,9900001827,Visakhapatnam,State,India,2024-01-01
CUST01828,Customer 1828,Female,1995-01-01,customer1828@mail.com,9900001828,Jaipur,State,India,2024-01-01
CUST01829,Customer 1829,Male,1995-01-01,customer1829@mail.com,9900001829,Ahmedabad,State,India,2024-01-01
CUST01830,Customer 1830,Female,1995-01-01,customer1830@mail.com,9900001830,Hyderabad,State,India,2024-01-01
CUST01831,Customer 1831,Male,1995-01-01,customer1831@mail.com,9900001831,Bengaluru,State,India,2024-01-01
CUST01832,Customer 1832,Female,1995-01-01,customer1832@mail.com,9900001832,Chennai,State,India,2024-01-01
CUST01833,Customer 1833,Male,1995-01-01,customer1833@mail.com,9900001833,Mumbai,State,India,2024-01-01
CUST01834,Customer 1834,Female,1995-01-01,customer1834@mail.com,9900001834,Delhi,State,India,2024-01-01
CUST01835,Customer 1835,Male,1995-01-01,customer1835@mail.com,9900001835,Pune,State,India,2024-01-01
CUST01836,Customer 1836,Female,1995-01-01,customer1836@mail.com,9900001836,Vijayawada,State,India,2024-01-01
CUST01837,Customer 1837,Male,1995-01-01,customer1837@mail.com,9900001837,Visakhapatnam,State,India,2024-01-01
CUST01838,Customer 1838,Female,1995-01-01,customer1838@mail.com,9900001838,Jaipur,State,India,2024-01-01
CUST01839,Customer 1839,Male,1995-01-01,customer1839@mail.com,9900001839,Ahmedabad,State,India,2024-01-01
CUST01840,Customer 1840,Female,1995-01-01,customer1840@mail.com,9900001840,Hyderabad,State,India,2024-01-01
CUST01841,Customer 1841,Male,1995-01-01,customer1841@mail.com,9900001841,Bengaluru,State,India,2024-01-01
CUST01842,Customer 1842,Female,1995-01-01,customer1842@mail.com,9900001842,Chennai,State,India,2024-01-01
CUST01843,Customer 1843,Male,1995-01-01,customer1843@mail.com,9900001843,Mumbai,State,India,2024-01-01
CUST01844,Customer 1844,Female,1995-01-01,customer1844@mail.com,9900001844,Delhi,State,India,2024-01-01
CUST01845,Customer 1845,Male,1995-01-01,customer1845@mail.com,9900001845,Pune,State,India,2024-01-01
CUST01846,Customer 1846,Female,1995-01-01,customer1846@mail.com,9900001846,Vijayawada,State,India,2024-01-01
CUST01847,Customer 1847,Male,1995-01-01,customer1847@mail.com,9900001847,Visakhapatnam,State,India,2024-01-01
CUST01848,Customer 1848,Female,1995-01-01,customer1848@mail.com,9900001848,Jaipur,State,India,2024-01-01
CUST01849,Customer 1849,Male,1995-01-01,customer1849@mail.com,9900001849,Ahmedabad,State,India,2024-01-01
CUST01850,Customer 1850,Female,1995-01-01,customer1850@mail.com,9900001850,Hyderabad,State,India,2024-01-01
CUST01851,Customer 1851,Male,1995-01-01,customer1851@mail.com,9900001851,Bengaluru,State,India,2024-01-01
CUST01852,Customer 1852,Female,1995-01-01,customer1852@mail.com,9900001852,Chennai,State,India,2024-01-01
CUST01853,Customer 1853,Male,1995-01-01,customer1853@mail.com,9900001853,Mumbai,State,India,2024-01-01
CUST01854,Customer 1854,Female,1995-01-01,customer1854@mail.com,9900001854,Delhi,State,India,2024-01-01
CUST01855,Customer 1855,Male,1995-01-01,customer1855@mail.com,9900001855,Pune,State,India,2024-01-01
CUST01856,Customer 1856,Female,1995-01-01,customer1856@mail.com,9900001856,Vijayawada,State,India,2024-01-01
CUST01857,Customer 1857,Male,1995-01-01,customer1857@mail.com,9900001857,Visakhapatnam,State,India,2024-01-01
CUST01858,Customer 1858,Female,1995-01-01,customer1858@mail.com,9900001858,Jaipur,State,India,2024-01-01
CUST01859,Customer 1859,Male,1995-01-01,customer1859@mail.com,9900001859,Ahmedabad,State,India,2024-01-01
CUST01860,Customer 1860,Female,1995-01-01,customer1860@mail.com,9900001860,Hyderabad,State,India,2024-01-01
CUST01861,Customer 1861,Male,1995-01-01,customer1861@mail.com,9900001861,Bengaluru,State,India,2024-01-01
CUST01862,Customer 1862,Female,1995-01-01,customer1862@mail.com,9900001862,Chennai,State,India,2024-01-01
CUST01863,Customer 1863,Male,1995-01-01,customer1863@mail.com,9900001863,Mumbai,State,India,2024-01-01
CUST01864,Customer 1864,Female,1995-01-01,customer1864@mail.com,9900001864,Delhi,State,India,2024-01-01
CUST01865,Customer 1865,Male,1995-01-01,customer1865@mail.com,9900001865,Pune,State,India,2024-01-01
CUST01866,Customer 1866,Female,1995-01-01,customer1866@mail.com,9900001866,Vijayawada,State,India,2024-01-01
CUST01867,Customer 1867,Male,1995-01-01,customer1867@mail.com,9900001867,Visakhapatnam,State,India,2024-01-01
CUST01868,Customer 1868,Female,1995-01-01,customer1868@mail.com,9900001868,Jaipur,State,India,2024-01-01
CUST01869,Customer 1869,Male,1995-01-01,customer1869@mail.com,9900001869,Ahmedabad,State,India,2024-01-01
CUST01870,Customer 1870,Female,1995-01-01,customer1870@mail.com,9900001870,Hyderabad,State,India,2024-01-01
CUST01871,Customer 1871,Male,1995-01-01,customer1871@mail.com,9900001871,Bengaluru,State,India,2024-01-01
CUST01872,Customer 1872,Female,1995-01-01,customer1872@mail.com,9900001872,Chennai,State,India,2024-01-01
CUST01873,Customer 1873,Male,1995-01-01,customer1873@mail.com,9900001873,Mumbai,State,India,2024-01-01
CUST01874,Customer 1874,Female,1995-01-01,customer1874@mail.com,9900001874,Delhi,State,India,2024-01-01
CUST01875,Customer 1875,Male,1995-01-01,customer1875@mail.com,9900001875,Pune,State,India,2024-01-01
CUST01876,Customer 1876,Female,1995-01-01,customer1876@mail.com,9900001876,Vijayawada,State,India,2024-01-01
CUST01877,Customer 1877,Male,1995-01-01,customer1877@mail.com,9900001877,Visakhapatnam,State,India,2024-01-01
CUST01878,Customer 1878,Female,1995-01-01,customer1878@mail.com,9900001878,Jaipur,State,India,2024-01-01
CUST01879,Customer 1879,Male,1995-01-01,customer1879@mail.com,9900001879,Ahmedabad,State,India,2024-01-01
CUST01880,Customer 1880,Female,1995-01-01,customer1880@mail.com,9900001880,Hyderabad,State,India,2024-01-01
CUST01881,Customer 1881,Male,1995-01-01,customer1881@mail.com,9900001881,Bengaluru,State,India,2024-01-01
CUST01882,Customer 1882,Female,1995-01-01,customer1882@mail.com,9900001882,Chennai,State,India,2024-01-01
CUST01883,Customer 1883,Male,1995-01-01,customer1883@mail.com,9900001883,Mumbai,State,India,2024-01-01
CUST01884,Customer 1884,Female,1995-01-01,customer1884@mail.com,9900001884,Delhi,State,India,2024-01-01
CUST01885,Customer 1885,Male,1995-01-01,customer1885@mail.com,9900001885,Pune,State,India,2024-01-01
CUST01886,Customer 1886,Female,1995-01-01,customer1886@mail.com,9900001886,Vijayawada,State,India,2024-01-01
CUST01887,Customer 1887,Male,1995-01-01,customer1887@mail.com,9900001887,Visakhapatnam,State,India,2024-01-01
CUST01888,Customer 1888,Female,1995-01-01,customer1888@mail.com,9900001888,Jaipur,State,India,2024-01-01
CUST01889,Customer 1889,Male,1995-01-01,customer1889@mail.com,9900001889,Ahmedabad,State,India,2024-01-01
CUST01890,Customer 1890,Female,1995-01-01,customer1890@mail.com,9900001890,Hyderabad,State,India,2024-01-01
CUST01891,Customer 1891,Male,1995-01-01,customer1891@mail.com,9900001891,Bengaluru,State,India,2024-01-01
CUST01892,Customer 1892,Female,1995-01-01,customer1892@mail.com,9900001892,Chennai,State,India,2024-01-01
CUST01893,Customer 1893,Male,1995-01-01,customer1893@mail.com,9900001893,Mumbai,State,India,2024-01-01
CUST01894,Customer 1894,Female,1995-01-01,customer1894@mail.com,9900001894,Delhi,State,India,2024-01-01
CUST01895,Customer 1895,Male,1995-01-01,customer1895@mail.com,9900001895,Pune,State,India,2024-01-01
CUST01896,Customer 1896,Female,1995-01-01,customer1896@mail.com,9900001896,Vijayawada,State,India,2024-01-01
CUST01897,Customer 1897,Male,1995-01-01,customer1897@mail.com,9900001897,Visakhapatnam,State,India,2024-01-01
CUST01898,Customer 1898,Female,1995-01-01,customer1898@mail.com,9900001898,Jaipur,State,India,2024-01-01
CUST01899,Customer 1899,Male,1995-01-01,customer1899@mail.com,9900001899,Ahmedabad,State,India,2024-01-01
CUST01900,Customer 1900,Female,1995-01-01,customer1900@mail.com,9900001900,Hyderabad,State,India,2024-01-01
CUST01901,Customer 1901,Male,1995-01-01,customer1901@mail.com,9900001901,Bengaluru,State,India,2024-01-01
CUST01902,Customer 1902,Female,1995-01-01,customer1902@mail.com,9900001902,Chennai,State,India,2024-01-01
CUST01903,Customer 1903,Male,1995-01-01,customer1903@mail.com,9900001903,Mumbai,State,India,2024-01-01
CUST01904,Customer 1904,Female,1995-01-01,customer1904@mail.com,9900001904,Delhi,State,India,2024-01-01
CUST01905,Customer 1905,Male,1995-01-01,customer1905@mail.com,9900001905,Pune,State,India,2024-01-01
CUST01906,Customer 1906,Female,1995-01-01,customer1906@mail.com,9900001906,Vijayawada,State,India,2024-01-01
CUST01907,Customer 1907,Male,1995-01-01,customer1907@mail.com,9900001907,Visakhapatnam,State,India,2024-01-01
CUST01908,Customer 1908,Female,1995-01-01,customer1908@mail.com,9900001908,Jaipur,State,India,2024-01-01
CUST01909,Customer 1909,Male,1995-01-01,customer1909@mail.com,9900001909,Ahmedabad,State,India,2024-01-01
CUST01910,Customer 1910,Female,1995-01-01,customer1910@mail.com,9900001910,Hyderabad,State,India,2024-01-01
CUST01911,Customer 1911,Male,1995-01-01,customer1911@mail.com,9900001911,Bengaluru,State,India,2024-01-01
CUST01912,Customer 1912,Female,1995-01-01,customer1912@mail.com,9900001912,Chennai,State,India,2024-01-01
CUST01913,Customer 1913,Male,1995-01-01,customer1913@mail.com,9900001913,Mumbai,State,India,2024-01-01
CUST01914,Customer 1914,Female,1995-01-01,customer1914@mail.com,9900001914,Delhi,State,India,2024-01-01
CUST01915,Customer 1915,Male,1995-01-01,customer1915@mail.com,9900001915,Pune,State,India,2024-01-01
CUST01916,Customer 1916,Female,1995-01-01,customer1916@mail.com,9900001916,Vijayawada,State,India,2024-01-01
CUST01917,Customer 1917,Male,1995-01-01,customer1917@mail.com,9900001917,Visakhapatnam,State,India,2024-01-01
CUST01918,Customer 1918,Female,1995-01-01,customer1918@mail.com,9900001918,Jaipur,State,India,2024-01-01
CUST01919,Customer 1919,Male,1995-01-01,customer1919@mail.com,9900001919,Ahmedabad,State,India,2024-01-01
CUST01920,Customer 1920,Female,1995-01-01,customer1920@mail.com,9900001920,Hyderabad,State,India,2024-01-01
CUST01921,Customer 1921,Male,1995-01-01,customer1921@mail.com,9900001921,Bengaluru,State,India,2024-01-01
CUST01922,Customer 1922,Female,1995-01-01,customer1922@mail.com,9900001922,Chennai,State,India,2024-01-01
CUST01923,Customer 1923,Male,1995-01-01,customer1923@mail.com,9900001923,Mumbai,State,India,2024-01-01
CUST01924,Customer 1924,Female,1995-01-01,customer1924@mail.com,9900001924,Delhi,State,India,2024-01-01
CUST01925,Customer 1925,Male,1995-01-01,customer1925@mail.com,9900001925,Pune,State,India,2024-01-01
CUST01926,Customer 1926,Female,1995-01-01,customer1926@mail.com,9900001926,Vijayawada,State,India,2024-01-01
CUST01927,Customer 1927,Male,1995-01-01,customer1927@mail.com,9900001927,Visakhapatnam,State,India,2024-01-01
CUST01928,Customer 1928,Female,1995-01-01,customer1928@mail.com,9900001928,Jaipur,State,India,2024-01-01
CUST01929,Customer 1929,Male,1995-01-01,customer1929@mail.com,9900001929,Ahmedabad,State,India,2024-01-01
CUST01930,Customer 1930,Female,1995-01-01,customer1930@mail.com,9900001930,Hyderabad,State,India,2024-01-01
CUST01931,Customer 1931,Male,1995-01-01,customer1931@mail.com,9900001931,Bengaluru,State,India,2024-01-01
CUST01932,Customer 1932,Female,1995-01-01,customer1932@mail.com,9900001932,Chennai,State,India,2024-01-01
CUST01933,Customer 1933,Male,1995-01-01,customer1933@mail.com,9900001933,Mumbai,State,India,2024-01-01
CUST01934,Customer 1934,Female,1995-01-01,customer1934@mail.com,9900001934,Delhi,State,India,2024-01-01
CUST01935,Customer 1935,Male,1995-01-01,customer1935@mail.com,9900001935,Pune,State,India,2024-01-01
CUST01936,Customer 1936,Female,1995-01-01,customer1936@mail.com,9900001936,Vijayawada,State,India,2024-01-01
CUST01937,Customer 1937,Male,1995-01-01,customer1937@mail.com,9900001937,Visakhapatnam,State,India,2024-01-01
CUST01938,Customer 1938,Female,1995-01-01,customer1938@mail.com,9900001938,Jaipur,State,India,2024-01-01
CUST01939,Customer 1939,Male,1995-01-01,customer1939@mail.com,9900001939,Ahmedabad,State,India,2024-01-01
CUST01940,Customer 1940,Female,1995-01-01,customer1940@mail.com,9900001940,Hyderabad,State,India,2024-01-01
CUST01941,Customer 1941,Male,1995-01-01,customer1941@mail.com,9900001941,Bengaluru,State,India,2024-01-01
CUST01942,Customer 1942,Female,1995-01-01,customer1942@mail.com,9900001942,Chennai,State,India,2024-01-01
CUST01943,Customer 1943,Male,1995-01-01,customer1943@mail.com,9900001943,Mumbai,State,India,2024-01-01
CUST01944,Customer 1944,Female,1995-01-01,customer1944@mail.com,9900001944,Delhi,State,India,2024-01-01
CUST01945,Customer 1945,Male,1995-01-01,customer1945@mail.com,9900001945,Pune,State,India,2024-01-01
CUST01946,Customer 1946,Female,1995-01-01,customer1946@mail.com,9900001946,Vijayawada,State,India,2024-01-01
CUST01947,Customer 1947,Male,1995-01-01,customer1947@mail.com,9900001947,Visakhapatnam,State,India,2024-01-01
CUST01948,Customer 1948,Female,1995-01-01,customer1948@mail.com,9900001948,Jaipur,State,India,2024-01-01
CUST01949,Customer 1949,Male,1995-01-01,customer1949@mail.com,9900001949,Ahmedabad,State,India,2024-01-01
CUST01950,Customer 1950,Female,1995-01-01,customer1950@mail.com,9900001950,Hyderabad,State,India,2024-01-01
CUST01951,Customer 1951,Male,1995-01-01,customer1951@mail.com,9900001951,Bengaluru,State,India,2024-01-01
CUST01952,Customer 1952,Female,1995-01-01,customer1952@mail.com,9900001952,Chennai,State,India,2024-01-01
CUST01953,Customer 1953,Male,1995-01-01,customer1953@mail.com,9900001953,Mumbai,State,India,2024-01-01
CUST01954,Customer 1954,Female,1995-01-01,customer1954@mail.com,9900001954,Delhi,State,India,2024-01-01
CUST01955,Customer 1955,Male,1995-01-01,customer1955@mail.com,9900001955,Pune,State,India,2024-01-01
CUST01956,Customer 1956,Female,1995-01-01,customer1956@mail.com,9900001956,Vijayawada,State,India,2024-01-01
CUST01957,Customer 1957,Male,1995-01-01,customer1957@mail.com,9900001957,Visakhapatnam,State,India,2024-01-01
CUST01958,Customer 1958,Female,1995-01-01,customer1958@mail.com,9900001958,Jaipur,State,India,2024-01-01
CUST01959,Customer 1959,Male,1995-01-01,customer1959@mail.com,9900001959,Ahmedabad,State,India,2024-01-01
CUST01960,Customer 1960,Female,1995-01-01,customer1960@mail.com,9900001960,Hyderabad,State,India,2024-01-01
CUST01961,Customer 1961,Male,1995-01-01,customer1961@mail.com,9900001961,Bengaluru,State,India,2024-01-01
CUST01962,Customer 1962,Female,1995-01-01,customer1962@mail.com,9900001962,Chennai,State,India,2024-01-01
CUST01963,Customer 1963,Male,1995-01-01,customer1963@mail.com,9900001963,Mumbai,State,India,2024-01-01
CUST01964,Customer 1964,Female,1995-01-01,customer1964@mail.com,9900001964,Delhi,State,India,2024-01-01
CUST01965,Customer 1965,Male,1995-01-01,customer1965@mail.com,9900001965,Pune,State,India,2024-01-01
CUST01966,Customer 1966,Female,1995-01-01,customer1966@mail.com,9900001966,Vijayawada,State,India,2024-01-01
CUST01967,Customer 1967,Male,1995-01-01,customer1967@mail.com,9900001967,Visakhapatnam,State,India,2024-01-01
CUST01968,Customer 1968,Female,1995-01-01,customer1968@mail.com,9900001968,Jaipur,State,India,2024-01-01
CUST01969,Customer 1969,Male,1995-01-01,customer1969@mail.com,9900001969,Ahmedabad,State,India,2024-01-01
CUST01970,Customer 1970,Female,1995-01-01,customer1970@mail.com,9900001970,Hyderabad,State,India,2024-01-01
CUST01971,Customer 1971,Male,1995-01-01,customer1971@mail.com,9900001971,Bengaluru,State,India,2024-01-01
CUST01972,Customer 1972,Female,1995-01-01,customer1972@mail.com,9900001972,Chennai,State,India,2024-01-01
CUST01973,Customer 1973,Male,1995-01-01,customer1973@mail.com,9900001973,Mumbai,State,India,2024-01-01
CUST01974,Customer 1974,Female,1995-01-01,customer1974@mail.com,9900001974,Delhi,State,India,2024-01-01
CUST01975,Customer 1975,Male,1995-01-01,customer1975@mail.com,9900001975,Pune,State,India,2024-01-01
CUST01976,Customer 1976,Female,1995-01-01,customer1976@mail.com,9900001976,Vijayawada,State,India,2024-01-01
CUST01977,Customer 1977,Male,1995-01-01,customer1977@mail.com,9900001977,Visakhapatnam,State,India,2024-01-01
CUST01978,Customer 1978,Female,1995-01-01,customer1978@mail.com,9900001978,Jaipur,State,India,2024-01-01
CUST01979,Customer 1979,Male,1995-01-01,customer1979@mail.com,9900001979,Ahmedabad,State,India,2024-01-01
CUST01980,Customer 1980,Female,1995-01-01,customer1980@mail.com,9900001980,Hyderabad,State,India,2024-01-01
CUST01981,Customer 1981,Male,1995-01-01,customer1981@mail.com,9900001981,Bengaluru,State,India,2024-01-01
CUST01982,Customer 1982,Female,1995-01-01,customer1982@mail.com,9900001982,Chennai,State,India,2024-01-01
CUST01983,Customer 1983,Male,1995-01-01,customer1983@mail.com,9900001983,Mumbai,State,India,2024-01-01
CUST01984,Customer 1984,Female,1995-01-01,customer1984@mail.com,9900001984,Delhi,State,India,2024-01-01
CUST01985,Customer 1985,Male,1995-01-01,customer1985@mail.com,9900001985,Pune,State,India,2024-01-01
CUST01986,Customer 1986,Female,1995-01-01,customer1986@mail.com,9900001986,Vijayawada,State,India,2024-01-01
CUST01987,Customer 1987,Male,1995-01-01,customer1987@mail.com,9900001987,Visakhapatnam,State,India,2024-01-01
CUST01988,Customer 1988,Female,1995-01-01,customer1988@mail.com,9900001988,Jaipur,State,India,2024-01-01
CUST01989,Customer 1989,Male,1995-01-01,customer1989@mail.com,9900001989,Ahmedabad,State,India,2024-01-01
CUST01990,Customer 1990,Female,1995-01-01,customer1990@mail.com,9900001990,Hyderabad,State,India,2024-01-01
CUST01991,Customer 1991,Male,1995-01-01,customer1991@mail.com,9900001991,Bengaluru,State,India,2024-01-01
CUST01992,Customer 1992,Female,1995-01-01,customer1992@mail.com,9900001992,Chennai,State,India,2024-01-01
CUST01993,Customer 1993,Male,1995-01-01,customer1993@mail.com,9900001993,Mumbai,State,India,2024-01-01
CUST01994,Customer 1994,Female,1995-01-01,customer1994@mail.com,9900001994,Delhi,State,India,2024-01-01
CUST01995,Customer 1995,Male,1995-01-01,customer1995@mail.com,9900001995,Pune,State,India,2024-01-01
CUST01996,Customer 1996,Female,1995-01-01,customer1996@mail.com,9900001996,Vijayawada,State,India,2024-01-01
CUST01997,Customer 1997,Male,1995-01-01,customer1997@mail.com,9900001997,Visakhapatnam,State,India,2024-01-01
CUST01998,Customer 1998,Female,1995-01-01,customer1998@mail.com,9900001998,Jaipur,State,India,2024-01-01
CUST01999,Customer 1999,Male,1995-01-01,customer1999@mail.com,9900001999,Ahmedabad,State,India,2024-01-01
CUST02000,Customer 2000,Female,1995-01-01,customer2000@mail.com,9900002000,Hyderabad,State,India,2024-01-01
