Order_ID,Customer_ID,Store_ID,Order_Date,Order_Status,Total_Amount
ORD000001,CUST00092,STR027,2025-05-27,Delivered,177998.0
ORD000002,CUST00769,STR003,2025-04-08,Delivered,78996.6
ORD000003,CUST00665,STR033,2025-02-04,Delivered,138903.0
ORD000004,CUST01654,STR013,2025-03-03,Delivered,241386.1
ORD000005,CUST01593,STR012,2025-04-25,Delivered,154391.1
ORD000006,CUST00537,STR029,2025-04-22,Delivered,32200.0
ORD000007,CUST00279,STR027,2025-04-10,Pending,182867.75
ORD000008,CUST01246,STR030,2025-03-31,Delivered,59848.6
ORD000009,CUST01317,STR038,2025-04-22,Shipped,148217.15
ORD000010,CUST01471,STR019,2025-05-03,Delivered,54588.9
ORD000011,CUST00290,STR024,2025-05-21,Shipped,18458.6
ORD000012,CUST01818,STR030,2025-02-19,Returned,73583.7
ORD000013,CUST00869,STR040,2025-04-19,Delivered,74242.95
ORD000014,CUST01023,STR033,2025-02-21,Delivered,138668.4
ORD000015,CUST01866,STR011,2025-06-13,Delivered,167440.1
ORD000016,CUST00494,STR011,2025-05-25,Delivered,197170.2
ORD000017,CUST01172,STR029,2025-01-14,Delivered,20424.0
ORD000018,CUST00075,STR037,2025-02-21,Delivered,179118.0
ORD000019,CUST01650,STR023,2025-06-03,Delivered,149977.8
ORD000020,CUST01249,STR029,2025-05-28,Pending,79050.0
ORD000021,CUST01168,STR028,2025-06-04,Delivered,155415.1
ORD000022,CUST00739,STR012,2025-01-13,Delivered,36271.2
ORD000023,CUST00345,STR026,2025-06-03,Shipped,30799.95
ORD000024,CUST01986,STR007,2025-01-10,Delivered,196096.5
ORD000025,CUST00026,STR043,2025-01-28,Delivered,206005.35
ORD000026,CUST01662,STR003,2025-02-28,Delivered,147378.9
ORD000027,CUST00792,STR040,2025-02-15,Shipped,112750.15
ORD000028,CUST01718,STR004,2025-06-02,Delivered,8273.0
ORD000029,CUST01279,STR027,2025-06-27,Delivered,92309.6
ORD000030,CUST00519,STR012,2025-01-14,Shipped,237178.55
ORD000031,CUST01571,STR007,2025-01-04,Delivered,58185.6
ORD000032,CUST01247,STR004,2025-06-30,Delivered,114150.9
ORD000033,CUST00614,STR030,2025-01-04,Delivered,118406.6
ORD000034,CUST00317,STR003,2025-02-06,Delivered,243727.95
ORD000035,CUST00267,STR004,2025-02-12,Delivered,211740.15
ORD000036,CUST00262,STR003,2025-03-27,Cancelled,16584.0
ORD000037,CUST01430,STR035,2025-04-22,Delivered,237162.9
ORD000038,CUST00140,STR035,2025-02-09,Processing,173129.25
ORD000039,CUST00367,STR043,2025-02-09,Processing,67518.05
ORD000040,CUST00729,STR022,2025-04-09,Delivered,97012.45
ORD000041,CUST00350,STR008,2025-03-17,Delivered,47937.45
ORD000042,CUST01955,STR001,2025-01-31,Delivered,70036.0
ORD000043,CUST01743,STR031,2025-05-27,Delivered,42120.9
ORD000044,CUST01862,STR029,2025-04-24,Returned,144577.15
ORD000045,CUST00861,STR049,2025-05-20,Delivered,72902.05
ORD000046,CUST01293,STR044,2025-01-08,Delivered,89679.25
ORD000047,CUST01592,STR050,2025-02-09,Delivered,244447.65
ORD000048,CUST00732,STR005,2025-05-22,Delivered,209150.25
ORD000049,CUST00246,STR025,2025-05-21,Shipped,87351.05
ORD000050,CUST00391,STR044,2025-05-28,Processing,129970.2
ORD000051,CUST01643,STR037,2025-02-28,Delivered,149871.9
ORD000052,CUST01238,STR033,2025-06-25,Delivered,147179.3
ORD000053,CUST00864,STR039,2025-03-22,Processing,94353.7
ORD000054,CUST00569,STR047,2025-01-24,Delivered,17022.1
ORD000055,CUST01325,STR008,2025-05-17,Delivered,120725.55
ORD000056,CUST01329,STR043,2025-01-06,Delivered,31457.1
ORD000057,CUST01822,STR034,2025-01-15,Delivered,2031.5
ORD000058,CUST01337,STR023,2025-03-21,Shipped,153864.0
ORD000059,CUST00881,STR018,2025-01-27,Cancelled,205113.45
ORD000060,CUST00124,STR037,2025-02-18,Delivered,139924.55
ORD000061,CUST01603,STR035,2025-04-04,Delivered,122933.4
ORD000062,CUST00578,STR035,2025-06-09,Delivered,267865.1
ORD000063,CUST00364,STR035,2025-03-06,Pending,163424.65
ORD000064,CUST01858,STR031,2025-01-02,Delivered,161871.0
ORD000065,CUST00309,STR032,2025-06-02,Shipped,163473.0
ORD000066,CUST01165,STR041,2025-03-21,Cancelled,192895.9
ORD000067,CUST01457,STR031,2025-01-08,Processing,127445.85
ORD000068,CUST01521,STR005,2025-03-29,Delivered,33107.2
ORD000069,CUST00317,STR034,2025-01-16,Processing,150549.5
ORD000070,CUST01553,STR004,2025-04-09,Delivered,103632.3
ORD000071,CUST01816,STR004,2025-04-03,Delivered,122884.3
ORD000072,CUST01110,STR001,2025-04-16,Processing,148169.85
ORD000073,CUST00660,STR011,2025-05-23,Delivered,170942.4
ORD000074,CUST00584,STR008,2025-01-25,Shipped,39387.6
ORD000075,CUST00038,STR039,2025-04-03,Delivered,18707.2
ORD000076,CUST00849,STR045,2025-04-08,Pending,175282.2
ORD000077,CUST01576,STR045,2025-02-06,Delivered,156196.7
ORD000078,CUST01356,STR004,2025-01-22,Delivered,38877.6
ORD000079,CUST00536,STR008,2025-04-16,Delivered,73054.95
ORD000080,CUST01965,STR005,2025-02-20,Delivered,76581.0
ORD000081,CUST00111,STR028,2025-03-18,Shipped,51393.2
ORD000082,CUST00827,STR046,2025-03-07,Delivered,157344.6
ORD000083,CUST00561,STR015,2025-02-10,Delivered,136030.5
ORD000084,CUST00869,STR020,2025-06-27,Delivered,19146.3
ORD000085,CUST01922,STR017,2025-03-22,Delivered,166710.9
ORD000086,CUST00807,STR044,2025-06-17,Processing,79988.15
ORD000087,CUST00348,STR003,2025-04-17,Delivered,159383.4
ORD000088,CUST01111,STR048,2025-05-02,Delivered,127530.0
ORD000089,CUST01315,STR005,2025-02-24,Delivered,68552.5
ORD000090,CUST00151,STR045,2025-01-26,Delivered,54784.0
ORD000091,CUST00338,STR034,2025-04-23,Delivered,115846.8
ORD000092,CUST00215,STR040,2025-05-09,Delivered,269625.6
ORD000093,CUST00379,STR016,2025-04-21,Delivered,93877.4
ORD000094,CUST01682,STR046,2025-04-21,Delivered,47034.0
ORD000095,CUST00963,STR008,2025-01-03,Pending,45785.45
ORD000096,CUST01715,STR007,2025-05-30,Cancelled,91827.8
ORD000097,CUST01631,STR016,2025-05-28,Delivered,153186.2
ORD000098,CUST00670,STR022,2025-04-20,Pending,60541.25
ORD000099,CUST01458,STR024,2025-01-11,Delivered,182005.2
ORD000100,CUST00660,STR049,2025-03-17,Delivered,86900.1
ORD000101,CUST00534,STR006,2025-04-04,Shipped,140463.2
ORD000102,CUST00736,STR032,2025-06-03,Shipped,66961.9
ORD000103,CUST01156,STR007,2025-04-14,Processing,71031.0
ORD000104,CUST01505,STR049,2025-02-22,Pending,146050.0
ORD000105,CUST01667,STR027,2025-04-20,Delivered,34028.1
ORD000106,CUST00460,STR047,2025-05-19,Delivered,7148.0
ORD000107,CUST00349,STR021,2025-04-16,Delivered,165238.4
ORD000108,CUST01606,STR040,2025-04-19,Delivered,153903.85
ORD000109,CUST01703,STR003,2025-04-26,Delivered,124886.25
ORD000110,CUST01211,STR038,2025-06-21,Delivered,203096.3
ORD000111,CUST00151,STR028,2025-03-27,Delivered,162174.45
ORD000112,CUST01115,STR004,2025-05-10,Delivered,29750.2
ORD000113,CUST01640,STR043,2025-04-18,Delivered,115515.3
ORD000114,CUST01053,STR011,2025-04-14,Cancelled,2592.5
ORD000115,CUST00754,STR031,2025-06-27,Delivered,36290.75
ORD000116,CUST00962,STR029,2025-01-11,Delivered,38147.25
ORD000117,CUST00454,STR035,2025-05-06,Delivered,99317.8
ORD000118,CUST01958,STR020,2025-04-27,Cancelled,302912.7
ORD000119,CUST00191,STR033,2025-02-22,Delivered,338157.0
ORD000120,CUST00566,STR031,2025-01-07,Delivered,17569.6
ORD000121,CUST01483,STR007,2025-01-18,Delivered,180113.65
ORD000122,CUST01418,STR032,2025-01-24,Delivered,229955.3
ORD000123,CUST01446,STR034,2025-03-03,Delivered,161860.05
ORD000124,CUST01960,STR016,2025-06-15,Delivered,232633.15
ORD000125,CUST00477,STR031,2025-03-04,Delivered,193950.8
ORD000126,CUST01319,STR018,2025-02-11,Delivered,38052.0
ORD000127,CUST00635,STR017,2025-03-24,Delivered,241176.75
ORD000128,CUST01102,STR032,2025-03-20,Delivered,191327.9
ORD000129,CUST00828,STR031,2025-02-08,Delivered,96309.9
ORD000130,CUST01529,STR038,2025-02-13,Processing,202350.35
ORD000131,CUST00357,STR041,2025-06-15,Delivered,145034.0
ORD000132,CUST00699,STR011,2025-02-02,Delivered,33636.8
ORD000133,CUST01806,STR047,2025-01-12,Delivered,227769.0
ORD000134,CUST00582,STR032,2025-04-06,Delivered,322998.6
ORD000135,CUST00417,STR021,2025-04-09,Delivered,313386.8
ORD000136,CUST01099,STR002,2025-04-12,Pending,173157.8
ORD000137,CUST01807,STR017,2025-05-13,Delivered,97514.4
ORD000138,CUST00552,STR045,2025-01-04,Delivered,19645.1
ORD000139,CUST01971,STR009,2025-05-16,Delivered,237688.4
ORD000140,CUST01303,STR045,2025-02-01,Cancelled,98526.55
ORD000141,CUST00500,STR008,2025-05-14,Delivered,13551.2
ORD000142,CUST00802,STR030,2025-03-02,Shipped,215182.8
ORD000143,CUST01964,STR013,2025-04-29,Delivered,202137.1
ORD000144,CUST01097,STR028,2025-02-07,Shipped,195427.35
ORD000145,CUST01411,STR049,2025-05-08,Delivered,230770.9
ORD000146,CUST00163,STR016,2025-06-09,Delivered,104172.7
ORD000147,CUST00611,STR040,2025-03-01,Pending,146457.65
ORD000148,CUST00544,STR015,2025-05-09,Delivered,59986.3
ORD000149,CUST01276,STR048,2025-06-07,Delivered,45374.4
ORD000150,CUST00163,STR014,2025-03-16,Delivered,26407.8
ORD000151,CUST00118,STR009,2025-01-03,Delivered,149091.9
ORD000152,CUST01414,STR025,2025-04-07,Delivered,185691.0
ORD000153,CUST01232,STR024,2025-02-05,Processing,157976.4
ORD000154,CUST01784,STR025,2025-04-17,Delivered,156505.1
ORD000155,CUST01715,STR011,2025-04-05,Delivered,37081.8
ORD000156,CUST01431,STR017,2025-06-12,Delivered,223749.45
ORD000157,CUST01675,STR012,2025-03-14,Delivered,31345.25
ORD000158,CUST01175,STR002,2025-01-21,Delivered,167744.6
ORD000159,CUST01420,STR039,2025-06-14,Delivered,162980.9
ORD000160,CUST01335,STR022,2025-06-18,Shipped,81992.75
ORD000161,CUST00311,STR018,2025-04-22,Delivered,77469.4
ORD000162,CUST01498,STR005,2025-06-08,Cancelled,108969.8
ORD000163,CUST01322,STR047,2025-03-07,Processing,12174.25
ORD000164,CUST01299,STR011,2025-03-22,Cancelled,172707.2
ORD000165,CUST01123,STR011,2025-01-02,Delivered,139093.8
ORD000166,CUST00014,STR010,2025-06-26,Delivered,197972.65
ORD000167,CUST01872,STR022,2025-06-14,Delivered,172603.2
ORD000168,CUST01580,STR001,2025-02-19,Delivered,24448.5
ORD000169,CUST01419,STR011,2025-03-28,Delivered,184328.45
ORD000170,CUST01898,STR042,2025-03-12,Delivered,224838.65
ORD000171,CUST00011,STR018,2025-01-16,Delivered,52734.5
ORD000172,CUST00340,STR026,2025-05-11,Processing,159937.2
ORD000173,CUST01178,STR035,2025-01-20,Pending,184066.85
ORD000174,CUST00555,STR047,2025-05-04,Cancelled,115091.0
ORD000175,CUST00815,STR034,2025-01-21,Delivered,242750.05
ORD000176,CUST01028,STR014,2025-01-11,Delivered,29712.2
ORD000177,CUST00904,STR004,2025-03-24,Delivered,135552.0
ORD000178,CUST00443,STR020,2025-05-21,Delivered,133631.9
ORD000179,CUST01564,STR011,2025-05-05,Delivered,78879.15
ORD000180,CUST01291,STR019,2025-02-12,Shipped,126694.6
ORD000181,CUST01091,STR036,2025-02-03,Shipped,178349.7
ORD000182,CUST01208,STR031,2025-02-14,Shipped,129458.55
ORD000183,CUST01353,STR044,2025-04-04,Processing,95139.2
ORD000184,CUST01925,STR043,2025-03-15,Shipped,282818.4
ORD000185,CUST01243,STR003,2025-01-26,Delivered,10113.35
ORD000186,CUST00202,STR039,2025-05-02,Shipped,187748.8
ORD000187,CUST01483,STR010,2025-06-30,Delivered,5668.65
ORD000188,CUST00918,STR036,2025-03-19,Cancelled,146217.8
ORD000189,CUST00437,STR049,2025-01-07,Delivered,257029.7
ORD000190,CUST00082,STR017,2025-02-06,Delivered,34925.0
ORD000191,CUST01258,STR020,2025-06-26,Delivered,11544.0
ORD000192,CUST00523,STR020,2025-04-22,Delivered,47552.4
ORD000193,CUST01079,STR044,2025-05-13,Processing,161101.5
ORD000194,CUST00344,STR045,2025-04-04,Delivered,237948.55
ORD000195,CUST01833,STR028,2025-03-30,Delivered,30863.6
ORD000196,CUST00755,STR045,2025-03-03,Processing,82671.15
ORD000197,CUST01071,STR005,2025-03-16,Delivered,141616.3
ORD000198,CUST00593,STR009,2025-04-13,Delivered,46573.2
ORD000199,CUST00075,STR026,2025-03-24,Cancelled,33688.05
ORD000200,CUST00814,STR027,2025-05-02,Delivered,147304.35
ORD000201,CUST00014,STR009,2025-06-06,Delivered,44190.0
ORD000202,CUST00341,STR050,2025-01-18,Processing,8616.0
ORD000203,CUST00674,STR027,2025-03-27,Shipped,162344.45
ORD000204,CUST01978,STR034,2025-05-04,Delivered,44034.4
ORD000205,CUST00675,STR006,2025-05-21,Shipped,39418.2
ORD000206,CUST01513,STR049,2025-03-23,Delivered,185848.65
ORD000207,CUST01277,STR006,2025-06-23,Pending,5823.5
ORD000208,CUST00550,STR012,2025-05-16,Delivered,85074.3
ORD000209,CUST01167,STR021,2025-06-01,Delivered,155700.0
ORD000210,CUST00365,STR034,2025-05-20,Delivered,96949.4
ORD000211,CUST00275,STR014,2025-05-11,Processing,44836.4
ORD000212,CUST00787,STR014,2025-03-25,Delivered,99841.85
ORD000213,CUST01030,STR018,2025-05-24,Delivered,105153.8
ORD000214,CUST00892,STR010,2025-02-01,Delivered,69601.75
ORD000215,CUST01533,STR005,2025-03-16,Delivered,204254.3
ORD000216,CUST01529,STR027,2025-03-20,Pending,173355.85
ORD000217,CUST00553,STR024,2025-06-18,Pending,142904.9
ORD000218,CUST01721,STR050,2025-06-28,Delivered,239339.7
ORD000219,CUST01743,STR016,2025-01-30,Shipped,41023.8
ORD000220,CUST00968,STR014,2025-02-28,Cancelled,153398.4
ORD000221,CUST00516,STR017,2025-02-10,Delivered,58473.6
ORD000222,CUST00277,STR030,2025-01-31,Delivered,71433.35
ORD000223,CUST00294,STR046,2025-04-17,Delivered,308548.3
ORD000224,CUST00525,STR044,2025-05-03,Pending,166061.5
ORD000225,CUST01508,STR024,2025-05-02,Delivered,162971.6
ORD000226,CUST00990,STR041,2025-06-03,Shipped,108071.4
ORD000227,CUST01330,STR041,2025-05-13,Delivered,131741.9
ORD000228,CUST00632,STR006,2025-05-16,Delivered,91966.1
ORD000229,CUST00652,STR006,2025-03-30,Delivered,81921.05
ORD000230,CUST01186,STR014,2025-03-01,Shipped,212583.6
ORD000231,CUST00986,STR002,2025-06-04,Delivered,188057.8
ORD000232,CUST01774,STR033,2025-04-01,Delivered,81441.55
ORD000233,CUST00069,STR029,2025-03-21,Delivered,194881.2
ORD000234,CUST00068,STR039,2025-03-29,Delivered,68975.8
ORD000235,CUST01517,STR028,2025-06-04,Pending,172950.9
ORD000236,CUST00177,STR007,2025-04-05,Delivered,161490.5
ORD000237,CUST01058,STR023,2025-05-23,Delivered,119069.15
ORD000238,CUST00077,STR003,2025-06-30,Delivered,225520.4
ORD000239,CUST00744,STR047,2025-04-26,Delivered,49415.4
ORD000240,CUST01967,STR037,2025-01-16,Delivered,80338.5
ORD000241,CUST00774,STR045,2025-04-26,Delivered,123543.85
ORD000242,CUST00962,STR029,2025-04-08,Delivered,40687.4
ORD000243,CUST00695,STR017,2025-03-04,Delivered,252220.9
ORD000244,CUST00893,STR050,2025-06-01,Delivered,114768.7
ORD000245,CUST01795,STR023,2025-04-09,Delivered,105998.9
ORD000246,CUST01312,STR020,2025-02-12,Processing,257053.6
ORD000247,CUST00217,STR048,2025-01-27,Delivered,127602.05
ORD000248,CUST01601,STR037,2025-04-22,Delivered,235086.0
ORD000249,CUST00124,STR033,2025-03-10,Delivered,71714.5
ORD000250,CUST00263,STR021,2025-06-07,Delivered,92660.2
ORD000251,CUST00257,STR043,2025-01-31,Shipped,80715.6
ORD000252,CUST00963,STR033,2025-04-15,Delivered,249577.9
ORD000253,CUST00292,STR021,2025-02-24,Delivered,122682.8
ORD000254,CUST00871,STR025,2025-02-01,Delivered,112128.8
ORD000255,CUST00741,STR050,2025-06-25,Delivered,81672.3
ORD000256,CUST00437,STR037,2025-04-12,Processing,64630.35
ORD000257,CUST01579,STR019,2025-06-09,Delivered,169443.85
ORD000258,CUST01112,STR029,2025-04-09,Delivered,170117.9
ORD000259,CUST00609,STR033,2025-03-11,Processing,100345.65
ORD000260,CUST00508,STR019,2025-04-03,Processing,130524.5
ORD000261,CUST01286,STR016,2025-04-17,Delivered,107957.6
ORD000262,CUST01907,STR001,2025-02-18,Shipped,31050.75
ORD000263,CUST01714,STR003,2025-04-24,Delivered,123957.9
ORD000264,CUST01287,STR028,2025-03-31,Delivered,136435.7
ORD000265,CUST00163,STR037,2025-01-02,Delivered,173196.0
ORD000266,CUST01872,STR039,2025-06-26,Shipped,52502.7
ORD000267,CUST00521,STR018,2025-06-17,Cancelled,29692.8
ORD000268,CUST01017,STR045,2025-03-08,Delivered,68437.6
ORD000269,CUST01592,STR041,2025-06-02,Delivered,4926.6
ORD000270,CUST00010,STR028,2025-06-01,Pending,97359.4
ORD000271,CUST01128,STR042,2025-02-05,Pending,73855.8
ORD000272,CUST01271,STR033,2025-04-18,Delivered,8313.6
ORD000273,CUST00294,STR017,2025-02-07,Delivered,10765.4
ORD000274,CUST00171,STR002,2025-06-26,Delivered,22399.6
ORD000275,CUST00170,STR010,2025-06-15,Delivered,6789.6
ORD000276,CUST01634,STR025,2025-01-28,Delivered,94522.6
ORD000277,CUST01428,STR047,2025-02-15,Delivered,14900.8
ORD000278,CUST01132,STR033,2025-06-11,Delivered,22502.6
ORD000279,CUST00045,STR024,2025-02-03,Delivered,67588.0
ORD000280,CUST00706,STR007,2025-06-25,Delivered,215910.15
ORD000281,CUST00545,STR009,2025-02-25,Delivered,60072.0
ORD000282,CUST01908,STR016,2025-02-08,Delivered,137698.35
ORD000283,CUST00373,STR002,2025-02-03,Processing,53880.6
ORD000284,CUST01532,STR029,2025-03-23,Delivered,140289.65
ORD000285,CUST01377,STR032,2025-06-13,Shipped,44904.4
ORD000286,CUST00927,STR001,2025-05-20,Shipped,79544.7
ORD000287,CUST00701,STR046,2025-03-25,Cancelled,144542.9
ORD000288,CUST01984,STR017,2025-02-12,Delivered,113961.6
ORD000289,CUST00599,STR020,2025-04-11,Delivered,83188.55
ORD000290,CUST01424,STR029,2025-05-14,Shipped,143621.3
ORD000291,CUST01179,STR028,2025-02-08,Delivered,133611.65
ORD000292,CUST00686,STR026,2025-03-16,Delivered,74800.9
ORD000293,CUST00428,STR016,2025-06-15,Delivered,96151.0
ORD000294,CUST01026,STR004,2025-03-17,Delivered,166149.55
ORD000295,CUST01173,STR037,2025-06-24,Pending,183515.8
ORD000296,CUST00808,STR028,2025-01-08,Delivered,4322.7
ORD000297,CUST01212,STR026,2025-05-13,Delivered,86986.4
ORD000298,CUST00913,STR041,2025-05-12,Processing,157143.35
ORD000299,CUST00440,STR024,2025-04-29,Processing,95372.45
ORD000300,CUST00590,STR012,2025-06-07,Delivered,147621.15
ORD000301,CUST00404,STR025,2025-06-25,Delivered,64342.8
ORD000302,CUST00422,STR007,2025-05-04,Shipped,230593.2
ORD000303,CUST00542,STR035,2025-02-17,Delivered,34909.8
ORD000304,CUST01103,STR008,2025-03-20,Delivered,58995.9
ORD000305,CUST01144,STR021,2025-01-30,Shipped,103429.6
ORD000306,CUST00752,STR034,2025-02-21,Delivered,71220.0
ORD000307,CUST00991,STR030,2025-01-15,Delivered,59193.15
ORD000308,CUST00525,STR034,2025-04-19,Shipped,115715.7
ORD000309,CUST01318,STR016,2025-04-09,Delivered,31606.5
ORD000310,CUST01597,STR020,2025-01-05,Delivered,6466.4
ORD000311,CUST00627,STR004,2025-01-27,Delivered,119526.95
ORD000312,CUST01550,STR042,2025-06-11,Processing,83627.35
ORD000313,CUST01140,STR045,2025-06-30,Delivered,122698.2
ORD000314,CUST01696,STR037,2025-03-20,Processing,120422.7
ORD000315,CUST00744,STR032,2025-06-04,Delivered,27050.4
ORD000316,CUST01945,STR043,2025-01-18,Delivered,148645.35
ORD000317,CUST00870,STR046,2025-04-27,Shipped,117626.3
ORD000318,CUST01751,STR003,2025-04-22,Delivered,37308.0
ORD000319,CUST00182,STR033,2025-01-24,Shipped,191747.8
ORD000320,CUST00359,STR013,2025-03-26,Delivered,113070.15
ORD000321,CUST01823,STR048,2025-05-02,Delivered,30640.8
ORD000322,CUST01400,STR027,2025-02-03,Delivered,115750.1
ORD000323,CUST01080,STR002,2025-04-25,Delivered,53743.5
ORD000324,CUST01656,STR011,2025-02-16,Delivered,18471.2
ORD000325,CUST00516,STR002,2025-02-10,Delivered,66646.6
ORD000326,CUST00622,STR032,2025-05-23,Delivered,176885.75
ORD000327,CUST01468,STR003,2025-03-05,Shipped,87252.0
ORD000328,CUST00130,STR045,2025-02-26,Delivered,180645.5
ORD000329,CUST01281,STR008,2025-04-07,Delivered,302687.0
ORD000330,CUST00874,STR036,2025-01-10,Cancelled,84258.55
ORD000331,CUST01010,STR043,2025-02-12,Delivered,78602.4
ORD000332,CUST00524,STR026,2025-03-13,Cancelled,48104.0
ORD000333,CUST00974,STR011,2025-02-08,Cancelled,4161.6
ORD000334,CUST00463,STR014,2025-04-09,Delivered,37853.7
ORD000335,CUST01894,STR009,2025-04-24,Delivered,198946.65
ORD000336,CUST00857,STR040,2025-04-20,Processing,127025.7
ORD000337,CUST00498,STR011,2025-06-13,Shipped,80157.65
ORD000338,CUST00748,STR020,2025-05-31,Processing,78201.3
ORD000339,CUST01902,STR039,2025-02-20,Cancelled,90005.5
ORD000340,CUST01189,STR017,2025-06-21,Delivered,117701.0
ORD000341,CUST00207,STR035,2025-04-18,Delivered,46141.5
ORD000342,CUST01133,STR047,2025-04-13,Delivered,189690.2
ORD000343,CUST00268,STR044,2025-05-18,Delivered,73918.05
ORD000344,CUST00284,STR043,2025-06-13,Delivered,29046.2
ORD000345,CUST00476,STR014,2025-01-31,Delivered,89813.55
ORD000346,CUST01704,STR018,2025-01-18,Shipped,147123.6
ORD000347,CUST00635,STR042,2025-02-26,Delivered,31339.2
ORD000348,CUST00315,STR035,2025-01-05,Delivered,78144.4
ORD000349,CUST01633,STR001,2025-02-25,Delivered,67191.65
ORD000350,CUST00035,STR029,2025-02-07,Cancelled,47090.4
ORD000351,CUST01621,STR049,2025-03-21,Delivered,70623.0
ORD000352,CUST01616,STR043,2025-02-21,Pending,223655.6
ORD000353,CUST01956,STR025,2025-03-17,Delivered,74942.4
ORD000354,CUST01424,STR009,2025-06-28,Shipped,216458.9
ORD000355,CUST00177,STR038,2025-06-02,Delivered,185992.15
ORD000356,CUST01150,STR002,2025-02-22,Shipped,265330.3
ORD000357,CUST00866,STR007,2025-05-16,Pending,149283.6
ORD000358,CUST00333,STR039,2025-06-09,Delivered,155575.7
ORD000359,CUST00054,STR022,2025-02-14,Delivered,150534.75
ORD000360,CUST01589,STR008,2025-05-03,Delivered,1812.6
ORD000361,CUST01091,STR013,2025-06-12,Processing,184810.7
ORD000362,CUST01423,STR007,2025-04-28,Delivered,301660.05
ORD000363,CUST00146,STR043,2025-05-20,Shipped,195020.6
ORD000364,CUST01678,STR028,2025-03-15,Shipped,89318.5
ORD000365,CUST01216,STR001,2025-06-05,Delivered,39491.85
ORD000366,CUST00965,STR019,2025-05-19,Delivered,149570.3
ORD000367,CUST00514,STR043,2025-04-28,Cancelled,77472.9
ORD000368,CUST01567,STR039,2025-06-12,Processing,213427.2
ORD000369,CUST00382,STR032,2025-04-06,Delivered,212608.4
ORD000370,CUST01832,STR048,2025-06-29,Shipped,128210.9
ORD000371,CUST00951,STR021,2025-05-22,Processing,200205.1
ORD000372,CUST00463,STR035,2025-01-19,Processing,145522.35
ORD000373,CUST01140,STR027,2025-01-04,Delivered,206550.0
ORD000374,CUST00525,STR043,2025-04-25,Delivered,61901.0
ORD000375,CUST00106,STR008,2025-04-11,Delivered,241249.6
ORD000376,CUST01227,STR010,2025-03-16,Processing,4077.9
ORD000377,CUST01253,STR035,2025-01-22,Delivered,176991.0
ORD000378,CUST01098,STR009,2025-05-28,Delivered,154664.1
ORD000379,CUST01236,STR001,2025-06-26,Delivered,302583.9
ORD000380,CUST01877,STR037,2025-03-22,Shipped,216890.45
ORD000381,CUST00340,STR021,2025-04-08,Delivered,51984.8
ORD000382,CUST01418,STR044,2025-02-14,Delivered,61733.1
ORD000383,CUST00107,STR028,2025-03-09,Pending,58843.8
ORD000384,CUST01032,STR004,2025-04-03,Delivered,21110.4
ORD000385,CUST01094,STR026,2025-02-15,Delivered,237468.55
ORD000386,CUST01225,STR022,2025-03-10,Delivered,135246.9
ORD000387,CUST01095,STR035,2025-02-13,Delivered,41472.0
ORD000388,CUST01500,STR026,2025-02-28,Shipped,110058.7
ORD000389,CUST01213,STR003,2025-02-02,Delivered,106098.6
ORD000390,CUST00889,STR050,2025-05-24,Processing,83993.9
ORD000391,CUST01673,STR042,2025-06-28,Processing,169722.9
ORD000392,CUST01914,STR005,2025-03-03,Processing,4836.6
ORD000393,CUST01986,STR011,2025-06-29,Delivered,289930.65
ORD000394,CUST01782,STR021,2025-02-20,Delivered,72225.5
ORD000395,CUST00266,STR010,2025-03-10,Delivered,35000.45
ORD000396,CUST00292,STR019,2025-04-28,Delivered,142212.4
ORD000397,CUST01157,STR012,2025-05-30,Shipped,19848.0
ORD000398,CUST00155,STR029,2025-05-15,Delivered,141073.0
ORD000399,CUST01091,STR014,2025-01-14,Delivered,188567.2
ORD000400,CUST01685,STR034,2025-01-13,Delivered,12635.0
ORD000401,CUST00385,STR008,2025-02-01,Delivered,153736.2
ORD000402,CUST01653,STR031,2025-01-24,Delivered,110127.0
ORD000403,CUST00771,STR025,2025-03-17,Delivered,200381.55
ORD000404,CUST00695,STR046,2025-01-25,Shipped,114967.3
ORD000405,CUST00204,STR049,2025-04-02,Shipped,92206.0
ORD000406,CUST00178,STR034,2025-04-19,Delivered,56541.8
ORD000407,CUST01982,STR039,2025-04-17,Delivered,162119.7
ORD000408,CUST01801,STR009,2025-01-10,Shipped,149846.55
ORD000409,CUST00055,STR043,2025-06-22,Delivered,130305.75
ORD000410,CUST01622,STR017,2025-02-06,Delivered,237936.4
ORD000411,CUST00211,STR021,2025-03-10,Delivered,67872.8
ORD000412,CUST01877,STR021,2025-04-13,Delivered,80095.2
ORD000413,CUST01185,STR025,2025-05-12,Delivered,21172.8
ORD000414,CUST00168,STR001,2025-03-10,Delivered,177884.7
ORD000415,CUST01620,STR041,2025-03-24,Delivered,61516.85
ORD000416,CUST01459,STR050,2025-06-28,Delivered,142070.35
ORD000417,CUST00112,STR017,2025-05-02,Delivered,77781.6
ORD000418,CUST01001,STR035,2025-06-15,Delivered,119803.2
ORD000419,CUST01606,STR028,2025-06-02,Delivered,80472.05
ORD000420,CUST00370,STR001,2025-04-02,Delivered,49256.8
ORD000421,CUST00008,STR049,2025-06-29,Shipped,188115.75
ORD000422,CUST00041,STR045,2025-06-15,Delivered,23395.0
ORD000423,CUST00979,STR007,2025-03-15,Delivered,209603.6
ORD000424,CUST00511,STR027,2025-03-21,Delivered,234114.05
ORD000425,CUST01560,STR042,2025-05-09,Delivered,282522.2
ORD000426,CUST01759,STR038,2025-03-10,Delivered,6860.8
ORD000427,CUST00689,STR016,2025-05-26,Shipped,81115.4
ORD000428,CUST00908,STR003,2025-03-25,Delivered,44665.2
ORD000429,CUST01478,STR006,2025-03-29,Processing,25182.95
ORD000430,CUST01412,STR016,2025-03-27,Processing,238139.8
ORD000431,CUST00355,STR022,2025-04-18,Delivered,108897.75
ORD000432,CUST01552,STR003,2025-02-02,Pending,156352.2
ORD000433,CUST01139,STR020,2025-05-14,Pending,264775.25
ORD000434,CUST00803,STR014,2025-04-25,Delivered,20066.7
ORD000435,CUST00763,STR004,2025-03-24,Delivered,204260.2
ORD000436,CUST01805,STR011,2025-04-01,Delivered,127327.8
ORD000437,CUST00202,STR017,2025-03-03,Shipped,77256.7
ORD000438,CUST01146,STR034,2025-01-17,Delivered,95546.55
ORD000439,CUST01170,STR002,2025-02-13,Delivered,115464.0
ORD000440,CUST00595,STR001,2025-03-24,Delivered,100542.3
ORD000441,CUST01150,STR019,2025-06-15,Delivered,189890.6
ORD000442,CUST00978,STR040,2025-06-29,Delivered,154502.6
ORD000443,CUST00208,STR014,2025-03-08,Delivered,83220.5
ORD000444,CUST01893,STR037,2025-03-26,Delivered,18057.0
ORD000445,CUST00795,STR048,2025-05-14,Delivered,12239.8
ORD000446,CUST01179,STR006,2025-03-05,Delivered,188432.8
ORD000447,CUST01038,STR025,2025-03-22,Delivered,19923.3
ORD000448,CUST00008,STR043,2025-02-10,Delivered,108521.2
ORD000449,CUST00548,STR008,2025-02-04,Delivered,52203.15
ORD000450,CUST01488,STR014,2025-03-26,Delivered,145876.95
ORD000451,CUST00682,STR010,2025-04-06,Cancelled,277545.6
ORD000452,CUST01851,STR001,2025-06-26,Delivered,107376.5
ORD000453,CUST00096,STR046,2025-01-23,Delivered,76876.85
ORD000454,CUST00878,STR034,2025-01-02,Delivered,198308.9
ORD000455,CUST01822,STR009,2025-05-10,Delivered,73433.8
ORD000456,CUST00789,STR034,2025-02-28,Delivered,212055.1
ORD000457,CUST00851,STR025,2025-01-04,Delivered,65422.8
ORD000458,CUST01485,STR005,2025-06-21,Delivered,286342.15
ORD000459,CUST00038,STR048,2025-03-27,Delivered,219299.45
ORD000460,CUST00423,STR026,2025-03-06,Processing,177828.0
ORD000461,CUST00983,STR036,2025-06-25,Shipped,205798.85
ORD000462,CUST01971,STR023,2025-04-17,Shipped,91032.2
ORD000463,CUST00578,STR014,2025-06-27,Delivered,202763.7
ORD000464,CUST01808,STR045,2025-04-30,Shipped,22630.1
ORD000465,CUST00208,STR015,2025-06-23,Processing,17412.0
ORD000466,CUST00597,STR039,2025-02-01,Delivered,70942.0
ORD000467,CUST01070,STR017,2025-06-17,Processing,267259.5
ORD000468,CUST01806,STR022,2025-06-15,Delivered,99876.7
ORD000469,CUST01932,STR004,2025-03-26,Shipped,318246.45
ORD000470,CUST00334,STR010,2025-03-08,Delivered,118605.05
ORD000471,CUST01143,STR050,2025-04-09,Delivered,118145.7
ORD000472,CUST01682,STR021,2025-03-31,Delivered,101721.45
ORD000473,CUST00669,STR028,2025-03-25,Delivered,174964.8
ORD000474,CUST00207,STR027,2025-02-14,Delivered,147504.0
ORD000475,CUST00762,STR006,2025-01-31,Delivered,72318.75
ORD000476,CUST01116,STR011,2025-03-31,Delivered,14013.35
ORD000477,CUST00616,STR035,2025-06-04,Delivered,53455.0
ORD000478,CUST00213,STR045,2025-04-30,Delivered,85466.0
ORD000479,CUST01538,STR001,2025-04-20,Delivered,16843.2
ORD000480,CUST01413,STR044,2025-05-12,Delivered,123984.4
ORD000481,CUST00226,STR045,2025-02-28,Cancelled,204374.2
ORD000482,CUST01301,STR010,2025-01-19,Delivered,58273.2
ORD000483,CUST01824,STR042,2025-02-24,Delivered,171901.2
ORD000484,CUST01926,STR019,2025-02-10,Delivered,82691.6
ORD000485,CUST01970,STR038,2025-06-23,Shipped,61271.0
ORD000486,CUST00953,STR025,2025-04-22,Shipped,38550.9
ORD000487,CUST00742,STR047,2025-04-23,Delivered,51449.1
ORD000488,CUST01419,STR033,2025-05-11,Delivered,93385.2
ORD000489,CUST00786,STR024,2025-05-21,Delivered,4412.7
ORD000490,CUST01832,STR020,2025-02-21,Delivered,73031.4
ORD000491,CUST01431,STR045,2025-02-28,Delivered,330262.95
ORD000492,CUST00408,STR005,2025-06-21,Processing,93549.2
ORD000493,CUST01486,STR025,2025-03-31,Processing,94916.5
ORD000494,CUST00746,STR044,2025-03-06,Delivered,28174.1
ORD000495,CUST00426,STR032,2025-04-17,Processing,291385.0
ORD000496,CUST00272,STR024,2025-01-11,Shipped,127990.6
ORD000497,CUST00822,STR001,2025-02-09,Delivered,31948.2
ORD000498,CUST01917,STR004,2025-02-02,Delivered,35164.5
ORD000499,CUST01178,STR043,2025-06-29,Delivered,84581.0
ORD000500,CUST01870,STR034,2025-02-09,Delivered,50784.3
ORD000501,CUST00872,STR044,2025-03-15,Delivered,18118.4
ORD000502,CUST00512,STR019,2025-06-23,Shipped,4935.6
ORD000503,CUST00329,STR026,2025-06-21,Delivered,109093.75
ORD000504,CUST01541,STR007,2025-04-25,Delivered,4977.0
ORD000505,CUST00346,STR025,2025-04-20,Delivered,56953.9
ORD000506,CUST00314,STR029,2025-04-02,Delivered,28213.1
ORD000507,CUST01212,STR036,2025-03-23,Delivered,169441.2
ORD000508,CUST01508,STR003,2025-03-09,Shipped,7820.0
ORD000509,CUST01683,STR010,2025-05-09,Delivered,92074.0
ORD000510,CUST01501,STR021,2025-04-16,Delivered,148794.3
ORD000511,CUST01844,STR031,2025-05-14,Delivered,92502.0
ORD000512,CUST01142,STR016,2025-02-05,Processing,99642.0
ORD000513,CUST00098,STR037,2025-03-25,Delivered,158674.95
ORD000514,CUST00083,STR006,2025-03-10,Pending,58021.7
ORD000515,CUST00082,STR021,2025-06-15,Delivered,68879.7
ORD000516,CUST01170,STR038,2025-06-22,Delivered,62419.65
ORD000517,CUST01944,STR021,2025-04-30,Processing,129313.35
ORD000518,CUST00165,STR019,2025-04-24,Delivered,248146.2
ORD000519,CUST01478,STR015,2025-01-30,Delivered,86689.2
ORD000520,CUST00370,STR034,2025-04-18,Pending,195667.65
ORD000521,CUST01076,STR022,2025-04-20,Processing,92798.3
ORD000522,CUST00167,STR018,2025-04-01,Delivered,111470.0
ORD000523,CUST01110,STR046,2025-04-27,Shipped,31524.0
ORD000524,CUST00401,STR040,2025-04-18,Delivered,268518.1
ORD000525,CUST01576,STR035,2025-02-01,Processing,169738.6
ORD000526,CUST00908,STR025,2025-06-17,Delivered,114628.1
ORD000527,CUST01016,STR045,2025-01-21,Shipped,34708.4
ORD000528,CUST01793,STR043,2025-06-24,Delivered,25381.0
ORD000529,CUST01040,STR029,2025-05-25,Delivered,37176.0
ORD000530,CUST01907,STR046,2025-03-26,Shipped,84553.8
ORD000531,CUST00263,STR013,2025-05-15,Delivered,19041.25
ORD000532,CUST01380,STR021,2025-05-01,Delivered,196500.7
ORD000533,CUST00747,STR018,2025-04-12,Cancelled,210389.55
ORD000534,CUST01883,STR043,2025-06-08,Delivered,103437.0
ORD000535,CUST01640,STR038,2025-01-06,Delivered,130885.9
ORD000536,CUST00669,STR023,2025-03-31,Delivered,65332.5
ORD000537,CUST00649,STR007,2025-03-30,Delivered,41598.9
ORD000538,CUST01416,STR044,2025-01-06,Delivered,170681.7
ORD000539,CUST00475,STR022,2025-01-21,Shipped,112270.65
ORD000540,CUST01037,STR036,2025-02-12,Cancelled,138667.0
ORD000541,CUST01340,STR026,2025-04-19,Delivered,24144.35
ORD000542,CUST00802,STR047,2025-04-15,Pending,174802.05
ORD000543,CUST01222,STR023,2025-06-26,Delivered,33077.7
ORD000544,CUST00281,STR040,2025-02-20,Delivered,242027.8
ORD000545,CUST01995,STR019,2025-06-17,Delivered,171976.95
ORD000546,CUST01974,STR040,2025-06-12,Delivered,114090.9
ORD000547,CUST00015,STR029,2025-01-19,Shipped,173909.15
ORD000548,CUST00024,STR025,2025-03-03,Processing,187019.0
ORD000549,CUST01400,STR044,2025-01-04,Processing,82362.8
ORD000550,CUST00126,STR012,2025-04-19,Delivered,106386.6
ORD000551,CUST00209,STR035,2025-06-30,Delivered,125135.1
ORD000552,CUST01552,STR038,2025-01-31,Pending,100674.45
ORD000553,CUST00730,STR013,2025-06-01,Delivered,166513.9
ORD000554,CUST01693,STR032,2025-04-17,Delivered,263544.1
ORD000555,CUST00837,STR041,2025-05-27,Delivered,49829.1
ORD000556,CUST00358,STR017,2025-06-29,Delivered,69184.2
ORD000557,CUST00129,STR019,2025-02-02,Pending,118521.3
ORD000558,CUST00542,STR049,2025-02-21,Returned,84548.1
ORD000559,CUST00141,STR009,2025-06-13,Delivered,188154.6
ORD000560,CUST01089,STR024,2025-02-06,Delivered,12901.95
ORD000561,CUST00755,STR032,2025-06-30,Delivered,129649.9
ORD000562,CUST00081,STR016,2025-04-18,Delivered,6568.2
ORD000563,CUST00772,STR028,2025-06-24,Cancelled,148149.2
ORD000564,CUST01349,STR047,2025-05-06,Delivered,100451.45
ORD000565,CUST01649,STR035,2025-01-12,Delivered,30747.6
ORD000566,CUST01005,STR044,2025-05-06,Delivered,121917.3
ORD000567,CUST00220,STR036,2025-01-23,Delivered,82927.4
ORD000568,CUST01628,STR035,2025-01-16,Delivered,140043.0
ORD000569,CUST00239,STR006,2025-01-14,Delivered,171263.4
ORD000570,CUST01815,STR009,2025-05-21,Delivered,294046.5
ORD000571,CUST00748,STR021,2025-02-05,Delivered,23600.0
ORD000572,CUST01848,STR023,2025-01-02,Delivered,103466.7
ORD000573,CUST01000,STR028,2025-04-30,Delivered,233152.25
ORD000574,CUST01526,STR002,2025-06-15,Delivered,107634.6
ORD000575,CUST00018,STR019,2025-02-11,Processing,8762.4
ORD000576,CUST00427,STR011,2025-06-14,Pending,235588.3
ORD000577,CUST01160,STR011,2025-06-01,Delivered,137536.7
ORD000578,CUST00495,STR050,2025-01-16,Delivered,261619.85
ORD000579,CUST00110,STR010,2025-03-08,Delivered,25076.6
ORD000580,CUST01107,STR005,2025-02-24,Delivered,13280.05
ORD000581,CUST00243,STR011,2025-04-21,Delivered,48459.2
ORD000582,CUST00733,STR037,2025-06-09,Delivered,218064.7
ORD000583,CUST01688,STR037,2025-04-21,Delivered,207553.05
ORD000584,CUST01587,STR050,2025-03-14,Delivered,43146.1
ORD000585,CUST01316,STR027,2025-06-03,Delivered,243138.6
ORD000586,CUST00539,STR027,2025-01-13,Delivered,3417.6
ORD000587,CUST01180,STR040,2025-03-15,Delivered,113416.2
ORD000588,CUST00696,STR045,2025-02-19,Processing,39656.4
ORD000589,CUST01085,STR002,2025-04-19,Delivered,135157.5
ORD000590,CUST00941,STR039,2025-03-18,Processing,111343.4
ORD000591,CUST01989,STR020,2025-05-01,Returned,12156.4
ORD000592,CUST01861,STR024,2025-05-09,Shipped,119604.3
ORD000593,CUST01072,STR031,2025-02-11,Delivered,105985.8
ORD000594,CUST00663,STR045,2025-03-24,Delivered,371608.05
ORD000595,CUST00631,STR009,2025-06-10,Delivered,259266.3
ORD000596,CUST00343,STR006,2025-04-09,Processing,49327.8
ORD000597,CUST00116,STR014,2025-04-17,Processing,83867.2
ORD000598,CUST00151,STR047,2025-05-28,Delivered,108679.9
ORD000599,CUST01515,STR040,2025-03-28,Delivered,88657.1
ORD000600,CUST01983,STR042,2025-02-02,Shipped,32289.55
ORD000601,CUST00131,STR010,2025-01-31,Delivered,23660.0
ORD000602,CUST01195,STR044,2025-01-06,Shipped,77521.6
ORD000603,CUST00689,STR011,2025-05-10,Shipped,266574.95
ORD000604,CUST01633,STR010,2025-01-28,Delivered,193957.2
ORD000605,CUST00591,STR005,2025-03-03,Delivered,181974.05
ORD000606,CUST00646,STR011,2025-01-18,Processing,68135.9
ORD000607,CUST00722,STR009,2025-03-25,Delivered,123685.4
ORD000608,CUST00244,STR010,2025-03-01,Delivered,84343.3
ORD000609,CUST01075,STR030,2025-02-26,Delivered,44581.6
ORD000610,CUST01714,STR017,2025-02-24,Delivered,30162.0
ORD000611,CUST00931,STR024,2025-06-15,Delivered,148022.75
ORD000612,CUST00846,STR013,2025-05-06,Delivered,231240.5
ORD000613,CUST01633,STR040,2025-01-27,Delivered,14417.0
ORD000614,CUST00073,STR019,2025-05-18,Delivered,72550.9
ORD000615,CUST01953,STR009,2025-01-09,Delivered,100400.0
ORD000616,CUST00984,STR048,2025-05-08,Delivered,188151.7
ORD000617,CUST00377,STR004,2025-01-31,Pending,191349.0
ORD000618,CUST00754,STR008,2025-04-16,Delivered,158917.6
ORD000619,CUST00698,STR010,2025-04-24,Cancelled,134334.7
ORD000620,CUST01292,STR028,2025-04-25,Delivered,157536.45
ORD000621,CUST00243,STR045,2025-02-01,Processing,108812.25
ORD000622,CUST01196,STR001,2025-02-13,Delivered,173437.65
ORD000623,CUST00576,STR012,2025-03-12,Shipped,88182.3
ORD000624,CUST01528,STR014,2025-03-13,Delivered,146745.8
ORD000625,CUST01692,STR005,2025-03-19,Pending,183558.05
ORD000626,CUST00298,STR002,2025-04-28,Shipped,70386.4
ORD000627,CUST01806,STR039,2025-03-03,Delivered,29489.6
ORD000628,CUST01814,STR023,2025-01-09,Delivered,205884.6
ORD000629,CUST01722,STR018,2025-01-18,Returned,172191.25
ORD000630,CUST00440,STR032,2025-05-19,Delivered,191118.6
ORD000631,CUST00040,STR035,2025-01-24,Delivered,261592.1
ORD000632,CUST01402,STR048,2025-06-10,Delivered,133503.05
ORD000633,CUST01910,STR038,2025-05-26,Delivered,7265.8
ORD000634,CUST00481,STR031,2025-02-19,Delivered,156145.65
ORD000635,CUST00999,STR006,2025-06-13,Delivered,38008.8
ORD000636,CUST01172,STR039,2025-01-23,Delivered,39959.4
ORD000637,CUST01418,STR022,2025-01-11,Delivered,81850.2
ORD000638,CUST00190,STR027,2025-05-23,Delivered,262144.0
ORD000639,CUST00094,STR029,2025-05-17,Delivered,189489.75
ORD000640,CUST01490,STR050,2025-06-29,Delivered,181817.6
ORD000641,CUST01605,STR028,2025-05-05,Delivered,49332.8
ORD000642,CUST01370,STR039,2025-03-27,Delivered,37574.0
ORD000643,CUST01114,STR006,2025-01-04,Delivered,170417.8
ORD000644,CUST01659,STR003,2025-01-21,Cancelled,134168.9
ORD000645,CUST00564,STR005,2025-02-09,Delivered,200119.9
ORD000646,CUST00103,STR046,2025-03-01,Processing,241558.2
ORD000647,CUST00485,STR007,2025-05-27,Delivered,158274.9
ORD000648,CUST00888,STR027,2025-03-15,Delivered,8210.7
ORD000649,CUST00782,STR027,2025-06-14,Delivered,160772.85
ORD000650,CUST00485,STR015,2025-02-10,Delivered,140041.45
ORD000651,CUST00416,STR045,2025-05-28,Delivered,109119.4
ORD000652,CUST01053,STR028,2025-02-02,Delivered,91216.8
ORD000653,CUST01051,STR002,2025-01-07,Delivered,175853.6
ORD000654,CUST00667,STR035,2025-05-29,Processing,122787.05
ORD000655,CUST00001,STR027,2025-06-03,Delivered,144853.9
ORD000656,CUST01560,STR045,2025-04-04,Delivered,105812.85
ORD000657,CUST01219,STR023,2025-02-25,Delivered,97845.8
ORD000658,CUST00020,STR047,2025-02-15,Delivered,225630.9
ORD000659,CUST00359,STR042,2025-04-10,Shipped,178901.35
ORD000660,CUST01038,STR011,2025-01-11,Delivered,30560.05
ORD000661,CUST01205,STR024,2025-03-15,Delivered,98569.2
ORD000662,CUST00889,STR003,2025-01-24,Delivered,44060.2
ORD000663,CUST00401,STR022,2025-05-21,Delivered,58131.5
ORD000664,CUST00473,STR034,2025-03-30,Pending,34153.8
ORD000665,CUST00954,STR010,2025-04-13,Delivered,148448.95
ORD000666,CUST00980,STR037,2025-02-28,Delivered,135597.35
ORD000667,CUST00474,STR011,2025-04-09,Delivered,228390.15
ORD000668,CUST01807,STR019,2025-05-30,Delivered,74632.0
ORD000669,CUST00034,STR036,2025-06-26,Processing,13635.2
ORD000670,CUST01938,STR015,2025-03-14,Processing,82894.4
ORD000671,CUST00538,STR018,2025-03-29,Delivered,62649.9
ORD000672,CUST01594,STR025,2025-05-08,Shipped,32056.0
ORD000673,CUST00072,STR011,2025-01-13,Processing,146529.7
ORD000674,CUST00507,STR030,2025-02-18,Delivered,98834.0
ORD000675,CUST00364,STR027,2025-06-19,Delivered,91336.9
ORD000676,CUST01475,STR038,2025-04-20,Shipped,209981.35
ORD000677,CUST00858,STR040,2025-05-01,Processing,70877.85
ORD000678,CUST01543,STR032,2025-01-25,Delivered,25687.0
ORD000679,CUST01765,STR039,2025-06-20,Delivered,219829.6
ORD000680,CUST00780,STR039,2025-01-31,Processing,18770.1
ORD000681,CUST00905,STR009,2025-01-07,Delivered,100664.4
ORD000682,CUST00509,STR044,2025-01-26,Delivered,57102.1
ORD000683,CUST00651,STR018,2025-03-25,Delivered,84198.9
ORD000684,CUST00633,STR028,2025-01-25,Delivered,46219.2
ORD000685,CUST01649,STR025,2025-06-16,Pending,81734.0
ORD000686,CUST01099,STR016,2025-04-28,Shipped,160103.05
ORD000687,CUST01288,STR031,2025-02-03,Delivered,257274.15
ORD000688,CUST00720,STR020,2025-06-01,Delivered,28863.0
ORD000689,CUST01071,STR049,2025-02-11,Cancelled,92614.8
ORD000690,CUST01274,STR002,2025-02-01,Delivered,61114.5
ORD000691,CUST00490,STR043,2025-05-24,Delivered,182589.45
ORD000692,CUST01513,STR005,2025-05-06,Delivered,150533.3
ORD000693,CUST01981,STR019,2025-06-10,Shipped,125478.6
ORD000694,CUST00611,STR024,2025-01-04,Delivered,10913.4
ORD000695,CUST01393,STR004,2025-05-31,Delivered,152937.6
ORD000696,CUST01074,STR001,2025-06-21,Delivered,71972.15
ORD000697,CUST01450,STR024,2025-02-02,Delivered,51839.65
ORD000698,CUST00598,STR048,2025-05-30,Cancelled,7803.0
ORD000699,CUST00664,STR020,2025-05-04,Delivered,29680.8
ORD000700,CUST00273,STR025,2025-02-04,Delivered,145929.4
ORD000701,CUST00240,STR037,2025-06-07,Delivered,165656.9
ORD000702,CUST01763,STR034,2025-06-17,Delivered,155961.15
ORD000703,CUST01408,STR017,2025-05-08,Processing,142663.4
ORD000704,CUST01116,STR026,2025-03-28,Shipped,90451.8
ORD000705,CUST00830,STR048,2025-03-23,Delivered,140802.2
ORD000706,CUST00989,STR045,2025-01-14,Delivered,42684.4
ORD000707,CUST01293,STR039,2025-05-24,Delivered,33303.2
ORD000708,CUST01616,STR046,2025-02-15,Pending,147111.45
ORD000709,CUST01750,STR038,2025-04-25,Delivered,140617.35
ORD000710,CUST01601,STR047,2025-03-02,Delivered,52277.55
ORD000711,CUST00114,STR045,2025-06-10,Delivered,22570.35
ORD000712,CUST00870,STR012,2025-03-20,Delivered,37559.8
ORD000713,CUST00335,STR005,2025-03-19,Shipped,168001.5
ORD000714,CUST01928,STR045,2025-01-05,Delivered,89824.6
ORD000715,CUST00960,STR041,2025-04-25,Delivered,124072.35
ORD000716,CUST01501,STR036,2025-05-29,Cancelled,36166.5
ORD000717,CUST01312,STR039,2025-02-27,Shipped,161058.35
ORD000718,CUST00503,STR008,2025-03-20,Delivered,58282.1
ORD000719,CUST01523,STR006,2025-04-12,Processing,35591.5
ORD000720,CUST00229,STR032,2025-01-14,Processing,113619.4
ORD000721,CUST00881,STR031,2025-04-01,Delivered,282917.7
ORD000722,CUST00961,STR043,2025-01-13,Delivered,47404.05
ORD000723,CUST01661,STR012,2025-05-06,Processing,202800.3
ORD000724,CUST01731,STR030,2025-04-08,Delivered,75529.5
ORD000725,CUST00455,STR030,2025-06-12,Delivered,117568.5
ORD000726,CUST00949,STR007,2025-02-21,Delivered,115715.5
ORD000727,CUST01646,STR021,2025-01-15,Delivered,172789.7
ORD000728,CUST00340,STR003,2025-02-25,Delivered,184432.35
ORD000729,CUST01209,STR016,2025-01-26,Returned,80821.6
ORD000730,CUST01184,STR037,2025-04-20,Delivered,239535.7
ORD000731,CUST00342,STR041,2025-05-26,Delivered,203989.9
ORD000732,CUST00021,STR010,2025-05-28,Pending,148511.5
ORD000733,CUST00318,STR004,2025-04-05,Processing,127173.0
ORD000734,CUST01671,STR045,2025-06-10,Delivered,92217.95
ORD000735,CUST01966,STR025,2025-05-20,Delivered,37075.65
ORD000736,CUST00662,STR031,2025-04-20,Delivered,14691.0
ORD000737,CUST00560,STR015,2025-01-06,Delivered,230377.15
ORD000738,CUST01087,STR046,2025-01-27,Delivered,227315.4
ORD000739,CUST01569,STR042,2025-06-24,Delivered,125535.2
ORD000740,CUST00774,STR019,2025-02-28,Delivered,172741.05
ORD000741,CUST01825,STR019,2025-01-21,Delivered,104154.45
ORD000742,CUST00478,STR028,2025-02-21,Delivered,77098.65
ORD000743,CUST01852,STR039,2025-06-03,Delivered,115716.0
ORD000744,CUST01813,STR042,2025-01-16,Shipped,132483.55
ORD000745,CUST00916,STR042,2025-06-16,Delivered,83547.45
ORD000746,CUST00126,STR022,2025-01-14,Delivered,98005.5
ORD000747,CUST00712,STR013,2025-04-13,Processing,5766.0
ORD000748,CUST01414,STR034,2025-06-11,Processing,75145.95
ORD000749,CUST00987,STR037,2025-02-17,Shipped,151435.0
ORD000750,CUST00506,STR028,2025-06-28,Shipped,159488.45
ORD000751,CUST00543,STR016,2025-01-13,Delivered,31463.7
ORD000752,CUST00573,STR040,2025-02-15,Processing,104635.65
ORD000753,CUST00499,STR045,2025-06-14,Delivered,29945.7
ORD000754,CUST01889,STR024,2025-04-02,Delivered,68188.7
ORD000755,CUST01050,STR017,2025-05-17,Cancelled,205249.0
ORD000756,CUST00423,STR009,2025-06-12,Pending,238370.95
ORD000757,CUST00575,STR046,2025-06-04,Delivered,96192.0
ORD000758,CUST01746,STR049,2025-06-30,Delivered,95600.0
ORD000759,CUST01060,STR020,2025-05-26,Returned,23738.4
ORD000760,CUST01092,STR041,2025-01-22,Delivered,47630.3
ORD000761,CUST00392,STR028,2025-04-13,Processing,28069.6
ORD000762,CUST01297,STR009,2025-03-10,Processing,246357.6
ORD000763,CUST01109,STR046,2025-05-04,Processing,76984.2
ORD000764,CUST01303,STR044,2025-05-30,Delivered,121746.3
ORD000765,CUST00120,STR040,2025-02-04,Delivered,40023.35
ORD000766,CUST01875,STR030,2025-06-22,Returned,107735.0
ORD000767,CUST00238,STR036,2025-05-03,Delivered,10037.7
ORD000768,CUST00151,STR007,2025-04-12,Delivered,140016.5
ORD000769,CUST00352,STR003,2025-02-11,Delivered,74142.1
ORD000770,CUST00380,STR043,2025-05-27,Pending,113644.7
ORD000771,CUST00902,STR030,2025-01-04,Delivered,278505.0
ORD000772,CUST01391,STR033,2025-05-30,Delivered,214768.9
ORD000773,CUST01491,STR014,2025-05-11,Delivered,121269.0
ORD000774,CUST00464,STR032,2025-03-09,Shipped,58665.6
ORD000775,CUST01833,STR038,2025-03-25,Delivered,67391.7
ORD000776,CUST00158,STR011,2025-03-03,Delivered,30224.65
ORD000777,CUST01779,STR019,2025-05-06,Cancelled,164117.1
ORD000778,CUST00446,STR019,2025-06-29,Delivered,184218.7
ORD000779,CUST01623,STR012,2025-06-30,Delivered,41269.2
ORD000780,CUST01863,STR038,2025-02-04,Delivered,147947.75
ORD000781,CUST01166,STR018,2025-05-11,Shipped,209276.65
ORD000782,CUST01088,STR001,2025-02-18,Delivered,108886.2
ORD000783,CUST00583,STR020,2025-05-04,Delivered,50295.3
ORD000784,CUST00066,STR014,2025-06-06,Delivered,139180.3
ORD000785,CUST01143,STR002,2025-05-01,Delivered,11173.6
ORD000786,CUST00505,STR019,2025-01-15,Delivered,108363.45
ORD000787,CUST00846,STR004,2025-05-26,Delivered,127383.0
ORD000788,CUST01242,STR032,2025-02-02,Delivered,71650.95
ORD000789,CUST00835,STR042,2025-02-07,Shipped,103513.0
ORD000790,CUST01728,STR010,2025-05-06,Delivered,83897.8
ORD000791,CUST01775,STR036,2025-02-20,Delivered,202036.6
ORD000792,CUST00517,STR029,2025-06-21,Delivered,178058.4
ORD000793,CUST01890,STR018,2025-06-30,Processing,72392.7
ORD000794,CUST00514,STR036,2025-04-12,Delivered,71557.8
ORD000795,CUST01516,STR035,2025-04-29,Delivered,131256.6
ORD000796,CUST00060,STR040,2025-03-18,Delivered,85053.6
ORD000797,CUST00240,STR022,2025-02-23,Shipped,209644.6
ORD000798,CUST00956,STR045,2025-01-23,Delivered,27453.1
ORD000799,CUST00181,STR018,2025-06-15,Cancelled,116159.1
ORD000800,CUST00174,STR013,2025-03-13,Shipped,100283.85
ORD000801,CUST01802,STR026,2025-06-14,Shipped,61264.3
ORD000802,CUST00033,STR043,2025-05-30,Delivered,140676.0
ORD000803,CUST00656,STR006,2025-05-03,Delivered,230203.45
ORD000804,CUST00291,STR047,2025-06-12,Delivered,18226.4
ORD000805,CUST00323,STR003,2025-04-16,Delivered,162547.45
ORD000806,CUST00396,STR002,2025-03-24,Delivered,165065.4
ORD000807,CUST01409,STR037,2025-02-16,Delivered,117739.9
ORD000808,CUST00751,STR023,2025-02-19,Returned,170566.6
ORD000809,CUST01767,STR003,2025-01-13,Delivered,108332.35
ORD000810,CUST00080,STR003,2025-04-03,Delivered,91237.0
ORD000811,CUST00494,STR026,2025-03-03,Delivered,61954.35
ORD000812,CUST01799,STR010,2025-03-31,Delivered,81045.4
ORD000813,CUST01629,STR010,2025-04-09,Delivered,139529.5
ORD000814,CUST01993,STR032,2025-01-12,Delivered,38114.4
ORD000815,CUST00878,STR035,2025-04-24,Shipped,206952.0
ORD000816,CUST01056,STR015,2025-04-01,Processing,83254.8
ORD000817,CUST01039,STR011,2025-02-16,Delivered,269008.0
ORD000818,CUST01810,STR049,2025-05-21,Processing,142778.45
ORD000819,CUST01416,STR050,2025-05-31,Delivered,162999.4
ORD000820,CUST01659,STR049,2025-05-09,Processing,181306.5
ORD000821,CUST01133,STR042,2025-04-30,Processing,104883.7
ORD000822,CUST01223,STR033,2025-01-28,Delivered,191188.95
ORD000823,CUST00458,STR010,2025-04-14,Delivered,90657.3
ORD000824,CUST00233,STR034,2025-03-24,Delivered,8088.0
ORD000825,CUST01842,STR019,2025-05-15,Delivered,4867.2
ORD000826,CUST01839,STR012,2025-03-17,Delivered,249051.0
ORD000827,CUST01210,STR045,2025-04-11,Delivered,19536.0
ORD000828,CUST01695,STR050,2025-05-07,Processing,25474.05
ORD000829,CUST00268,STR037,2025-04-12,Delivered,105276.75
ORD000830,CUST00229,STR041,2025-06-22,Delivered,39187.8
ORD000831,CUST01834,STR033,2025-05-28,Delivered,205659.3
ORD000832,CUST01990,STR047,2025-06-22,Delivered,171996.3
ORD000833,CUST00831,STR037,2025-03-28,Delivered,132534.0
ORD000834,CUST00798,STR025,2025-06-03,Delivered,80876.0
ORD000835,CUST00609,STR036,2025-04-01,Delivered,49236.0
ORD000836,CUST00372,STR030,2025-03-31,Delivered,105936.4
ORD000837,CUST00422,STR049,2025-02-06,Processing,129981.05
ORD000838,CUST00295,STR025,2025-05-11,Delivered,38092.65
ORD000839,CUST01364,STR047,2025-03-21,Delivered,74931.4
ORD000840,CUST00358,STR015,2025-03-14,Delivered,83018.8
ORD000841,CUST01599,STR047,2025-03-16,Delivered,223526.85
ORD000842,CUST01038,STR046,2025-01-13,Delivered,86878.4
ORD000843,CUST01673,STR024,2025-06-03,Shipped,48897.0
ORD000844,CUST00538,STR041,2025-04-17,Delivered,230935.8
ORD000845,CUST01408,STR010,2025-06-15,Processing,19490.5
ORD000846,CUST01456,STR035,2025-02-28,Processing,137274.2
ORD000847,CUST01032,STR034,2025-06-26,Delivered,190531.5
ORD000848,CUST01579,STR004,2025-04-28,Delivered,36948.1
ORD000849,CUST01039,STR008,2025-04-25,Shipped,195509.05
ORD000850,CUST00809,STR037,2025-02-18,Delivered,63451.2
ORD000851,CUST01145,STR008,2025-04-11,Delivered,52092.8
ORD000852,CUST01715,STR036,2025-06-18,Delivered,9057.5
ORD000853,CUST01817,STR044,2025-06-23,Delivered,132436.0
ORD000854,CUST00696,STR050,2025-03-29,Delivered,197207.7
ORD000855,CUST01267,STR039,2025-04-07,Delivered,155455.2
ORD000856,CUST01049,STR042,2025-06-27,Shipped,184563.45
ORD000857,CUST00688,STR047,2025-06-25,Delivered,119133.0
ORD000858,CUST00482,STR029,2025-01-15,Returned,33903.6
ORD000859,CUST00201,STR015,2025-04-28,Shipped,135936.25
ORD000860,CUST00217,STR001,2025-02-22,Delivered,5454.9
ORD000861,CUST00577,STR045,2025-06-20,Delivered,103267.8
ORD000862,CUST00193,STR035,2025-05-04,Cancelled,80781.6
ORD000863,CUST01329,STR010,2025-06-28,Cancelled,95652.5
ORD000864,CUST01950,STR032,2025-02-12,Delivered,130417.2
ORD000865,CUST01868,STR049,2025-02-21,Cancelled,150870.2
ORD000866,CUST00403,STR027,2025-01-27,Processing,86229.6
ORD000867,CUST01364,STR037,2025-06-26,Processing,101457.6
ORD000868,CUST01629,STR028,2025-01-25,Delivered,98704.0
ORD000869,CUST00950,STR049,2025-02-06,Delivered,31427.0
ORD000870,CUST01110,STR045,2025-02-04,Delivered,77765.05
ORD000871,CUST01004,STR018,2025-03-27,Delivered,148411.85
ORD000872,CUST01363,STR010,2025-02-22,Delivered,232618.7
ORD000873,CUST01270,STR025,2025-05-20,Delivered,76575.0
ORD000874,CUST00028,STR048,2025-01-21,Delivered,297347.25
ORD000875,CUST00902,STR030,2025-04-14,Delivered,76385.8
ORD000876,CUST01716,STR031,2025-01-04,Delivered,117221.55
ORD000877,CUST01539,STR033,2025-02-02,Returned,125308.0
ORD000878,CUST01822,STR023,2025-02-26,Delivered,1170.45
ORD000879,CUST00286,STR009,2025-05-27,Cancelled,2028.0
ORD000880,CUST00874,STR047,2025-04-10,Delivered,141274.2
ORD000881,CUST01140,STR001,2025-05-15,Processing,94611.9
ORD000882,CUST01509,STR044,2025-01-16,Delivered,200969.1
ORD000883,CUST01037,STR021,2025-05-06,Delivered,108323.95
ORD000884,CUST00316,STR049,2025-06-05,Shipped,286238.25
ORD000885,CUST00611,STR042,2025-06-21,Delivered,54302.4
ORD000886,CUST01959,STR040,2025-05-18,Shipped,29254.4
ORD000887,CUST00855,STR006,2025-01-14,Delivered,94051.65
ORD000888,CUST00879,STR012,2025-01-25,Delivered,46764.4
ORD000889,CUST01308,STR039,2025-04-30,Cancelled,208277.3
ORD000890,CUST01221,STR044,2025-03-07,Cancelled,162955.8
ORD000891,CUST00467,STR030,2025-01-21,Processing,47222.6
ORD000892,CUST01414,STR026,2025-05-08,Shipped,67576.0
ORD000893,CUST00824,STR011,2025-03-22,Delivered,88768.1
ORD000894,CUST01020,STR020,2025-03-23,Pending,147271.4
ORD000895,CUST00544,STR026,2025-03-14,Delivered,41752.0
ORD000896,CUST01163,STR004,2025-01-19,Processing,60008.2
ORD000897,CUST01677,STR030,2025-02-19,Cancelled,4482.1
ORD000898,CUST00466,STR008,2025-06-25,Delivered,136467.4
ORD000899,CUST00496,STR025,2025-06-04,Delivered,35150.4
ORD000900,CUST00417,STR029,2025-03-28,Shipped,87425.1
ORD000901,CUST00297,STR023,2025-03-28,Processing,195061.45
ORD000902,CUST01035,STR031,2025-05-24,Delivered,1850.0
ORD000903,CUST01957,STR031,2025-05-05,Delivered,43676.8
ORD000904,CUST01407,STR003,2025-04-19,Delivered,123931.85
ORD000905,CUST00460,STR009,2025-06-24,Processing,88330.0
ORD000906,CUST01887,STR016,2025-02-18,Delivered,20565.6
ORD000907,CUST01883,STR032,2025-01-18,Returned,3717.9
ORD000908,CUST00872,STR046,2025-04-01,Delivered,164456.7
ORD000909,CUST01268,STR040,2025-04-21,Processing,52650.9
ORD000910,CUST01928,STR036,2025-05-11,Delivered,174846.15
ORD000911,CUST00925,STR001,2025-06-22,Delivered,15555.0
ORD000912,CUST00601,STR012,2025-03-13,Delivered,2928.0
ORD000913,CUST01253,STR039,2025-04-10,Pending,60299.2
ORD000914,CUST00910,STR002,2025-03-20,Cancelled,137359.55
ORD000915,CUST01903,STR049,2025-06-18,Processing,38736.0
ORD000916,CUST00269,STR026,2025-01-31,Delivered,97899.45
ORD000917,CUST00753,STR041,2025-04-13,Delivered,87396.0
ORD000918,CUST00180,STR010,2025-06-12,Cancelled,40004.5
ORD000919,CUST01318,STR002,2025-05-07,Shipped,159513.6
ORD000920,CUST01749,STR017,2025-03-13,Shipped,3136.8
ORD000921,CUST00555,STR005,2025-02-04,Delivered,13353.3
ORD000922,CUST01163,STR016,2025-03-28,Returned,53862.3
ORD000923,CUST01262,STR008,2025-05-08,Delivered,127173.4
ORD000924,CUST00256,STR031,2025-05-02,Delivered,36028.1
ORD000925,CUST01063,STR037,2025-02-21,Delivered,158416.2
ORD000926,CUST00978,STR002,2025-04-14,Delivered,175476.0
ORD000927,CUST01606,STR022,2025-05-17,Delivered,78650.4
ORD000928,CUST01287,STR026,2025-03-27,Delivered,148013.45
ORD000929,CUST00637,STR035,2025-03-19,Delivered,9910.15
ORD000930,CUST00415,STR008,2025-02-03,Delivered,188839.9
ORD000931,CUST01630,STR049,2025-04-27,Delivered,77515.2
ORD000932,CUST00622,STR007,2025-03-04,Delivered,26783.7
ORD000933,CUST00701,STR006,2025-06-18,Returned,111860.3
ORD000934,CUST00819,STR014,2025-04-19,Shipped,45145.8
ORD000935,CUST00281,STR042,2025-03-19,Shipped,129340.8
ORD000936,CUST00513,STR035,2025-04-25,Processing,35944.8
ORD000937,CUST00413,STR003,2025-04-28,Cancelled,9420.8
ORD000938,CUST01523,STR001,2025-05-19,Delivered,158114.7
ORD000939,CUST01780,STR002,2025-05-26,Processing,167995.7
ORD000940,CUST01873,STR022,2025-06-30,Delivered,46432.0
ORD000941,CUST00092,STR035,2025-06-11,Delivered,17768.8
ORD000942,CUST00297,STR008,2025-01-04,Delivered,85326.0
ORD000943,CUST00577,STR022,2025-01-23,Delivered,70986.0
ORD000944,CUST00064,STR003,2025-01-27,Delivered,198395.8
ORD000945,CUST01316,STR015,2025-01-15,Delivered,66861.6
ORD000946,CUST00090,STR016,2025-01-21,Delivered,70038.3
ORD000947,CUST00060,STR043,2025-03-21,Shipped,33252.0
ORD000948,CUST00025,STR014,2025-02-09,Returned,134775.0
ORD000949,CUST01980,STR005,2025-01-01,Delivered,84215.45
ORD000950,CUST00848,STR014,2025-06-14,Delivered,41085.6
ORD000951,CUST00318,STR027,2025-06-25,Delivered,109820.85
ORD000952,CUST01167,STR013,2025-06-22,Delivered,111283.4
ORD000953,CUST01280,STR006,2025-06-01,Delivered,166107.15
ORD000954,CUST00158,STR014,2025-04-23,Processing,25005.3
ORD000955,CUST01452,STR001,2025-06-15,Delivered,43475.4
ORD000956,CUST01360,STR009,2025-06-12,Returned,237411.65
ORD000957,CUST00650,STR030,2025-02-22,Delivered,219785.3
ORD000958,CUST00854,STR032,2025-01-25,Delivered,155117.95
ORD000959,CUST01957,STR022,2025-04-26,Delivered,115177.7
ORD000960,CUST01468,STR034,2025-03-17,Delivered,203596.5
ORD000961,CUST00312,STR034,2025-03-09,Pending,209501.0
ORD000962,CUST00453,STR031,2025-06-03,Delivered,144414.0
ORD000963,CUST01827,STR033,2025-01-12,Delivered,202815.2
ORD000964,CUST01206,STR010,2025-06-18,Delivered,242096.0
ORD000965,CUST01606,STR038,2025-03-22,Delivered,156614.25
ORD000966,CUST00032,STR022,2025-04-09,Processing,51774.25
ORD000967,CUST01252,STR010,2025-03-20,Delivered,137117.2
ORD000968,CUST00346,STR016,2025-06-08,Delivered,198749.4
ORD000969,CUST00432,STR024,2025-01-13,Delivered,226019.95
ORD000970,CUST00256,STR010,2025-03-14,Delivered,255755.3
ORD000971,CUST00667,STR049,2025-03-13,Delivered,164782.55
ORD000972,CUST01264,STR047,2025-04-04,Delivered,164358.3
ORD000973,CUST01278,STR043,2025-04-25,Delivered,135848.1
ORD000974,CUST01354,STR017,2025-05-08,Processing,31999.95
ORD000975,CUST00390,STR035,2025-05-04,Delivered,149621.25
ORD000976,CUST01101,STR019,2025-02-16,Delivered,45382.0
ORD000977,CUST01272,STR030,2025-05-20,Delivered,115236.0
ORD000978,CUST01285,STR004,2025-05-08,Delivered,167134.8
ORD000979,CUST00008,STR016,2025-03-22,Delivered,162485.5
ORD000980,CUST01878,STR031,2025-02-23,Cancelled,113486.3
ORD000981,CUST01801,STR009,2025-04-30,Delivered,238877.75
ORD000982,CUST01068,STR028,2025-05-19,Delivered,211364.7
ORD000983,CUST00739,STR041,2025-05-30,Shipped,40035.0
ORD000984,CUST00397,STR007,2025-04-29,Delivered,5073.1
ORD000985,CUST01970,STR002,2025-04-01,Shipped,118164.3
ORD000986,CUST01166,STR025,2025-02-19,Delivered,78180.4
ORD000987,CUST00130,STR046,2025-03-05,Cancelled,210121.3
ORD000988,CUST01471,STR039,2025-05-26,Shipped,21410.15
ORD000989,CUST01578,STR048,2025-02-11,Delivered,96025.2
ORD000990,CUST00405,STR034,2025-04-28,Processing,75085.2
ORD000991,CUST00919,STR002,2025-02-21,Pending,58808.7
ORD000992,CUST00554,STR033,2025-04-28,Delivered,96719.8
ORD000993,CUST00863,STR050,2025-02-11,Delivered,212199.7
ORD000994,CUST01686,STR004,2025-04-28,Shipped,147808.7
ORD000995,CUST01196,STR043,2025-02-13,Delivered,248234.05
ORD000996,CUST00577,STR044,2025-05-28,Delivered,74855.05
ORD000997,CUST00944,STR033,2025-06-06,Delivered,144607.8
ORD000998,CUST00019,STR043,2025-05-02,Delivered,51884.8
ORD000999,CUST01615,STR006,2025-03-13,Delivered,33653.25
ORD001000,CUST00742,STR042,2025-04-28,Delivered,74582.4
ORD001001,CUST01038,STR017,2025-06-21,Delivered,107255.35
ORD001002,CUST01881,STR043,2025-03-13,Shipped,48282.05
ORD001003,CUST00426,STR015,2025-03-27,Delivered,202396.85
ORD001004,CUST00914,STR042,2025-05-07,Delivered,10348.25
ORD001005,CUST01510,STR001,2025-03-23,Shipped,43342.3
ORD001006,CUST00978,STR015,2025-01-23,Shipped,27275.4
ORD001007,CUST00529,STR009,2025-01-28,Delivered,37010.4
ORD001008,CUST01363,STR016,2025-02-28,Delivered,107930.55
ORD001009,CUST00948,STR050,2025-04-14,Processing,122060.85
ORD001010,CUST00751,STR008,2025-04-01,Processing,1728.0
ORD001011,CUST00893,STR044,2025-03-29,Delivered,152282.35
ORD001012,CUST00130,STR036,2025-03-23,Delivered,59963.4
ORD001013,CUST00386,STR009,2025-06-22,Delivered,113503.9
ORD001014,CUST01987,STR038,2025-04-23,Delivered,133477.85
ORD001015,CUST01696,STR014,2025-06-25,Delivered,38995.0
ORD001016,CUST01179,STR037,2025-05-07,Delivered,86657.1
ORD001017,CUST01260,STR042,2025-02-22,Processing,38489.15
ORD001018,CUST00716,STR038,2025-06-15,Shipped,65777.05
ORD001019,CUST01420,STR037,2025-05-06,Processing,303445.2
ORD001020,CUST01483,STR035,2025-01-25,Shipped,56101.15
ORD001021,CUST01366,STR003,2025-04-16,Shipped,145753.05
ORD001022,CUST00956,STR048,2025-02-18,Delivered,81367.2
ORD001023,CUST01751,STR013,2025-06-28,Cancelled,230693.5
ORD001024,CUST01936,STR018,2025-05-29,Delivered,19687.8
ORD001025,CUST01685,STR030,2025-05-26,Pending,138848.6
ORD001026,CUST01242,STR045,2025-03-05,Cancelled,197830.2
ORD001027,CUST01230,STR018,2025-02-25,Delivered,110591.2
ORD001028,CUST00651,STR046,2025-04-06,Cancelled,142253.4
ORD001029,CUST00269,STR027,2025-02-06,Delivered,31243.6
ORD001030,CUST00801,STR013,2025-03-27,Delivered,186664.7
ORD001031,CUST00770,STR033,2025-02-25,Shipped,98370.4
ORD001032,CUST01646,STR044,2025-06-29,Delivered,116462.3
ORD001033,CUST00336,STR026,2025-05-31,Delivered,54705.75
ORD001034,CUST00167,STR015,2025-03-25,Delivered,133977.15
ORD001035,CUST01766,STR016,2025-02-23,Delivered,58032.65
ORD001036,CUST00115,STR024,2025-05-08,Delivered,18579.2
ORD001037,CUST01290,STR045,2025-06-25,Delivered,112656.65
ORD001038,CUST00589,STR049,2025-06-22,Pending,299749.3
ORD001039,CUST01529,STR003,2025-03-04,Cancelled,239250.1
ORD001040,CUST00266,STR023,2025-06-24,Shipped,182110.0
ORD001041,CUST00463,STR043,2025-05-09,Delivered,56407.8
ORD001042,CUST01760,STR044,2025-01-26,Delivered,143343.75
ORD001043,CUST01743,STR023,2025-05-18,Delivered,19498.4
ORD001044,CUST01647,STR035,2025-06-24,Delivered,113448.55
ORD001045,CUST01645,STR017,2025-04-13,Delivered,89377.8
ORD001046,CUST00640,STR002,2025-05-28,Delivered,169247.85
ORD001047,CUST01083,STR030,2025-05-21,Processing,45694.4
ORD001048,CUST00355,STR027,2025-05-04,Delivered,96913.6
ORD001049,CUST01667,STR020,2025-05-10,Processing,40707.9
ORD001050,CUST01781,STR014,2025-01-13,Delivered,181886.75
ORD001051,CUST01031,STR009,2025-02-23,Delivered,146051.35
ORD001052,CUST00784,STR010,2025-05-11,Delivered,114118.4
ORD001053,CUST01305,STR029,2025-03-09,Returned,158132.4
ORD001054,CUST01798,STR050,2025-05-31,Pending,2205.9
ORD001055,CUST00020,STR048,2025-05-27,Delivered,110525.7
ORD001056,CUST01504,STR038,2025-06-04,Delivered,82943.65
ORD001057,CUST01413,STR006,2025-01-15,Cancelled,59628.0
ORD001058,CUST01752,STR017,2025-04-28,Delivered,78753.6
ORD001059,CUST01913,STR042,2025-02-23,Delivered,132894.0
ORD001060,CUST00569,STR032,2025-03-30,Delivered,50583.75
ORD001061,CUST00699,STR036,2025-04-20,Shipped,197597.4
ORD001062,CUST00112,STR015,2025-06-14,Delivered,54071.4
ORD001063,CUST00736,STR034,2025-02-01,Processing,62571.0
ORD001064,CUST00723,STR002,2025-05-22,Delivered,5080.6
ORD001065,CUST00458,STR024,2025-03-18,Shipped,58607.4
ORD001066,CUST01984,STR030,2025-05-12,Delivered,52567.25
ORD001067,CUST01892,STR047,2025-05-08,Delivered,129716.8
ORD001068,CUST00752,STR014,2025-06-10,Delivered,144545.0
ORD001069,CUST01615,STR012,2025-04-03,Delivered,157491.9
ORD001070,CUST01714,STR015,2025-02-05,Delivered,40454.0
ORD001071,CUST00861,STR044,2025-03-25,Delivered,243587.4
ORD001072,CUST00335,STR011,2025-05-23,Cancelled,23432.7
ORD001073,CUST00401,STR003,2025-03-02,Returned,33760.8
ORD001074,CUST01375,STR049,2025-06-15,Delivered,24117.0
ORD001075,CUST01544,STR043,2025-04-22,Delivered,107767.0
ORD001076,CUST00757,STR032,2025-06-27,Delivered,292763.7
ORD001077,CUST00575,STR027,2025-05-12,Cancelled,107059.8
ORD001078,CUST00241,STR022,2025-05-19,Delivered,133092.7
ORD001079,CUST01955,STR018,2025-01-22,Delivered,107268.0
ORD001080,CUST01484,STR038,2025-05-28,Delivered,12326.0
ORD001081,CUST01389,STR002,2025-01-22,Delivered,81088.2
ORD001082,CUST01881,STR019,2025-01-03,Delivered,123462.0
ORD001083,CUST00042,STR020,2025-01-04,Delivered,141207.0
ORD001084,CUST01094,STR006,2025-04-06,Delivered,134151.5
ORD001085,CUST00692,STR020,2025-01-07,Delivered,18211.2
ORD001086,CUST00262,STR039,2025-02-08,Delivered,130832.1
ORD001087,CUST01360,STR048,2025-02-18,Delivered,250617.2
ORD001088,CUST00861,STR021,2025-06-23,Delivered,88682.2
ORD001089,CUST00916,STR047,2025-01-10,Processing,105042.0
ORD001090,CUST01261,STR012,2025-05-05,Delivered,90456.0
ORD001091,CUST00244,STR001,2025-03-08,Delivered,21012.2
ORD001092,CUST00815,STR034,2025-06-08,Delivered,177403.1
ORD001093,CUST01610,STR036,2025-01-01,Delivered,37281.0
ORD001094,CUST00713,STR044,2025-03-17,Delivered,205856.2
ORD001095,CUST00397,STR016,2025-05-03,Delivered,77404.2
ORD001096,CUST00759,STR046,2025-01-29,Delivered,35436.5
ORD001097,CUST00888,STR027,2025-04-01,Processing,21517.5
ORD001098,CUST01320,STR006,2025-01-03,Returned,235006.95
ORD001099,CUST01798,STR024,2025-06-11,Returned,163117.65
ORD001100,CUST00777,STR005,2025-04-14,Delivered,126767.2
ORD001101,CUST01951,STR029,2025-04-08,Cancelled,113042.55
ORD001102,CUST00938,STR031,2025-03-28,Cancelled,59672.55
ORD001103,CUST01037,STR032,2025-03-09,Delivered,195367.1
ORD001104,CUST01068,STR036,2025-03-08,Delivered,96768.0
ORD001105,CUST00458,STR033,2025-06-16,Delivered,153176.75
ORD001106,CUST01640,STR009,2025-01-29,Delivered,35403.0
ORD001107,CUST00138,STR016,2025-03-13,Processing,122698.7
ORD001108,CUST00689,STR003,2025-01-13,Cancelled,139973.1
ORD001109,CUST00737,STR030,2025-03-31,Shipped,6863.4
ORD001110,CUST00094,STR016,2025-05-10,Delivered,146030.8
ORD001111,CUST01938,STR005,2025-01-08,Delivered,270116.35
ORD001112,CUST00469,STR047,2025-03-08,Delivered,34362.9
ORD001113,CUST00809,STR026,2025-06-09,Pending,210246.95
ORD001114,CUST01272,STR009,2025-01-30,Delivered,46248.0
ORD001115,CUST00937,STR038,2025-01-10,Processing,13578.4
ORD001116,CUST00239,STR048,2025-03-25,Cancelled,205728.55
ORD001117,CUST00389,STR015,2025-06-24,Delivered,331513.8
ORD001118,CUST00291,STR026,2025-01-10,Delivered,162403.9
ORD001119,CUST01696,STR028,2025-01-16,Delivered,55329.9
ORD001120,CUST00073,STR026,2025-05-20,Delivered,145288.7
ORD001121,CUST01951,STR013,2025-04-09,Delivered,113110.8
ORD001122,CUST01034,STR008,2025-03-17,Delivered,95187.5
ORD001123,CUST01982,STR023,2025-04-13,Delivered,163004.55
ORD001124,CUST01313,STR036,2025-06-13,Delivered,114883.9
ORD001125,CUST00722,STR043,2025-05-04,Returned,179303.2
ORD001126,CUST00618,STR014,2025-02-25,Delivered,263839.8
ORD001127,CUST00888,STR008,2025-02-07,Processing,124788.6
ORD001128,CUST00969,STR005,2025-06-17,Shipped,80676.8
ORD001129,CUST00364,STR049,2025-03-20,Pending,139319.0
ORD001130,CUST00854,STR028,2025-06-05,Delivered,17448.85
ORD001131,CUST01039,STR011,2025-04-30,Delivered,207371.0
ORD001132,CUST01448,STR012,2025-06-04,Delivered,165067.95
ORD001133,CUST00298,STR029,2025-02-10,Cancelled,86973.4
ORD001134,CUST00801,STR009,2025-03-18,Shipped,179906.1
ORD001135,CUST00765,STR035,2025-05-11,Processing,38018.8
ORD001136,CUST00562,STR006,2025-06-26,Delivered,69864.8
ORD001137,CUST01659,STR032,2025-02-13,Delivered,15986.4
ORD001138,CUST01113,STR016,2025-02-11,Delivered,164438.8
ORD001139,CUST01719,STR002,2025-04-11,Pending,71568.0
ORD001140,CUST01504,STR050,2025-05-16,Delivered,6874.2
ORD001141,CUST01597,STR030,2025-05-18,Delivered,81609.4
ORD001142,CUST00972,STR025,2025-04-25,Cancelled,230098.8
ORD001143,CUST01866,STR026,2025-06-05,Delivered,2141.15
ORD001144,CUST01412,STR021,2025-05-04,Delivered,66377.1
ORD001145,CUST01335,STR047,2025-04-14,Processing,131306.4
ORD001146,CUST00810,STR037,2025-02-23,Delivered,188285.0
ORD001147,CUST00009,STR011,2025-05-28,Processing,192255.2
ORD001148,CUST01426,STR046,2025-02-08,Delivered,52815.45
ORD001149,CUST01917,STR050,2025-03-30,Delivered,28518.05
ORD001150,CUST01223,STR026,2025-06-06,Delivered,44804.7
ORD001151,CUST01389,STR017,2025-06-01,Delivered,178842.0
ORD001152,CUST01121,STR001,2025-06-03,Delivered,48360.0
ORD001153,CUST00975,STR040,2025-03-04,Pending,79576.1
ORD001154,CUST01483,STR030,2025-05-02,Delivered,120721.15
ORD001155,CUST01404,STR021,2025-06-05,Cancelled,59101.35
ORD001156,CUST01772,STR025,2025-02-23,Delivered,76775.2
ORD001157,CUST00617,STR036,2025-05-02,Cancelled,61107.8
ORD001158,CUST01649,STR003,2025-03-24,Delivered,134327.2
ORD001159,CUST01169,STR041,2025-03-19,Delivered,238818.0
ORD001160,CUST01178,STR024,2025-03-17,Delivered,268647.8
ORD001161,CUST01128,STR027,2025-01-06,Shipped,216876.75
ORD001162,CUST01369,STR035,2025-03-05,Delivered,156049.0
ORD001163,CUST01092,STR007,2025-05-17,Cancelled,54947.85
ORD001164,CUST01706,STR033,2025-02-21,Processing,139540.3
ORD001165,CUST00451,STR048,2025-05-09,Delivered,166658.9
ORD001166,CUST00550,STR050,2025-01-02,Delivered,125958.0
ORD001167,CUST00008,STR026,2025-02-10,Pending,108711.15
ORD001168,CUST01566,STR025,2025-01-19,Shipped,10102.0
ORD001169,CUST01004,STR038,2025-01-13,Delivered,144889.2
ORD001170,CUST01520,STR035,2025-05-29,Shipped,258960.1
ORD001171,CUST01058,STR016,2025-03-13,Delivered,104003.7
ORD001172,CUST01369,STR050,2025-06-08,Shipped,130682.6
ORD001173,CUST00595,STR015,2025-01-18,Delivered,148653.05
ORD001174,CUST01761,STR019,2025-02-12,Delivered,50712.0
ORD001175,CUST00675,STR037,2025-05-08,Delivered,62655.35
ORD001176,CUST01393,STR034,2025-01-06,Delivered,161259.4
ORD001177,CUST01554,STR045,2025-05-16,Delivered,83850.4
ORD001178,CUST01634,STR007,2025-04-12,Delivered,4975.2
ORD001179,CUST00138,STR036,2025-04-20,Delivered,4238.4
ORD001180,CUST00256,STR021,2025-05-13,Delivered,146818.25
ORD001181,CUST00269,STR011,2025-02-09,Delivered,87167.2
ORD001182,CUST00532,STR048,2025-01-14,Delivered,56408.4
ORD001183,CUST01688,STR038,2025-01-08,Delivered,94856.5
ORD001184,CUST01520,STR040,2025-02-13,Shipped,95120.55
ORD001185,CUST01054,STR001,2025-03-04,Delivered,79088.0
ORD001186,CUST00163,STR026,2025-05-23,Pending,45823.2
ORD001187,CUST01719,STR020,2025-04-05,Delivered,117991.9
ORD001188,CUST00776,STR042,2025-04-27,Delivered,1351.8
ORD001189,CUST00371,STR044,2025-02-26,Delivered,169558.5
ORD001190,CUST00385,STR007,2025-06-16,Shipped,34005.6
ORD001191,CUST00764,STR030,2025-02-21,Shipped,127411.4
ORD001192,CUST01130,STR006,2025-04-21,Delivered,244640.8
ORD001193,CUST00148,STR004,2025-05-19,Returned,159699.3
ORD001194,CUST00611,STR029,2025-03-28,Delivered,233201.8
ORD001195,CUST01388,STR027,2025-03-01,Pending,98713.05
ORD001196,CUST00458,STR001,2025-04-06,Delivered,55391.15
ORD001197,CUST01413,STR023,2025-01-07,Delivered,154362.2
ORD001198,CUST00906,STR020,2025-06-03,Processing,156340.1
ORD001199,CUST00422,STR001,2025-04-05,Delivered,45315.2
ORD001200,CUST01207,STR025,2025-01-24,Returned,132886.4
ORD001201,CUST00106,STR014,2025-01-10,Cancelled,77369.4
ORD001202,CUST01654,STR010,2025-02-05,Shipped,113674.45
ORD001203,CUST00106,STR015,2025-01-21,Delivered,45307.6
ORD001204,CUST00246,STR027,2025-03-21,Processing,203378.5
ORD001205,CUST00164,STR022,2025-02-22,Delivered,88816.75
ORD001206,CUST01594,STR046,2025-02-17,Shipped,332691.15
ORD001207,CUST00506,STR048,2025-04-05,Delivered,28062.0
ORD001208,CUST01033,STR019,2025-01-30,Delivered,7609.6
ORD001209,CUST00939,STR009,2025-04-17,Delivered,160931.6
ORD001210,CUST00884,STR030,2025-05-10,Delivered,109928.65
ORD001211,CUST01211,STR038,2025-05-09,Cancelled,68327.25
ORD001212,CUST00388,STR042,2025-01-01,Delivered,99652.3
ORD001213,CUST00880,STR015,2025-04-27,Delivered,7968.9
ORD001214,CUST01602,STR038,2025-03-30,Delivered,186330.25
ORD001215,CUST00602,STR006,2025-04-19,Delivered,3591.0
ORD001216,CUST00825,STR047,2025-05-19,Delivered,55982.2
ORD001217,CUST01348,STR005,2025-05-13,Delivered,78024.0
ORD001218,CUST01544,STR030,2025-05-18,Delivered,232863.9
ORD001219,CUST01031,STR042,2025-03-29,Delivered,145811.1
ORD001220,CUST01444,STR029,2025-02-19,Cancelled,63093.6
ORD001221,CUST01947,STR011,2025-01-30,Delivered,112520.4
ORD001222,CUST01885,STR032,2025-01-19,Shipped,132332.6
ORD001223,CUST01197,STR048,2025-05-20,Cancelled,141550.15
ORD001224,CUST01669,STR043,2025-01-25,Delivered,198712.0
ORD001225,CUST00024,STR049,2025-02-09,Shipped,99864.0
ORD001226,CUST00879,STR011,2025-02-10,Processing,51562.8
ORD001227,CUST01483,STR043,2025-06-28,Delivered,128083.55
ORD001228,CUST01772,STR049,2025-02-07,Delivered,155800.1
ORD001229,CUST00604,STR047,2025-03-25,Delivered,57258.9
ORD001230,CUST01572,STR002,2025-02-21,Delivered,151222.35
ORD001231,CUST00437,STR011,2025-03-22,Processing,178413.6
ORD001232,CUST00508,STR016,2025-02-19,Processing,297755.1
ORD001233,CUST01467,STR043,2025-02-11,Processing,4046.0
ORD001234,CUST01388,STR033,2025-04-07,Shipped,6469.5
ORD001235,CUST01810,STR050,2025-01-29,Processing,56070.2
ORD001236,CUST01137,STR046,2025-06-22,Delivered,153413.5
ORD001237,CUST00888,STR008,2025-03-20,Delivered,143221.6
ORD001238,CUST01568,STR041,2025-02-05,Delivered,55738.4
ORD001239,CUST00485,STR022,2025-05-05,Delivered,110961.4
ORD001240,CUST01549,STR043,2025-04-13,Delivered,39802.95
ORD001241,CUST01631,STR020,2025-03-13,Delivered,39111.05
ORD001242,CUST01961,STR021,2025-06-02,Pending,69448.8
ORD001243,CUST01007,STR019,2025-05-11,Delivered,51244.05
ORD001244,CUST01178,STR008,2025-05-26,Pending,15112.0
ORD001245,CUST01977,STR022,2025-06-09,Delivered,62170.0
ORD001246,CUST00094,STR042,2025-04-30,Delivered,165571.2
ORD001247,CUST00365,STR034,2025-03-03,Delivered,134619.4
ORD001248,CUST00853,STR040,2025-01-22,Cancelled,108434.2
ORD001249,CUST01683,STR013,2025-02-28,Delivered,46069.3
ORD001250,CUST00661,STR025,2025-03-08,Delivered,38783.0
ORD001251,CUST01911,STR014,2025-04-09,Delivered,156683.45
ORD001252,CUST00687,STR042,2025-05-08,Shipped,53364.6
ORD001253,CUST00136,STR008,2025-05-01,Delivered,94457.85
ORD001254,CUST01745,STR016,2025-04-13,Delivered,212796.0
ORD001255,CUST01395,STR013,2025-05-17,Delivered,44793.0
ORD001256,CUST01542,STR004,2025-06-12,Delivered,104839.2
ORD001257,CUST01345,STR003,2025-02-05,Pending,271021.25
ORD001258,CUST01987,STR001,2025-05-21,Delivered,1977.95
ORD001259,CUST00942,STR032,2025-06-09,Delivered,50829.9
ORD001260,CUST00689,STR016,2025-06-01,Delivered,38565.1
ORD001261,CUST00210,STR030,2025-06-08,Returned,110530.45
ORD001262,CUST01980,STR005,2025-04-21,Delivered,9593.1
ORD001263,CUST00158,STR011,2025-04-01,Pending,79776.9
ORD001264,CUST01030,STR032,2025-03-07,Delivered,77677.1
ORD001265,CUST00605,STR028,2025-05-01,Delivered,154512.4
ORD001266,CUST00648,STR022,2025-01-19,Delivered,76836.0
ORD001267,CUST00965,STR047,2025-05-24,Delivered,140456.4
ORD001268,CUST01091,STR042,2025-05-18,Delivered,170236.3
ORD001269,CUST00866,STR043,2025-05-17,Delivered,138845.8
ORD001270,CUST01299,STR020,2025-05-22,Delivered,235190.6
ORD001271,CUST00509,STR025,2025-04-07,Delivered,39929.0
ORD001272,CUST01922,STR013,2025-02-26,Delivered,68822.4
ORD001273,CUST00118,STR005,2025-01-29,Delivered,17317.8
ORD001274,CUST01921,STR037,2025-01-21,Delivered,172889.55
ORD001275,CUST01087,STR045,2025-04-23,Processing,276311.6
ORD001276,CUST00570,STR008,2025-03-17,Pending,86498.75
ORD001277,CUST01986,STR008,2025-04-20,Delivered,257147.2
ORD001278,CUST00161,STR038,2025-02-14,Delivered,140638.95
ORD001279,CUST00998,STR011,2025-05-10,Delivered,117939.6
ORD001280,CUST00410,STR016,2025-01-15,Delivered,272515.7
ORD001281,CUST00620,STR016,2025-01-28,Delivered,75069.6
ORD001282,CUST00906,STR015,2025-04-22,Pending,86063.85
ORD001283,CUST00675,STR019,2025-06-13,Shipped,59792.0
ORD001284,CUST00050,STR009,2025-04-13,Delivered,29848.6
ORD001285,CUST00737,STR026,2025-01-04,Delivered,262392.0
ORD001286,CUST00024,STR031,2025-03-29,Processing,17616.0
ORD001287,CUST01944,STR021,2025-01-07,Shipped,144334.45
ORD001288,CUST01505,STR002,2025-04-18,Returned,81429.15
ORD001289,CUST00536,STR035,2025-01-25,Delivered,310412.15
ORD001290,CUST01612,STR033,2025-06-20,Delivered,154885.0
ORD001291,CUST01047,STR013,2025-03-06,Delivered,54983.9
ORD001292,CUST01883,STR018,2025-06-28,Delivered,45645.3
ORD001293,CUST01104,STR040,2025-05-15,Shipped,355993.6
ORD001294,CUST00330,STR011,2025-05-30,Delivered,1364.4
ORD001295,CUST00794,STR016,2025-04-19,Delivered,198458.85
ORD001296,CUST00098,STR027,2025-01-04,Delivered,33877.8
ORD001297,CUST01221,STR027,2025-04-04,Shipped,93702.45
ORD001298,CUST00484,STR050,2025-02-05,Delivered,183241.25
ORD001299,CUST00184,STR009,2025-04-16,Processing,19663.0
ORD001300,CUST01941,STR038,2025-06-28,Delivered,41051.8
ORD001301,CUST01248,STR050,2025-04-13,Delivered,24162.3
ORD001302,CUST01220,STR014,2025-06-25,Delivered,108376.5
ORD001303,CUST00786,STR042,2025-02-25,Delivered,133239.45
ORD001304,CUST00069,STR024,2025-05-19,Delivered,20174.0
ORD001305,CUST01258,STR018,2025-04-14,Delivered,76190.7
ORD001306,CUST01073,STR028,2025-05-29,Delivered,145306.85
ORD001307,CUST00482,STR035,2025-03-07,Delivered,228467.95
ORD001308,CUST01302,STR016,2025-06-16,Delivered,21340.8
ORD001309,CUST01905,STR010,2025-05-04,Delivered,152282.9
ORD001310,CUST01763,STR009,2025-04-14,Processing,40770.2
ORD001311,CUST01545,STR019,2025-01-11,Delivered,61064.55
ORD001312,CUST00147,STR035,2025-04-12,Delivered,116964.75
ORD001313,CUST00651,STR047,2025-06-24,Delivered,34239.6
ORD001314,CUST00958,STR018,2025-01-06,Delivered,16613.1
ORD001315,CUST01114,STR007,2025-02-25,Delivered,22832.0
ORD001316,CUST01764,STR005,2025-04-16,Processing,264056.9
ORD001317,CUST00109,STR023,2025-04-13,Delivered,137229.35
ORD001318,CUST00880,STR026,2025-02-26,Delivered,8280.0
ORD001319,CUST00229,STR045,2025-04-25,Delivered,41606.75
ORD001320,CUST00005,STR020,2025-01-23,Delivered,181842.65
ORD001321,CUST00562,STR029,2025-05-23,Delivered,101302.95
ORD001322,CUST00375,STR015,2025-03-04,Pending,234699.4
ORD001323,CUST00310,STR024,2025-02-26,Processing,73866.8
ORD001324,CUST00599,STR029,2025-04-14,Delivered,33739.3
ORD001325,CUST01958,STR027,2025-03-05,Delivered,67458.4
ORD001326,CUST01787,STR027,2025-06-22,Delivered,73955.85
ORD001327,CUST00450,STR018,2025-06-06,Delivered,48418.75
ORD001328,CUST01648,STR011,2025-02-19,Delivered,112543.6
ORD001329,CUST01430,STR020,2025-05-07,Delivered,295214.85
ORD001330,CUST00101,STR010,2025-06-14,Delivered,33957.75
ORD001331,CUST00740,STR015,2025-04-17,Delivered,81348.6
ORD001332,CUST00271,STR012,2025-01-31,Delivered,40189.75
ORD001333,CUST01450,STR049,2025-06-14,Cancelled,107085.0
ORD001334,CUST01997,STR010,2025-03-15,Delivered,214213.95
ORD001335,CUST01312,STR001,2025-02-02,Delivered,19592.5
ORD001336,CUST01077,STR035,2025-01-05,Shipped,89859.75
ORD001337,CUST01744,STR012,2025-01-25,Delivered,103146.8
ORD001338,CUST00860,STR005,2025-01-02,Delivered,130506.7
ORD001339,CUST00135,STR040,2025-03-29,Delivered,103997.6
ORD001340,CUST01393,STR043,2025-01-09,Processing,169234.1
ORD001341,CUST00292,STR012,2025-06-29,Delivered,137686.9
ORD001342,CUST00367,STR029,2025-03-02,Delivered,194563.9
ORD001343,CUST00057,STR041,2025-03-20,Delivered,74964.6
ORD001344,CUST00001,STR008,2025-06-11,Delivered,127044.45
ORD001345,CUST01270,STR001,2025-05-28,Delivered,283063.1
ORD001346,CUST00212,STR008,2025-06-05,Shipped,173947.75
ORD001347,CUST00638,STR040,2025-05-02,Delivered,249353.15
ORD001348,CUST01148,STR042,2025-02-26,Delivered,171102.6
ORD001349,CUST01331,STR009,2025-06-13,Returned,70205.75
ORD001350,CUST00280,STR001,2025-04-24,Delivered,22394.65
ORD001351,CUST00209,STR049,2025-02-17,Delivered,122638.5
ORD001352,CUST00768,STR025,2025-01-21,Delivered,183086.85
ORD001353,CUST01187,STR018,2025-01-08,Shipped,27231.75
ORD001354,CUST00682,STR035,2025-05-03,Delivered,111074.4
ORD001355,CUST01125,STR038,2025-01-25,Shipped,236810.5
ORD001356,CUST01617,STR032,2025-06-26,Shipped,132536.4
ORD001357,CUST00680,STR029,2025-04-03,Delivered,164972.75
ORD001358,CUST01296,STR012,2025-05-29,Delivered,93559.85
ORD001359,CUST01921,STR001,2025-02-25,Delivered,106925.95
ORD001360,CUST00635,STR048,2025-06-09,Delivered,57348.0
ORD001361,CUST00434,STR002,2025-02-05,Delivered,58069.8
ORD001362,CUST00636,STR040,2025-03-29,Delivered,112729.3
ORD001363,CUST00906,STR006,2025-04-20,Shipped,109202.45
ORD001364,CUST01112,STR031,2025-03-13,Delivered,87615.0
ORD001365,CUST01939,STR038,2025-01-14,Delivered,153674.2
ORD001366,CUST00258,STR042,2025-06-18,Delivered,38028.4
ORD001367,CUST00316,STR005,2025-02-16,Processing,79340.1
ORD001368,CUST00504,STR039,2025-04-07,Cancelled,109543.6
ORD001369,CUST00256,STR008,2025-01-17,Returned,25484.2
ORD001370,CUST01245,STR048,2025-06-02,Pending,32126.4
ORD001371,CUST00831,STR021,2025-03-02,Delivered,182335.8
ORD001372,CUST01084,STR042,2025-04-26,Pending,13938.4
ORD001373,CUST01083,STR040,2025-05-28,Delivered,50225.4
ORD001374,CUST01316,STR036,2025-04-03,Delivered,174421.8
ORD001375,CUST00459,STR010,2025-03-09,Shipped,130546.6
ORD001376,CUST00039,STR012,2025-04-04,Delivered,146074.85
ORD001377,CUST01535,STR027,2025-05-15,Delivered,36606.8
ORD001378,CUST01210,STR022,2025-03-22,Processing,18781.45
ORD001379,CUST00325,STR033,2025-06-29,Delivered,180292.05
ORD001380,CUST00007,STR018,2025-04-19,Delivered,104439.3
ORD001381,CUST00915,STR046,2025-01-03,Shipped,21109.75
ORD001382,CUST01189,STR019,2025-01-16,Delivered,79740.0
ORD001383,CUST00062,STR019,2025-04-12,Delivered,100749.65
ORD001384,CUST00018,STR047,2025-05-05,Shipped,101905.0
ORD001385,CUST01497,STR024,2025-05-01,Delivered,54618.3
ORD001386,CUST01747,STR029,2025-05-07,Cancelled,310552.8
ORD001387,CUST00526,STR027,2025-03-30,Delivered,205008.75
ORD001388,CUST01536,STR033,2025-01-19,Shipped,161110.2
ORD001389,CUST00019,STR026,2025-01-18,Shipped,94733.75
ORD001390,CUST01132,STR027,2025-04-05,Delivered,120384.0
ORD001391,CUST01330,STR008,2025-03-24,Delivered,74258.0
ORD001392,CUST00783,STR020,2025-03-09,Delivered,61920.2
ORD001393,CUST01721,STR028,2025-06-12,Delivered,91132.8
ORD001394,CUST00021,STR030,2025-01-18,Processing,180799.95
ORD001395,CUST01456,STR032,2025-02-13,Delivered,155783.8
ORD001396,CUST00193,STR005,2025-02-19,Delivered,71909.0
ORD001397,CUST00135,STR006,2025-01-27,Delivered,152898.2
ORD001398,CUST00226,STR037,2025-02-10,Delivered,228426.45
ORD001399,CUST00170,STR046,2025-02-21,Delivered,8378.45
ORD001400,CUST00070,STR002,2025-06-08,Shipped,76648.4
ORD001401,CUST01811,STR024,2025-01-14,Delivered,79468.9
ORD001402,CUST01212,STR050,2025-04-10,Delivered,62957.8
ORD001403,CUST00595,STR019,2025-02-10,Delivered,231845.3
ORD001404,CUST01784,STR047,2025-01-14,Delivered,114076.0
ORD001405,CUST01203,STR004,2025-04-08,Delivered,56509.6
ORD001406,CUST01987,STR021,2025-03-04,Delivered,128064.9
ORD001407,CUST00153,STR006,2025-02-23,Delivered,89592.6
ORD001408,CUST01708,STR044,2025-03-16,Delivered,66496.8
ORD001409,CUST01288,STR029,2025-03-30,Delivered,202077.6
ORD001410,CUST01626,STR045,2025-01-27,Delivered,13472.9
ORD001411,CUST00312,STR013,2025-01-20,Shipped,89781.6
ORD001412,CUST01837,STR049,2025-02-02,Delivered,10841.4
ORD001413,CUST00286,STR034,2025-06-19,Shipped,163846.0
ORD001414,CUST00127,STR034,2025-03-21,Delivered,181844.0
ORD001415,CUST00247,STR005,2025-03-23,Delivered,174239.5
ORD001416,CUST01899,STR004,2025-03-21,Delivered,19996.9
ORD001417,CUST00186,STR006,2025-06-14,Delivered,67851.85
ORD001418,CUST01248,STR019,2025-05-03,Delivered,239027.0
ORD001419,CUST00431,STR011,2025-06-18,Shipped,213646.7
ORD001420,CUST01346,STR039,2025-01-19,Delivered,140264.8
ORD001421,CUST01017,STR033,2025-01-11,Processing,78897.6
ORD001422,CUST00458,STR035,2025-03-27,Delivered,5431.2
ORD001423,CUST00953,STR007,2025-01-16,Delivered,160900.6
ORD001424,CUST01861,STR013,2025-01-14,Shipped,120178.7
ORD001425,CUST00966,STR012,2025-01-02,Delivered,21913.0
ORD001426,CUST00113,STR016,2025-04-13,Returned,153633.25
ORD001427,CUST01412,STR003,2025-02-09,Shipped,155347.35
ORD001428,CUST01339,STR016,2025-06-02,Delivered,40101.3
ORD001429,CUST00002,STR010,2025-03-07,Cancelled,218828.1
ORD001430,CUST01935,STR038,2025-03-16,Delivered,16473.0
ORD001431,CUST00024,STR045,2025-06-11,Delivered,23182.4
ORD001432,CUST00025,STR026,2025-03-03,Delivered,103918.5
ORD001433,CUST00441,STR003,2025-03-13,Delivered,73980.25
ORD001434,CUST01511,STR029,2025-01-02,Delivered,225988.75
ORD001435,CUST00446,STR008,2025-01-09,Delivered,65084.0
ORD001436,CUST00470,STR026,2025-04-24,Delivered,108125.3
ORD001437,CUST00497,STR034,2025-03-23,Delivered,235376.2
ORD001438,CUST01929,STR022,2025-06-05,Delivered,165550.5
ORD001439,CUST00807,STR015,2025-03-05,Delivered,17871.3
ORD001440,CUST01468,STR047,2025-04-23,Delivered,270618.0
ORD001441,CUST00748,STR023,2025-01-07,Delivered,13113.05
ORD001442,CUST01973,STR017,2025-05-22,Delivered,205308.7
ORD001443,CUST01555,STR013,2025-05-18,Delivered,208296.15
ORD001444,CUST01823,STR033,2025-05-19,Delivered,110270.2
ORD001445,CUST01172,STR013,2025-05-26,Delivered,38583.3
ORD001446,CUST01648,STR037,2025-02-19,Delivered,17560.0
ORD001447,CUST00147,STR015,2025-05-16,Delivered,106172.95
ORD001448,CUST00897,STR002,2025-01-04,Delivered,184344.6
ORD001449,CUST01396,STR017,2025-03-08,Delivered,4075.2
ORD001450,CUST00941,STR002,2025-04-27,Delivered,26156.2
ORD001451,CUST00049,STR041,2025-04-22,Delivered,241239.2
ORD001452,CUST00780,STR043,2025-06-12,Delivered,13725.0
ORD001453,CUST01237,STR030,2025-03-21,Returned,117576.1
ORD001454,CUST00986,STR033,2025-03-10,Pending,107826.15
ORD001455,CUST01923,STR016,2025-01-05,Delivered,123605.85
ORD001456,CUST00225,STR045,2025-01-26,Delivered,41389.1
ORD001457,CUST00315,STR048,2025-04-16,Processing,246414.9
ORD001458,CUST01536,STR015,2025-04-12,Delivered,14647.0
ORD001459,CUST00037,STR002,2025-01-29,Delivered,49372.8
ORD001460,CUST01930,STR026,2025-05-21,Delivered,105069.35
ORD001461,CUST01406,STR001,2025-05-09,Delivered,177893.1
ORD001462,CUST00578,STR025,2025-06-16,Processing,27899.25
ORD001463,CUST00755,STR015,2025-04-22,Delivered,49932.8
ORD001464,CUST01865,STR038,2025-06-14,Delivered,118177.4
ORD001465,CUST01273,STR023,2025-04-28,Processing,63941.55
ORD001466,CUST00754,STR025,2025-03-19,Shipped,135999.2
ORD001467,CUST00659,STR004,2025-02-04,Delivered,161100.0
ORD001468,CUST01308,STR030,2025-01-08,Delivered,41133.8
ORD001469,CUST00431,STR014,2025-03-07,Delivered,6621.6
ORD001470,CUST00172,STR046,2025-01-22,Delivered,119584.8
ORD001471,CUST00725,STR029,2025-03-19,Delivered,136874.05
ORD001472,CUST01128,STR020,2025-01-11,Delivered,91874.75
ORD001473,CUST00598,STR029,2025-05-03,Cancelled,160088.3
ORD001474,CUST01407,STR011,2025-03-22,Cancelled,141761.6
ORD001475,CUST00176,STR002,2025-06-25,Delivered,66024.6
ORD001476,CUST00406,STR025,2025-06-11,Delivered,56808.0
ORD001477,CUST00732,STR026,2025-02-02,Delivered,200485.65
ORD001478,CUST00902,STR046,2025-04-13,Shipped,222283.0
ORD001479,CUST01392,STR032,2025-04-15,Shipped,113668.0
ORD001480,CUST00302,STR005,2025-06-24,Returned,31885.1
ORD001481,CUST01492,STR043,2025-05-25,Returned,171129.0
ORD001482,CUST00505,STR050,2025-03-03,Delivered,34031.8
ORD001483,CUST00570,STR029,2025-01-14,Delivered,157696.6
ORD001484,CUST00071,STR010,2025-02-25,Delivered,127518.3
ORD001485,CUST00241,STR007,2025-01-31,Delivered,120748.8
ORD001486,CUST01792,STR019,2025-05-23,Delivered,11535.0
ORD001487,CUST01146,STR035,2025-04-05,Delivered,143983.5
ORD001488,CUST00534,STR005,2025-06-17,Delivered,30112.2
ORD001489,CUST00272,STR007,2025-06-25,Processing,56707.2
ORD001490,CUST00265,STR001,2025-01-08,Delivered,67243.5
ORD001491,CUST01441,STR024,2025-01-19,Delivered,101076.25
ORD001492,CUST01511,STR020,2025-01-08,Delivered,85718.8
ORD001493,CUST00813,STR019,2025-06-03,Delivered,105440.5
ORD001494,CUST01863,STR045,2025-03-31,Delivered,147321.6
ORD001495,CUST00330,STR012,2025-05-19,Delivered,62680.5
ORD001496,CUST01337,STR003,2025-06-13,Delivered,82610.1
ORD001497,CUST01447,STR045,2025-03-24,Processing,136158.6
ORD001498,CUST00565,STR033,2025-06-10,Delivered,78459.1
ORD001499,CUST00856,STR011,2025-01-08,Delivered,124629.0
ORD001500,CUST01219,STR005,2025-05-21,Shipped,42407.45
ORD001501,CUST01114,STR012,2025-02-19,Delivered,42645.5
ORD001502,CUST00188,STR030,2025-01-24,Delivered,256721.8
ORD001503,CUST00765,STR039,2025-02-14,Shipped,115448.3
ORD001504,CUST01713,STR033,2025-04-08,Delivered,21194.0
ORD001505,CUST01491,STR040,2025-02-01,Shipped,114147.2
ORD001506,CUST01940,STR021,2025-02-03,Processing,187057.25
ORD001507,CUST00712,STR012,2025-04-02,Delivered,227365.9
ORD001508,CUST00294,STR048,2025-06-12,Returned,33607.2
ORD001509,CUST00487,STR008,2025-01-22,Processing,230374.65
ORD001510,CUST01006,STR026,2025-06-14,Delivered,248479.3
ORD001511,CUST01707,STR005,2025-02-12,Delivered,34877.2
ORD001512,CUST01077,STR041,2025-05-23,Delivered,15573.7
ORD001513,CUST01967,STR030,2025-04-13,Delivered,129917.75
ORD001514,CUST01235,STR005,2025-05-16,Delivered,100124.7
ORD001515,CUST01706,STR007,2025-02-26,Delivered,127856.7
ORD001516,CUST00308,STR002,2025-06-30,Delivered,126119.7
ORD001517,CUST00585,STR025,2025-03-29,Delivered,70455.4
ORD001518,CUST01136,STR004,2025-06-23,Delivered,28809.6
ORD001519,CUST01225,STR018,2025-05-26,Shipped,108354.15
ORD001520,CUST00617,STR025,2025-05-18,Delivered,51675.0
ORD001521,CUST01680,STR045,2025-05-07,Shipped,208353.5
ORD001522,CUST01286,STR005,2025-02-24,Delivered,83198.95
ORD001523,CUST00977,STR050,2025-04-25,Delivered,39285.3
ORD001524,CUST00738,STR015,2025-06-24,Processing,73038.05
ORD001525,CUST00478,STR021,2025-04-21,Delivered,138361.65
ORD001526,CUST01405,STR014,2025-03-24,Delivered,100485.6
ORD001527,CUST00427,STR032,2025-01-06,Delivered,129095.7
ORD001528,CUST00166,STR005,2025-03-12,Pending,36626.3
ORD001529,CUST01340,STR023,2025-01-10,Delivered,200753.85
ORD001530,CUST01197,STR015,2025-06-14,Processing,42834.55
ORD001531,CUST00577,STR015,2025-02-14,Delivered,99433.7
ORD001532,CUST00050,STR045,2025-01-12,Delivered,56425.8
ORD001533,CUST01755,STR024,2025-01-03,Delivered,52324.2
ORD001534,CUST01529,STR004,2025-04-19,Delivered,9133.25
ORD001535,CUST01179,STR041,2025-05-09,Delivered,154206.8
ORD001536,CUST00961,STR030,2025-06-13,Shipped,141929.4
ORD001537,CUST01506,STR007,2025-06-11,Cancelled,93815.0
ORD001538,CUST00466,STR028,2025-04-24,Delivered,108306.8
ORD001539,CUST01376,STR007,2025-06-29,Delivered,146694.45
ORD001540,CUST00786,STR015,2025-05-14,Delivered,18373.6
ORD001541,CUST01276,STR049,2025-05-20,Shipped,94684.1
ORD001542,CUST00491,STR004,2025-05-12,Delivered,257680.05
ORD001543,CUST00915,STR042,2025-05-01,Delivered,114791.4
ORD001544,CUST00816,STR013,2025-01-31,Delivered,54053.6
ORD001545,CUST00903,STR004,2025-04-16,Delivered,64687.35
ORD001546,CUST00893,STR049,2025-02-22,Delivered,4166.4
ORD001547,CUST00566,STR022,2025-06-24,Cancelled,32676.8
ORD001548,CUST00303,STR049,2025-05-10,Delivered,13552.4
ORD001549,CUST01202,STR014,2025-05-25,Delivered,49967.8
ORD001550,CUST00448,STR019,2025-04-14,Delivered,18575.35
ORD001551,CUST00442,STR016,2025-05-09,Delivered,41968.6
ORD001552,CUST00292,STR008,2025-05-12,Cancelled,133611.2
ORD001553,CUST01241,STR043,2025-02-19,Delivered,141930.75
ORD001554,CUST00420,STR023,2025-03-07,Delivered,128274.9
ORD001555,CUST00825,STR016,2025-02-26,Delivered,22424.7
ORD001556,CUST01341,STR001,2025-06-12,Pending,51556.0
ORD001557,CUST00201,STR025,2025-06-15,Delivered,195763.2
ORD001558,CUST01811,STR016,2025-02-03,Shipped,115040.8
ORD001559,CUST00675,STR027,2025-04-05,Delivered,60904.0
ORD001560,CUST00759,STR015,2025-02-14,Processing,35277.55
ORD001561,CUST00424,STR010,2025-04-25,Delivered,167206.6
ORD001562,CUST00411,STR030,2025-06-23,Processing,158283.15
ORD001563,CUST00026,STR028,2025-06-22,Delivered,96450.0
ORD001564,CUST00481,STR002,2025-04-15,Delivered,5457.0
ORD001565,CUST00026,STR031,2025-02-12,Delivered,42967.8
ORD001566,CUST01573,STR015,2025-04-02,Delivered,18823.0
ORD001567,CUST01739,STR021,2025-03-27,Returned,220529.4
ORD001568,CUST00984,STR047,2025-06-19,Delivered,145041.55
ORD001569,CUST00076,STR030,2025-05-09,Delivered,91484.8
ORD001570,CUST01202,STR002,2025-06-02,Delivered,176198.9
ORD001571,CUST00153,STR046,2025-01-31,Delivered,18080.4
ORD001572,CUST00098,STR042,2025-06-28,Delivered,37806.0
ORD001573,CUST01578,STR013,2025-06-08,Delivered,103873.7
ORD001574,CUST01067,STR046,2025-04-12,Delivered,181047.8
ORD001575,CUST00804,STR037,2025-02-22,Processing,8092.0
ORD001576,CUST01334,STR040,2025-05-17,Delivered,265467.25
ORD001577,CUST01524,STR012,2025-02-20,Delivered,77188.8
ORD001578,CUST00495,STR050,2025-04-22,Delivered,183692.55
ORD001579,CUST00889,STR015,2025-01-19,Shipped,181375.0
ORD001580,CUST01073,STR032,2025-06-04,Pending,55330.2
ORD001581,CUST00014,STR020,2025-05-31,Delivered,157953.45
ORD001582,CUST01697,STR047,2025-01-12,Delivered,129050.3
ORD001583,CUST01965,STR001,2025-06-23,Processing,187041.7
ORD001584,CUST00055,STR041,2025-04-23,Delivered,27118.55
ORD001585,CUST00343,STR019,2025-04-01,Cancelled,21348.4
ORD001586,CUST00235,STR025,2025-05-16,Delivered,196274.3
ORD001587,CUST00224,STR044,2025-06-04,Delivered,132839.5
ORD001588,CUST00667,STR028,2025-01-18,Delivered,92495.05
ORD001589,CUST00986,STR026,2025-01-27,Shipped,147993.3
ORD001590,CUST00948,STR036,2025-04-22,Delivered,264885.0
ORD001591,CUST00653,STR037,2025-04-23,Delivered,20547.9
ORD001592,CUST01882,STR033,2025-01-22,Shipped,4017.0
ORD001593,CUST01354,STR017,2025-06-12,Delivered,74319.15
ORD001594,CUST01592,STR013,2025-03-10,Delivered,57130.2
ORD001595,CUST01174,STR045,2025-02-01,Delivered,17293.8
ORD001596,CUST01909,STR048,2025-03-16,Delivered,81469.9
ORD001597,CUST00706,STR049,2025-03-01,Delivered,51250.6
ORD001598,CUST01789,STR012,2025-02-20,Delivered,81790.4
ORD001599,CUST01999,STR010,2025-03-26,Cancelled,245535.6
ORD001600,CUST00891,STR003,2025-03-15,Pending,114288.9
ORD001601,CUST01234,STR028,2025-02-17,Delivered,11038.1
ORD001602,CUST00543,STR049,2025-06-26,Delivered,173340.7
ORD001603,CUST00317,STR010,2025-02-22,Delivered,111516.0
ORD001604,CUST01764,STR035,2025-01-14,Delivered,150251.7
ORD001605,CUST01190,STR013,2025-02-19,Delivered,68766.4
ORD001606,CUST00884,STR016,2025-06-29,Delivered,88447.45
ORD001607,CUST01832,STR003,2025-02-05,Pending,23612.4
ORD001608,CUST01971,STR042,2025-04-21,Shipped,44460.7
ORD001609,CUST01798,STR019,2025-06-28,Delivered,171759.6
ORD001610,CUST01917,STR048,2025-05-19,Delivered,27936.9
ORD001611,CUST00267,STR015,2025-03-24,Delivered,126679.8
ORD001612,CUST00086,STR018,2025-03-18,Delivered,32053.5
ORD001613,CUST00277,STR008,2025-04-14,Cancelled,36729.95
ORD001614,CUST00352,STR013,2025-05-27,Delivered,17182.0
ORD001615,CUST01323,STR037,2025-04-16,Delivered,202887.05
ORD001616,CUST01185,STR014,2025-05-23,Delivered,83085.6
ORD001617,CUST00535,STR012,2025-01-15,Delivered,285908.65
ORD001618,CUST00063,STR037,2025-02-11,Delivered,97355.4
ORD001619,CUST00144,STR041,2025-06-13,Delivered,41489.9
ORD001620,CUST01624,STR039,2025-02-12,Delivered,29537.4
ORD001621,CUST01846,STR013,2025-04-11,Delivered,94748.4
ORD001622,CUST00366,STR030,2025-04-21,Delivered,118613.3
ORD001623,CUST00489,STR023,2025-05-29,Delivered,249464.1
ORD001624,CUST00220,STR002,2025-04-22,Processing,169641.8
ORD001625,CUST01178,STR032,2025-06-03,Delivered,27332.45
ORD001626,CUST00272,STR015,2025-05-25,Delivered,101938.8
ORD001627,CUST00075,STR032,2025-06-27,Delivered,53892.2
ORD001628,CUST01222,STR040,2025-04-15,Delivered,84092.95
ORD001629,CUST01964,STR035,2025-06-10,Returned,124326.9
ORD001630,CUST01049,STR032,2025-01-13,Delivered,86385.1
ORD001631,CUST00941,STR014,2025-05-11,Delivered,112158.7
ORD001632,CUST01206,STR016,2025-02-04,Processing,12434.55
ORD001633,CUST01110,STR023,2025-06-17,Delivered,54238.7
ORD001634,CUST01732,STR006,2025-04-18,Delivered,236831.0
ORD001635,CUST00727,STR050,2025-05-26,Delivered,75894.4
ORD001636,CUST00226,STR017,2025-03-24,Processing,147591.6
ORD001637,CUST01552,STR037,2025-06-03,Shipped,169610.3
ORD001638,CUST00104,STR024,2025-02-13,Delivered,43048.8
ORD001639,CUST00776,STR007,2025-06-17,Delivered,55303.25
ORD001640,CUST00437,STR023,2025-02-19,Delivered,20844.9
ORD001641,CUST01282,STR025,2025-06-20,Shipped,120071.4
ORD001642,CUST00367,STR049,2025-05-03,Delivered,75637.5
ORD001643,CUST01809,STR049,2025-05-18,Delivered,165261.55
ORD001644,CUST01176,STR033,2025-04-19,Shipped,78628.0
ORD001645,CUST00031,STR045,2025-01-16,Delivered,11896.2
ORD001646,CUST00746,STR006,2025-04-04,Delivered,119185.8
ORD001647,CUST00811,STR013,2025-02-26,Delivered,134321.25
ORD001648,CUST00335,STR017,2025-04-22,Delivered,62908.6
ORD001649,CUST01165,STR018,2025-05-12,Delivered,37869.2
ORD001650,CUST00459,STR029,2025-05-22,Pending,39503.25
ORD001651,CUST00742,STR041,2025-05-28,Delivered,30220.0
ORD001652,CUST01775,STR026,2025-05-16,Processing,19665.0
ORD001653,CUST01734,STR036,2025-03-15,Delivered,141657.6
ORD001654,CUST00929,STR020,2025-02-26,Processing,88711.2
ORD001655,CUST01839,STR040,2025-05-17,Pending,210766.75
ORD001656,CUST00323,STR021,2025-06-06,Delivered,108230.25
ORD001657,CUST01831,STR024,2025-02-25,Delivered,112146.75
ORD001658,CUST01147,STR046,2025-06-20,Shipped,46491.1
ORD001659,CUST00257,STR034,2025-06-26,Processing,125348.1
ORD001660,CUST00266,STR025,2025-03-29,Cancelled,293566.05
ORD001661,CUST01871,STR035,2025-04-30,Delivered,36116.8
ORD001662,CUST00436,STR006,2025-03-17,Pending,315305.0
ORD001663,CUST01487,STR014,2025-04-07,Delivered,82130.9
ORD001664,CUST00109,STR013,2025-03-08,Delivered,114902.4
ORD001665,CUST00893,STR025,2025-01-13,Delivered,176399.45
ORD001666,CUST01117,STR020,2025-06-26,Delivered,47084.8
ORD001667,CUST01293,STR030,2025-02-09,Delivered,15860.7
ORD001668,CUST00395,STR022,2025-02-17,Delivered,2348.0
ORD001669,CUST00046,STR019,2025-04-02,Delivered,145438.4
ORD001670,CUST01611,STR031,2025-04-11,Delivered,224948.7
ORD001671,CUST01792,STR043,2025-01-26,Delivered,133884.1
ORD001672,CUST01219,STR016,2025-03-01,Delivered,216869.9
ORD001673,CUST00272,STR003,2025-06-28,Pending,118770.0
ORD001674,CUST00519,STR002,2025-04-01,Delivered,124489.1
ORD001675,CUST01223,STR010,2025-02-13,Processing,41099.4
ORD001676,CUST01803,STR036,2025-03-21,Delivered,71888.0
ORD001677,CUST01532,STR023,2025-02-11,Delivered,165744.6
ORD001678,CUST01043,STR042,2025-02-05,Delivered,45052.8
ORD001679,CUST01270,STR041,2025-02-11,Delivered,202565.4
ORD001680,CUST01755,STR026,2025-03-19,Delivered,127456.6
ORD001681,CUST01418,STR031,2025-06-12,Delivered,45695.6
ORD001682,CUST00386,STR015,2025-02-11,Delivered,115217.1
ORD001683,CUST01407,STR017,2025-01-18,Delivered,18739.95
ORD001684,CUST01193,STR041,2025-01-05,Pending,98636.0
ORD001685,CUST00996,STR015,2025-04-19,Delivered,17400.9
ORD001686,CUST01103,STR004,2025-05-31,Delivered,107655.7
ORD001687,CUST00494,STR031,2025-01-17,Delivered,119447.4
ORD001688,CUST00805,STR027,2025-01-28,Delivered,14226.3
ORD001689,CUST01620,STR038,2025-02-05,Shipped,20182.5
ORD001690,CUST01640,STR017,2025-01-29,Shipped,96017.95
ORD001691,CUST00802,STR046,2025-04-16,Delivered,146525.55
ORD001692,CUST01994,STR005,2025-05-14,Delivered,97780.4
ORD001693,CUST01987,STR014,2025-05-16,Delivered,83755.0
ORD001694,CUST00421,STR010,2025-03-10,Shipped,127167.8
ORD001695,CUST01994,STR001,2025-03-27,Processing,164761.2
ORD001696,CUST01545,STR010,2025-03-18,Delivered,97269.95
ORD001697,CUST01853,STR002,2025-03-05,Delivered,163451.8
ORD001698,CUST01260,STR031,2025-01-21,Delivered,98876.2
ORD001699,CUST01481,STR003,2025-01-27,Delivered,32836.8
ORD001700,CUST01863,STR005,2025-05-08,Delivered,92132.1
ORD001701,CUST01038,STR030,2025-01-11,Shipped,51196.7
ORD001702,CUST00940,STR042,2025-05-30,Delivered,46833.65
ORD001703,CUST00166,STR049,2025-02-22,Delivered,213189.8
ORD001704,CUST00234,STR030,2025-03-13,Delivered,230159.1
ORD001705,CUST00366,STR033,2025-05-24,Delivered,37434.4
ORD001706,CUST01102,STR030,2025-01-31,Delivered,83704.65
ORD001707,CUST01381,STR030,2025-03-18,Shipped,148528.6
ORD001708,CUST01768,STR047,2025-05-19,Processing,82514.0
ORD001709,CUST01049,STR007,2025-03-25,Delivered,159793.7
ORD001710,CUST01454,STR045,2025-06-04,Delivered,74745.0
ORD001711,CUST00782,STR043,2025-04-03,Delivered,88225.75
ORD001712,CUST00949,STR020,2025-06-18,Delivered,89906.6
ORD001713,CUST00906,STR020,2025-06-11,Delivered,98790.9
ORD001714,CUST01070,STR014,2025-02-20,Delivered,142141.9
ORD001715,CUST00886,STR027,2025-06-11,Delivered,67236.55
ORD001716,CUST01064,STR048,2025-01-01,Cancelled,208783.95
ORD001717,CUST01789,STR018,2025-04-20,Delivered,194360.4
ORD001718,CUST00796,STR009,2025-06-01,Pending,225795.2
ORD001719,CUST00498,STR023,2025-05-16,Delivered,129000.7
ORD001720,CUST00563,STR025,2025-04-22,Delivered,75367.3
ORD001721,CUST00142,STR030,2025-03-24,Delivered,98692.1
ORD001722,CUST01051,STR007,2025-05-10,Delivered,139096.55
ORD001723,CUST00465,STR029,2025-01-19,Delivered,280207.05
ORD001724,CUST01356,STR002,2025-06-22,Cancelled,89068.2
ORD001725,CUST00954,STR018,2025-04-03,Cancelled,36109.7
ORD001726,CUST00269,STR023,2025-03-26,Delivered,139134.5
ORD001727,CUST01347,STR032,2025-06-11,Cancelled,191312.7
ORD001728,CUST00016,STR026,2025-06-10,Processing,152813.4
ORD001729,CUST01123,STR008,2025-05-07,Delivered,56292.2
ORD001730,CUST00511,STR006,2025-02-20,Delivered,77148.6
ORD001731,CUST00016,STR037,2025-06-16,Shipped,85511.0
ORD001732,CUST01975,STR015,2025-02-05,Delivered,69526.6
ORD001733,CUST01295,STR050,2025-06-21,Delivered,85915.2
ORD001734,CUST01027,STR040,2025-03-05,Delivered,53585.0
ORD001735,CUST01125,STR038,2025-06-19,Pending,135148.2
ORD001736,CUST00533,STR041,2025-06-18,Delivered,109688.15
ORD001737,CUST00336,STR037,2025-05-22,Delivered,73564.1
ORD001738,CUST00757,STR033,2025-03-27,Returned,131581.35
ORD001739,CUST00368,STR035,2025-06-28,Shipped,42979.5
ORD001740,CUST01921,STR041,2025-04-30,Shipped,152222.25
ORD001741,CUST00993,STR043,2025-02-13,Delivered,80865.0
ORD001742,CUST00525,STR009,2025-02-06,Delivered,131050.2
ORD001743,CUST00750,STR042,2025-02-25,Delivered,107167.45
ORD001744,CUST00597,STR015,2025-02-11,Delivered,46187.1
ORD001745,CUST01406,STR047,2025-04-04,Shipped,159092.3
ORD001746,CUST01124,STR041,2025-04-17,Delivered,143902.25
ORD001747,CUST00437,STR016,2025-06-01,Delivered,144578.6
ORD001748,CUST01145,STR003,2025-06-02,Delivered,7342.4
ORD001749,CUST00850,STR021,2025-01-28,Delivered,178633.05
ORD001750,CUST01709,STR006,2025-06-12,Processing,250485.5
ORD001751,CUST01880,STR016,2025-04-15,Delivered,68912.0
ORD001752,CUST01028,STR039,2025-04-13,Delivered,46082.4
ORD001753,CUST01714,STR048,2025-01-03,Delivered,60846.8
ORD001754,CUST00506,STR039,2025-02-28,Delivered,258335.65
ORD001755,CUST00202,STR046,2025-04-12,Delivered,260567.15
ORD001756,CUST01767,STR047,2025-05-28,Delivered,90339.4
ORD001757,CUST00364,STR016,2025-05-16,Delivered,106611.4
ORD001758,CUST00340,STR030,2025-06-03,Processing,88805.05
ORD001759,CUST00372,STR005,2025-06-19,Delivered,143270.8
ORD001760,CUST01738,STR044,2025-01-24,Shipped,114618.65
ORD001761,CUST00556,STR023,2025-05-24,Processing,190384.6
ORD001762,CUST00339,STR042,2025-02-17,Delivered,28615.0
ORD001763,CUST01574,STR039,2025-03-03,Processing,42201.5
ORD001764,CUST01431,STR001,2025-01-11,Processing,119749.6
ORD001765,CUST00676,STR012,2025-02-20,Delivered,61948.1
ORD001766,CUST00809,STR019,2025-02-08,Delivered,170944.55
ORD001767,CUST00067,STR002,2025-05-02,Delivered,230158.0
ORD001768,CUST00300,STR032,2025-04-23,Delivered,52834.95
ORD001769,CUST00605,STR035,2025-05-10,Delivered,198927.8
ORD001770,CUST01478,STR026,2025-02-11,Delivered,62645.7
ORD001771,CUST00648,STR027,2025-06-16,Delivered,176461.3
ORD001772,CUST01585,STR004,2025-06-28,Delivered,28541.7
ORD001773,CUST01556,STR039,2025-05-15,Pending,78274.8
ORD001774,CUST01978,STR017,2025-02-18,Delivered,229787.4
ORD001775,CUST00292,STR037,2025-01-01,Processing,46022.5
ORD001776,CUST01226,STR005,2025-01-18,Cancelled,83836.7
ORD001777,CUST01831,STR023,2025-05-04,Delivered,139494.5
ORD001778,CUST01361,STR005,2025-04-27,Shipped,61782.6
ORD001779,CUST00018,STR034,2025-01-13,Delivered,137623.65
ORD001780,CUST00219,STR007,2025-04-06,Delivered,270462.6
ORD001781,CUST00376,STR043,2025-04-03,Processing,39510.55
ORD001782,CUST01626,STR029,2025-02-26,Pending,53512.75
ORD001783,CUST01333,STR024,2025-06-19,Delivered,164164.3
ORD001784,CUST01799,STR033,2025-02-01,Delivered,194356.6
ORD001785,CUST01151,STR019,2025-06-28,Delivered,187211.6
ORD001786,CUST01147,STR048,2025-02-10,Delivered,184822.3
ORD001787,CUST01760,STR001,2025-05-31,Cancelled,153387.4
ORD001788,CUST01084,STR011,2025-05-09,Processing,202864.0
ORD001789,CUST00246,STR029,2025-06-02,Delivered,118735.0
ORD001790,CUST01857,STR036,2025-03-07,Delivered,47024.0
ORD001791,CUST01068,STR048,2025-03-27,Delivered,32536.8
ORD001792,CUST00952,STR024,2025-05-08,Pending,200043.7
ORD001793,CUST01359,STR048,2025-06-21,Delivered,78234.0
ORD001794,CUST01033,STR027,2025-02-18,Delivered,141300.65
ORD001795,CUST01288,STR021,2025-05-31,Delivered,211213.6
ORD001796,CUST01454,STR030,2025-04-23,Delivered,264491.7
ORD001797,CUST00158,STR014,2025-06-13,Delivered,274281.35
ORD001798,CUST00648,STR001,2025-04-24,Delivered,131654.3
ORD001799,CUST01347,STR012,2025-06-15,Cancelled,116445.15
ORD001800,CUST01638,STR038,2025-03-16,Processing,216290.7
ORD001801,CUST00228,STR037,2025-04-16,Delivered,184531.75
ORD001802,CUST01134,STR044,2025-06-21,Processing,69843.2
ORD001803,CUST01885,STR042,2025-04-14,Delivered,54868.0
ORD001804,CUST01383,STR004,2025-03-17,Delivered,72677.85
ORD001805,CUST01458,STR050,2025-01-26,Delivered,82195.95
ORD001806,CUST00885,STR014,2025-05-06,Delivered,146478.6
ORD001807,CUST01564,STR046,2025-05-22,Delivered,140720.1
ORD001808,CUST00098,STR009,2025-02-22,Processing,179764.1
ORD001809,CUST01348,STR036,2025-02-11,Delivered,213520.8
ORD001810,CUST00566,STR043,2025-06-24,Delivered,173904.5
ORD001811,CUST01384,STR036,2025-02-17,Delivered,115952.1
ORD001812,CUST01816,STR041,2025-01-23,Delivered,182745.0
ORD001813,CUST00616,STR048,2025-02-19,Delivered,73591.0
ORD001814,CUST01897,STR027,2025-06-14,Delivered,17106.3
ORD001815,CUST01185,STR044,2025-06-19,Processing,93465.75
ORD001816,CUST00601,STR028,2025-01-10,Delivered,173870.2
ORD001817,CUST01450,STR040,2025-02-07,Pending,91504.2
ORD001818,CUST00498,STR014,2025-04-29,Delivered,99432.0
ORD001819,CUST00694,STR013,2025-01-17,Delivered,77460.0
ORD001820,CUST00825,STR008,2025-01-26,Shipped,116784.95
ORD001821,CUST00995,STR047,2025-01-25,Processing,94574.4
ORD001822,CUST00964,STR021,2025-01-24,Delivered,141975.0
ORD001823,CUST01601,STR001,2025-01-27,Delivered,324175.2
ORD001824,CUST01487,STR045,2025-04-19,Returned,245443.8
ORD001825,CUST01864,STR013,2025-01-10,Delivered,79123.6
ORD001826,CUST01252,STR018,2025-04-09,Delivered,103492.05
ORD001827,CUST00437,STR006,2025-05-15,Delivered,39733.2
ORD001828,CUST00874,STR025,2025-04-26,Delivered,170378.55
ORD001829,CUST01106,STR046,2025-06-03,Delivered,34213.15
ORD001830,CUST00446,STR022,2025-04-12,Pending,96984.0
ORD001831,CUST00014,STR017,2025-06-27,Processing,182979.0
ORD001832,CUST01151,STR015,2025-02-22,Delivered,57960.1
ORD001833,CUST00466,STR014,2025-05-03,Pending,65940.0
ORD001834,CUST00500,STR005,2025-03-05,Delivered,151042.2
ORD001835,CUST00123,STR013,2025-05-14,Delivered,6609.0
ORD001836,CUST00515,STR008,2025-01-06,Processing,174410.6
ORD001837,CUST01525,STR025,2025-03-21,Delivered,151071.3
ORD001838,CUST00970,STR005,2025-02-07,Pending,143371.5
ORD001839,CUST00992,STR001,2025-05-27,Delivered,22155.9
ORD001840,CUST00018,STR008,2025-03-25,Delivered,164791.5
ORD001841,CUST00380,STR038,2025-04-23,Delivered,353960.6
ORD001842,CUST00531,STR025,2025-04-10,Delivered,13894.2
ORD001843,CUST01862,STR049,2025-02-07,Processing,111812.4
ORD001844,CUST00405,STR023,2025-06-26,Delivered,285393.7
ORD001845,CUST01014,STR032,2025-02-26,Pending,196535.3
ORD001846,CUST00232,STR036,2025-04-27,Shipped,145372.2
ORD001847,CUST00424,STR013,2025-03-23,Delivered,7045.95
ORD001848,CUST00705,STR027,2025-01-31,Delivered,199539.3
ORD001849,CUST00771,STR024,2025-06-11,Delivered,14812.2
ORD001850,CUST00183,STR047,2025-05-09,Delivered,36321.6
ORD001851,CUST01324,STR010,2025-05-18,Processing,76088.7
ORD001852,CUST01482,STR044,2025-03-22,Delivered,67755.4
ORD001853,CUST01757,STR032,2025-03-06,Delivered,276910.65
ORD001854,CUST01612,STR044,2025-01-11,Pending,144804.65
ORD001855,CUST00580,STR030,2025-05-13,Shipped,46350.0
ORD001856,CUST01881,STR008,2025-05-21,Delivered,351785.7
ORD001857,CUST00563,STR048,2025-01-16,Delivered,132345.1
ORD001858,CUST01265,STR024,2025-06-24,Delivered,39165.9
ORD001859,CUST01608,STR047,2025-05-26,Delivered,86443.3
ORD001860,CUST01484,STR045,2025-03-13,Processing,142307.25
ORD001861,CUST01567,STR035,2025-06-23,Delivered,188259.2
ORD001862,CUST01363,STR041,2025-04-04,Delivered,39406.95
ORD001863,CUST00476,STR001,2025-04-23,Cancelled,217597.9
ORD001864,CUST01426,STR031,2025-05-07,Delivered,92559.05
ORD001865,CUST00090,STR018,2025-05-23,Delivered,31513.6
ORD001866,CUST00153,STR045,2025-01-29,Shipped,159641.3
ORD001867,CUST00486,STR028,2025-02-03,Pending,138364.9
ORD001868,CUST01311,STR022,2025-05-17,Delivered,190325.8
ORD001869,CUST01656,STR015,2025-06-20,Delivered,124060.45
ORD001870,CUST01732,STR014,2025-03-23,Delivered,172207.7
ORD001871,CUST01514,STR036,2025-01-21,Delivered,81972.5
ORD001872,CUST00834,STR050,2025-04-19,Returned,220815.55
ORD001873,CUST00486,STR030,2025-01-02,Delivered,49948.0
ORD001874,CUST01589,STR028,2025-05-08,Delivered,139378.0
ORD001875,CUST00640,STR022,2025-03-06,Delivered,62951.0
ORD001876,CUST01176,STR038,2025-03-30,Delivered,190490.9
ORD001877,CUST01471,STR016,2025-05-13,Cancelled,3932.0
ORD001878,CUST01516,STR043,2025-01-04,Delivered,80729.0
ORD001879,CUST00554,STR019,2025-04-01,Delivered,80730.45
ORD001880,CUST00048,STR045,2025-05-02,Delivered,59991.3
ORD001881,CUST01320,STR046,2025-01-13,Pending,39099.15
ORD001882,CUST00954,STR008,2025-06-19,Cancelled,104670.45
ORD001883,CUST00153,STR027,2025-06-04,Delivered,119356.1
ORD001884,CUST00930,STR027,2025-04-16,Delivered,223803.0
ORD001885,CUST00493,STR018,2025-04-23,Delivered,127878.0
ORD001886,CUST00675,STR018,2025-01-21,Processing,145868.7
ORD001887,CUST01907,STR037,2025-05-06,Delivered,236315.5
ORD001888,CUST00041,STR025,2025-05-23,Delivered,61648.0
ORD001889,CUST01879,STR023,2025-03-17,Delivered,122217.6
ORD001890,CUST01079,STR023,2025-02-02,Pending,224657.3
ORD001891,CUST00701,STR038,2025-06-16,Delivered,112869.9
ORD001892,CUST00764,STR026,2025-03-30,Delivered,75384.7
ORD001893,CUST01357,STR014,2025-05-27,Delivered,118951.2
ORD001894,CUST01442,STR025,2025-02-16,Delivered,128147.4
ORD001895,CUST01479,STR047,2025-02-11,Delivered,151006.5
ORD001896,CUST01924,STR010,2025-05-24,Delivered,129435.9
ORD001897,CUST01368,STR025,2025-02-06,Delivered,41402.4
ORD001898,CUST01624,STR009,2025-03-22,Delivered,164012.85
ORD001899,CUST01314,STR035,2025-04-07,Delivered,75052.0
ORD001900,CUST00276,STR012,2025-01-27,Delivered,141492.1
ORD001901,CUST00418,STR022,2025-05-29,Delivered,179303.5
ORD001902,CUST01249,STR037,2025-04-15,Delivered,116880.1
ORD001903,CUST00763,STR018,2025-01-25,Delivered,207310.85
ORD001904,CUST00441,STR035,2025-02-19,Delivered,196302.0
ORD001905,CUST01079,STR009,2025-04-27,Delivered,89579.7
ORD001906,CUST00719,STR001,2025-02-01,Cancelled,207407.6
ORD001907,CUST00683,STR029,2025-01-28,Shipped,80644.5
ORD001908,CUST01911,STR006,2025-02-19,Delivered,105094.4
ORD001909,CUST00278,STR013,2025-06-11,Delivered,42051.2
ORD001910,CUST00748,STR029,2025-03-20,Delivered,1493.45
ORD001911,CUST01673,STR011,2025-02-03,Pending,85216.15
ORD001912,CUST00040,STR026,2025-02-27,Delivered,141014.9
ORD001913,CUST00183,STR021,2025-06-03,Delivered,53496.1
ORD001914,CUST01431,STR014,2025-04-20,Delivered,44091.0
ORD001915,CUST01611,STR030,2025-05-03,Delivered,61200.4
ORD001916,CUST01896,STR050,2025-02-04,Shipped,28798.4
ORD001917,CUST00885,STR003,2025-06-29,Cancelled,19251.0
ORD001918,CUST01263,STR001,2025-02-03,Delivered,229466.1
ORD001919,CUST01038,STR045,2025-01-01,Delivered,80824.5
ORD001920,CUST00334,STR032,2025-01-06,Delivered,49570.05
ORD001921,CUST00353,STR015,2025-04-29,Delivered,34014.45
ORD001922,CUST00507,STR042,2025-05-05,Delivered,145417.3
ORD001923,CUST00953,STR036,2025-06-01,Processing,167567.9
ORD001924,CUST01963,STR044,2025-02-17,Shipped,129355.5
ORD001925,CUST01724,STR004,2025-03-07,Delivered,223877.55
ORD001926,CUST00808,STR037,2025-04-11,Cancelled,64460.7
ORD001927,CUST01904,STR025,2025-04-23,Shipped,32654.4
ORD001928,CUST00618,STR025,2025-05-10,Shipped,69478.0
ORD001929,CUST01765,STR034,2025-03-19,Delivered,157030.0
ORD001930,CUST01238,STR048,2025-02-05,Shipped,17975.3
ORD001931,CUST01894,STR010,2025-06-12,Delivered,92332.75
ORD001932,CUST00672,STR049,2025-06-16,Delivered,111015.0
ORD001933,CUST00022,STR038,2025-06-25,Delivered,55606.2
ORD001934,CUST01048,STR012,2025-03-09,Delivered,35940.2
ORD001935,CUST00051,STR032,2025-05-06,Delivered,110774.7
ORD001936,CUST00912,STR037,2025-01-18,Returned,163918.2
ORD001937,CUST00318,STR003,2025-01-12,Shipped,187337.6
ORD001938,CUST01035,STR016,2025-03-25,Processing,44271.0
ORD001939,CUST00254,STR026,2025-04-04,Delivered,87496.8
ORD001940,CUST01577,STR023,2025-04-03,Pending,131981.2
ORD001941,CUST01170,STR032,2025-06-08,Delivered,78631.35
ORD001942,CUST01785,STR042,2025-04-10,Delivered,174883.5
ORD001943,CUST01288,STR042,2025-05-24,Delivered,124723.0
ORD001944,CUST01964,STR025,2025-06-01,Delivered,105471.95
ORD001945,CUST01664,STR021,2025-02-22,Delivered,67237.8
ORD001946,CUST00889,STR004,2025-05-09,Delivered,127102.5
ORD001947,CUST01933,STR033,2025-01-11,Delivered,107334.0
ORD001948,CUST00632,STR029,2025-04-17,Delivered,68314.5
ORD001949,CUST00710,STR031,2025-01-03,Delivered,19302.85
ORD001950,CUST00817,STR011,2025-01-16,Delivered,48800.35
ORD001951,CUST01343,STR048,2025-05-23,Delivered,28001.25
ORD001952,CUST01092,STR032,2025-06-27,Delivered,92989.6
ORD001953,CUST01946,STR024,2025-01-05,Delivered,26970.3
ORD001954,CUST00340,STR049,2025-01-11,Shipped,288386.85
ORD001955,CUST00303,STR013,2025-04-21,Delivered,104779.2
ORD001956,CUST00321,STR031,2025-05-07,Delivered,3583.05
ORD001957,CUST01880,STR039,2025-06-05,Delivered,78235.2
ORD001958,CUST01465,STR034,2025-01-21,Processing,144342.9
ORD001959,CUST00195,STR034,2025-02-10,Cancelled,91060.0
ORD001960,CUST00055,STR018,2025-04-18,Shipped,197019.45
ORD001961,CUST00835,STR036,2025-03-22,Delivered,123189.8
ORD001962,CUST01535,STR043,2025-02-18,Delivered,82974.45
ORD001963,CUST00791,STR009,2025-02-05,Pending,184823.8
ORD001964,CUST00692,STR027,2025-04-25,Delivered,145741.1
ORD001965,CUST01845,STR017,2025-01-10,Pending,120884.8
ORD001966,CUST00008,STR048,2025-02-06,Delivered,109353.0
ORD001967,CUST01542,STR048,2025-06-20,Delivered,113957.75
ORD001968,CUST00042,STR023,2025-03-17,Delivered,50519.0
ORD001969,CUST00654,STR014,2025-04-15,Delivered,154846.95
ORD001970,CUST00300,STR003,2025-03-23,Delivered,44850.45
ORD001971,CUST01673,STR027,2025-05-18,Pending,70397.75
ORD001972,CUST00066,STR008,2025-03-22,Cancelled,162929.9
ORD001973,CUST00306,STR021,2025-04-10,Delivered,33520.5
ORD001974,CUST01774,STR050,2025-04-16,Delivered,242375.35
ORD001975,CUST00227,STR008,2025-05-09,Pending,102516.0
ORD001976,CUST00697,STR042,2025-01-14,Delivered,6794.4
ORD001977,CUST00010,STR045,2025-05-28,Delivered,74979.6
ORD001978,CUST01725,STR022,2025-05-08,Delivered,120467.1
ORD001979,CUST00322,STR019,2025-02-15,Processing,32679.0
ORD001980,CUST01888,STR047,2025-01-22,Delivered,111447.0
ORD001981,CUST01924,STR039,2025-02-09,Delivered,223332.3
ORD001982,CUST00601,STR023,2025-04-02,Delivered,246353.2
ORD001983,CUST00270,STR008,2025-02-26,Pending,139840.2
ORD001984,CUST00973,STR039,2025-02-14,Delivered,37350.0
ORD001985,CUST00272,STR001,2025-04-14,Delivered,108117.0
ORD001986,CUST01624,STR024,2025-04-09,Delivered,32792.1
ORD001987,CUST00621,STR041,2025-01-27,Returned,107223.4
ORD001988,CUST01566,STR041,2025-06-29,Delivered,48916.4
ORD001989,CUST01307,STR013,2025-05-01,Delivered,41293.8
ORD001990,CUST00602,STR045,2025-05-11,Delivered,31642.1
ORD001991,CUST01214,STR028,2025-01-09,Delivered,151337.2
ORD001992,CUST01586,STR025,2025-01-06,Processing,153268.8
ORD001993,CUST01933,STR040,2025-04-17,Pending,127436.25
ORD001994,CUST00852,STR032,2025-02-25,Delivered,209553.4
ORD001995,CUST00584,STR033,2025-05-25,Cancelled,14210.4
ORD001996,CUST00514,STR043,2025-04-09,Delivered,164594.35
ORD001997,CUST00861,STR047,2025-04-15,Shipped,49097.9
ORD001998,CUST00046,STR044,2025-06-10,Delivered,74021.2
ORD001999,CUST00025,STR041,2025-06-25,Cancelled,96198.75
ORD002000,CUST01612,STR036,2025-05-16,Delivered,250335.0
ORD002001,CUST01816,STR020,2025-04-03,Shipped,110310.8
ORD002002,CUST01616,STR024,2025-03-31,Shipped,87988.0
ORD002003,CUST01553,STR021,2025-01-02,Delivered,57375.55
ORD002004,CUST01557,STR013,2025-03-01,Delivered,60078.75
ORD002005,CUST01046,STR023,2025-01-23,Pending,77815.5
ORD002006,CUST00993,STR046,2025-05-01,Shipped,61091.25
ORD002007,CUST00487,STR009,2025-01-12,Delivered,79454.2
ORD002008,CUST00958,STR014,2025-05-27,Delivered,79855.8
ORD002009,CUST01795,STR016,2025-02-25,Delivered,54602.85
ORD002010,CUST00529,STR046,2025-05-31,Delivered,62278.2
ORD002011,CUST00049,STR001,2025-04-27,Delivered,263955.65
ORD002012,CUST00983,STR003,2025-02-04,Delivered,64771.9
ORD002013,CUST00125,STR010,2025-05-04,Delivered,67511.25
ORD002014,CUST01149,STR014,2025-03-18,Delivered,125015.8
ORD002015,CUST01689,STR012,2025-04-25,Delivered,153308.2
ORD002016,CUST01847,STR033,2025-01-26,Delivered,113776.8
ORD002017,CUST01733,STR011,2025-02-25,Delivered,156211.8
ORD002018,CUST01252,STR047,2025-02-16,Delivered,78156.4
ORD002019,CUST00648,STR004,2025-01-03,Delivered,4981.0
ORD002020,CUST00645,STR030,2025-03-04,Delivered,53006.85
ORD002021,CUST00061,STR006,2025-01-26,Shipped,49631.5
ORD002022,CUST00388,STR039,2025-06-16,Delivered,85993.05
ORD002023,CUST00665,STR021,2025-04-20,Delivered,177176.3
ORD002024,CUST01087,STR032,2025-05-25,Delivered,35169.65
ORD002025,CUST00435,STR003,2025-05-28,Shipped,152248.3
ORD002026,CUST00108,STR049,2025-02-22,Delivered,5100.3
ORD002027,CUST01903,STR004,2025-05-09,Delivered,248539.8
ORD002028,CUST00731,STR023,2025-02-02,Delivered,93202.4
ORD002029,CUST00443,STR022,2025-01-31,Delivered,97053.75
ORD002030,CUST01814,STR034,2025-05-18,Delivered,62089.6
ORD002031,CUST00890,STR017,2025-02-15,Delivered,76468.4
ORD002032,CUST01096,STR022,2025-04-27,Delivered,66883.8
ORD002033,CUST01507,STR011,2025-06-19,Delivered,125307.2
ORD002034,CUST01802,STR035,2025-06-11,Delivered,73804.5
ORD002035,CUST00782,STR031,2025-01-28,Delivered,50093.6
ORD002036,CUST01360,STR004,2025-04-26,Delivered,159777.15
ORD002037,CUST01290,STR032,2025-05-22,Delivered,227422.65
ORD002038,CUST00726,STR029,2025-05-27,Delivered,11033.0
ORD002039,CUST01418,STR003,2025-01-20,Delivered,106762.0
ORD002040,CUST00651,STR006,2025-05-02,Delivered,210424.55
ORD002041,CUST01410,STR035,2025-02-19,Delivered,209139.25
ORD002042,CUST01339,STR022,2025-04-09,Delivered,120478.85
ORD002043,CUST01596,STR050,2025-01-23,Delivered,33936.0
ORD002044,CUST00750,STR010,2025-02-21,Delivered,104857.9
ORD002045,CUST01167,STR031,2025-02-22,Processing,96129.7
ORD002046,CUST01569,STR040,2025-03-23,Processing,104380.3
ORD002047,CUST01543,STR042,2025-03-30,Pending,82271.3
ORD002048,CUST01657,STR023,2025-02-12,Delivered,60144.0
ORD002049,CUST01231,STR010,2025-03-15,Delivered,95750.0
ORD002050,CUST00476,STR026,2025-06-22,Delivered,137262.55
ORD002051,CUST01601,STR005,2025-05-09,Shipped,64105.35
ORD002052,CUST00462,STR042,2025-04-19,Processing,84052.2
ORD002053,CUST01759,STR038,2025-01-20,Delivered,18516.4
ORD002054,CUST00391,STR022,2025-06-20,Delivered,149053.4
ORD002055,CUST01759,STR034,2025-02-11,Delivered,288172.15
ORD002056,CUST00441,STR002,2025-05-17,Delivered,280408.35
ORD002057,CUST00113,STR040,2025-06-07,Delivered,129463.6
ORD002058,CUST01839,STR005,2025-05-29,Delivered,53811.05
ORD002059,CUST01142,STR036,2025-04-09,Delivered,33178.0
ORD002060,CUST00870,STR024,2025-04-18,Delivered,1792.65
ORD002061,CUST01546,STR023,2025-04-10,Delivered,93780.2
ORD002062,CUST01656,STR021,2025-01-06,Delivered,45195.5
ORD002063,CUST00878,STR017,2025-06-20,Cancelled,135138.5
ORD002064,CUST00912,STR041,2025-05-30,Delivered,197455.5
ORD002065,CUST01218,STR011,2025-04-27,Delivered,72341.3
ORD002066,CUST00579,STR030,2025-05-27,Cancelled,89665.1
ORD002067,CUST01004,STR005,2025-03-24,Delivered,290351.6
ORD002068,CUST00995,STR031,2025-02-10,Delivered,102199.7
ORD002069,CUST00148,STR010,2025-05-08,Delivered,6942.4
ORD002070,CUST01101,STR018,2025-01-24,Delivered,101826.4
ORD002071,CUST00418,STR003,2025-05-08,Delivered,28827.2
ORD002072,CUST00175,STR044,2025-02-04,Shipped,102781.8
ORD002073,CUST01212,STR023,2025-03-14,Delivered,293488.15
ORD002074,CUST00295,STR013,2025-01-05,Delivered,229393.8
ORD002075,CUST01574,STR048,2025-04-30,Delivered,99847.9
ORD002076,CUST00420,STR046,2025-02-17,Delivered,129141.6
ORD002077,CUST01181,STR049,2025-06-25,Delivered,66501.75
ORD002078,CUST01569,STR023,2025-03-15,Processing,184633.1
ORD002079,CUST01404,STR016,2025-03-29,Processing,126299.8
ORD002080,CUST00441,STR014,2025-04-27,Processing,145017.6
ORD002081,CUST01189,STR035,2025-06-10,Shipped,110287.5
ORD002082,CUST01661,STR036,2025-05-09,Delivered,188914.8
ORD002083,CUST01705,STR002,2025-04-06,Delivered,145748.3
ORD002084,CUST00340,STR043,2025-04-23,Shipped,6666.4
ORD002085,CUST01407,STR047,2025-03-02,Processing,279086.15
ORD002086,CUST00517,STR035,2025-05-14,Delivered,134169.45
ORD002087,CUST00685,STR043,2025-02-07,Delivered,100959.9
ORD002088,CUST00744,STR048,2025-02-25,Cancelled,54444.5
ORD002089,CUST01372,STR022,2025-05-14,Delivered,27736.8
ORD002090,CUST01931,STR042,2025-03-29,Delivered,58353.6
ORD002091,CUST01420,STR005,2025-01-26,Shipped,219088.8
ORD002092,CUST01866,STR029,2025-05-05,Pending,72516.6
ORD002093,CUST00500,STR034,2025-06-28,Delivered,94634.15
ORD002094,CUST00362,STR011,2025-04-21,Delivered,86237.9
ORD002095,CUST01868,STR006,2025-02-17,Cancelled,25699.0
ORD002096,CUST01396,STR013,2025-02-26,Delivered,126158.4
ORD002097,CUST00783,STR038,2025-02-14,Shipped,120693.0
ORD002098,CUST01248,STR028,2025-02-17,Delivered,93210.5
ORD002099,CUST00778,STR015,2025-03-01,Delivered,111645.3
ORD002100,CUST00134,STR036,2025-05-28,Delivered,172659.8
ORD002101,CUST00227,STR032,2025-02-19,Delivered,59494.9
ORD002102,CUST00886,STR041,2025-03-28,Shipped,65927.15
ORD002103,CUST00542,STR014,2025-02-16,Delivered,63774.35
ORD002104,CUST01470,STR045,2025-02-26,Delivered,76616.5
ORD002105,CUST00470,STR015,2025-06-25,Shipped,212669.7
ORD002106,CUST01852,STR014,2025-02-22,Delivered,176423.9
ORD002107,CUST00711,STR040,2025-02-03,Delivered,128834.05
ORD002108,CUST00471,STR032,2025-02-24,Delivered,126051.25
ORD002109,CUST01709,STR023,2025-06-05,Returned,109082.9
ORD002110,CUST00602,STR004,2025-01-05,Shipped,120292.7
ORD002111,CUST00742,STR026,2025-05-13,Delivered,143661.0
ORD002112,CUST01802,STR043,2025-01-19,Delivered,7018.45
ORD002113,CUST00718,STR001,2025-04-20,Delivered,136605.05
ORD002114,CUST00973,STR016,2025-05-12,Delivered,166646.9
ORD002115,CUST00505,STR035,2025-05-11,Delivered,135345.7
ORD002116,CUST00158,STR006,2025-02-13,Cancelled,77465.85
ORD002117,CUST00995,STR028,2025-02-08,Pending,17976.6
ORD002118,CUST01876,STR013,2025-01-15,Delivered,57022.8
ORD002119,CUST00439,STR013,2025-03-18,Delivered,181754.3
ORD002120,CUST00010,STR046,2025-04-17,Delivered,36938.45
ORD002121,CUST01759,STR023,2025-05-21,Delivered,8560.45
ORD002122,CUST00357,STR037,2025-04-02,Pending,41360.0
ORD002123,CUST01252,STR008,2025-04-05,Shipped,4267.8
ORD002124,CUST01264,STR002,2025-05-15,Shipped,13487.8
ORD002125,CUST00329,STR034,2025-06-07,Delivered,242038.8
ORD002126,CUST00665,STR033,2025-01-21,Processing,154388.8
ORD002127,CUST01432,STR050,2025-06-26,Delivered,12108.6
ORD002128,CUST01977,STR025,2025-03-15,Delivered,105794.15
ORD002129,CUST01207,STR006,2025-04-05,Delivered,66141.6
ORD002130,CUST01646,STR014,2025-05-07,Delivered,75227.2
ORD002131,CUST01474,STR014,2025-06-28,Delivered,70708.8
ORD002132,CUST01505,STR017,2025-06-13,Shipped,1953.0
ORD002133,CUST00337,STR041,2025-03-24,Delivered,138234.5
ORD002134,CUST01561,STR038,2025-04-24,Delivered,178877.0
ORD002135,CUST01590,STR028,2025-01-01,Delivered,123153.4
ORD002136,CUST00418,STR032,2025-05-11,Shipped,22125.6
ORD002137,CUST00198,STR006,2025-05-14,Delivered,183797.3
ORD002138,CUST01407,STR035,2025-03-01,Delivered,35953.2
ORD002139,CUST00873,STR010,2025-05-31,Processing,85716.6
ORD002140,CUST00540,STR024,2025-03-24,Delivered,183768.6
ORD002141,CUST00231,STR020,2025-06-29,Delivered,54233.6
ORD002142,CUST00614,STR026,2025-05-18,Delivered,131812.5
ORD002143,CUST00346,STR020,2025-06-25,Delivered,28669.65
ORD002144,CUST01645,STR019,2025-04-28,Delivered,748.8
ORD002145,CUST01211,STR036,2025-03-16,Delivered,193207.75
ORD002146,CUST01871,STR043,2025-01-19,Shipped,82476.75
ORD002147,CUST00955,STR003,2025-01-01,Shipped,98599.8
ORD002148,CUST01703,STR006,2025-01-13,Delivered,112970.2
ORD002149,CUST00517,STR031,2025-03-18,Delivered,127862.3
ORD002150,CUST00558,STR029,2025-01-11,Delivered,61602.0
ORD002151,CUST01429,STR030,2025-03-14,Delivered,185945.45
ORD002152,CUST01357,STR022,2025-01-27,Cancelled,4160.0
ORD002153,CUST01571,STR038,2025-06-28,Delivered,295510.8
ORD002154,CUST00237,STR003,2025-04-26,Shipped,212497.3
ORD002155,CUST01421,STR001,2025-05-15,Delivered,79719.8
ORD002156,CUST00290,STR044,2025-05-02,Delivered,89960.3
ORD002157,CUST01158,STR017,2025-03-07,Delivered,128348.75
ORD002158,CUST00573,STR032,2025-04-01,Delivered,31720.5
ORD002159,CUST01176,STR023,2025-02-18,Delivered,240034.4
ORD002160,CUST00223,STR005,2025-01-11,Delivered,165968.15
ORD002161,CUST01118,STR034,2025-05-11,Delivered,113082.6
ORD002162,CUST00163,STR045,2025-01-23,Shipped,100230.6
ORD002163,CUST01228,STR039,2025-05-11,Shipped,2797.2
ORD002164,CUST01562,STR024,2025-06-20,Delivered,33815.0
ORD002165,CUST00251,STR030,2025-04-16,Delivered,145628.2
ORD002166,CUST01765,STR040,2025-01-08,Delivered,93434.8
ORD002167,CUST01736,STR048,2025-02-09,Shipped,192279.45
ORD002168,CUST00712,STR035,2025-01-01,Delivered,193957.8
ORD002169,CUST00098,STR044,2025-05-05,Processing,78609.0
ORD002170,CUST00553,STR023,2025-01-15,Delivered,149963.3
ORD002171,CUST01674,STR040,2025-05-26,Processing,100655.7
ORD002172,CUST01937,STR020,2025-06-26,Delivered,4003.2
ORD002173,CUST01067,STR049,2025-04-15,Delivered,213514.35
ORD002174,CUST00722,STR010,2025-03-26,Shipped,80162.9
ORD002175,CUST00295,STR011,2025-04-16,Delivered,220546.85
ORD002176,CUST01380,STR032,2025-03-13,Delivered,194501.7
ORD002177,CUST01937,STR018,2025-05-05,Processing,203483.3
ORD002178,CUST01915,STR038,2025-06-30,Processing,113278.3
ORD002179,CUST00592,STR008,2025-05-14,Processing,94846.3
ORD002180,CUST01154,STR039,2025-01-28,Shipped,138551.65
ORD002181,CUST01437,STR010,2025-01-20,Delivered,31624.25
ORD002182,CUST01072,STR008,2025-04-07,Delivered,44218.0
ORD002183,CUST00154,STR035,2025-03-21,Processing,75408.6
ORD002184,CUST00453,STR030,2025-01-26,Processing,42842.3
ORD002185,CUST00708,STR018,2025-02-28,Delivered,165359.85
ORD002186,CUST01238,STR026,2025-04-02,Cancelled,200740.6
ORD002187,CUST01359,STR036,2025-05-07,Returned,99694.0
ORD002188,CUST01355,STR028,2025-04-25,Shipped,116173.75
ORD002189,CUST01509,STR046,2025-05-10,Processing,131644.7
ORD002190,CUST01711,STR034,2025-01-18,Delivered,60972.8
ORD002191,CUST01413,STR022,2025-04-28,Processing,14448.3
ORD002192,CUST01959,STR001,2025-05-25,Delivered,28498.4
ORD002193,CUST00782,STR007,2025-05-16,Pending,69201.6
ORD002194,CUST00922,STR046,2025-04-13,Delivered,85715.9
ORD002195,CUST00111,STR038,2025-01-14,Shipped,131199.95
ORD002196,CUST00044,STR008,2025-06-10,Shipped,127587.85
ORD002197,CUST00967,STR037,2025-01-28,Delivered,120004.1
ORD002198,CUST00425,STR015,2025-03-20,Shipped,52759.5
ORD002199,CUST01442,STR017,2025-06-28,Delivered,16451.75
ORD002200,CUST01492,STR041,2025-03-24,Delivered,5371.3
ORD002201,CUST01450,STR045,2025-05-24,Delivered,114158.7
ORD002202,CUST01652,STR022,2025-01-29,Delivered,32475.95
ORD002203,CUST01344,STR002,2025-04-22,Shipped,128817.15
ORD002204,CUST00592,STR044,2025-03-27,Cancelled,269011.95
ORD002205,CUST00148,STR048,2025-03-10,Delivered,63435.05
ORD002206,CUST01486,STR017,2025-01-16,Delivered,78760.0
ORD002207,CUST00291,STR011,2025-05-05,Delivered,179520.0
ORD002208,CUST00426,STR022,2025-05-22,Shipped,161447.7
ORD002209,CUST00047,STR002,2025-04-21,Delivered,165754.4
ORD002210,CUST01046,STR029,2025-03-14,Delivered,168541.85
ORD002211,CUST01996,STR035,2025-03-28,Shipped,287366.65
ORD002212,CUST01960,STR042,2025-02-22,Delivered,115870.5
ORD002213,CUST01179,STR023,2025-02-18,Pending,262558.8
ORD002214,CUST00101,STR001,2025-04-23,Delivered,57412.8
ORD002215,CUST01919,STR011,2025-05-07,Delivered,209895.85
ORD002216,CUST00278,STR021,2025-01-28,Processing,212174.5
ORD002217,CUST00497,STR048,2025-01-06,Pending,42798.8
ORD002218,CUST01353,STR050,2025-01-20,Delivered,151875.1
ORD002219,CUST00440,STR049,2025-03-18,Delivered,249542.1
ORD002220,CUST01198,STR048,2025-01-31,Delivered,152674.0
ORD002221,CUST01599,STR048,2025-06-11,Delivered,97623.5
ORD002222,CUST00949,STR045,2025-01-08,Delivered,209667.0
ORD002223,CUST00589,STR021,2025-01-10,Pending,20027.9
ORD002224,CUST01050,STR047,2025-06-19,Cancelled,34384.5
ORD002225,CUST01500,STR049,2025-05-31,Delivered,99490.15
ORD002226,CUST01731,STR023,2025-02-16,Delivered,47022.3
ORD002227,CUST01642,STR034,2025-01-09,Pending,156274.8
ORD002228,CUST01114,STR036,2025-04-12,Delivered,60059.7
ORD002229,CUST01249,STR030,2025-05-03,Delivered,104167.25
ORD002230,CUST00519,STR030,2025-03-13,Processing,70696.7
ORD002231,CUST00384,STR027,2025-06-24,Cancelled,98884.95
ORD002232,CUST00896,STR016,2025-04-02,Returned,19997.95
ORD002233,CUST01666,STR037,2025-02-15,Delivered,2274.0
ORD002234,CUST00616,STR020,2025-05-15,Delivered,5284.0
ORD002235,CUST00298,STR001,2025-03-07,Delivered,166279.05
ORD002236,CUST01838,STR044,2025-05-03,Processing,169487.1
ORD002237,CUST00758,STR006,2025-03-27,Delivered,140899.65
ORD002238,CUST00163,STR005,2025-03-21,Processing,212071.95
ORD002239,CUST00741,STR024,2025-05-20,Delivered,177796.8
ORD002240,CUST00940,STR006,2025-03-10,Delivered,100605.0
ORD002241,CUST00866,STR016,2025-03-12,Pending,301831.65
ORD002242,CUST00906,STR041,2025-04-21,Delivered,27374.4
ORD002243,CUST01647,STR025,2025-04-20,Delivered,40956.0
ORD002244,CUST01755,STR001,2025-05-15,Cancelled,107379.9
ORD002245,CUST01106,STR004,2025-03-02,Shipped,80492.2
ORD002246,CUST00548,STR018,2025-05-06,Delivered,148540.4
ORD002247,CUST00114,STR045,2025-01-17,Cancelled,50108.8
ORD002248,CUST00743,STR018,2025-01-25,Delivered,90340.8
ORD002249,CUST01370,STR040,2025-04-28,Pending,155296.8
ORD002250,CUST00482,STR015,2025-06-20,Delivered,79216.7
ORD002251,CUST01343,STR022,2025-02-03,Pending,111771.3
ORD002252,CUST01269,STR043,2025-04-12,Delivered,60566.3
ORD002253,CUST01601,STR030,2025-02-11,Delivered,34774.35
ORD002254,CUST00243,STR028,2025-04-16,Delivered,40627.8
ORD002255,CUST00210,STR039,2025-01-14,Delivered,29673.0
ORD002256,CUST01843,STR024,2025-06-22,Delivered,50044.9
ORD002257,CUST01885,STR038,2025-02-09,Returned,137034.5
ORD002258,CUST00313,STR026,2025-02-28,Delivered,36713.7
ORD002259,CUST01730,STR047,2025-02-08,Processing,95187.9
ORD002260,CUST01340,STR009,2025-06-28,Delivered,146310.5
ORD002261,CUST00821,STR039,2025-01-03,Cancelled,48408.0
ORD002262,CUST00563,STR005,2025-03-29,Delivered,18094.8
ORD002263,CUST00874,STR007,2025-04-03,Shipped,2006.0
ORD002264,CUST01034,STR024,2025-03-07,Delivered,38900.6
ORD002265,CUST00509,STR001,2025-06-06,Shipped,30763.1
ORD002266,CUST01207,STR026,2025-01-15,Pending,36722.55
ORD002267,CUST01139,STR013,2025-02-28,Delivered,136321.3
ORD002268,CUST00832,STR012,2025-03-04,Delivered,88381.8
ORD002269,CUST00762,STR045,2025-01-04,Delivered,25146.5
ORD002270,CUST01490,STR044,2025-06-07,Shipped,161792.95
ORD002271,CUST01964,STR038,2025-02-12,Delivered,159403.95
ORD002272,CUST00082,STR039,2025-02-19,Delivered,32996.8
ORD002273,CUST01502,STR017,2025-01-27,Delivered,110400.0
ORD002274,CUST01817,STR002,2025-05-23,Delivered,74193.0
ORD002275,CUST01227,STR049,2025-05-24,Delivered,91431.75
ORD002276,CUST01305,STR047,2025-05-13,Processing,119815.55
ORD002277,CUST01125,STR050,2025-06-01,Pending,16284.0
ORD002278,CUST00474,STR039,2025-03-12,Pending,132654.35
ORD002279,CUST00963,STR050,2025-04-21,Delivered,125769.9
ORD002280,CUST00849,STR001,2025-02-03,Cancelled,171908.1
ORD002281,CUST01544,STR004,2025-03-24,Delivered,296876.1
ORD002282,CUST01267,STR010,2025-02-08,Delivered,127162.45
ORD002283,CUST00126,STR030,2025-02-11,Delivered,220481.45
ORD002284,CUST00281,STR027,2025-05-17,Delivered,66208.0
ORD002285,CUST00456,STR036,2025-02-01,Delivered,173799.25
ORD002286,CUST01230,STR048,2025-06-07,Pending,210986.55
ORD002287,CUST01377,STR026,2025-03-02,Delivered,78363.6
ORD002288,CUST01721,STR004,2025-06-27,Delivered,166938.1
ORD002289,CUST01765,STR050,2025-01-21,Delivered,64237.9
ORD002290,CUST01237,STR014,2025-05-03,Pending,175790.85
ORD002291,CUST00716,STR007,2025-04-06,Delivered,263319.75
ORD002292,CUST01265,STR003,2025-05-09,Delivered,34042.0
ORD002293,CUST01939,STR013,2025-05-30,Delivered,91289.8
ORD002294,CUST01691,STR025,2025-03-24,Delivered,91482.15
ORD002295,CUST00781,STR025,2025-01-01,Delivered,81693.0
ORD002296,CUST01748,STR002,2025-03-09,Delivered,158673.6
ORD002297,CUST01244,STR037,2025-06-07,Delivered,270818.3
ORD002298,CUST01822,STR013,2025-04-01,Delivered,45762.5
ORD002299,CUST01822,STR014,2025-03-23,Delivered,85810.0
ORD002300,CUST01168,STR035,2025-04-21,Delivered,74264.35
ORD002301,CUST00831,STR017,2025-03-14,Delivered,172427.6
ORD002302,CUST00346,STR034,2025-06-25,Delivered,38940.2
ORD002303,CUST01831,STR050,2025-02-12,Delivered,143681.2
ORD002304,CUST00401,STR045,2025-06-24,Delivered,99674.0
ORD002305,CUST01261,STR011,2025-04-29,Delivered,74899.8
ORD002306,CUST00961,STR044,2025-02-03,Delivered,21456.0
ORD002307,CUST00986,STR044,2025-01-28,Delivered,127175.45
ORD002308,CUST00792,STR045,2025-05-03,Delivered,103043.55
ORD002309,CUST01312,STR004,2025-04-05,Delivered,149540.6
ORD002310,CUST00230,STR001,2025-06-04,Pending,122838.2
ORD002311,CUST01228,STR008,2025-04-26,Delivered,115767.9
ORD002312,CUST01758,STR026,2025-05-21,Cancelled,51310.4
ORD002313,CUST01903,STR038,2025-03-30,Delivered,81455.1
ORD002314,CUST01077,STR010,2025-01-29,Shipped,118403.1
ORD002315,CUST00673,STR020,2025-01-02,Delivered,89428.2
ORD002316,CUST00078,STR006,2025-04-26,Shipped,80773.0
ORD002317,CUST01883,STR031,2025-01-14,Delivered,123657.15
ORD002318,CUST00852,STR013,2025-06-03,Delivered,61366.0
ORD002319,CUST00098,STR014,2025-02-25,Processing,252381.3
ORD002320,CUST01573,STR045,2025-01-14,Processing,107701.7
ORD002321,CUST00179,STR036,2025-03-03,Shipped,245991.0
ORD002322,CUST01633,STR018,2025-05-05,Delivered,153869.85
ORD002323,CUST01600,STR038,2025-04-05,Delivered,89445.2
ORD002324,CUST01585,STR034,2025-02-09,Delivered,114407.8
ORD002325,CUST00115,STR031,2025-03-07,Delivered,43934.4
ORD002326,CUST01457,STR012,2025-01-08,Cancelled,182026.0
ORD002327,CUST01977,STR048,2025-01-04,Delivered,97458.3
ORD002328,CUST01849,STR045,2025-05-01,Delivered,97559.45
ORD002329,CUST01090,STR016,2025-03-23,Pending,78483.3
ORD002330,CUST01639,STR050,2025-05-28,Shipped,45398.5
ORD002331,CUST00766,STR023,2025-05-08,Delivered,183711.2
ORD002332,CUST01145,STR006,2025-03-10,Delivered,138157.15
ORD002333,CUST01196,STR046,2025-01-10,Delivered,145869.3
ORD002334,CUST00057,STR048,2025-03-06,Shipped,62739.9
ORD002335,CUST01444,STR030,2025-06-07,Delivered,104460.5
ORD002336,CUST00821,STR041,2025-04-20,Delivered,1988.0
ORD002337,CUST01194,STR001,2025-06-01,Delivered,89352.5
ORD002338,CUST01203,STR042,2025-01-27,Processing,12690.0
ORD002339,CUST01313,STR040,2025-01-23,Delivered,27030.4
ORD002340,CUST00630,STR028,2025-01-15,Delivered,38988.0
ORD002341,CUST01192,STR003,2025-02-16,Delivered,178040.5
ORD002342,CUST00296,STR021,2025-04-24,Shipped,235781.1
ORD002343,CUST00721,STR045,2025-04-04,Delivered,30953.85
ORD002344,CUST00862,STR010,2025-04-13,Cancelled,106349.6
ORD002345,CUST00508,STR033,2025-04-28,Delivered,20049.75
ORD002346,CUST01256,STR036,2025-01-17,Delivered,231111.25
ORD002347,CUST01565,STR050,2025-01-26,Processing,122157.15
ORD002348,CUST00570,STR033,2025-05-19,Delivered,79464.6
ORD002349,CUST00804,STR034,2025-05-06,Delivered,100397.25
ORD002350,CUST01600,STR026,2025-03-26,Delivered,86916.45
ORD002351,CUST01694,STR023,2025-04-04,Delivered,190261.5
ORD002352,CUST00427,STR019,2025-01-16,Returned,73415.0
ORD002353,CUST01205,STR023,2025-03-26,Processing,100058.1
ORD002354,CUST01637,STR040,2025-01-31,Delivered,33919.2
ORD002355,CUST01265,STR012,2025-01-20,Delivered,13977.4
ORD002356,CUST00866,STR017,2025-02-08,Delivered,187166.05
ORD002357,CUST00910,STR044,2025-04-22,Delivered,98443.65
ORD002358,CUST01031,STR032,2025-03-11,Delivered,78844.65
ORD002359,CUST01663,STR047,2025-04-14,Processing,194318.75
ORD002360,CUST00536,STR036,2025-01-31,Delivered,111692.7
ORD002361,CUST01688,STR013,2025-01-14,Delivered,2542.35
ORD002362,CUST01005,STR023,2025-06-07,Delivered,13046.4
ORD002363,CUST01455,STR005,2025-06-11,Pending,72308.45
ORD002364,CUST00694,STR038,2025-03-28,Delivered,92489.85
ORD002365,CUST00885,STR025,2025-01-15,Delivered,106313.55
ORD002366,CUST01344,STR003,2025-05-16,Delivered,195009.9
ORD002367,CUST01075,STR035,2025-06-24,Delivered,10162.0
ORD002368,CUST01891,STR019,2025-05-31,Cancelled,24018.9
ORD002369,CUST01563,STR043,2025-03-12,Delivered,201778.15
ORD002370,CUST01733,STR013,2025-02-12,Delivered,36729.0
ORD002371,CUST00135,STR018,2025-05-05,Delivered,217660.05
ORD002372,CUST00578,STR037,2025-04-02,Delivered,133330.4
ORD002373,CUST01001,STR020,2025-05-04,Delivered,120853.6
ORD002374,CUST00172,STR037,2025-06-03,Delivered,188406.85
ORD002375,CUST01025,STR029,2025-05-19,Delivered,22706.0
ORD002376,CUST00277,STR022,2025-03-24,Delivered,176872.9
ORD002377,CUST01369,STR048,2025-05-15,Delivered,59784.9
ORD002378,CUST01035,STR048,2025-03-26,Delivered,550.8
ORD002379,CUST00002,STR018,2025-04-22,Delivered,40976.45
ORD002380,CUST01995,STR016,2025-01-15,Delivered,72342.2
ORD002381,CUST00608,STR004,2025-03-05,Pending,64317.6
ORD002382,CUST00109,STR041,2025-03-15,Delivered,41351.0
ORD002383,CUST01240,STR030,2025-03-08,Delivered,68295.0
ORD002384,CUST01725,STR027,2025-04-19,Processing,218559.5
ORD002385,CUST00120,STR020,2025-05-22,Shipped,11828.0
ORD002386,CUST01804,STR018,2025-04-18,Processing,217543.55
ORD002387,CUST01812,STR039,2025-01-24,Delivered,128694.6
ORD002388,CUST00590,STR045,2025-02-16,Delivered,58993.0
ORD002389,CUST00271,STR019,2025-01-04,Delivered,30526.9
ORD002390,CUST00666,STR021,2025-06-13,Delivered,24087.05
ORD002391,CUST01963,STR002,2025-02-12,Delivered,154415.85
ORD002392,CUST00836,STR039,2025-01-23,Delivered,216984.7
ORD002393,CUST00325,STR042,2025-02-27,Pending,22655.0
ORD002394,CUST00293,STR011,2025-03-31,Delivered,8475.2
ORD002395,CUST00586,STR018,2025-06-22,Cancelled,122530.0
ORD002396,CUST00797,STR021,2025-06-19,Delivered,149836.65
ORD002397,CUST00078,STR007,2025-01-30,Delivered,126022.4
ORD002398,CUST01474,STR009,2025-01-26,Delivered,76323.8
ORD002399,CUST00492,STR041,2025-04-14,Delivered,59576.4
ORD002400,CUST00376,STR042,2025-01-10,Delivered,80199.5
ORD002401,CUST01116,STR044,2025-03-09,Delivered,128914.05
ORD002402,CUST00054,STR027,2025-04-18,Delivered,41264.8
ORD002403,CUST00697,STR032,2025-04-01,Returned,116132.4
ORD002404,CUST01233,STR047,2025-04-14,Delivered,161180.1
ORD002405,CUST00037,STR028,2025-01-18,Delivered,129825.1
ORD002406,CUST00358,STR018,2025-06-29,Delivered,83240.0
ORD002407,CUST00807,STR029,2025-01-22,Pending,90891.0
ORD002408,CUST01643,STR001,2025-04-08,Shipped,115908.6
ORD002409,CUST01545,STR033,2025-01-09,Delivered,66843.25
ORD002410,CUST01318,STR021,2025-04-16,Returned,100945.0
ORD002411,CUST00652,STR022,2025-01-16,Processing,81285.4
ORD002412,CUST01283,STR008,2025-03-20,Delivered,130221.0
ORD002413,CUST00100,STR026,2025-01-28,Delivered,111021.15
ORD002414,CUST01782,STR025,2025-01-08,Pending,184168.1
ORD002415,CUST01098,STR036,2025-05-17,Delivered,39176.85
ORD002416,CUST01784,STR017,2025-03-08,Delivered,16767.1
ORD002417,CUST01930,STR033,2025-04-12,Delivered,64872.9
ORD002418,CUST01776,STR039,2025-05-31,Pending,199242.95
ORD002419,CUST00536,STR004,2025-03-06,Delivered,17776.4
ORD002420,CUST01034,STR003,2025-03-20,Delivered,120225.4
ORD002421,CUST00700,STR007,2025-03-13,Delivered,14064.6
ORD002422,CUST00132,STR017,2025-04-06,Cancelled,91018.8
ORD002423,CUST00234,STR012,2025-03-02,Delivered,60915.8
ORD002424,CUST00833,STR048,2025-05-24,Delivered,25293.25
ORD002425,CUST00402,STR005,2025-05-31,Delivered,113800.8
ORD002426,CUST00009,STR005,2025-04-29,Shipped,50034.2
ORD002427,CUST01821,STR034,2025-06-08,Pending,100478.9
ORD002428,CUST01202,STR046,2025-01-10,Delivered,33881.55
ORD002429,CUST01707,STR005,2025-03-12,Shipped,79283.6
ORD002430,CUST01453,STR029,2025-02-21,Processing,341493.9
ORD002431,CUST01820,STR039,2025-02-10,Delivered,130274.8
ORD002432,CUST00249,STR027,2025-03-14,Processing,144752.45
ORD002433,CUST01449,STR039,2025-06-09,Delivered,214706.85
ORD002434,CUST01743,STR024,2025-06-29,Pending,100866.75
ORD002435,CUST01984,STR014,2025-06-09,Delivered,9833.4
ORD002436,CUST00596,STR011,2025-06-11,Delivered,4206.0
ORD002437,CUST00785,STR025,2025-06-02,Processing,194550.75
ORD002438,CUST01011,STR031,2025-02-02,Delivered,35048.35
ORD002439,CUST00006,STR031,2025-06-02,Delivered,85608.3
ORD002440,CUST01261,STR013,2025-03-07,Cancelled,22376.25
ORD002441,CUST00540,STR023,2025-02-08,Delivered,102638.0
ORD002442,CUST01500,STR036,2025-06-22,Delivered,34532.1
ORD002443,CUST00647,STR049,2025-01-10,Delivered,93225.4
ORD002444,CUST00140,STR035,2025-02-06,Pending,217772.25
ORD002445,CUST01564,STR032,2025-05-25,Delivered,45626.4
ORD002446,CUST01332,STR034,2025-01-26,Delivered,111376.8
ORD002447,CUST01493,STR009,2025-05-25,Delivered,96595.2
ORD002448,CUST00152,STR050,2025-03-14,Delivered,188824.3
ORD002449,CUST00980,STR020,2025-02-22,Delivered,281750.95
ORD002450,CUST00916,STR032,2025-05-22,Delivered,176597.6
ORD002451,CUST01275,STR028,2025-01-13,Delivered,112803.65
ORD002452,CUST00614,STR006,2025-01-31,Processing,44895.6
ORD002453,CUST01932,STR047,2025-03-10,Delivered,131012.55
ORD002454,CUST01643,STR004,2025-01-29,Cancelled,155038.8
ORD002455,CUST00571,STR006,2025-03-05,Delivered,20257.6
ORD002456,CUST01067,STR035,2025-01-28,Delivered,170582.35
ORD002457,CUST00556,STR045,2025-01-01,Delivered,25364.0
ORD002458,CUST01851,STR023,2025-01-04,Delivered,14003.1
ORD002459,CUST01116,STR049,2025-06-08,Processing,27281.0
ORD002460,CUST01000,STR047,2025-03-11,Shipped,158185.45
ORD002461,CUST00972,STR021,2025-02-10,Delivered,76262.4
ORD002462,CUST00543,STR002,2025-02-17,Delivered,150522.8
ORD002463,CUST00358,STR046,2025-04-30,Delivered,163118.45
ORD002464,CUST00917,STR040,2025-06-13,Delivered,96977.2
ORD002465,CUST00438,STR038,2025-06-29,Delivered,1616.0
ORD002466,CUST01780,STR005,2025-05-25,Delivered,155617.0
ORD002467,CUST01793,STR021,2025-03-25,Delivered,60203.1
ORD002468,CUST00227,STR014,2025-06-05,Delivered,153868.0
ORD002469,CUST01514,STR029,2025-03-16,Delivered,185064.45
ORD002470,CUST00614,STR040,2025-03-25,Delivered,191012.6
ORD002471,CUST01164,STR049,2025-03-15,Delivered,118348.85
ORD002472,CUST01788,STR024,2025-01-20,Delivered,53645.4
ORD002473,CUST00100,STR047,2025-06-05,Shipped,182693.2
ORD002474,CUST01963,STR038,2025-06-19,Processing,147448.3
ORD002475,CUST01501,STR021,2025-04-01,Processing,90978.3
ORD002476,CUST00015,STR026,2025-01-16,Delivered,268269.2
ORD002477,CUST01483,STR041,2025-03-22,Cancelled,170732.0
ORD002478,CUST01350,STR012,2025-06-02,Delivered,93114.2
ORD002479,CUST01660,STR040,2025-01-27,Pending,220040.05
ORD002480,CUST00023,STR007,2025-05-18,Delivered,59877.4
ORD002481,CUST01801,STR002,2025-01-21,Processing,218648.8
ORD002482,CUST01947,STR035,2025-02-24,Shipped,223049.4
ORD002483,CUST01698,STR011,2025-03-05,Delivered,116741.35
ORD002484,CUST01121,STR016,2025-03-07,Delivered,33833.3
ORD002485,CUST00660,STR041,2025-03-06,Shipped,253152.65
ORD002486,CUST01075,STR019,2025-04-30,Delivered,157175.45
ORD002487,CUST01332,STR032,2025-05-18,Delivered,175505.3
ORD002488,CUST00666,STR044,2025-05-17,Shipped,18649.85
ORD002489,CUST00054,STR019,2025-05-22,Processing,71234.8
ORD002490,CUST01870,STR036,2025-04-20,Delivered,87227.0
ORD002491,CUST00790,STR022,2025-01-01,Delivered,157348.0
ORD002492,CUST00798,STR033,2025-04-20,Shipped,104394.0
ORD002493,CUST00067,STR043,2025-02-26,Delivered,199116.8
ORD002494,CUST00534,STR018,2025-03-18,Delivered,13960.4
ORD002495,CUST00964,STR018,2025-02-07,Delivered,65840.0
ORD002496,CUST01174,STR041,2025-01-04,Delivered,218884.75
ORD002497,CUST01352,STR030,2025-04-24,Shipped,104824.75
ORD002498,CUST01191,STR018,2025-06-15,Delivered,32643.9
ORD002499,CUST01560,STR016,2025-01-10,Delivered,42970.4
ORD002500,CUST01450,STR029,2025-05-03,Processing,179915.65
ORD002501,CUST01112,STR020,2025-01-25,Shipped,232380.85
ORD002502,CUST00712,STR041,2025-04-18,Pending,130201.15
ORD002503,CUST01115,STR016,2025-03-05,Pending,156971.1
ORD002504,CUST00882,STR046,2025-06-03,Delivered,47451.2
ORD002505,CUST01978,STR018,2025-06-17,Delivered,1729.75
ORD002506,CUST01443,STR047,2025-04-22,Delivered,37251.3
ORD002507,CUST01677,STR024,2025-01-15,Delivered,121664.7
ORD002508,CUST00964,STR030,2025-03-16,Shipped,123446.1
ORD002509,CUST00063,STR022,2025-02-08,Shipped,126616.0
ORD002510,CUST00283,STR019,2025-06-04,Delivered,187158.95
ORD002511,CUST00168,STR015,2025-06-22,Delivered,220201.2
ORD002512,CUST00279,STR043,2025-02-07,Delivered,197319.1
ORD002513,CUST00944,STR006,2025-03-23,Delivered,165596.4
ORD002514,CUST01542,STR024,2025-02-24,Processing,150103.3
ORD002515,CUST00157,STR041,2025-05-14,Delivered,174087.95
ORD002516,CUST01618,STR043,2025-05-31,Shipped,245377.2
ORD002517,CUST00257,STR014,2025-06-13,Delivered,167280.15
ORD002518,CUST00680,STR005,2025-06-06,Delivered,162717.5
ORD002519,CUST01848,STR036,2025-05-21,Delivered,239735.85
ORD002520,CUST01968,STR021,2025-04-05,Delivered,97353.75
ORD002521,CUST00676,STR040,2025-05-03,Delivered,134228.7
ORD002522,CUST01504,STR033,2025-01-24,Delivered,52070.6
ORD002523,CUST01186,STR029,2025-06-15,Delivered,118816.5
ORD002524,CUST00602,STR034,2025-02-08,Cancelled,99039.0
ORD002525,CUST00551,STR031,2025-04-29,Cancelled,90569.7
ORD002526,CUST01224,STR018,2025-01-19,Returned,11388.8
ORD002527,CUST00656,STR025,2025-01-04,Delivered,195627.4
ORD002528,CUST01124,STR046,2025-03-27,Delivered,55917.0
ORD002529,CUST01374,STR044,2025-05-28,Processing,134912.0
ORD002530,CUST01442,STR019,2025-03-08,Delivered,64163.5
ORD002531,CUST01442,STR020,2025-05-17,Delivered,121835.25
ORD002532,CUST01660,STR046,2025-03-13,Shipped,19864.45
ORD002533,CUST00760,STR002,2025-05-04,Delivered,208753.2
ORD002534,CUST01054,STR030,2025-03-29,Shipped,164759.85
ORD002535,CUST00798,STR013,2025-04-14,Delivered,81532.0
ORD002536,CUST01064,STR036,2025-04-14,Cancelled,54755.65
ORD002537,CUST00042,STR019,2025-02-13,Delivered,131772.0
ORD002538,CUST00057,STR015,2025-04-07,Delivered,121809.0
ORD002539,CUST00569,STR015,2025-01-28,Delivered,152224.95
ORD002540,CUST01417,STR020,2025-04-05,Delivered,111878.4
ORD002541,CUST00317,STR016,2025-04-06,Delivered,47690.1
ORD002542,CUST00265,STR017,2025-02-12,Delivered,142739.05
ORD002543,CUST00288,STR022,2025-03-23,Delivered,53327.0
ORD002544,CUST00641,STR025,2025-02-02,Delivered,155287.7
ORD002545,CUST01636,STR034,2025-01-10,Delivered,89403.85
ORD002546,CUST00078,STR006,2025-03-18,Returned,195555.5
ORD002547,CUST01512,STR048,2025-04-21,Delivered,13587.2
ORD002548,CUST01990,STR025,2025-03-12,Delivered,68346.7
ORD002549,CUST00871,STR020,2025-04-16,Delivered,208503.3
ORD002550,CUST01224,STR034,2025-03-01,Delivered,170205.0
ORD002551,CUST00133,STR004,2025-04-27,Delivered,53919.7
ORD002552,CUST00345,STR027,2025-01-01,Delivered,37336.0
ORD002553,CUST01903,STR012,2025-02-27,Returned,65773.0
ORD002554,CUST00617,STR037,2025-03-20,Pending,225870.5
ORD002555,CUST01768,STR022,2025-06-15,Delivered,6205.0
ORD002556,CUST00335,STR024,2025-06-29,Delivered,181908.2
ORD002557,CUST01613,STR023,2025-05-26,Cancelled,137162.45
ORD002558,CUST00396,STR016,2025-02-03,Delivered,204781.1
ORD002559,CUST01492,STR049,2025-01-22,Delivered,118674.3
ORD002560,CUST01003,STR049,2025-06-25,Delivered,161662.5
ORD002561,CUST01846,STR015,2025-06-16,Delivered,83266.0
ORD002562,CUST00183,STR025,2025-06-05,Delivered,187434.95
ORD002563,CUST00054,STR027,2025-04-19,Returned,158757.55
ORD002564,CUST01105,STR020,2025-04-18,Processing,191625.5
ORD002565,CUST01194,STR007,2025-02-22,Delivered,88033.55
ORD002566,CUST01281,STR023,2025-04-19,Delivered,222043.6
ORD002567,CUST00268,STR046,2025-05-17,Delivered,78203.1
ORD002568,CUST01621,STR013,2025-02-10,Delivered,17906.1
ORD002569,CUST00478,STR040,2025-05-24,Delivered,116307.0
ORD002570,CUST01675,STR031,2025-02-25,Delivered,121997.15
ORD002571,CUST01901,STR007,2025-02-05,Delivered,110358.0
ORD002572,CUST00976,STR038,2025-05-31,Shipped,10977.6
ORD002573,CUST01423,STR033,2025-02-09,Processing,42877.55
ORD002574,CUST00826,STR030,2025-01-17,Delivered,131030.9
ORD002575,CUST00059,STR015,2025-05-28,Delivered,126167.6
ORD002576,CUST01954,STR036,2025-03-31,Delivered,11205.25
ORD002577,CUST01834,STR013,2025-05-27,Delivered,81345.0
ORD002578,CUST00494,STR005,2025-03-11,Delivered,6499.1
ORD002579,CUST01238,STR036,2025-01-28,Processing,132278.4
ORD002580,CUST00532,STR017,2025-05-15,Delivered,56098.3
ORD002581,CUST01600,STR012,2025-03-19,Processing,115746.5
ORD002582,CUST01593,STR010,2025-03-07,Delivered,36119.05
ORD002583,CUST00801,STR013,2025-06-15,Delivered,96949.2
ORD002584,CUST00607,STR034,2025-01-19,Delivered,49176.75
ORD002585,CUST01299,STR001,2025-04-05,Delivered,204884.8
ORD002586,CUST01968,STR011,2025-02-18,Processing,165908.6
ORD002587,CUST01303,STR040,2025-06-12,Delivered,67462.2
ORD002588,CUST00139,STR017,2025-05-13,Delivered,58872.7
ORD002589,CUST01329,STR041,2025-03-03,Delivered,263408.9
ORD002590,CUST01671,STR010,2025-06-01,Delivered,89295.6
ORD002591,CUST00927,STR017,2025-06-19,Delivered,82137.6
ORD002592,CUST01553,STR014,2025-03-02,Shipped,119734.8
ORD002593,CUST01459,STR023,2025-02-17,Delivered,142016.85
ORD002594,CUST01681,STR046,2025-01-01,Delivered,158836.35
ORD002595,CUST00199,STR027,2025-03-04,Delivered,240435.8
ORD002596,CUST00007,STR039,2025-03-10,Shipped,52226.6
ORD002597,CUST00238,STR011,2025-01-27,Delivered,167564.25
ORD002598,CUST00151,STR006,2025-04-23,Delivered,17198.9
ORD002599,CUST01160,STR014,2025-01-19,Delivered,225015.9
ORD002600,CUST01190,STR017,2025-06-23,Delivered,49142.4
ORD002601,CUST01046,STR049,2025-04-02,Delivered,129118.55
ORD002602,CUST01301,STR022,2025-02-02,Delivered,129903.0
ORD002603,CUST01920,STR033,2025-04-03,Pending,218952.8
ORD002604,CUST00468,STR040,2025-04-15,Delivered,130198.8
ORD002605,CUST00767,STR022,2025-04-27,Shipped,69928.0
ORD002606,CUST01200,STR045,2025-01-25,Delivered,171394.45
ORD002607,CUST01288,STR044,2025-06-16,Delivered,174500.25
ORD002608,CUST00429,STR028,2025-03-25,Delivered,178642.2
ORD002609,CUST00888,STR007,2025-01-18,Delivered,202971.8
ORD002610,CUST00366,STR042,2025-05-16,Delivered,9514.25
ORD002611,CUST01409,STR018,2025-03-30,Cancelled,173736.2
ORD002612,CUST00006,STR045,2025-05-21,Delivered,244651.7
ORD002613,CUST00016,STR015,2025-03-29,Cancelled,95855.75
ORD002614,CUST01070,STR027,2025-04-08,Delivered,174537.3
ORD002615,CUST00391,STR015,2025-01-29,Delivered,130742.95
ORD002616,CUST00603,STR028,2025-03-29,Delivered,88778.45
ORD002617,CUST01062,STR049,2025-01-09,Delivered,148946.65
ORD002618,CUST01569,STR046,2025-04-21,Delivered,305999.85
ORD002619,CUST01342,STR041,2025-04-05,Cancelled,209882.9
ORD002620,CUST01736,STR028,2025-04-11,Delivered,190253.2
ORD002621,CUST01582,STR042,2025-06-12,Delivered,132110.45
ORD002622,CUST01259,STR048,2025-04-14,Delivered,173479.5
ORD002623,CUST01279,STR032,2025-02-17,Cancelled,83010.0
ORD002624,CUST01143,STR025,2025-02-24,Delivered,94618.4
ORD002625,CUST00568,STR022,2025-02-21,Delivered,51833.6
ORD002626,CUST00058,STR016,2025-01-28,Shipped,186208.8
ORD002627,CUST00369,STR030,2025-01-24,Delivered,128199.35
ORD002628,CUST01669,STR032,2025-01-16,Delivered,307015.5
ORD002629,CUST01181,STR002,2025-03-15,Delivered,65655.0
ORD002630,CUST01733,STR011,2025-02-16,Cancelled,161899.3
ORD002631,CUST01334,STR020,2025-02-10,Delivered,117355.5
ORD002632,CUST00734,STR002,2025-03-12,Delivered,169000.35
ORD002633,CUST01039,STR001,2025-06-17,Delivered,94780.0
ORD002634,CUST00626,STR003,2025-01-08,Delivered,79943.2
ORD002635,CUST01723,STR021,2025-02-04,Delivered,10985.6
ORD002636,CUST00765,STR040,2025-05-23,Delivered,211377.65
ORD002637,CUST00401,STR010,2025-06-28,Delivered,148620.5
ORD002638,CUST01697,STR006,2025-02-07,Delivered,217927.4
ORD002639,CUST00484,STR007,2025-02-24,Delivered,87168.65
ORD002640,CUST01246,STR047,2025-04-28,Delivered,168690.2
ORD002641,CUST00620,STR044,2025-02-19,Pending,94981.65
ORD002642,CUST01997,STR005,2025-04-25,Delivered,155670.9
ORD002643,CUST01300,STR046,2025-02-25,Delivered,216163.5
ORD002644,CUST00345,STR042,2025-05-12,Delivered,137517.0
ORD002645,CUST00866,STR045,2025-01-28,Delivered,73595.25
ORD002646,CUST00630,STR013,2025-04-12,Cancelled,113895.75
ORD002647,CUST01545,STR029,2025-05-18,Delivered,42425.2
ORD002648,CUST00919,STR011,2025-01-07,Shipped,203576.3
ORD002649,CUST00656,STR023,2025-01-04,Delivered,39360.9
ORD002650,CUST01650,STR015,2025-01-25,Delivered,85405.85
ORD002651,CUST00684,STR025,2025-05-21,Delivered,45243.9
ORD002652,CUST01711,STR037,2025-02-02,Delivered,3220.2
ORD002653,CUST01185,STR015,2025-03-10,Delivered,102531.0
ORD002654,CUST00140,STR006,2025-06-04,Processing,158414.45
ORD002655,CUST00185,STR024,2025-01-16,Delivered,86889.3
ORD002656,CUST00288,STR014,2025-03-03,Delivered,102660.5
ORD002657,CUST00562,STR006,2025-06-11,Delivered,142516.2
ORD002658,CUST00777,STR040,2025-01-16,Processing,334606.3
ORD002659,CUST00226,STR034,2025-03-04,Shipped,140545.3
ORD002660,CUST01318,STR026,2025-04-19,Delivered,70568.0
ORD002661,CUST01527,STR042,2025-04-01,Delivered,75312.9
ORD002662,CUST00199,STR038,2025-05-27,Delivered,82031.55
ORD002663,CUST00704,STR018,2025-06-27,Delivered,78705.1
ORD002664,CUST00100,STR030,2025-04-07,Cancelled,183047.2
ORD002665,CUST01877,STR023,2025-02-04,Shipped,116873.1
ORD002666,CUST00678,STR011,2025-01-25,Shipped,139592.4
ORD002667,CUST01819,STR025,2025-01-23,Delivered,6986.4
ORD002668,CUST01544,STR036,2025-04-30,Delivered,33582.0
ORD002669,CUST00374,STR044,2025-03-29,Delivered,154154.65
ORD002670,CUST00398,STR024,2025-02-06,Delivered,81375.0
ORD002671,CUST01703,STR028,2025-05-31,Delivered,6330.0
ORD002672,CUST01212,STR047,2025-06-29,Delivered,206838.6
ORD002673,CUST01684,STR008,2025-05-17,Delivered,122981.5
ORD002674,CUST00535,STR038,2025-04-13,Shipped,84267.3
ORD002675,CUST00319,STR042,2025-06-03,Processing,117631.15
ORD002676,CUST00304,STR042,2025-01-13,Delivered,135947.8
ORD002677,CUST00391,STR010,2025-01-27,Delivered,42476.3
ORD002678,CUST00433,STR030,2025-05-01,Delivered,76661.8
ORD002679,CUST00012,STR016,2025-02-20,Delivered,4562.1
ORD002680,CUST00935,STR043,2025-06-23,Shipped,39075.95
ORD002681,CUST00070,STR029,2025-03-01,Delivered,213445.3
ORD002682,CUST01661,STR001,2025-01-20,Cancelled,224984.25
ORD002683,CUST00649,STR028,2025-05-23,Processing,133136.0
ORD002684,CUST01107,STR004,2025-05-20,Delivered,118445.3
ORD002685,CUST00751,STR044,2025-05-27,Delivered,125081.25
ORD002686,CUST01029,STR008,2025-02-22,Delivered,32004.5
ORD002687,CUST00497,STR037,2025-06-28,Delivered,180970.2
ORD002688,CUST01993,STR013,2025-01-13,Delivered,109298.65
ORD002689,CUST00622,STR043,2025-01-02,Delivered,130478.85
ORD002690,CUST00950,STR040,2025-04-04,Delivered,180031.0
ORD002691,CUST00196,STR018,2025-05-16,Delivered,47316.9
ORD002692,CUST00484,STR001,2025-02-01,Delivered,105645.6
ORD002693,CUST00672,STR050,2025-02-26,Delivered,272158.1
ORD002694,CUST00290,STR002,2025-05-28,Delivered,175974.65
ORD002695,CUST01711,STR022,2025-04-29,Pending,20432.6
ORD002696,CUST01617,STR020,2025-03-02,Shipped,114664.35
ORD002697,CUST00177,STR020,2025-06-13,Delivered,22450.0
ORD002698,CUST01190,STR036,2025-03-04,Delivered,58371.8
ORD002699,CUST01529,STR049,2025-05-23,Processing,75368.3
ORD002700,CUST00162,STR022,2025-04-26,Delivered,61010.1
ORD002701,CUST00462,STR008,2025-01-29,Delivered,87552.0
ORD002702,CUST00697,STR001,2025-05-01,Delivered,257663.05
ORD002703,CUST01718,STR040,2025-05-14,Delivered,203094.0
ORD002704,CUST00843,STR026,2025-05-09,Shipped,115287.45
ORD002705,CUST00570,STR041,2025-06-30,Processing,45554.0
ORD002706,CUST01365,STR007,2025-05-22,Delivered,98377.3
ORD002707,CUST00906,STR008,2025-03-26,Pending,25896.6
ORD002708,CUST00399,STR018,2025-02-02,Delivered,115260.85
ORD002709,CUST01550,STR024,2025-04-22,Delivered,189804.1
ORD002710,CUST00348,STR022,2025-06-09,Delivered,4039.2
ORD002711,CUST01002,STR031,2025-02-23,Shipped,249109.35
ORD002712,CUST01414,STR004,2025-06-14,Delivered,200011.25
ORD002713,CUST01590,STR020,2025-04-27,Delivered,253048.1
ORD002714,CUST00316,STR041,2025-01-19,Delivered,198197.4
ORD002715,CUST00563,STR036,2025-04-21,Delivered,39195.0
ORD002716,CUST00009,STR004,2025-05-01,Delivered,188302.2
ORD002717,CUST01191,STR002,2025-01-16,Delivered,95829.45
ORD002718,CUST01469,STR005,2025-05-18,Delivered,82484.7
ORD002719,CUST00534,STR045,2025-04-15,Delivered,237081.7
ORD002720,CUST00328,STR029,2025-04-09,Delivered,13288.15
ORD002721,CUST00121,STR025,2025-05-25,Shipped,114631.3
ORD002722,CUST00863,STR016,2025-04-07,Delivered,123082.05
ORD002723,CUST01862,STR036,2025-03-04,Delivered,69952.4
ORD002724,CUST01319,STR008,2025-01-03,Delivered,15618.0
ORD002725,CUST00568,STR038,2025-04-03,Delivered,32670.9
ORD002726,CUST01264,STR017,2025-04-04,Processing,275280.9
ORD002727,CUST00913,STR019,2025-01-27,Delivered,246764.8
ORD002728,CUST01180,STR034,2025-03-25,Delivered,13051.1
ORD002729,CUST00546,STR049,2025-02-11,Pending,144726.7
ORD002730,CUST00564,STR031,2025-03-06,Returned,95418.5
ORD002731,CUST00121,STR022,2025-06-07,Cancelled,125686.4
ORD002732,CUST00993,STR017,2025-04-14,Pending,192997.75
ORD002733,CUST00889,STR010,2025-04-14,Delivered,40776.3
ORD002734,CUST00124,STR008,2025-05-02,Delivered,71987.1
ORD002735,CUST00629,STR003,2025-05-05,Processing,97628.1
ORD002736,CUST01692,STR034,2025-06-29,Delivered,162138.85
ORD002737,CUST00834,STR046,2025-05-14,Delivered,81980.9
ORD002738,CUST00141,STR025,2025-04-06,Delivered,170450.9
ORD002739,CUST00746,STR005,2025-06-30,Delivered,215694.95
ORD002740,CUST00749,STR039,2025-02-01,Delivered,205001.5
ORD002741,CUST00220,STR006,2025-01-19,Delivered,56559.1
ORD002742,CUST00619,STR022,2025-04-10,Delivered,191659.25
ORD002743,CUST01738,STR033,2025-04-11,Cancelled,108280.35
ORD002744,CUST00573,STR040,2025-01-11,Delivered,88190.6
ORD002745,CUST01053,STR038,2025-05-10,Delivered,142861.2
ORD002746,CUST00483,STR005,2025-06-23,Delivered,43971.0
ORD002747,CUST01249,STR009,2025-04-13,Delivered,70987.7
ORD002748,CUST00433,STR007,2025-03-22,Delivered,91464.3
ORD002749,CUST00154,STR045,2025-06-08,Shipped,31464.0
ORD002750,CUST00303,STR047,2025-06-30,Delivered,128229.95
ORD002751,CUST00090,STR035,2025-05-13,Delivered,95731.8
ORD002752,CUST00595,STR038,2025-01-25,Shipped,79630.4
ORD002753,CUST00629,STR035,2025-05-28,Delivered,73650.5
ORD002754,CUST01917,STR042,2025-06-02,Delivered,144072.2
ORD002755,CUST00227,STR011,2025-04-11,Pending,41778.45
ORD002756,CUST00084,STR050,2025-05-04,Processing,173083.5
ORD002757,CUST00411,STR037,2025-02-18,Processing,168716.9
ORD002758,CUST01645,STR001,2025-01-22,Delivered,98883.75
ORD002759,CUST01676,STR002,2025-01-29,Delivered,196467.7
ORD002760,CUST01230,STR010,2025-05-25,Delivered,156445.0
ORD002761,CUST00634,STR049,2025-03-02,Shipped,137896.05
ORD002762,CUST00219,STR044,2025-04-04,Delivered,147718.25
ORD002763,CUST01225,STR011,2025-03-19,Delivered,179785.65
ORD002764,CUST01209,STR021,2025-01-29,Delivered,171491.8
ORD002765,CUST00150,STR001,2025-05-14,Delivered,3724.95
ORD002766,CUST00840,STR028,2025-05-07,Shipped,152878.1
ORD002767,CUST01390,STR015,2025-03-31,Shipped,67062.0
ORD002768,CUST01397,STR044,2025-03-28,Delivered,25576.65
ORD002769,CUST01397,STR029,2025-01-09,Delivered,72526.0
ORD002770,CUST01931,STR032,2025-06-06,Delivered,116371.25
ORD002771,CUST01603,STR050,2025-05-18,Shipped,102742.5
ORD002772,CUST01657,STR038,2025-01-14,Delivered,81175.0
ORD002773,CUST00746,STR025,2025-02-21,Delivered,173892.25
ORD002774,CUST00694,STR029,2025-04-01,Shipped,77930.8
ORD002775,CUST00831,STR009,2025-06-16,Shipped,131054.55
ORD002776,CUST01181,STR008,2025-05-05,Pending,77827.75
ORD002777,CUST00750,STR012,2025-06-14,Delivered,104100.0
ORD002778,CUST01715,STR043,2025-05-02,Pending,168181.65
ORD002779,CUST00303,STR007,2025-04-28,Delivered,4027.2
ORD002780,CUST01478,STR009,2025-02-16,Delivered,102795.3
ORD002781,CUST01067,STR050,2025-06-13,Delivered,114725.4
ORD002782,CUST00034,STR002,2025-05-06,Processing,65982.4
ORD002783,CUST01851,STR047,2025-01-28,Delivered,38417.4
ORD002784,CUST00486,STR008,2025-06-03,Delivered,149099.1
ORD002785,CUST00203,STR008,2025-03-21,Delivered,278538.0
ORD002786,CUST01389,STR027,2025-01-31,Delivered,89498.45
ORD002787,CUST01266,STR037,2025-05-20,Shipped,166597.6
ORD002788,CUST01790,STR012,2025-02-24,Delivered,47301.8
ORD002789,CUST01639,STR034,2025-06-21,Delivered,111689.2
ORD002790,CUST00170,STR050,2025-01-11,Shipped,14218.4
ORD002791,CUST00563,STR027,2025-06-25,Delivered,142001.4
ORD002792,CUST00915,STR046,2025-02-16,Delivered,117325.0
ORD002793,CUST01235,STR025,2025-02-26,Delivered,79366.2
ORD002794,CUST01689,STR038,2025-03-05,Shipped,122178.4
ORD002795,CUST00289,STR016,2025-02-16,Delivered,162139.8
ORD002796,CUST01182,STR028,2025-01-10,Delivered,187220.55
ORD002797,CUST00169,STR018,2025-01-12,Processing,53553.35
ORD002798,CUST01139,STR016,2025-06-01,Delivered,180744.75
ORD002799,CUST01050,STR003,2025-03-15,Returned,172940.9
ORD002800,CUST01413,STR042,2025-01-14,Delivered,155583.55
ORD002801,CUST00628,STR023,2025-03-03,Shipped,52219.2
ORD002802,CUST00789,STR033,2025-06-28,Delivered,31851.8
ORD002803,CUST00595,STR019,2025-02-14,Delivered,245595.4
ORD002804,CUST01367,STR045,2025-03-09,Processing,3006.45
ORD002805,CUST00809,STR007,2025-06-02,Cancelled,115572.65
ORD002806,CUST01371,STR036,2025-03-15,Delivered,93327.05
ORD002807,CUST01654,STR042,2025-04-21,Delivered,57782.0
ORD002808,CUST00291,STR028,2025-01-25,Delivered,221668.8
ORD002809,CUST01309,STR030,2025-03-05,Delivered,33386.8
ORD002810,CUST00644,STR002,2025-06-03,Returned,82307.35
ORD002811,CUST01226,STR048,2025-03-20,Pending,38976.6
ORD002812,CUST01583,STR032,2025-06-25,Delivered,174224.4
ORD002813,CUST00273,STR014,2025-03-22,Delivered,122428.65
ORD002814,CUST00663,STR023,2025-05-14,Delivered,156568.05
ORD002815,CUST00124,STR037,2025-05-20,Shipped,288728.65
ORD002816,CUST00413,STR024,2025-06-06,Delivered,221086.45
ORD002817,CUST00147,STR040,2025-02-05,Delivered,54857.6
ORD002818,CUST00139,STR044,2025-03-28,Delivered,121057.0
ORD002819,CUST01843,STR018,2025-01-17,Processing,165148.05
ORD002820,CUST00644,STR049,2025-03-11,Delivered,18414.4
ORD002821,CUST01808,STR034,2025-02-21,Processing,149634.1
ORD002822,CUST00604,STR025,2025-05-19,Delivered,151973.9
ORD002823,CUST00219,STR033,2025-06-28,Delivered,109403.35
ORD002824,CUST00519,STR011,2025-02-05,Delivered,140281.2
ORD002825,CUST01578,STR043,2025-03-02,Delivered,59054.4
ORD002826,CUST00448,STR042,2025-03-26,Delivered,113649.3
ORD002827,CUST00624,STR011,2025-01-28,Delivered,16751.8
ORD002828,CUST01693,STR011,2025-03-22,Delivered,191060.45
ORD002829,CUST00345,STR033,2025-05-28,Returned,81275.8
ORD002830,CUST00085,STR020,2025-06-08,Pending,228218.7
ORD002831,CUST00544,STR041,2025-02-22,Delivered,135661.0
ORD002832,CUST01860,STR024,2025-02-06,Delivered,25319.4
ORD002833,CUST01665,STR027,2025-02-19,Cancelled,171670.6
ORD002834,CUST00237,STR025,2025-03-19,Delivered,85368.2
ORD002835,CUST00903,STR020,2025-05-27,Delivered,77354.0
ORD002836,CUST00849,STR024,2025-01-14,Processing,38011.4
ORD002837,CUST00023,STR049,2025-05-12,Delivered,142047.0
ORD002838,CUST00358,STR046,2025-02-04,Delivered,107558.0
ORD002839,CUST00959,STR028,2025-04-10,Delivered,105583.6
ORD002840,CUST00864,STR022,2025-05-10,Cancelled,61929.6
ORD002841,CUST01935,STR003,2025-02-21,Delivered,149080.15
ORD002842,CUST01732,STR025,2025-03-20,Shipped,171437.4
ORD002843,CUST00277,STR027,2025-05-15,Shipped,216320.85
ORD002844,CUST00974,STR015,2025-03-30,Delivered,107346.55
ORD002845,CUST00940,STR036,2025-02-01,Delivered,82041.0
ORD002846,CUST00724,STR024,2025-01-12,Delivered,67591.9
ORD002847,CUST00513,STR003,2025-02-16,Delivered,100587.7
ORD002848,CUST00519,STR022,2025-04-07,Delivered,5361.6
ORD002849,CUST00156,STR020,2025-03-10,Delivered,44891.95
ORD002850,CUST00943,STR004,2025-02-03,Processing,206792.5
ORD002851,CUST00076,STR034,2025-01-10,Shipped,98681.25
ORD002852,CUST01902,STR043,2025-02-06,Cancelled,39069.5
ORD002853,CUST00975,STR004,2025-02-27,Shipped,68542.25
ORD002854,CUST00894,STR031,2025-03-25,Delivered,73407.95
ORD002855,CUST00472,STR003,2025-06-27,Delivered,59682.8
ORD002856,CUST00609,STR034,2025-01-11,Delivered,16160.2
ORD002857,CUST01150,STR024,2025-02-25,Cancelled,171638.95
ORD002858,CUST01194,STR011,2025-01-09,Delivered,47784.45
ORD002859,CUST00106,STR015,2025-02-04,Pending,102472.35
ORD002860,CUST01336,STR025,2025-02-28,Delivered,263471.0
ORD002861,CUST00347,STR038,2025-04-14,Pending,32853.6
ORD002862,CUST01551,STR046,2025-06-16,Processing,174977.1
ORD002863,CUST01624,STR022,2025-02-14,Delivered,191584.85
ORD002864,CUST01850,STR025,2025-06-02,Delivered,46360.85
ORD002865,CUST01350,STR009,2025-02-08,Delivered,16953.7
ORD002866,CUST00006,STR023,2025-03-02,Delivered,206087.3
ORD002867,CUST00944,STR019,2025-01-12,Processing,118225.05
ORD002868,CUST00085,STR043,2025-03-01,Delivered,110624.1
ORD002869,CUST00274,STR029,2025-05-17,Delivered,82724.6
ORD002870,CUST01901,STR010,2025-03-14,Delivered,126603.5
ORD002871,CUST01874,STR033,2025-02-24,Shipped,46446.8
ORD002872,CUST01997,STR024,2025-05-20,Delivered,27067.5
ORD002873,CUST01199,STR021,2025-04-02,Delivered,231786.9
ORD002874,CUST01755,STR004,2025-02-25,Returned,44346.0
ORD002875,CUST01180,STR041,2025-01-25,Delivered,24588.0
ORD002876,CUST00876,STR039,2025-01-01,Delivered,74720.3
ORD002877,CUST01452,STR034,2025-03-27,Shipped,202553.9
ORD002878,CUST00727,STR040,2025-05-12,Delivered,201452.45
ORD002879,CUST00847,STR014,2025-01-15,Cancelled,166594.1
ORD002880,CUST01479,STR029,2025-02-16,Shipped,73694.4
ORD002881,CUST01708,STR021,2025-01-12,Processing,110313.8
ORD002882,CUST01058,STR039,2025-05-31,Processing,23236.05
ORD002883,CUST00250,STR041,2025-04-09,Shipped,210283.8
ORD002884,CUST00236,STR015,2025-05-24,Returned,84000.5
ORD002885,CUST00353,STR005,2025-02-07,Delivered,150770.8
ORD002886,CUST00736,STR035,2025-06-20,Delivered,261234.7
ORD002887,CUST01510,STR011,2025-05-02,Delivered,39483.0
ORD002888,CUST00029,STR001,2025-01-04,Delivered,56982.3
ORD002889,CUST01779,STR039,2025-04-15,Shipped,139305.8
ORD002890,CUST00550,STR021,2025-05-24,Pending,216472.2
ORD002891,CUST01635,STR001,2025-02-26,Delivered,179412.45
ORD002892,CUST00461,STR048,2025-03-17,Delivered,148513.2
ORD002893,CUST01573,STR018,2025-05-29,Delivered,116945.5
ORD002894,CUST00343,STR016,2025-06-09,Delivered,116260.7
ORD002895,CUST01417,STR030,2025-02-06,Delivered,225637.4
ORD002896,CUST01601,STR008,2025-05-31,Cancelled,285211.65
ORD002897,CUST01874,STR049,2025-05-09,Delivered,13905.0
ORD002898,CUST00729,STR008,2025-02-01,Delivered,239289.45
ORD002899,CUST00322,STR028,2025-01-21,Delivered,160608.6
ORD002900,CUST01844,STR040,2025-02-06,Delivered,132871.15
ORD002901,CUST00144,STR015,2025-06-08,Cancelled,27644.95
ORD002902,CUST00916,STR045,2025-02-20,Delivered,60224.7
ORD002903,CUST01535,STR049,2025-05-07,Delivered,25483.75
ORD002904,CUST01413,STR048,2025-05-26,Processing,267966.9
ORD002905,CUST01391,STR039,2025-02-21,Pending,179950.6
ORD002906,CUST00732,STR017,2025-04-22,Delivered,126962.8
ORD002907,CUST00118,STR012,2025-06-18,Delivered,28167.65
ORD002908,CUST00244,STR003,2025-01-18,Shipped,270348.8
ORD002909,CUST01440,STR010,2025-01-13,Delivered,79716.65
ORD002910,CUST01514,STR009,2025-04-11,Delivered,39589.6
ORD002911,CUST00754,STR042,2025-03-22,Delivered,163153.8
ORD002912,CUST01180,STR010,2025-04-14,Delivered,7378.0
ORD002913,CUST01290,STR032,2025-01-05,Delivered,61926.4
ORD002914,CUST01084,STR002,2025-02-16,Processing,37143.3
ORD002915,CUST00415,STR041,2025-05-11,Delivered,104439.95
ORD002916,CUST01978,STR027,2025-04-11,Delivered,207070.65
ORD002917,CUST01521,STR025,2025-04-28,Delivered,157401.8
ORD002918,CUST01489,STR006,2025-02-26,Shipped,19510.2
ORD002919,CUST00382,STR026,2025-04-26,Delivered,54482.7
ORD002920,CUST00208,STR035,2025-04-19,Delivered,60301.8
ORD002921,CUST00992,STR030,2025-02-23,Delivered,89347.1
ORD002922,CUST00669,STR026,2025-04-17,Delivered,148142.55
ORD002923,CUST00976,STR048,2025-01-27,Delivered,50720.4
ORD002924,CUST00862,STR020,2025-02-07,Delivered,157541.05
ORD002925,CUST00573,STR032,2025-02-26,Delivered,35450.1
ORD002926,CUST00347,STR050,2025-06-25,Delivered,86956.6
ORD002927,CUST01266,STR025,2025-03-16,Delivered,106137.25
ORD002928,CUST00121,STR013,2025-03-12,Delivered,306735.05
ORD002929,CUST01549,STR026,2025-05-23,Processing,148909.1
ORD002930,CUST01943,STR031,2025-04-10,Delivered,82654.0
ORD002931,CUST01114,STR029,2025-02-09,Delivered,203916.15
ORD002932,CUST00689,STR009,2025-04-03,Delivered,131342.0
ORD002933,CUST00619,STR010,2025-02-17,Delivered,85214.4
ORD002934,CUST01682,STR027,2025-06-17,Pending,77950.95
ORD002935,CUST00130,STR013,2025-04-17,Delivered,43755.2
ORD002936,CUST00014,STR026,2025-02-02,Processing,49780.8
ORD002937,CUST00140,STR013,2025-04-20,Processing,232302.7
ORD002938,CUST01048,STR043,2025-03-16,Processing,7196.25
ORD002939,CUST01466,STR050,2025-04-21,Cancelled,268461.4
ORD002940,CUST00418,STR014,2025-05-26,Delivered,213321.1
ORD002941,CUST01489,STR050,2025-03-06,Delivered,38121.1
ORD002942,CUST01741,STR011,2025-05-14,Delivered,88778.7
ORD002943,CUST01694,STR033,2025-01-15,Delivered,86296.1
ORD002944,CUST01622,STR034,2025-04-22,Pending,155142.6
ORD002945,CUST00691,STR006,2025-03-29,Delivered,40536.0
ORD002946,CUST00231,STR010,2025-05-27,Delivered,149535.8
ORD002947,CUST00005,STR037,2025-02-18,Delivered,76547.2
ORD002948,CUST01926,STR032,2025-02-22,Delivered,68122.35
ORD002949,CUST00070,STR035,2025-06-13,Delivered,330916.7
ORD002950,CUST01256,STR009,2025-04-06,Delivered,14919.75
ORD002951,CUST01952,STR004,2025-05-09,Delivered,108235.3
ORD002952,CUST00669,STR046,2025-06-25,Delivered,38294.4
ORD002953,CUST00931,STR001,2025-02-10,Delivered,83382.45
ORD002954,CUST00903,STR048,2025-02-22,Delivered,140472.4
ORD002955,CUST01745,STR019,2025-05-12,Delivered,12443.0
ORD002956,CUST00823,STR012,2025-05-16,Delivered,51740.0
ORD002957,CUST01427,STR006,2025-01-20,Delivered,113151.55
ORD002958,CUST00789,STR039,2025-05-18,Pending,124329.8
ORD002959,CUST00969,STR009,2025-06-04,Processing,719.95
ORD002960,CUST01671,STR017,2025-04-09,Delivered,53042.55
ORD002961,CUST00403,STR023,2025-01-15,Delivered,9649.2
ORD002962,CUST01477,STR049,2025-02-11,Processing,57009.0
ORD002963,CUST00534,STR032,2025-04-18,Delivered,47213.1
ORD002964,CUST01323,STR024,2025-03-10,Delivered,182418.2
ORD002965,CUST00597,STR007,2025-05-13,Delivered,174503.5
ORD002966,CUST00170,STR024,2025-03-07,Pending,157970.2
ORD002967,CUST00159,STR033,2025-05-06,Shipped,8133.6
ORD002968,CUST00445,STR032,2025-04-04,Processing,268412.8
ORD002969,CUST01502,STR050,2025-01-25,Delivered,137013.65
ORD002970,CUST00375,STR022,2025-06-16,Delivered,86657.4
ORD002971,CUST00943,STR009,2025-03-17,Cancelled,62919.6
ORD002972,CUST00990,STR015,2025-06-13,Shipped,41654.7
ORD002973,CUST00235,STR047,2025-04-15,Delivered,14784.85
ORD002974,CUST01129,STR022,2025-06-24,Delivered,222818.0
ORD002975,CUST00427,STR015,2025-03-15,Delivered,79115.2
ORD002976,CUST01355,STR039,2025-05-16,Cancelled,44847.25
ORD002977,CUST01716,STR014,2025-06-13,Delivered,225620.85
ORD002978,CUST01005,STR041,2025-05-22,Delivered,107361.1
ORD002979,CUST00700,STR026,2025-02-01,Processing,38001.9
ORD002980,CUST00645,STR050,2025-05-25,Delivered,105210.1
ORD002981,CUST00688,STR036,2025-04-14,Shipped,190869.8
ORD002982,CUST01711,STR011,2025-06-14,Processing,171467.65
ORD002983,CUST00825,STR026,2025-06-29,Pending,236266.55
ORD002984,CUST00887,STR023,2025-03-22,Cancelled,58906.8
ORD002985,CUST00491,STR034,2025-03-19,Delivered,196789.25
ORD002986,CUST01738,STR001,2025-05-31,Shipped,95205.3
ORD002987,CUST00557,STR028,2025-04-11,Shipped,142950.6
ORD002988,CUST00933,STR039,2025-06-07,Delivered,1239.0
ORD002989,CUST00352,STR043,2025-03-13,Delivered,25876.8
ORD002990,CUST01175,STR024,2025-04-03,Delivered,108571.2
ORD002991,CUST01587,STR028,2025-05-30,Delivered,138690.15
ORD002992,CUST00574,STR017,2025-05-21,Delivered,99809.1
ORD002993,CUST00384,STR009,2025-04-20,Delivered,189435.8
ORD002994,CUST00790,STR013,2025-01-26,Processing,108091.1
ORD002995,CUST01743,STR006,2025-04-30,Shipped,216642.65
ORD002996,CUST01596,STR046,2025-03-14,Shipped,217613.6
ORD002997,CUST01045,STR047,2025-06-29,Delivered,228492.65
ORD002998,CUST01621,STR015,2025-01-12,Delivered,85399.7
ORD002999,CUST00277,STR050,2025-02-28,Pending,1903.5
ORD003000,CUST00782,STR035,2025-02-07,Delivered,10976.4
ORD003001,CUST01855,STR011,2025-01-18,Delivered,142932.5
ORD003002,CUST01390,STR015,2025-02-01,Processing,138405.4
ORD003003,CUST00727,STR008,2025-05-15,Delivered,61864.7
ORD003004,CUST00715,STR032,2025-06-21,Delivered,93679.5
ORD003005,CUST00674,STR011,2025-06-08,Delivered,85816.8
ORD003006,CUST01993,STR045,2025-01-20,Delivered,134180.8
ORD003007,CUST01250,STR004,2025-06-10,Processing,3491.0
ORD003008,CUST00050,STR049,2025-03-11,Delivered,313090.15
ORD003009,CUST00144,STR019,2025-05-29,Delivered,40532.8
ORD003010,CUST00172,STR040,2025-06-09,Processing,82400.4
ORD003011,CUST00943,STR022,2025-02-08,Delivered,223730.4
ORD003012,CUST00323,STR012,2025-06-18,Processing,37881.0
ORD003013,CUST01267,STR014,2025-03-26,Delivered,188169.4
ORD003014,CUST01823,STR010,2025-05-14,Delivered,182833.0
ORD003015,CUST01790,STR044,2025-01-31,Delivered,166662.7
ORD003016,CUST00654,STR047,2025-02-14,Delivered,80745.25
ORD003017,CUST01449,STR025,2025-02-18,Delivered,128106.7
ORD003018,CUST00363,STR041,2025-06-04,Delivered,15024.6
ORD003019,CUST01674,STR013,2025-02-01,Delivered,24820.8
ORD003020,CUST01741,STR013,2025-01-01,Cancelled,317977.15
ORD003021,CUST00006,STR013,2025-01-31,Delivered,180293.4
ORD003022,CUST00470,STR050,2025-05-08,Processing,32905.2
ORD003023,CUST01527,STR040,2025-03-06,Delivered,72657.15
ORD003024,CUST00267,STR027,2025-06-19,Delivered,53283.1
ORD003025,CUST00172,STR001,2025-03-15,Delivered,54296.4
ORD003026,CUST00073,STR016,2025-05-15,Delivered,256998.65
ORD003027,CUST01500,STR027,2025-02-02,Shipped,70497.6
ORD003028,CUST00820,STR047,2025-06-23,Delivered,170875.6
ORD003029,CUST01379,STR044,2025-05-11,Delivered,130626.6
ORD003030,CUST01898,STR042,2025-03-28,Processing,200903.95
ORD003031,CUST01539,STR007,2025-01-22,Delivered,343597.15
ORD003032,CUST00670,STR023,2025-01-06,Delivered,101770.0
ORD003033,CUST00296,STR011,2025-01-01,Delivered,47763.7
ORD003034,CUST01003,STR043,2025-03-24,Processing,29904.75
ORD003035,CUST00384,STR018,2025-06-07,Shipped,228116.5
ORD003036,CUST01107,STR011,2025-02-08,Delivered,123733.35
ORD003037,CUST01474,STR027,2025-02-24,Delivered,173868.0
ORD003038,CUST00028,STR043,2025-06-12,Cancelled,44010.2
ORD003039,CUST01766,STR010,2025-03-07,Shipped,149968.8
ORD003040,CUST00581,STR033,2025-02-28,Pending,43407.8
ORD003041,CUST01338,STR007,2025-03-14,Pending,95763.5
ORD003042,CUST01483,STR002,2025-01-18,Delivered,72468.6
ORD003043,CUST00080,STR041,2025-01-12,Pending,216243.95
ORD003044,CUST01325,STR043,2025-03-13,Delivered,117689.4
ORD003045,CUST00425,STR016,2025-03-04,Delivered,27737.6
ORD003046,CUST01370,STR016,2025-03-28,Processing,28681.2
ORD003047,CUST00769,STR049,2025-02-19,Delivered,33384.6
ORD003048,CUST01413,STR002,2025-05-06,Delivered,51165.3
ORD003049,CUST00205,STR032,2025-03-23,Delivered,94109.5
ORD003050,CUST01503,STR011,2025-03-18,Delivered,18888.3
ORD003051,CUST01480,STR015,2025-04-04,Delivered,76389.1
ORD003052,CUST01669,STR017,2025-02-21,Cancelled,81486.35
ORD003053,CUST00139,STR029,2025-06-10,Delivered,98753.0
ORD003054,CUST01382,STR042,2025-06-18,Processing,105748.35
ORD003055,CUST01934,STR033,2025-06-27,Delivered,92832.85
ORD003056,CUST00189,STR006,2025-02-03,Delivered,26730.6
ORD003057,CUST01287,STR030,2025-05-16,Delivered,210673.25
ORD003058,CUST01094,STR029,2025-04-09,Delivered,66265.3
ORD003059,CUST00224,STR022,2025-04-23,Delivered,70307.4
ORD003060,CUST01116,STR039,2025-03-04,Delivered,207150.35
ORD003061,CUST01695,STR033,2025-02-08,Delivered,235285.4
ORD003062,CUST00123,STR025,2025-01-24,Shipped,40233.6
ORD003063,CUST00787,STR022,2025-01-24,Processing,2203.2
ORD003064,CUST00232,STR046,2025-02-05,Delivered,198556.05
ORD003065,CUST01373,STR042,2025-03-01,Processing,14637.6
ORD003066,CUST00557,STR003,2025-01-31,Delivered,128823.0
ORD003067,CUST00194,STR022,2025-05-21,Delivered,199312.65
ORD003068,CUST00286,STR032,2025-06-07,Delivered,137347.0
ORD003069,CUST00843,STR049,2025-05-06,Delivered,141531.15
ORD003070,CUST01535,STR024,2025-02-21,Processing,154561.5
ORD003071,CUST00242,STR048,2025-06-02,Delivered,199377.2
ORD003072,CUST00048,STR032,2025-03-10,Delivered,51920.95
ORD003073,CUST00705,STR025,2025-04-22,Delivered,75262.4
ORD003074,CUST01105,STR008,2025-04-24,Delivered,139479.6
ORD003075,CUST00035,STR001,2025-05-19,Cancelled,97368.4
ORD003076,CUST00002,STR039,2025-05-15,Delivered,216141.0
ORD003077,CUST01781,STR021,2025-04-29,Delivered,287890.05
ORD003078,CUST00563,STR005,2025-06-09,Delivered,108888.05
ORD003079,CUST01103,STR019,2025-02-09,Delivered,152978.6
ORD003080,CUST01300,STR001,2025-03-02,Delivered,26836.3
ORD003081,CUST01331,STR023,2025-06-30,Delivered,252593.55
ORD003082,CUST00575,STR038,2025-06-25,Delivered,163507.95
ORD003083,CUST00686,STR021,2025-01-03,Pending,161034.35
ORD003084,CUST01080,STR008,2025-05-01,Delivered,183482.45
ORD003085,CUST00924,STR019,2025-04-17,Shipped,3825.6
ORD003086,CUST00648,STR022,2025-04-28,Delivered,46262.4
ORD003087,CUST01207,STR019,2025-05-24,Delivered,317282.85
ORD003088,CUST01947,STR015,2025-02-03,Delivered,133913.15
ORD003089,CUST00136,STR016,2025-06-25,Delivered,160221.25
ORD003090,CUST00293,STR034,2025-06-26,Delivered,116274.15
ORD003091,CUST01178,STR050,2025-05-25,Delivered,66192.65
ORD003092,CUST00645,STR001,2025-01-19,Delivered,47089.6
ORD003093,CUST01077,STR016,2025-05-03,Processing,174871.1
ORD003094,CUST01007,STR049,2025-03-08,Cancelled,170853.9
ORD003095,CUST00695,STR013,2025-04-27,Delivered,308345.1
ORD003096,CUST01795,STR011,2025-04-04,Delivered,115499.0
ORD003097,CUST00559,STR013,2025-03-03,Processing,126025.2
ORD003098,CUST00239,STR039,2025-06-22,Delivered,93606.3
ORD003099,CUST01352,STR038,2025-05-10,Delivered,27596.55
ORD003100,CUST00879,STR023,2025-02-17,Processing,224471.25
ORD003101,CUST00310,STR010,2025-04-25,Delivered,157458.15
ORD003102,CUST01984,STR011,2025-03-21,Delivered,67653.3
ORD003103,CUST01745,STR050,2025-01-20,Delivered,99745.9
ORD003104,CUST01834,STR038,2025-05-10,Delivered,182382.95
ORD003105,CUST00845,STR003,2025-06-19,Delivered,60453.4
ORD003106,CUST00383,STR038,2025-04-26,Cancelled,131220.5
ORD003107,CUST01200,STR013,2025-01-23,Delivered,10017.0
ORD003108,CUST01807,STR007,2025-03-27,Delivered,81466.0
ORD003109,CUST00885,STR009,2025-06-20,Delivered,75648.6
ORD003110,CUST01261,STR013,2025-01-25,Delivered,70474.75
ORD003111,CUST01800,STR038,2025-02-01,Delivered,87561.5
ORD003112,CUST01037,STR014,2025-04-22,Delivered,131088.45
ORD003113,CUST01347,STR023,2025-01-16,Delivered,127365.2
ORD003114,CUST00078,STR013,2025-03-08,Delivered,263624.8
ORD003115,CUST00324,STR027,2025-05-06,Delivered,13222.1
ORD003116,CUST00231,STR046,2025-06-27,Pending,153700.3
ORD003117,CUST01687,STR013,2025-01-13,Delivered,86698.9
ORD003118,CUST00847,STR048,2025-04-27,Delivered,224002.2
ORD003119,CUST00249,STR050,2025-06-30,Delivered,58275.5
ORD003120,CUST01334,STR009,2025-04-17,Shipped,68747.55
ORD003121,CUST00301,STR023,2025-02-18,Processing,76219.2
ORD003122,CUST01550,STR021,2025-05-15,Shipped,87171.3
ORD003123,CUST00482,STR003,2025-05-09,Cancelled,33577.55
ORD003124,CUST01550,STR032,2025-02-12,Delivered,103301.5
ORD003125,CUST00528,STR007,2025-01-31,Delivered,142301.3
ORD003126,CUST01172,STR043,2025-04-27,Delivered,282906.15
ORD003127,CUST01406,STR032,2025-04-06,Delivered,152264.9
ORD003128,CUST01256,STR003,2025-03-30,Delivered,18933.0
ORD003129,CUST00576,STR011,2025-03-14,Delivered,83976.6
ORD003130,CUST00451,STR003,2025-05-27,Delivered,142662.45
ORD003131,CUST01981,STR018,2025-03-29,Delivered,23217.3
ORD003132,CUST01172,STR009,2025-04-24,Returned,123572.6
ORD003133,CUST00723,STR050,2025-03-28,Delivered,141309.7
ORD003134,CUST01390,STR030,2025-04-06,Delivered,74883.35
ORD003135,CUST01999,STR026,2025-01-07,Delivered,84253.15
ORD003136,CUST00209,STR026,2025-05-28,Delivered,206245.5
ORD003137,CUST00163,STR041,2025-02-20,Delivered,162136.3
ORD003138,CUST00467,STR049,2025-06-30,Pending,177494.3
ORD003139,CUST01845,STR049,2025-01-10,Delivered,57402.1
ORD003140,CUST00863,STR037,2025-03-01,Delivered,65715.0
ORD003141,CUST01571,STR035,2025-03-29,Delivered,187960.25
ORD003142,CUST00338,STR042,2025-02-15,Delivered,111998.7
ORD003143,CUST00828,STR025,2025-06-21,Delivered,88501.8
ORD003144,CUST01805,STR034,2025-06-12,Delivered,32794.3
ORD003145,CUST00817,STR005,2025-05-10,Delivered,2500.0
ORD003146,CUST00161,STR046,2025-03-03,Processing,76818.9
ORD003147,CUST01275,STR038,2025-05-23,Delivered,76359.0
ORD003148,CUST00737,STR048,2025-02-10,Delivered,235661.4
ORD003149,CUST01076,STR021,2025-02-17,Delivered,141756.6
ORD003150,CUST00386,STR010,2025-01-19,Cancelled,186816.4
ORD003151,CUST00876,STR039,2025-02-22,Delivered,34579.2
ORD003152,CUST01464,STR011,2025-01-01,Delivered,94822.4
ORD003153,CUST01052,STR009,2025-02-12,Delivered,93478.0
ORD003154,CUST01688,STR040,2025-02-25,Delivered,137120.8
ORD003155,CUST01720,STR020,2025-01-16,Delivered,167103.45
ORD003156,CUST00109,STR024,2025-04-01,Delivered,135359.4
ORD003157,CUST00631,STR040,2025-01-27,Delivered,52825.25
ORD003158,CUST00641,STR009,2025-06-23,Delivered,210418.2
ORD003159,CUST01583,STR040,2025-06-23,Shipped,9864.9
ORD003160,CUST01758,STR021,2025-03-28,Cancelled,216644.25
ORD003161,CUST01023,STR043,2025-05-01,Delivered,186105.1
ORD003162,CUST00242,STR033,2025-05-15,Delivered,40636.8
ORD003163,CUST00614,STR023,2025-05-21,Pending,71121.3
ORD003164,CUST00167,STR012,2025-01-11,Delivered,105578.4
ORD003165,CUST01485,STR012,2025-03-09,Shipped,79612.6
ORD003166,CUST00773,STR031,2025-02-27,Delivered,81762.7
ORD003167,CUST00270,STR037,2025-06-05,Cancelled,118585.35
ORD003168,CUST00654,STR013,2025-06-03,Delivered,68164.2
ORD003169,CUST00918,STR046,2025-06-22,Pending,83524.0
ORD003170,CUST01680,STR021,2025-06-08,Delivered,157290.8
ORD003171,CUST01505,STR044,2025-01-05,Delivered,132990.0
ORD003172,CUST00466,STR006,2025-06-29,Delivered,97383.0
ORD003173,CUST01844,STR018,2025-01-25,Delivered,5358.4
ORD003174,CUST00206,STR005,2025-03-24,Returned,60676.8
ORD003175,CUST01368,STR038,2025-05-11,Delivered,201675.15
ORD003176,CUST01730,STR049,2025-04-08,Delivered,73411.2
ORD003177,CUST01669,STR032,2025-01-27,Delivered,72624.0
ORD003178,CUST00996,STR008,2025-06-08,Delivered,187284.0
ORD003179,CUST01627,STR050,2025-06-21,Delivered,147107.1
ORD003180,CUST01691,STR013,2025-03-04,Delivered,391346.05
ORD003181,CUST01812,STR045,2025-03-03,Shipped,246840.15
ORD003182,CUST00061,STR001,2025-06-24,Delivered,27741.6
ORD003183,CUST00224,STR016,2025-03-02,Delivered,2406.6
ORD003184,CUST00045,STR036,2025-01-16,Delivered,54142.4
ORD003185,CUST01220,STR015,2025-01-26,Delivered,208999.7
ORD003186,CUST01474,STR044,2025-03-16,Delivered,71578.15
ORD003187,CUST01624,STR045,2025-01-06,Delivered,78292.8
ORD003188,CUST00570,STR004,2025-02-13,Delivered,81109.6
ORD003189,CUST01568,STR016,2025-06-24,Delivered,92153.7
ORD003190,CUST00949,STR008,2025-02-13,Delivered,743.85
ORD003191,CUST00162,STR008,2025-05-01,Processing,47919.1
ORD003192,CUST00265,STR035,2025-06-26,Delivered,75968.4
ORD003193,CUST01455,STR005,2025-03-08,Delivered,251561.1
ORD003194,CUST01970,STR037,2025-02-13,Delivered,9183.4
ORD003195,CUST00196,STR043,2025-02-14,Processing,142558.15
ORD003196,CUST00789,STR045,2025-06-21,Shipped,71223.3
ORD003197,CUST00474,STR040,2025-03-10,Delivered,150159.6
ORD003198,CUST00251,STR013,2025-05-05,Delivered,58316.7
ORD003199,CUST00534,STR023,2025-02-16,Cancelled,142662.6
ORD003200,CUST00949,STR017,2025-03-19,Delivered,14131.2
ORD003201,CUST00625,STR015,2025-04-09,Pending,37319.8
ORD003202,CUST01554,STR029,2025-02-17,Delivered,102698.8
ORD003203,CUST00842,STR009,2025-04-03,Processing,140900.8
ORD003204,CUST01121,STR038,2025-05-09,Delivered,123342.45
ORD003205,CUST00084,STR027,2025-01-05,Delivered,82091.55
ORD003206,CUST00464,STR008,2025-03-15,Processing,167886.8
ORD003207,CUST00230,STR046,2025-05-08,Shipped,143944.95
ORD003208,CUST01119,STR006,2025-04-03,Delivered,89462.0
ORD003209,CUST00099,STR018,2025-04-05,Delivered,143524.75
ORD003210,CUST01248,STR040,2025-02-02,Delivered,183849.0
ORD003211,CUST00882,STR018,2025-05-30,Delivered,150658.0
ORD003212,CUST01925,STR016,2025-05-24,Pending,188677.8
ORD003213,CUST00484,STR047,2025-04-23,Delivered,140906.4
ORD003214,CUST01664,STR028,2025-01-16,Processing,95733.8
ORD003215,CUST01402,STR030,2025-03-23,Delivered,66372.85
ORD003216,CUST01550,STR023,2025-06-29,Delivered,90857.45
ORD003217,CUST01028,STR041,2025-01-07,Shipped,153470.7
ORD003218,CUST00555,STR028,2025-04-04,Delivered,144756.75
ORD003219,CUST00148,STR027,2025-04-27,Delivered,38394.25
ORD003220,CUST01602,STR027,2025-05-04,Delivered,17850.6
ORD003221,CUST00684,STR013,2025-06-10,Delivered,180663.2
ORD003222,CUST00280,STR020,2025-04-22,Shipped,150269.35
ORD003223,CUST00550,STR034,2025-06-12,Delivered,152731.2
ORD003224,CUST01542,STR032,2025-01-26,Delivered,22540.5
ORD003225,CUST01420,STR047,2025-02-14,Delivered,35371.2
ORD003226,CUST01151,STR039,2025-02-06,Pending,138146.1
ORD003227,CUST01752,STR034,2025-05-12,Delivered,59440.5
ORD003228,CUST01969,STR037,2025-04-05,Processing,19648.0
ORD003229,CUST00120,STR009,2025-03-15,Delivered,96024.0
ORD003230,CUST01389,STR033,2025-04-09,Delivered,38321.0
ORD003231,CUST00330,STR027,2025-03-05,Delivered,69061.65
ORD003232,CUST01154,STR008,2025-02-01,Processing,46152.1
ORD003233,CUST00311,STR002,2025-02-22,Delivered,193229.1
ORD003234,CUST01312,STR013,2025-06-14,Cancelled,37169.0
ORD003235,CUST01139,STR029,2025-05-10,Delivered,247540.3
ORD003236,CUST00772,STR006,2025-02-20,Delivered,46402.35
ORD003237,CUST00620,STR009,2025-03-19,Processing,217815.9
ORD003238,CUST01050,STR038,2025-01-17,Delivered,217318.2
ORD003239,CUST01595,STR037,2025-06-25,Delivered,99997.2
ORD003240,CUST00853,STR028,2025-03-18,Delivered,138431.5
ORD003241,CUST00691,STR004,2025-05-18,Shipped,193481.9
ORD003242,CUST00926,STR027,2025-04-14,Delivered,186818.8
ORD003243,CUST01649,STR024,2025-04-09,Delivered,8600.35
ORD003244,CUST01521,STR016,2025-06-13,Delivered,235836.75
ORD003245,CUST00734,STR023,2025-01-30,Processing,94030.1
ORD003246,CUST01456,STR004,2025-06-22,Delivered,220340.6
ORD003247,CUST01266,STR004,2025-01-02,Delivered,105977.8
ORD003248,CUST00868,STR048,2025-04-27,Shipped,41199.3
ORD003249,CUST00407,STR003,2025-05-05,Delivered,153346.2
ORD003250,CUST00028,STR013,2025-04-30,Pending,63036.4
ORD003251,CUST00200,STR022,2025-05-22,Delivered,99020.3
ORD003252,CUST00291,STR011,2025-05-10,Delivered,6432.8
ORD003253,CUST01819,STR005,2025-03-28,Delivered,90461.85
ORD003254,CUST01193,STR044,2025-06-21,Delivered,185630.4
ORD003255,CUST00638,STR026,2025-02-14,Delivered,26932.0
ORD003256,CUST01955,STR025,2025-02-11,Delivered,50622.15
ORD003257,CUST01144,STR034,2025-03-26,Delivered,335398.4
ORD003258,CUST01862,STR022,2025-06-14,Shipped,75879.8
ORD003259,CUST00154,STR050,2025-04-11,Delivered,191024.9
ORD003260,CUST01002,STR007,2025-06-08,Delivered,269734.2
ORD003261,CUST00821,STR017,2025-03-26,Returned,35052.3
ORD003262,CUST01593,STR023,2025-03-30,Delivered,11271.75
ORD003263,CUST00679,STR033,2025-05-24,Delivered,107421.95
ORD003264,CUST01159,STR021,2025-05-04,Delivered,43079.4
ORD003265,CUST01286,STR040,2025-06-24,Processing,70977.7
ORD003266,CUST01756,STR013,2025-06-23,Delivered,262706.3
ORD003267,CUST01589,STR003,2025-03-01,Shipped,22417.05
ORD003268,CUST01599,STR025,2025-02-11,Delivered,89693.3
ORD003269,CUST00208,STR006,2025-04-01,Delivered,131825.0
ORD003270,CUST01823,STR025,2025-05-15,Delivered,114207.6
ORD003271,CUST01736,STR001,2025-06-13,Delivered,189131.95
ORD003272,CUST00059,STR030,2025-01-08,Delivered,218406.95
ORD003273,CUST00906,STR025,2025-05-03,Delivered,148964.8
ORD003274,CUST01499,STR027,2025-02-06,Returned,143977.1
ORD003275,CUST01006,STR016,2025-03-22,Delivered,157669.0
ORD003276,CUST01934,STR025,2025-03-26,Shipped,115002.1
ORD003277,CUST00342,STR029,2025-05-04,Cancelled,229624.7
ORD003278,CUST00953,STR010,2025-02-06,Delivered,277229.25
ORD003279,CUST00001,STR026,2025-01-10,Pending,70510.9
ORD003280,CUST00543,STR041,2025-05-30,Shipped,113033.85
ORD003281,CUST01050,STR020,2025-06-17,Pending,86825.6
ORD003282,CUST00971,STR037,2025-01-27,Delivered,85389.3
ORD003283,CUST01072,STR041,2025-01-25,Delivered,150220.9
ORD003284,CUST00423,STR031,2025-03-18,Delivered,223999.7
ORD003285,CUST00786,STR042,2025-03-22,Delivered,228658.85
ORD003286,CUST00385,STR050,2025-01-17,Cancelled,152346.9
ORD003287,CUST01159,STR034,2025-01-23,Delivered,107366.7
ORD003288,CUST01201,STR026,2025-02-26,Delivered,74829.6
ORD003289,CUST00918,STR012,2025-01-19,Delivered,133169.65
ORD003290,CUST01383,STR003,2025-05-17,Delivered,92071.25
ORD003291,CUST01090,STR042,2025-01-04,Delivered,125598.2
ORD003292,CUST01922,STR045,2025-02-02,Delivered,79426.4
ORD003293,CUST01269,STR005,2025-03-04,Delivered,121050.3
ORD003294,CUST01883,STR017,2025-02-27,Delivered,23679.9
ORD003295,CUST01702,STR047,2025-02-18,Delivered,208165.6
ORD003296,CUST00528,STR004,2025-04-15,Delivered,124966.25
ORD003297,CUST01154,STR007,2025-01-13,Shipped,117382.8
ORD003298,CUST00492,STR046,2025-01-28,Delivered,109328.65
ORD003299,CUST00536,STR032,2025-03-17,Delivered,7366.1
ORD003300,CUST01896,STR012,2025-06-17,Delivered,133774.6
ORD003301,CUST00077,STR010,2025-05-30,Delivered,176385.2
ORD003302,CUST01745,STR044,2025-05-18,Processing,165822.5
ORD003303,CUST00931,STR048,2025-06-28,Delivered,191926.95
ORD003304,CUST00327,STR006,2025-02-10,Delivered,86416.05
ORD003305,CUST00209,STR005,2025-04-01,Pending,229197.2
ORD003306,CUST00499,STR008,2025-03-22,Delivered,186946.75
ORD003307,CUST01133,STR016,2025-01-04,Processing,35284.9
ORD003308,CUST01313,STR042,2025-05-27,Delivered,240283.8
ORD003309,CUST00919,STR039,2025-01-08,Delivered,179060.45
ORD003310,CUST00934,STR037,2025-03-30,Delivered,281066.25
ORD003311,CUST00436,STR032,2025-05-20,Delivered,95090.35
ORD003312,CUST01318,STR013,2025-06-23,Delivered,126429.25
ORD003313,CUST00584,STR048,2025-03-02,Delivered,80060.0
ORD003314,CUST01695,STR020,2025-05-14,Cancelled,55472.4
ORD003315,CUST01563,STR030,2025-01-09,Shipped,19457.9
ORD003316,CUST00408,STR033,2025-03-09,Delivered,219139.75
ORD003317,CUST00241,STR025,2025-03-18,Delivered,115941.7
ORD003318,CUST00736,STR019,2025-05-23,Delivered,217804.8
ORD003319,CUST01699,STR030,2025-04-05,Cancelled,47647.6
ORD003320,CUST01750,STR007,2025-05-19,Delivered,12795.0
ORD003321,CUST01322,STR001,2025-05-21,Delivered,300780.0
ORD003322,CUST00977,STR044,2025-05-06,Delivered,177209.25
ORD003323,CUST01123,STR001,2025-05-19,Pending,98011.0
ORD003324,CUST01484,STR024,2025-03-03,Delivered,74365.2
ORD003325,CUST01734,STR002,2025-06-19,Shipped,128008.8
ORD003326,CUST01855,STR011,2025-01-06,Delivered,136047.7
ORD003327,CUST01328,STR009,2025-04-15,Delivered,18279.0
ORD003328,CUST00767,STR034,2025-01-08,Delivered,43140.6
ORD003329,CUST00895,STR012,2025-05-05,Delivered,211008.8
ORD003330,CUST01244,STR043,2025-05-16,Delivered,31465.9
ORD003331,CUST01867,STR048,2025-01-22,Shipped,13417.25
ORD003332,CUST00050,STR040,2025-04-09,Cancelled,94239.5
ORD003333,CUST01769,STR021,2025-05-01,Delivered,187842.1
ORD003334,CUST01145,STR028,2025-02-15,Delivered,63328.9
ORD003335,CUST00051,STR008,2025-03-15,Delivered,176663.5
ORD003336,CUST00836,STR039,2025-05-14,Processing,2634.35
ORD003337,CUST00475,STR039,2025-03-08,Delivered,122798.7
ORD003338,CUST01978,STR005,2025-04-06,Delivered,28628.1
ORD003339,CUST01776,STR019,2025-03-04,Delivered,93349.9
ORD003340,CUST01230,STR018,2025-03-18,Delivered,105314.4
ORD003341,CUST00898,STR023,2025-03-24,Delivered,39441.6
ORD003342,CUST00847,STR016,2025-06-09,Cancelled,82204.0
ORD003343,CUST00378,STR041,2025-06-10,Delivered,226829.0
ORD003344,CUST01939,STR001,2025-04-02,Delivered,169479.65
ORD003345,CUST01688,STR040,2025-01-05,Delivered,20312.0
ORD003346,CUST01542,STR007,2025-03-29,Cancelled,100316.45
ORD003347,CUST00508,STR018,2025-06-11,Delivered,38760.8
ORD003348,CUST00786,STR045,2025-04-12,Delivered,239981.75
ORD003349,CUST01340,STR029,2025-03-20,Delivered,68447.5
ORD003350,CUST01312,STR014,2025-01-22,Delivered,39776.9
ORD003351,CUST01441,STR003,2025-05-08,Delivered,281692.2
ORD003352,CUST01012,STR033,2025-01-02,Processing,85028.4
ORD003353,CUST01872,STR021,2025-02-15,Delivered,114155.85
ORD003354,CUST00850,STR016,2025-06-02,Delivered,45249.45
ORD003355,CUST01037,STR034,2025-06-01,Delivered,97337.6
ORD003356,CUST01035,STR010,2025-03-22,Delivered,37388.6
ORD003357,CUST00219,STR030,2025-02-01,Returned,82002.5
ORD003358,CUST01699,STR002,2025-01-24,Delivered,100611.3
ORD003359,CUST01752,STR016,2025-02-25,Delivered,61728.0
ORD003360,CUST00450,STR020,2025-02-06,Delivered,110152.8
ORD003361,CUST01751,STR025,2025-06-27,Delivered,94076.8
ORD003362,CUST00358,STR002,2025-01-21,Shipped,141803.1
ORD003363,CUST00893,STR017,2025-01-16,Delivered,101868.6
ORD003364,CUST00768,STR012,2025-04-09,Processing,243015.9
ORD003365,CUST01831,STR010,2025-05-28,Delivered,166778.9
ORD003366,CUST00043,STR024,2025-02-28,Delivered,79200.2
ORD003367,CUST00997,STR025,2025-03-12,Delivered,23393.7
ORD003368,CUST01668,STR015,2025-05-29,Processing,111967.1
ORD003369,CUST01611,STR024,2025-04-22,Cancelled,47584.8
ORD003370,CUST00023,STR023,2025-05-20,Delivered,11568.8
ORD003371,CUST00107,STR014,2025-03-08,Processing,9964.55
ORD003372,CUST00729,STR005,2025-04-14,Delivered,194789.5
ORD003373,CUST01535,STR005,2025-01-07,Pending,69733.8
ORD003374,CUST01047,STR002,2025-03-02,Shipped,146217.05
ORD003375,CUST01394,STR047,2025-04-25,Delivered,53577.6
ORD003376,CUST01170,STR007,2025-04-10,Delivered,46889.4
ORD003377,CUST00153,STR036,2025-01-17,Pending,203920.4
ORD003378,CUST00722,STR035,2025-06-25,Delivered,38990.9
ORD003379,CUST00506,STR033,2025-01-11,Delivered,88100.4
ORD003380,CUST00473,STR026,2025-05-19,Cancelled,198496.55
ORD003381,CUST01698,STR045,2025-05-16,Delivered,166737.75
ORD003382,CUST01434,STR011,2025-06-07,Delivered,52542.9
ORD003383,CUST00402,STR004,2025-01-31,Delivered,149103.55
ORD003384,CUST00349,STR038,2025-04-03,Delivered,76423.5
ORD003385,CUST01800,STR032,2025-03-28,Delivered,38530.1
ORD003386,CUST01293,STR014,2025-04-19,Delivered,79743.3
ORD003387,CUST00281,STR042,2025-05-30,Delivered,27461.8
ORD003388,CUST01171,STR045,2025-05-16,Returned,380219.6
ORD003389,CUST00235,STR029,2025-03-11,Delivered,29486.5
ORD003390,CUST00122,STR035,2025-05-09,Delivered,91329.1
ORD003391,CUST01991,STR036,2025-03-19,Delivered,43286.75
ORD003392,CUST01270,STR030,2025-04-20,Delivered,66068.8
ORD003393,CUST01647,STR026,2025-06-21,Cancelled,50951.0
ORD003394,CUST00372,STR039,2025-02-28,Delivered,138955.1
ORD003395,CUST00053,STR040,2025-06-02,Delivered,88807.2
ORD003396,CUST00324,STR003,2025-04-20,Delivered,93065.05
ORD003397,CUST01572,STR049,2025-03-10,Shipped,298316.7
ORD003398,CUST01940,STR001,2025-06-08,Delivered,8302.05
ORD003399,CUST00039,STR019,2025-04-21,Shipped,52854.4
ORD003400,CUST00014,STR033,2025-06-04,Delivered,206739.0
ORD003401,CUST00019,STR016,2025-05-11,Shipped,40470.0
ORD003402,CUST00217,STR004,2025-03-25,Delivered,109892.05
ORD003403,CUST00391,STR023,2025-02-08,Delivered,48525.2
ORD003404,CUST00642,STR011,2025-06-01,Delivered,74600.65
ORD003405,CUST00404,STR035,2025-06-10,Delivered,212730.55
ORD003406,CUST01416,STR005,2025-01-25,Delivered,77740.8
ORD003407,CUST00282,STR036,2025-06-10,Delivered,36803.7
ORD003408,CUST01408,STR034,2025-05-04,Delivered,28318.5
ORD003409,CUST00302,STR006,2025-03-16,Delivered,160945.5
ORD003410,CUST00799,STR040,2025-05-24,Delivered,36523.0
ORD003411,CUST01147,STR031,2025-01-07,Processing,27427.2
ORD003412,CUST01112,STR038,2025-04-07,Delivered,324818.7
ORD003413,CUST00333,STR035,2025-05-03,Processing,117019.35
ORD003414,CUST01149,STR016,2025-04-30,Delivered,45961.0
ORD003415,CUST01114,STR008,2025-02-11,Delivered,214663.8
ORD003416,CUST01833,STR043,2025-03-22,Delivered,119490.1
ORD003417,CUST00809,STR007,2025-04-09,Delivered,64286.5
ORD003418,CUST01225,STR030,2025-01-09,Delivered,254891.85
ORD003419,CUST01204,STR032,2025-05-29,Returned,209679.8
ORD003420,CUST00463,STR045,2025-05-09,Delivered,11340.8
ORD003421,CUST01976,STR017,2025-04-16,Processing,190372.95
ORD003422,CUST00712,STR043,2025-01-07,Processing,184778.2
ORD003423,CUST00918,STR049,2025-04-11,Cancelled,218723.55
ORD003424,CUST00931,STR004,2025-04-05,Delivered,51457.2
ORD003425,CUST01675,STR009,2025-01-04,Delivered,137240.25
ORD003426,CUST01858,STR036,2025-03-01,Processing,106378.35
ORD003427,CUST00998,STR021,2025-02-13,Delivered,172898.65
ORD003428,CUST01681,STR034,2025-04-11,Cancelled,52281.6
ORD003429,CUST00400,STR028,2025-06-19,Delivered,59500.8
ORD003430,CUST01381,STR013,2025-04-05,Delivered,331675.25
ORD003431,CUST01359,STR033,2025-01-20,Delivered,70908.0
ORD003432,CUST00621,STR016,2025-03-26,Delivered,95188.0
ORD003433,CUST01828,STR042,2025-01-17,Delivered,118770.45
ORD003434,CUST01290,STR050,2025-02-25,Delivered,20368.8
ORD003435,CUST00295,STR007,2025-02-16,Shipped,208251.9
ORD003436,CUST00845,STR045,2025-06-29,Delivered,167110.0
ORD003437,CUST01415,STR045,2025-01-20,Delivered,24512.85
ORD003438,CUST01958,STR024,2025-06-11,Delivered,136297.45
ORD003439,CUST00348,STR038,2025-05-25,Shipped,88036.4
ORD003440,CUST01069,STR002,2025-05-23,Delivered,45508.5
ORD003441,CUST00676,STR008,2025-03-01,Cancelled,170582.95
ORD003442,CUST01737,STR019,2025-02-02,Delivered,139544.25
ORD003443,CUST01719,STR029,2025-03-28,Shipped,39123.0
ORD003444,CUST01503,STR024,2025-03-11,Delivered,121622.6
ORD003445,CUST01968,STR007,2025-05-08,Shipped,128597.1
ORD003446,CUST00012,STR017,2025-05-16,Cancelled,58472.55
ORD003447,CUST00022,STR041,2025-04-25,Delivered,208061.5
ORD003448,CUST01842,STR029,2025-03-11,Delivered,226357.15
ORD003449,CUST00915,STR012,2025-06-29,Delivered,27408.8
ORD003450,CUST00029,STR006,2025-05-13,Shipped,154630.45
ORD003451,CUST01143,STR037,2025-02-04,Delivered,8606.4
ORD003452,CUST01814,STR046,2025-06-05,Pending,352541.8
ORD003453,CUST00782,STR039,2025-02-04,Processing,117138.2
ORD003454,CUST00041,STR012,2025-04-28,Processing,143705.15
ORD003455,CUST01030,STR046,2025-01-09,Delivered,119134.9
ORD003456,CUST00003,STR021,2025-04-16,Returned,80560.75
ORD003457,CUST00511,STR016,2025-04-13,Delivered,44413.75
ORD003458,CUST00686,STR023,2025-02-13,Delivered,168509.4
ORD003459,CUST01219,STR016,2025-06-07,Delivered,60147.85
ORD003460,CUST01195,STR002,2025-03-25,Delivered,178982.1
ORD003461,CUST01729,STR049,2025-01-02,Shipped,117646.9
ORD003462,CUST00806,STR006,2025-05-29,Delivered,202497.45
ORD003463,CUST01108,STR046,2025-05-06,Shipped,159716.3
ORD003464,CUST01032,STR043,2025-05-04,Delivered,87708.3
ORD003465,CUST01163,STR043,2025-03-02,Delivered,10987.7
ORD003466,CUST00021,STR020,2025-04-18,Delivered,28807.75
ORD003467,CUST01851,STR007,2025-02-04,Delivered,76612.5
ORD003468,CUST01099,STR022,2025-03-06,Delivered,82929.0
ORD003469,CUST00475,STR050,2025-02-28,Delivered,118203.8
ORD003470,CUST00111,STR044,2025-04-28,Delivered,140930.85
ORD003471,CUST00613,STR018,2025-06-20,Delivered,200943.3
ORD003472,CUST01401,STR008,2025-06-03,Processing,21975.9
ORD003473,CUST01762,STR044,2025-04-13,Pending,37590.4
ORD003474,CUST00724,STR023,2025-04-17,Delivered,97790.4
ORD003475,CUST01953,STR023,2025-02-03,Delivered,182238.7
ORD003476,CUST00643,STR026,2025-06-19,Delivered,82418.95
ORD003477,CUST00040,STR001,2025-02-03,Delivered,120525.3
ORD003478,CUST01160,STR018,2025-03-13,Delivered,31704.35
ORD003479,CUST01033,STR026,2025-03-24,Cancelled,111291.25
ORD003480,CUST01388,STR012,2025-03-24,Delivered,108147.7
ORD003481,CUST01844,STR007,2025-05-21,Delivered,135174.75
ORD003482,CUST01323,STR050,2025-05-05,Shipped,226150.0
ORD003483,CUST00195,STR025,2025-01-25,Pending,120197.4
ORD003484,CUST01307,STR002,2025-05-20,Delivered,30471.2
ORD003485,CUST01810,STR016,2025-01-01,Delivered,147841.45
ORD003486,CUST00333,STR016,2025-06-05,Processing,8306.8
ORD003487,CUST00010,STR016,2025-06-25,Delivered,127806.25
ORD003488,CUST00460,STR037,2025-01-29,Cancelled,69117.75
ORD003489,CUST00943,STR041,2025-06-09,Delivered,336444.2
ORD003490,CUST01488,STR038,2025-02-16,Delivered,232478.4
ORD003491,CUST00850,STR011,2025-04-13,Delivered,42696.0
ORD003492,CUST01614,STR006,2025-02-27,Delivered,70461.6
ORD003493,CUST00484,STR002,2025-02-26,Delivered,60001.2
ORD003494,CUST00791,STR003,2025-01-22,Processing,250561.95
ORD003495,CUST00474,STR028,2025-01-05,Delivered,163829.85
ORD003496,CUST00707,STR037,2025-02-10,Delivered,125857.5
ORD003497,CUST01883,STR030,2025-05-02,Delivered,42244.6
ORD003498,CUST00503,STR034,2025-04-05,Delivered,140731.1
ORD003499,CUST01572,STR006,2025-05-03,Delivered,209902.15
ORD003500,CUST00328,STR028,2025-01-31,Delivered,26259.9
ORD003501,CUST00427,STR046,2025-03-09,Delivered,125872.4
ORD003502,CUST01392,STR013,2025-01-13,Cancelled,41147.1
ORD003503,CUST00358,STR050,2025-05-17,Delivered,159648.5
ORD003504,CUST00422,STR017,2025-01-24,Returned,5245.9
ORD003505,CUST01836,STR030,2025-04-30,Delivered,166989.1
ORD003506,CUST00605,STR012,2025-04-05,Shipped,75218.0
ORD003507,CUST00314,STR033,2025-05-13,Delivered,148350.5
ORD003508,CUST01454,STR033,2025-04-16,Shipped,130577.4
ORD003509,CUST01591,STR006,2025-03-31,Processing,181062.25
ORD003510,CUST01337,STR048,2025-06-06,Delivered,57591.75
ORD003511,CUST00686,STR034,2025-04-17,Delivered,43456.5
ORD003512,CUST00456,STR019,2025-06-09,Delivered,208101.15
ORD003513,CUST01698,STR003,2025-04-21,Delivered,77725.6
ORD003514,CUST00391,STR001,2025-05-03,Delivered,173638.3
ORD003515,CUST00338,STR045,2025-03-12,Delivered,41668.7
ORD003516,CUST01984,STR039,2025-06-25,Shipped,25742.2
ORD003517,CUST01699,STR034,2025-03-24,Delivered,51671.4
ORD003518,CUST00983,STR047,2025-03-11,Delivered,118972.25
ORD003519,CUST01175,STR038,2025-01-27,Delivered,231006.8
ORD003520,CUST01800,STR014,2025-04-20,Delivered,51553.8
ORD003521,CUST00321,STR031,2025-02-09,Delivered,77601.6
ORD003522,CUST00193,STR029,2025-01-11,Processing,8535.75
ORD003523,CUST00406,STR027,2025-04-07,Pending,154163.8
ORD003524,CUST01574,STR016,2025-05-25,Delivered,172229.3
ORD003525,CUST01295,STR026,2025-05-31,Delivered,129244.45
ORD003526,CUST00571,STR021,2025-06-01,Delivered,40717.85
ORD003527,CUST00496,STR028,2025-01-01,Delivered,153539.75
ORD003528,CUST00854,STR032,2025-02-13,Delivered,144102.2
ORD003529,CUST00228,STR036,2025-02-18,Delivered,51275.4
ORD003530,CUST00451,STR032,2025-03-06,Delivered,89877.75
ORD003531,CUST01553,STR044,2025-06-08,Delivered,51814.35
ORD003532,CUST00631,STR009,2025-03-20,Shipped,33559.35
ORD003533,CUST00308,STR024,2025-06-07,Delivered,29097.2
ORD003534,CUST00137,STR001,2025-04-09,Processing,74750.25
ORD003535,CUST01570,STR018,2025-03-18,Shipped,146379.3
ORD003536,CUST00349,STR040,2025-03-29,Delivered,224370.6
ORD003537,CUST01458,STR022,2025-03-28,Delivered,91380.0
ORD003538,CUST00086,STR036,2025-02-15,Delivered,52184.6
ORD003539,CUST00004,STR035,2025-05-14,Delivered,82183.1
ORD003540,CUST00772,STR025,2025-03-24,Delivered,69344.7
ORD003541,CUST01653,STR044,2025-04-27,Delivered,37911.65
ORD003542,CUST00430,STR042,2025-02-06,Returned,81026.4
ORD003543,CUST01231,STR007,2025-06-28,Delivered,64632.0
ORD003544,CUST01180,STR001,2025-03-24,Delivered,118264.2
ORD003545,CUST00499,STR007,2025-02-11,Delivered,309733.7
ORD003546,CUST00459,STR047,2025-06-01,Delivered,88727.7
ORD003547,CUST00343,STR016,2025-05-22,Delivered,67584.9
ORD003548,CUST00599,STR045,2025-01-11,Delivered,42187.2
ORD003549,CUST00992,STR004,2025-01-24,Delivered,45299.2
ORD003550,CUST00624,STR015,2025-04-23,Delivered,3515.4
ORD003551,CUST00121,STR018,2025-06-12,Delivered,64581.3
ORD003552,CUST00943,STR021,2025-03-12,Delivered,104105.2
ORD003553,CUST01878,STR028,2025-01-28,Delivered,106777.7
ORD003554,CUST00197,STR004,2025-04-06,Delivered,218763.9
ORD003555,CUST01187,STR010,2025-06-21,Delivered,97180.5
ORD003556,CUST01657,STR037,2025-05-05,Pending,33929.45
ORD003557,CUST00904,STR007,2025-01-26,Delivered,47314.6
ORD003558,CUST01429,STR022,2025-02-19,Cancelled,148643.25
ORD003559,CUST00830,STR016,2025-03-26,Delivered,31425.0
ORD003560,CUST00734,STR044,2025-05-23,Shipped,71434.0
ORD003561,CUST00638,STR015,2025-03-11,Delivered,147069.8
ORD003562,CUST00476,STR015,2025-04-17,Returned,118936.0
ORD003563,CUST00947,STR029,2025-06-13,Delivered,148628.75
ORD003564,CUST00381,STR034,2025-06-01,Delivered,145989.0
ORD003565,CUST01033,STR034,2025-06-05,Delivered,110151.9
ORD003566,CUST01343,STR035,2025-05-23,Delivered,11208.1
ORD003567,CUST01080,STR025,2025-05-20,Delivered,247333.75
ORD003568,CUST01030,STR039,2025-01-10,Processing,33024.8
ORD003569,CUST00926,STR038,2025-06-11,Shipped,72150.25
ORD003570,CUST01724,STR001,2025-06-12,Delivered,38731.6
ORD003571,CUST00075,STR009,2025-05-28,Delivered,56644.8
ORD003572,CUST01313,STR029,2025-02-13,Delivered,257678.2
ORD003573,CUST01808,STR033,2025-01-21,Pending,196303.3
ORD003574,CUST00752,STR014,2025-04-22,Delivered,95030.0
ORD003575,CUST01895,STR050,2025-04-27,Delivered,199382.25
ORD003576,CUST01419,STR007,2025-03-30,Processing,12730.0
ORD003577,CUST01040,STR043,2025-04-06,Delivered,61970.9
ORD003578,CUST01468,STR049,2025-06-10,Delivered,63540.0
ORD003579,CUST01489,STR048,2025-05-10,Cancelled,33130.6
ORD003580,CUST00942,STR038,2025-02-14,Delivered,82477.05
ORD003581,CUST00193,STR044,2025-06-18,Delivered,43265.85
ORD003582,CUST01011,STR017,2025-02-10,Shipped,23318.2
ORD003583,CUST01018,STR027,2025-05-15,Delivered,209924.5
ORD003584,CUST01430,STR007,2025-03-01,Delivered,188061.25
ORD003585,CUST01122,STR032,2025-03-01,Cancelled,133258.8
ORD003586,CUST01001,STR024,2025-04-25,Delivered,17376.45
ORD003587,CUST01010,STR027,2025-05-25,Delivered,1686.2
ORD003588,CUST00802,STR005,2025-02-16,Delivered,11214.9
ORD003589,CUST00428,STR015,2025-02-22,Delivered,23602.5
ORD003590,CUST00658,STR010,2025-03-27,Delivered,59994.6
ORD003591,CUST01633,STR047,2025-04-05,Delivered,125919.0
ORD003592,CUST00943,STR049,2025-02-06,Delivered,134268.75
ORD003593,CUST01285,STR029,2025-01-18,Delivered,176053.2
ORD003594,CUST00728,STR042,2025-02-17,Delivered,40324.65
ORD003595,CUST00468,STR039,2025-04-11,Delivered,138327.4
ORD003596,CUST01034,STR013,2025-03-29,Delivered,200194.55
ORD003597,CUST01285,STR037,2025-01-03,Pending,94082.4
ORD003598,CUST01100,STR045,2025-05-24,Delivered,57858.0
ORD003599,CUST01518,STR028,2025-06-11,Processing,94802.4
ORD003600,CUST00400,STR049,2025-04-25,Pending,275607.95
ORD003601,CUST00465,STR012,2025-02-26,Delivered,100710.4
ORD003602,CUST00590,STR008,2025-03-17,Delivered,44474.4
ORD003603,CUST00315,STR017,2025-06-29,Shipped,5985.0
ORD003604,CUST00807,STR031,2025-05-14,Delivered,42114.6
ORD003605,CUST00332,STR044,2025-01-07,Delivered,277543.6
ORD003606,CUST00131,STR015,2025-05-23,Delivered,9925.2
ORD003607,CUST01372,STR041,2025-04-26,Delivered,98128.5
ORD003608,CUST01033,STR005,2025-01-20,Delivered,21807.6
ORD003609,CUST01677,STR042,2025-04-29,Delivered,128601.1
ORD003610,CUST01062,STR019,2025-02-09,Shipped,153943.75
ORD003611,CUST00444,STR027,2025-04-21,Delivered,99193.25
ORD003612,CUST00491,STR025,2025-04-06,Delivered,28974.0
ORD003613,CUST01861,STR001,2025-01-20,Delivered,157865.0
ORD003614,CUST00550,STR022,2025-05-25,Delivered,196337.4
ORD003615,CUST01280,STR028,2025-03-09,Delivered,183728.0
ORD003616,CUST00471,STR012,2025-05-03,Delivered,47460.6
ORD003617,CUST00066,STR019,2025-02-06,Shipped,44684.2
ORD003618,CUST01844,STR019,2025-05-03,Shipped,50804.1
ORD003619,CUST00258,STR042,2025-01-02,Delivered,194888.5
ORD003620,CUST01461,STR039,2025-02-24,Delivered,89713.8
ORD003621,CUST01683,STR032,2025-04-22,Delivered,4389.0
ORD003622,CUST00199,STR042,2025-05-03,Returned,27337.2
ORD003623,CUST00354,STR005,2025-02-26,Processing,131184.55
ORD003624,CUST00343,STR039,2025-06-28,Shipped,208403.0
ORD003625,CUST01955,STR011,2025-04-25,Cancelled,38034.1
ORD003626,CUST00306,STR012,2025-02-25,Shipped,22431.5
ORD003627,CUST00348,STR040,2025-04-26,Pending,80643.75
ORD003628,CUST01781,STR036,2025-01-21,Delivered,206239.5
ORD003629,CUST00167,STR044,2025-05-14,Cancelled,342278.7
ORD003630,CUST01821,STR011,2025-04-27,Shipped,27878.45
ORD003631,CUST01963,STR021,2025-06-04,Delivered,50953.4
ORD003632,CUST01411,STR008,2025-01-08,Delivered,125802.3
ORD003633,CUST01137,STR045,2025-05-30,Delivered,51423.2
ORD003634,CUST01663,STR003,2025-03-15,Delivered,144636.3
ORD003635,CUST00713,STR012,2025-05-12,Delivered,118861.0
ORD003636,CUST00560,STR022,2025-05-16,Processing,166157.85
ORD003637,CUST01241,STR028,2025-01-08,Delivered,136151.9
ORD003638,CUST00714,STR046,2025-05-12,Delivered,129134.1
ORD003639,CUST00568,STR015,2025-05-26,Delivered,117291.7
ORD003640,CUST01273,STR044,2025-02-12,Delivered,119409.6
ORD003641,CUST00490,STR012,2025-06-04,Pending,238239.4
ORD003642,CUST01232,STR018,2025-05-05,Delivered,112203.9
ORD003643,CUST01217,STR046,2025-05-08,Delivered,160636.8
ORD003644,CUST01761,STR046,2025-03-30,Delivered,225558.75
ORD003645,CUST01948,STR043,2025-06-21,Returned,160338.2
ORD003646,CUST01038,STR004,2025-01-13,Delivered,4100.4
ORD003647,CUST01419,STR044,2025-01-14,Delivered,67217.7
ORD003648,CUST00529,STR029,2025-06-23,Processing,108026.4
ORD003649,CUST00250,STR011,2025-03-18,Delivered,112880.7
ORD003650,CUST00765,STR011,2025-06-14,Delivered,16140.65
ORD003651,CUST01020,STR020,2025-02-05,Shipped,178244.8
ORD003652,CUST00325,STR034,2025-06-16,Delivered,183528.85
ORD003653,CUST00468,STR012,2025-05-13,Shipped,106184.7
ORD003654,CUST01066,STR041,2025-04-09,Delivered,47807.4
ORD003655,CUST00306,STR049,2025-03-18,Processing,23261.1
ORD003656,CUST01473,STR010,2025-03-23,Delivered,74783.0
ORD003657,CUST00032,STR032,2025-02-18,Delivered,263433.7
ORD003658,CUST01232,STR017,2025-04-02,Returned,118581.3
ORD003659,CUST01292,STR034,2025-02-15,Delivered,13336.1
ORD003660,CUST00704,STR015,2025-06-07,Processing,203523.4
ORD003661,CUST00770,STR023,2025-03-15,Processing,194687.5
ORD003662,CUST01396,STR026,2025-02-24,Processing,218611.85
ORD003663,CUST01760,STR042,2025-01-30,Delivered,180445.85
ORD003664,CUST00333,STR025,2025-06-12,Cancelled,34914.0
ORD003665,CUST01096,STR016,2025-05-22,Delivered,121994.5
ORD003666,CUST01273,STR029,2025-05-26,Delivered,176496.85
ORD003667,CUST00938,STR047,2025-05-07,Delivered,34119.0
ORD003668,CUST00744,STR020,2025-04-22,Shipped,104103.2
ORD003669,CUST00272,STR011,2025-06-04,Delivered,125906.3
ORD003670,CUST01991,STR026,2025-04-16,Delivered,65517.0
ORD003671,CUST00497,STR006,2025-06-10,Delivered,25788.0
ORD003672,CUST01898,STR041,2025-06-03,Delivered,241527.75
ORD003673,CUST01305,STR042,2025-04-18,Delivered,131211.1
ORD003674,CUST01857,STR043,2025-02-02,Shipped,125941.5
ORD003675,CUST00871,STR007,2025-06-21,Processing,16083.7
ORD003676,CUST00107,STR022,2025-02-15,Shipped,250288.4
ORD003677,CUST00348,STR025,2025-03-13,Delivered,225391.2
ORD003678,CUST01416,STR015,2025-03-28,Delivered,164916.15
ORD003679,CUST01208,STR031,2025-03-09,Delivered,129147.75
ORD003680,CUST01862,STR012,2025-01-13,Delivered,163257.85
ORD003681,CUST00083,STR043,2025-01-13,Processing,4757.6
ORD003682,CUST00125,STR035,2025-06-20,Delivered,50378.2
ORD003683,CUST01922,STR012,2025-06-16,Delivered,14116.8
ORD003684,CUST01868,STR045,2025-01-22,Delivered,18538.2
ORD003685,CUST00506,STR002,2025-05-09,Delivered,139654.6
ORD003686,CUST01607,STR024,2025-05-06,Delivered,81022.05
ORD003687,CUST01453,STR014,2025-04-26,Delivered,94323.0
ORD003688,CUST00081,STR005,2025-05-25,Delivered,229232.4
ORD003689,CUST01813,STR023,2025-02-03,Delivered,78977.6
ORD003690,CUST00608,STR017,2025-03-16,Delivered,73332.0
ORD003691,CUST00010,STR044,2025-04-10,Delivered,203225.65
ORD003692,CUST00176,STR012,2025-02-24,Delivered,2646.0
ORD003693,CUST00103,STR018,2025-03-24,Delivered,218201.85
ORD003694,CUST00753,STR017,2025-04-15,Delivered,302662.9
ORD003695,CUST00436,STR007,2025-02-11,Delivered,185665.2
ORD003696,CUST00981,STR003,2025-03-25,Delivered,48640.8
ORD003697,CUST00585,STR021,2025-05-31,Shipped,299615.9
ORD003698,CUST00402,STR026,2025-01-13,Shipped,171119.2
ORD003699,CUST00689,STR037,2025-04-26,Delivered,113690.5
ORD003700,CUST00372,STR017,2025-02-13,Delivered,134663.05
ORD003701,CUST01187,STR024,2025-03-01,Returned,25748.0
ORD003702,CUST01585,STR008,2025-05-05,Delivered,146402.1
ORD003703,CUST00572,STR004,2025-06-01,Processing,81269.0
ORD003704,CUST01736,STR026,2025-05-27,Delivered,106254.35
ORD003705,CUST01820,STR012,2025-05-22,Processing,97298.55
ORD003706,CUST00214,STR044,2025-03-28,Delivered,83721.6
ORD003707,CUST00612,STR044,2025-06-06,Delivered,29822.1
ORD003708,CUST01801,STR031,2025-03-20,Processing,150750.75
ORD003709,CUST01673,STR030,2025-01-24,Delivered,10519.35
ORD003710,CUST01594,STR001,2025-02-27,Delivered,6358.35
ORD003711,CUST00745,STR026,2025-05-11,Shipped,128916.0
ORD003712,CUST00717,STR044,2025-02-26,Delivered,126538.45
ORD003713,CUST00276,STR037,2025-02-04,Cancelled,66407.7
ORD003714,CUST00455,STR042,2025-04-18,Delivered,136717.15
ORD003715,CUST00005,STR038,2025-03-27,Shipped,98959.3
ORD003716,CUST00473,STR001,2025-01-06,Delivered,142765.8
ORD003717,CUST00231,STR049,2025-02-28,Delivered,173759.8
ORD003718,CUST00197,STR002,2025-03-30,Delivered,49905.95
ORD003719,CUST00940,STR002,2025-04-03,Shipped,9820.05
ORD003720,CUST00640,STR046,2025-01-17,Delivered,35554.7
ORD003721,CUST01636,STR035,2025-03-13,Delivered,111101.7
ORD003722,CUST00951,STR004,2025-02-03,Delivered,88051.2
ORD003723,CUST00426,STR046,2025-02-22,Delivered,93043.6
ORD003724,CUST00416,STR034,2025-03-07,Delivered,147676.45
ORD003725,CUST00780,STR028,2025-06-15,Shipped,132300.0
ORD003726,CUST01331,STR045,2025-04-09,Cancelled,172433.4
ORD003727,CUST01922,STR016,2025-04-30,Delivered,73692.65
ORD003728,CUST00751,STR034,2025-01-23,Delivered,134798.4
ORD003729,CUST01863,STR014,2025-06-18,Delivered,7673.4
ORD003730,CUST00355,STR047,2025-01-20,Delivered,148106.2
ORD003731,CUST01274,STR009,2025-04-06,Delivered,72866.25
ORD003732,CUST00115,STR039,2025-05-07,Delivered,26086.5
ORD003733,CUST00094,STR009,2025-03-18,Delivered,169902.3
ORD003734,CUST00840,STR038,2025-06-01,Delivered,111124.95
ORD003735,CUST01963,STR004,2025-02-13,Shipped,144014.4
ORD003736,CUST01502,STR004,2025-03-19,Delivered,972.0
ORD003737,CUST00562,STR010,2025-05-29,Processing,140767.5
ORD003738,CUST01223,STR019,2025-06-28,Delivered,83538.0
ORD003739,CUST01800,STR038,2025-06-23,Cancelled,93768.3
ORD003740,CUST01127,STR042,2025-05-16,Cancelled,86930.7
ORD003741,CUST01130,STR016,2025-06-19,Delivered,55384.7
ORD003742,CUST00259,STR044,2025-04-13,Shipped,134517.15
ORD003743,CUST01283,STR038,2025-02-08,Delivered,21020.0
ORD003744,CUST00467,STR041,2025-05-24,Processing,94460.5
ORD003745,CUST01197,STR017,2025-05-21,Delivered,31593.65
ORD003746,CUST00281,STR005,2025-02-02,Delivered,184138.5
ORD003747,CUST00392,STR027,2025-05-24,Delivered,254949.6
ORD003748,CUST01770,STR037,2025-02-27,Processing,62138.5
ORD003749,CUST00927,STR022,2025-03-09,Returned,149765.1
ORD003750,CUST01884,STR036,2025-03-14,Returned,173827.1
ORD003751,CUST01674,STR029,2025-05-15,Delivered,145897.05
ORD003752,CUST00726,STR037,2025-06-20,Processing,309789.4
ORD003753,CUST00173,STR021,2025-01-06,Pending,7387.2
ORD003754,CUST00590,STR034,2025-02-18,Delivered,29924.8
ORD003755,CUST01562,STR037,2025-05-05,Delivered,166391.1
ORD003756,CUST00351,STR013,2025-04-18,Delivered,78326.4
ORD003757,CUST00286,STR047,2025-05-05,Delivered,46036.0
ORD003758,CUST01579,STR048,2025-03-03,Shipped,261951.4
ORD003759,CUST01291,STR039,2025-06-26,Delivered,103557.8
ORD003760,CUST01799,STR037,2025-01-16,Cancelled,839.7
ORD003761,CUST01524,STR032,2025-02-19,Cancelled,191864.25
ORD003762,CUST01339,STR039,2025-01-06,Shipped,143873.55
ORD003763,CUST01417,STR030,2025-01-21,Delivered,171339.15
ORD003764,CUST01828,STR045,2025-05-12,Delivered,191455.0
ORD003765,CUST01012,STR010,2025-03-10,Shipped,117029.4
ORD003766,CUST00820,STR013,2025-01-30,Delivered,75647.9
ORD003767,CUST01333,STR020,2025-04-24,Delivered,225982.25
ORD003768,CUST01643,STR010,2025-02-12,Delivered,167401.4
ORD003769,CUST00906,STR001,2025-01-10,Delivered,58240.15
ORD003770,CUST01098,STR014,2025-04-25,Delivered,188110.15
ORD003771,CUST01064,STR017,2025-01-19,Processing,65912.6
ORD003772,CUST01060,STR040,2025-05-16,Delivered,120225.0
ORD003773,CUST00007,STR029,2025-02-28,Delivered,6878.0
ORD003774,CUST01206,STR047,2025-03-04,Processing,10252.0
ORD003775,CUST00454,STR017,2025-06-12,Delivered,301203.6
ORD003776,CUST01499,STR011,2025-04-12,Processing,76017.5
ORD003777,CUST01942,STR032,2025-04-05,Delivered,79318.6
ORD003778,CUST00549,STR009,2025-06-30,Delivered,35867.25
ORD003779,CUST00656,STR017,2025-01-16,Delivered,113780.8
ORD003780,CUST01296,STR003,2025-01-12,Processing,64953.6
ORD003781,CUST00679,STR032,2025-05-17,Processing,166706.8
ORD003782,CUST00246,STR035,2025-05-03,Delivered,40161.1
ORD003783,CUST00721,STR010,2025-04-06,Shipped,156369.8
ORD003784,CUST00286,STR024,2025-01-27,Shipped,198837.6
ORD003785,CUST00677,STR016,2025-06-28,Delivered,32788.3
ORD003786,CUST00307,STR002,2025-06-18,Delivered,238355.4
ORD003787,CUST01578,STR019,2025-01-05,Delivered,149756.2
ORD003788,CUST00908,STR023,2025-06-07,Delivered,140229.9
ORD003789,CUST01237,STR037,2025-03-15,Delivered,177123.2
ORD003790,CUST01599,STR033,2025-01-10,Delivered,198620.7
ORD003791,CUST01839,STR039,2025-01-09,Delivered,115159.05
ORD003792,CUST00263,STR044,2025-02-16,Delivered,188008.5
ORD003793,CUST00505,STR006,2025-04-22,Delivered,45080.8
ORD003794,CUST01137,STR041,2025-01-28,Delivered,165304.85
ORD003795,CUST00086,STR002,2025-05-06,Shipped,101482.6
ORD003796,CUST01714,STR026,2025-02-13,Delivered,68223.7
ORD003797,CUST01691,STR041,2025-03-18,Cancelled,89859.45
ORD003798,CUST01712,STR009,2025-05-30,Delivered,23751.8
ORD003799,CUST00689,STR005,2025-01-13,Delivered,119526.05
ORD003800,CUST00622,STR001,2025-01-04,Delivered,56151.6
ORD003801,CUST00034,STR003,2025-06-09,Delivered,246678.0
ORD003802,CUST00303,STR008,2025-04-24,Processing,65297.75
ORD003803,CUST00903,STR008,2025-05-13,Delivered,191653.2
ORD003804,CUST01185,STR012,2025-04-08,Delivered,22203.4
ORD003805,CUST01335,STR006,2025-02-25,Returned,48895.2
ORD003806,CUST01245,STR046,2025-06-22,Delivered,21277.6
ORD003807,CUST01048,STR046,2025-02-23,Pending,207963.6
ORD003808,CUST00885,STR010,2025-05-16,Delivered,83584.65
ORD003809,CUST01827,STR048,2025-04-29,Delivered,180351.2
ORD003810,CUST01795,STR047,2025-01-11,Delivered,230015.3
ORD003811,CUST01265,STR033,2025-06-09,Delivered,83010.0
ORD003812,CUST00084,STR007,2025-04-18,Delivered,224125.1
ORD003813,CUST01485,STR039,2025-05-30,Delivered,90196.0
ORD003814,CUST00862,STR046,2025-04-06,Shipped,158680.1
ORD003815,CUST01377,STR016,2025-06-03,Delivered,97757.85
ORD003816,CUST01955,STR006,2025-03-27,Shipped,9083.1
ORD003817,CUST01242,STR006,2025-04-01,Pending,132111.0
ORD003818,CUST00441,STR009,2025-06-08,Delivered,78160.8
ORD003819,CUST01455,STR005,2025-04-13,Delivered,153268.9
ORD003820,CUST00712,STR005,2025-05-17,Delivered,79898.9
ORD003821,CUST01804,STR017,2025-04-11,Cancelled,166675.4
ORD003822,CUST02000,STR036,2025-06-09,Pending,165319.7
ORD003823,CUST01671,STR007,2025-05-03,Delivered,109701.75
ORD003824,CUST01875,STR002,2025-04-05,Delivered,74352.8
ORD003825,CUST01063,STR035,2025-04-11,Shipped,167929.6
ORD003826,CUST01049,STR015,2025-06-28,Delivered,97844.4
ORD003827,CUST01165,STR043,2025-04-23,Delivered,44947.1
ORD003828,CUST01522,STR037,2025-05-28,Delivered,77973.2
ORD003829,CUST00806,STR035,2025-06-29,Shipped,227937.75
ORD003830,CUST00550,STR049,2025-06-15,Delivered,141585.3
ORD003831,CUST00857,STR031,2025-01-21,Delivered,3253.8
ORD003832,CUST01768,STR004,2025-04-27,Delivered,14407.0
ORD003833,CUST00609,STR047,2025-05-26,Delivered,32365.35
ORD003834,CUST00528,STR006,2025-04-08,Delivered,39652.0
ORD003835,CUST01512,STR034,2025-04-10,Cancelled,73181.7
ORD003836,CUST01376,STR035,2025-04-20,Delivered,92059.3
ORD003837,CUST00093,STR047,2025-05-03,Delivered,51127.5
ORD003838,CUST00201,STR029,2025-03-25,Processing,54417.0
ORD003839,CUST01595,STR013,2025-04-05,Delivered,159126.1
ORD003840,CUST00365,STR039,2025-02-27,Delivered,89953.95
ORD003841,CUST00399,STR005,2025-02-24,Returned,205333.35
ORD003842,CUST00850,STR046,2025-01-26,Delivered,37597.2
ORD003843,CUST00577,STR018,2025-03-10,Shipped,219412.95
ORD003844,CUST01619,STR017,2025-01-05,Delivered,194539.95
ORD003845,CUST00677,STR044,2025-03-26,Delivered,17858.1
ORD003846,CUST01127,STR043,2025-04-03,Delivered,190401.0
ORD003847,CUST00745,STR021,2025-03-28,Delivered,157110.1
ORD003848,CUST01556,STR021,2025-06-16,Delivered,97871.4
ORD003849,CUST01691,STR026,2025-03-22,Returned,118872.6
ORD003850,CUST01825,STR017,2025-06-26,Pending,13846.0
ORD003851,CUST01157,STR022,2025-02-10,Delivered,32095.9
ORD003852,CUST01850,STR042,2025-05-15,Delivered,31388.0
ORD003853,CUST01156,STR029,2025-05-09,Delivered,256570.95
ORD003854,CUST00763,STR014,2025-06-14,Delivered,194020.9
ORD003855,CUST00681,STR020,2025-06-03,Delivered,55337.1
ORD003856,CUST00925,STR031,2025-06-27,Delivered,70459.1
ORD003857,CUST00259,STR007,2025-03-03,Delivered,131661.0
ORD003858,CUST01502,STR043,2025-02-04,Delivered,38355.3
ORD003859,CUST01094,STR048,2025-01-19,Delivered,228407.3
ORD003860,CUST00999,STR006,2025-01-18,Delivered,136109.1
ORD003861,CUST01832,STR022,2025-04-05,Delivered,91981.8
ORD003862,CUST00597,STR043,2025-02-27,Delivered,65586.95
ORD003863,CUST01698,STR036,2025-05-26,Delivered,151872.6
ORD003864,CUST00881,STR029,2025-06-28,Delivered,63856.0
ORD003865,CUST01709,STR019,2025-02-21,Processing,134880.0
ORD003866,CUST01073,STR008,2025-05-08,Delivered,32786.4
ORD003867,CUST01141,STR002,2025-05-15,Delivered,91188.95
ORD003868,CUST00174,STR045,2025-06-23,Delivered,40723.2
ORD003869,CUST01267,STR044,2025-05-08,Delivered,82195.0
ORD003870,CUST01169,STR002,2025-02-13,Delivered,148018.2
ORD003871,CUST01937,STR033,2025-01-06,Delivered,144714.4
ORD003872,CUST00329,STR016,2025-04-15,Delivered,270228.15
ORD003873,CUST00180,STR022,2025-06-30,Delivered,91388.65
ORD003874,CUST00689,STR038,2025-04-08,Pending,159751.65
ORD003875,CUST00928,STR003,2025-01-26,Delivered,6162.3
ORD003876,CUST01439,STR011,2025-03-30,Delivered,209907.5
ORD003877,CUST00644,STR040,2025-01-21,Delivered,64552.5
ORD003878,CUST01755,STR024,2025-01-10,Cancelled,144059.5
ORD003879,CUST01109,STR037,2025-06-23,Delivered,57805.6
ORD003880,CUST01880,STR001,2025-05-13,Delivered,17983.45
ORD003881,CUST00308,STR034,2025-05-27,Delivered,205006.2
ORD003882,CUST00094,STR040,2025-02-23,Delivered,57606.0
ORD003883,CUST00609,STR004,2025-06-03,Delivered,29914.05
ORD003884,CUST01989,STR032,2025-04-02,Delivered,57045.6
ORD003885,CUST00656,STR011,2025-06-03,Delivered,60083.1
ORD003886,CUST01924,STR029,2025-04-13,Delivered,4978.95
ORD003887,CUST01347,STR030,2025-04-29,Processing,97707.8
ORD003888,CUST00360,STR016,2025-05-21,Delivered,211256.6
ORD003889,CUST01360,STR007,2025-01-20,Delivered,120414.0
ORD003890,CUST00657,STR009,2025-06-26,Delivered,304677.05
ORD003891,CUST01254,STR008,2025-05-26,Delivered,111734.4
ORD003892,CUST01857,STR031,2025-03-18,Delivered,55635.9
ORD003893,CUST01450,STR041,2025-01-21,Shipped,30858.0
ORD003894,CUST01296,STR049,2025-02-24,Delivered,123218.75
ORD003895,CUST00209,STR027,2025-06-11,Delivered,113367.6
ORD003896,CUST01506,STR004,2025-05-24,Cancelled,81596.1
ORD003897,CUST00886,STR026,2025-03-21,Delivered,6519.85
ORD003898,CUST00078,STR042,2025-02-08,Delivered,20175.0
ORD003899,CUST01123,STR020,2025-03-06,Shipped,189872.5
ORD003900,CUST01114,STR014,2025-05-03,Delivered,127427.75
ORD003901,CUST01007,STR004,2025-03-29,Delivered,111129.85
ORD003902,CUST01204,STR001,2025-05-09,Delivered,25196.8
ORD003903,CUST00757,STR030,2025-04-16,Delivered,208285.45
ORD003904,CUST00011,STR019,2025-02-17,Delivered,109280.0
ORD003905,CUST00414,STR030,2025-01-06,Delivered,123866.35
ORD003906,CUST01964,STR002,2025-05-03,Delivered,14995.2
ORD003907,CUST00159,STR040,2025-03-24,Delivered,12474.0
ORD003908,CUST01065,STR041,2025-03-06,Delivered,74228.8
ORD003909,CUST01306,STR010,2025-04-19,Delivered,80777.2
ORD003910,CUST00751,STR039,2025-05-05,Delivered,183455.2
ORD003911,CUST00355,STR014,2025-03-21,Delivered,12776.3
ORD003912,CUST01672,STR041,2025-03-27,Pending,125054.55
ORD003913,CUST00439,STR050,2025-03-09,Delivered,111921.7
ORD003914,CUST00127,STR028,2025-05-22,Delivered,30042.9
ORD003915,CUST01467,STR016,2025-02-06,Cancelled,196991.4
ORD003916,CUST00486,STR025,2025-01-05,Delivered,125623.4
ORD003917,CUST01779,STR033,2025-06-19,Processing,42099.2
ORD003918,CUST00986,STR017,2025-03-05,Delivered,38543.4
ORD003919,CUST01470,STR018,2025-03-02,Delivered,88773.15
ORD003920,CUST00649,STR024,2025-02-14,Delivered,42904.3
ORD003921,CUST01727,STR021,2025-05-24,Delivered,40467.2
ORD003922,CUST00588,STR038,2025-04-02,Delivered,291030.6
ORD003923,CUST00735,STR016,2025-03-20,Delivered,109740.9
ORD003924,CUST00657,STR043,2025-06-11,Shipped,29562.1
ORD003925,CUST01942,STR009,2025-06-27,Cancelled,33516.8
ORD003926,CUST01173,STR021,2025-01-08,Delivered,148854.7
ORD003927,CUST01026,STR025,2025-01-11,Delivered,10450.6
ORD003928,CUST00733,STR050,2025-02-26,Shipped,43456.8
ORD003929,CUST01324,STR025,2025-05-19,Pending,166803.15
ORD003930,CUST00264,STR026,2025-04-30,Delivered,196593.8
ORD003931,CUST00287,STR037,2025-04-09,Delivered,100353.6
ORD003932,CUST00347,STR024,2025-04-04,Delivered,5254.4
ORD003933,CUST00743,STR021,2025-06-17,Delivered,154560.6
ORD003934,CUST00958,STR007,2025-02-24,Cancelled,51118.2
ORD003935,CUST00608,STR005,2025-03-09,Delivered,70135.2
ORD003936,CUST00179,STR033,2025-02-02,Delivered,116202.75
ORD003937,CUST01802,STR014,2025-02-23,Delivered,204124.8
ORD003938,CUST00717,STR043,2025-01-26,Delivered,81869.4
ORD003939,CUST01659,STR006,2025-06-18,Delivered,245487.1
ORD003940,CUST01185,STR045,2025-01-07,Pending,243851.1
ORD003941,CUST01001,STR045,2025-01-16,Delivered,22975.5
ORD003942,CUST01337,STR022,2025-01-11,Pending,85854.0
ORD003943,CUST01129,STR027,2025-02-10,Returned,145850.4
ORD003944,CUST01410,STR007,2025-01-19,Pending,169099.5
ORD003945,CUST00788,STR002,2025-04-28,Delivered,5103.4
ORD003946,CUST01536,STR028,2025-02-24,Delivered,134478.0
ORD003947,CUST01063,STR004,2025-03-11,Delivered,102286.75
ORD003948,CUST00758,STR014,2025-02-18,Delivered,90576.0
ORD003949,CUST00700,STR009,2025-01-31,Delivered,71049.6
ORD003950,CUST01415,STR005,2025-03-26,Cancelled,1672.8
ORD003951,CUST01162,STR016,2025-06-07,Shipped,76066.5
ORD003952,CUST01593,STR001,2025-05-30,Delivered,94378.3
ORD003953,CUST00524,STR043,2025-02-25,Pending,174201.0
ORD003954,CUST00735,STR031,2025-06-11,Pending,164038.2
ORD003955,CUST01962,STR035,2025-04-15,Processing,39089.65
ORD003956,CUST01640,STR046,2025-03-09,Delivered,9167.4
ORD003957,CUST01072,STR024,2025-05-02,Delivered,138316.2
ORD003958,CUST00536,STR025,2025-05-25,Delivered,57593.0
ORD003959,CUST00671,STR042,2025-03-18,Delivered,48853.9
ORD003960,CUST00970,STR031,2025-01-06,Delivered,30754.0
ORD003961,CUST01709,STR032,2025-01-26,Delivered,54740.0
ORD003962,CUST00309,STR029,2025-04-16,Shipped,83593.45
ORD003963,CUST00354,STR044,2025-03-14,Delivered,272297.9
ORD003964,CUST00880,STR008,2025-04-12,Delivered,43809.0
ORD003965,CUST01496,STR044,2025-06-28,Pending,10150.75
ORD003966,CUST00663,STR016,2025-05-15,Delivered,16250.7
ORD003967,CUST00437,STR039,2025-06-15,Delivered,216284.1
ORD003968,CUST01147,STR013,2025-01-19,Delivered,30409.5
ORD003969,CUST00930,STR040,2025-03-11,Delivered,12193.2
ORD003970,CUST00899,STR023,2025-01-28,Delivered,34244.0
ORD003971,CUST00239,STR037,2025-01-02,Delivered,142301.0
ORD003972,CUST01387,STR012,2025-06-29,Delivered,10176.4
ORD003973,CUST00450,STR029,2025-03-29,Shipped,14285.8
ORD003974,CUST01320,STR008,2025-05-11,Delivered,201211.8
ORD003975,CUST00265,STR001,2025-02-22,Shipped,7614.4
ORD003976,CUST01797,STR024,2025-01-27,Delivered,33140.75
ORD003977,CUST00774,STR018,2025-04-03,Shipped,115861.05
ORD003978,CUST01896,STR047,2025-06-23,Processing,20952.0
ORD003979,CUST01429,STR021,2025-05-22,Delivered,30431.7
ORD003980,CUST00765,STR008,2025-04-29,Delivered,120195.0
ORD003981,CUST00458,STR036,2025-03-09,Shipped,66675.2
ORD003982,CUST01193,STR026,2025-01-26,Delivered,263373.1
ORD003983,CUST01124,STR046,2025-04-15,Delivered,93675.7
ORD003984,CUST01434,STR041,2025-01-29,Delivered,194894.9
ORD003985,CUST00686,STR007,2025-03-07,Delivered,159504.85
ORD003986,CUST01400,STR044,2025-06-20,Cancelled,128068.8
ORD003987,CUST00153,STR036,2025-02-13,Delivered,5538.5
ORD003988,CUST01262,STR022,2025-02-10,Delivered,157662.4
ORD003989,CUST01551,STR006,2025-02-13,Processing,25668.9
ORD003990,CUST00734,STR007,2025-05-18,Delivered,288562.5
ORD003991,CUST00201,STR016,2025-06-06,Delivered,182076.5
ORD003992,CUST01814,STR032,2025-06-13,Delivered,156985.75
ORD003993,CUST01288,STR020,2025-04-08,Delivered,30421.5
ORD003994,CUST00061,STR001,2025-01-04,Delivered,37219.2
ORD003995,CUST01812,STR035,2025-01-23,Delivered,22288.9
ORD003996,CUST01222,STR039,2025-04-30,Processing,2003.4
ORD003997,CUST00858,STR017,2025-04-02,Delivered,104524.9
ORD003998,CUST00300,STR028,2025-06-07,Delivered,220580.3
ORD003999,CUST01538,STR002,2025-03-11,Processing,236017.4
ORD004000,CUST01289,STR019,2025-06-12,Delivered,102829.5
ORD004001,CUST01969,STR034,2025-05-11,Delivered,9389.95
ORD004002,CUST00066,STR038,2025-03-13,Delivered,120811.65
ORD004003,CUST01416,STR021,2025-03-19,Pending,152957.9
ORD004004,CUST01690,STR001,2025-03-09,Delivered,143479.8
ORD004005,CUST01103,STR032,2025-03-14,Delivered,181024.65
ORD004006,CUST00611,STR031,2025-01-08,Delivered,191283.2
ORD004007,CUST00705,STR028,2025-02-02,Delivered,97290.5
ORD004008,CUST00049,STR015,2025-04-01,Processing,64315.95
ORD004009,CUST00259,STR015,2025-03-23,Processing,53203.1
ORD004010,CUST00276,STR047,2025-06-21,Pending,109391.55
ORD004011,CUST00613,STR038,2025-01-18,Delivered,89872.6
ORD004012,CUST00088,STR045,2025-06-06,Delivered,104752.8
ORD004013,CUST01226,STR009,2025-01-01,Shipped,252360.1
ORD004014,CUST01277,STR026,2025-04-07,Delivered,40995.9
ORD004015,CUST01537,STR030,2025-01-30,Processing,176036.1
ORD004016,CUST01887,STR033,2025-04-04,Delivered,21057.0
ORD004017,CUST00258,STR023,2025-05-05,Cancelled,135531.9
ORD004018,CUST00272,STR004,2025-03-17,Cancelled,528.0
ORD004019,CUST01318,STR043,2025-05-29,Delivered,65580.8
ORD004020,CUST00432,STR009,2025-04-03,Delivered,70345.6
ORD004021,CUST00460,STR007,2025-06-04,Delivered,67814.4
ORD004022,CUST00604,STR013,2025-04-28,Delivered,156807.3
ORD004023,CUST01898,STR032,2025-06-06,Shipped,77741.0
ORD004024,CUST00632,STR025,2025-04-13,Delivered,4847.55
ORD004025,CUST01583,STR037,2025-03-10,Delivered,84869.6
ORD004026,CUST00184,STR032,2025-06-02,Delivered,59389.5
ORD004027,CUST01965,STR014,2025-03-08,Delivered,71529.9
ORD004028,CUST00849,STR007,2025-01-18,Delivered,151568.75
ORD004029,CUST01087,STR013,2025-01-31,Delivered,60879.8
ORD004030,CUST01832,STR008,2025-04-05,Delivered,107567.55
ORD004031,CUST00993,STR049,2025-02-22,Processing,40940.1
ORD004032,CUST00337,STR010,2025-03-08,Delivered,269490.45
ORD004033,CUST01115,STR007,2025-01-23,Delivered,36835.2
ORD004034,CUST00419,STR026,2025-01-29,Delivered,188524.4
ORD004035,CUST00736,STR043,2025-01-14,Delivered,193053.55
ORD004036,CUST00616,STR047,2025-06-19,Shipped,154611.9
ORD004037,CUST00254,STR002,2025-06-02,Shipped,117414.75
ORD004038,CUST01086,STR005,2025-04-01,Delivered,274885.9
ORD004039,CUST00810,STR036,2025-06-22,Delivered,133256.2
ORD004040,CUST00399,STR048,2025-03-26,Delivered,155847.8
ORD004041,CUST00112,STR041,2025-06-14,Cancelled,85060.8
ORD004042,CUST00326,STR024,2025-04-29,Delivered,83423.2
ORD004043,CUST01839,STR012,2025-03-17,Delivered,177677.5
ORD004044,CUST00751,STR029,2025-01-21,Delivered,61045.2
ORD004045,CUST00204,STR022,2025-02-12,Delivered,116519.2
ORD004046,CUST00995,STR033,2025-02-18,Returned,51515.95
ORD004047,CUST00104,STR020,2025-06-02,Delivered,109797.7
ORD004048,CUST00065,STR047,2025-04-01,Cancelled,37243.45
ORD004049,CUST01569,STR047,2025-05-16,Processing,176072.2
ORD004050,CUST01050,STR045,2025-06-11,Delivered,146853.0
ORD004051,CUST00864,STR013,2025-06-24,Delivered,191516.8
ORD004052,CUST00257,STR045,2025-05-25,Delivered,270099.35
ORD004053,CUST00496,STR028,2025-03-11,Delivered,116286.0
ORD004054,CUST01921,STR030,2025-06-09,Pending,116563.8
ORD004055,CUST01229,STR017,2025-04-18,Processing,86766.0
ORD004056,CUST00580,STR046,2025-02-21,Delivered,39121.95
ORD004057,CUST00012,STR025,2025-03-14,Delivered,13220.9
ORD004058,CUST00209,STR011,2025-02-17,Delivered,114392.35
ORD004059,CUST01790,STR026,2025-01-01,Delivered,78483.6
ORD004060,CUST00965,STR027,2025-06-01,Delivered,71035.5
ORD004061,CUST01655,STR001,2025-03-25,Delivered,243276.95
ORD004062,CUST01313,STR024,2025-04-17,Delivered,115861.05
ORD004063,CUST01836,STR009,2025-03-01,Delivered,96436.8
ORD004064,CUST00573,STR016,2025-01-01,Delivered,112239.65
ORD004065,CUST01754,STR031,2025-05-02,Shipped,51573.6
ORD004066,CUST00854,STR033,2025-05-22,Delivered,51465.35
ORD004067,CUST01990,STR028,2025-04-11,Delivered,131063.1
ORD004068,CUST01999,STR009,2025-01-20,Cancelled,53144.8
ORD004069,CUST00960,STR032,2025-05-19,Delivered,99087.3
ORD004070,CUST01463,STR004,2025-04-02,Delivered,44136.9
ORD004071,CUST01754,STR037,2025-06-12,Delivered,207177.95
ORD004072,CUST00950,STR006,2025-03-04,Processing,3924.0
ORD004073,CUST00112,STR032,2025-03-18,Delivered,19454.0
ORD004074,CUST00284,STR039,2025-02-25,Pending,271376.45
ORD004075,CUST01422,STR045,2025-04-03,Delivered,66973.9
ORD004076,CUST00475,STR038,2025-02-24,Delivered,159798.2
ORD004077,CUST01600,STR009,2025-02-24,Delivered,245602.75
ORD004078,CUST01263,STR015,2025-02-08,Cancelled,112298.4
ORD004079,CUST01005,STR038,2025-03-05,Delivered,158415.1
ORD004080,CUST00054,STR011,2025-02-13,Processing,115411.9
ORD004081,CUST01580,STR003,2025-03-07,Delivered,44408.0
ORD004082,CUST00118,STR037,2025-06-14,Delivered,135990.6
ORD004083,CUST01917,STR050,2025-03-02,Delivered,64216.0
ORD004084,CUST01191,STR034,2025-03-06,Delivered,152844.05
ORD004085,CUST01509,STR033,2025-02-06,Delivered,139760.4
ORD004086,CUST00973,STR042,2025-01-10,Delivered,15276.0
ORD004087,CUST01765,STR027,2025-06-09,Delivered,9365.0
ORD004088,CUST00302,STR030,2025-03-22,Delivered,140705.4
ORD004089,CUST00955,STR023,2025-04-19,Delivered,57133.6
ORD004090,CUST00909,STR018,2025-03-20,Delivered,39647.6
ORD004091,CUST00588,STR002,2025-03-01,Delivered,50147.2
ORD004092,CUST01691,STR009,2025-06-19,Cancelled,78198.6
ORD004093,CUST00970,STR048,2025-02-26,Delivered,101256.0
ORD004094,CUST00660,STR006,2025-02-12,Pending,33195.9
ORD004095,CUST00348,STR029,2025-04-08,Delivered,130993.2
ORD004096,CUST00315,STR023,2025-06-26,Delivered,180516.15
ORD004097,CUST00036,STR022,2025-04-14,Delivered,234333.3
ORD004098,CUST01547,STR034,2025-05-11,Delivered,118886.8
ORD004099,CUST00599,STR012,2025-01-16,Delivered,103593.6
ORD004100,CUST01443,STR047,2025-01-08,Processing,66279.85
ORD004101,CUST00686,STR006,2025-04-25,Delivered,18442.0
ORD004102,CUST01433,STR015,2025-03-18,Delivered,73693.4
ORD004103,CUST01387,STR045,2025-03-14,Shipped,40444.7
ORD004104,CUST01407,STR018,2025-04-03,Returned,147901.4
ORD004105,CUST00023,STR034,2025-06-21,Delivered,14410.05
ORD004106,CUST00149,STR004,2025-03-29,Delivered,134165.7
ORD004107,CUST00701,STR017,2025-06-24,Processing,147342.4
ORD004108,CUST01615,STR016,2025-06-26,Delivered,235335.9
ORD004109,CUST01055,STR033,2025-04-25,Delivered,89918.4
ORD004110,CUST01598,STR028,2025-06-01,Delivered,127207.15
ORD004111,CUST00451,STR021,2025-01-30,Delivered,157999.0
ORD004112,CUST00558,STR003,2025-05-19,Delivered,155418.45
ORD004113,CUST00119,STR034,2025-05-14,Delivered,61590.4
ORD004114,CUST01616,STR017,2025-06-27,Delivered,166062.4
ORD004115,CUST00114,STR030,2025-05-23,Processing,14134.5
ORD004116,CUST00846,STR001,2025-06-01,Delivered,127273.4
ORD004117,CUST00800,STR049,2025-06-26,Shipped,44835.8
ORD004118,CUST00768,STR030,2025-06-13,Delivered,39327.35
ORD004119,CUST01777,STR039,2025-03-23,Delivered,135238.3
ORD004120,CUST01698,STR013,2025-04-21,Delivered,634.1
ORD004121,CUST00950,STR014,2025-05-31,Shipped,84036.2
ORD004122,CUST01643,STR022,2025-03-02,Delivered,94354.0
ORD004123,CUST01755,STR003,2025-03-06,Delivered,61217.9
ORD004124,CUST01061,STR012,2025-06-19,Delivered,3246.15
ORD004125,CUST01041,STR003,2025-01-27,Delivered,70631.6
ORD004126,CUST00500,STR041,2025-01-16,Shipped,117696.1
ORD004127,CUST01399,STR006,2025-06-22,Processing,96609.1
ORD004128,CUST01374,STR027,2025-06-22,Delivered,176407.05
ORD004129,CUST01933,STR022,2025-02-12,Delivered,109889.95
ORD004130,CUST01561,STR022,2025-03-02,Delivered,163942.95
ORD004131,CUST00873,STR021,2025-02-01,Delivered,67123.2
ORD004132,CUST01346,STR048,2025-06-04,Cancelled,272403.0
ORD004133,CUST01330,STR039,2025-05-13,Processing,177157.2
ORD004134,CUST00125,STR040,2025-06-15,Processing,11877.85
ORD004135,CUST01486,STR042,2025-03-15,Delivered,161173.7
ORD004136,CUST00833,STR029,2025-05-24,Shipped,33292.8
ORD004137,CUST00152,STR011,2025-04-06,Shipped,168285.6
ORD004138,CUST01967,STR008,2025-05-06,Shipped,132370.1
ORD004139,CUST00435,STR021,2025-04-12,Pending,72505.0
ORD004140,CUST00482,STR015,2025-02-05,Shipped,99076.9
ORD004141,CUST01202,STR015,2025-05-19,Delivered,59791.5
ORD004142,CUST00831,STR044,2025-05-04,Delivered,169793.7
ORD004143,CUST00805,STR018,2025-06-14,Delivered,17112.0
ORD004144,CUST01580,STR011,2025-04-19,Processing,14642.4
ORD004145,CUST01648,STR050,2025-01-17,Delivered,257584.15
ORD004146,CUST00955,STR012,2025-04-27,Delivered,29582.4
ORD004147,CUST01434,STR047,2025-04-10,Delivered,50934.4
ORD004148,CUST00537,STR013,2025-06-22,Delivered,71548.0
ORD004149,CUST01162,STR001,2025-03-15,Delivered,95894.05
ORD004150,CUST00350,STR005,2025-06-26,Delivered,123179.0
ORD004151,CUST01678,STR014,2025-04-08,Delivered,36986.2
ORD004152,CUST00167,STR029,2025-01-17,Cancelled,84594.15
ORD004153,CUST00132,STR004,2025-05-19,Delivered,239072.9
ORD004154,CUST00133,STR003,2025-01-21,Delivered,94267.95
ORD004155,CUST01758,STR038,2025-06-03,Cancelled,108350.5
ORD004156,CUST01246,STR039,2025-02-09,Processing,203208.8
ORD004157,CUST00986,STR041,2025-01-13,Delivered,153037.7
ORD004158,CUST00768,STR029,2025-02-16,Processing,46585.8
ORD004159,CUST01502,STR003,2025-02-14,Delivered,97487.0
ORD004160,CUST00742,STR043,2025-01-10,Delivered,66500.6
ORD004161,CUST00505,STR040,2025-03-15,Pending,99222.4
ORD004162,CUST01738,STR015,2025-03-22,Delivered,59864.3
ORD004163,CUST01181,STR038,2025-02-16,Delivered,297559.6
ORD004164,CUST00923,STR003,2025-06-07,Delivered,177330.1
ORD004165,CUST00469,STR020,2025-01-07,Delivered,61558.55
ORD004166,CUST00885,STR007,2025-01-24,Delivered,354209.85
ORD004167,CUST00917,STR021,2025-06-01,Delivered,179464.7
ORD004168,CUST00318,STR001,2025-03-30,Delivered,41231.7
ORD004169,CUST00762,STR042,2025-06-14,Delivered,160662.0
ORD004170,CUST01285,STR019,2025-03-29,Delivered,121208.4
ORD004171,CUST00121,STR042,2025-06-02,Delivered,195646.5
ORD004172,CUST00536,STR006,2025-01-29,Delivered,42514.0
ORD004173,CUST00473,STR016,2025-02-21,Delivered,206332.65
ORD004174,CUST00982,STR019,2025-02-24,Delivered,227011.65
ORD004175,CUST01239,STR017,2025-04-05,Delivered,96094.0
ORD004176,CUST00950,STR027,2025-05-21,Cancelled,190920.75
ORD004177,CUST01128,STR034,2025-05-13,Pending,185284.3
ORD004178,CUST01360,STR028,2025-01-05,Cancelled,132816.2
ORD004179,CUST00412,STR007,2025-03-03,Delivered,5048.3
ORD004180,CUST01158,STR038,2025-02-16,Delivered,960.0
ORD004181,CUST00413,STR007,2025-02-22,Delivered,127596.8
ORD004182,CUST01285,STR014,2025-05-25,Delivered,73668.7
ORD004183,CUST00087,STR003,2025-05-10,Delivered,177060.25
ORD004184,CUST00992,STR021,2025-05-10,Delivered,117447.9
ORD004185,CUST01009,STR017,2025-01-10,Delivered,126711.05
ORD004186,CUST00317,STR009,2025-06-21,Delivered,80927.1
ORD004187,CUST01437,STR028,2025-04-01,Delivered,95885.55
ORD004188,CUST00023,STR022,2025-05-28,Delivered,110553.6
ORD004189,CUST01505,STR027,2025-04-19,Delivered,21617.1
ORD004190,CUST00607,STR020,2025-01-26,Delivered,148356.6
ORD004191,CUST01347,STR038,2025-03-30,Pending,147109.9
ORD004192,CUST01570,STR045,2025-04-24,Delivered,149793.9
ORD004193,CUST01230,STR010,2025-01-30,Delivered,21693.0
ORD004194,CUST01114,STR003,2025-01-04,Pending,219372.85
ORD004195,CUST01054,STR046,2025-05-21,Delivered,4046.4
ORD004196,CUST01770,STR037,2025-01-19,Delivered,30617.85
ORD004197,CUST00221,STR048,2025-05-06,Delivered,128319.1
ORD004198,CUST00134,STR013,2025-06-19,Delivered,136205.1
ORD004199,CUST00650,STR006,2025-01-20,Shipped,209773.3
ORD004200,CUST01701,STR047,2025-02-12,Delivered,40576.5
ORD004201,CUST00839,STR020,2025-01-12,Delivered,145300.4
ORD004202,CUST01938,STR017,2025-05-18,Shipped,158919.15
ORD004203,CUST00388,STR010,2025-05-20,Delivered,34399.5
ORD004204,CUST01766,STR049,2025-03-10,Pending,99394.0
ORD004205,CUST01380,STR019,2025-01-08,Delivered,176459.55
ORD004206,CUST01910,STR039,2025-02-20,Delivered,44502.0
ORD004207,CUST01995,STR047,2025-06-25,Delivered,97584.9
ORD004208,CUST00576,STR011,2025-05-22,Pending,174296.55
ORD004209,CUST01693,STR048,2025-05-28,Delivered,151166.7
ORD004210,CUST00130,STR039,2025-03-19,Processing,67337.6
ORD004211,CUST00215,STR018,2025-03-13,Processing,13219.2
ORD004212,CUST01465,STR016,2025-02-09,Delivered,142402.55
ORD004213,CUST00382,STR006,2025-05-27,Delivered,134358.95
ORD004214,CUST01544,STR033,2025-02-24,Delivered,171265.85
ORD004215,CUST01662,STR041,2025-03-06,Pending,192398.1
ORD004216,CUST01209,STR033,2025-06-05,Shipped,156625.1
ORD004217,CUST00212,STR043,2025-05-31,Shipped,92629.6
ORD004218,CUST01727,STR041,2025-06-30,Delivered,17993.55
ORD004219,CUST00987,STR049,2025-05-08,Shipped,47302.2
ORD004220,CUST00034,STR021,2025-03-14,Processing,47946.15
ORD004221,CUST00323,STR014,2025-06-22,Delivered,95398.05
ORD004222,CUST00402,STR022,2025-03-08,Returned,115059.0
ORD004223,CUST01138,STR009,2025-04-10,Cancelled,197484.2
ORD004224,CUST01571,STR041,2025-06-30,Shipped,28952.0
ORD004225,CUST01186,STR042,2025-01-21,Delivered,165310.7
ORD004226,CUST00877,STR018,2025-03-24,Delivered,3114.1
ORD004227,CUST01919,STR038,2025-05-18,Delivered,46266.45
ORD004228,CUST00021,STR050,2025-02-07,Delivered,181038.9
ORD004229,CUST00745,STR030,2025-04-05,Delivered,130036.55
ORD004230,CUST00657,STR030,2025-02-13,Delivered,186016.9
ORD004231,CUST00787,STR019,2025-05-29,Delivered,195796.2
ORD004232,CUST01971,STR008,2025-03-04,Delivered,137843.7
ORD004233,CUST01237,STR038,2025-03-25,Delivered,70262.0
ORD004234,CUST00432,STR031,2025-03-02,Delivered,27353.7
ORD004235,CUST01430,STR004,2025-01-11,Delivered,3144.0
ORD004236,CUST00815,STR005,2025-05-29,Delivered,127807.8
ORD004237,CUST00286,STR023,2025-03-29,Delivered,61172.8
ORD004238,CUST01495,STR014,2025-04-27,Pending,160546.4
ORD004239,CUST00588,STR040,2025-06-24,Delivered,139670.0
ORD004240,CUST01525,STR022,2025-02-19,Delivered,121481.7
ORD004241,CUST01482,STR015,2025-03-03,Shipped,9641.7
ORD004242,CUST00604,STR008,2025-04-16,Delivered,172473.1
ORD004243,CUST01764,STR018,2025-04-14,Delivered,21600.45
ORD004244,CUST01173,STR007,2025-03-22,Delivered,169211.1
ORD004245,CUST00160,STR037,2025-03-25,Delivered,127599.4
ORD004246,CUST00648,STR033,2025-04-22,Processing,61759.5
ORD004247,CUST01382,STR005,2025-04-18,Delivered,78719.4
ORD004248,CUST00914,STR022,2025-06-20,Shipped,30153.75
ORD004249,CUST00370,STR040,2025-04-28,Delivered,74608.55
ORD004250,CUST01122,STR033,2025-05-01,Pending,89208.9
ORD004251,CUST01655,STR023,2025-05-08,Delivered,81042.0
ORD004252,CUST00170,STR035,2025-02-24,Delivered,95516.4
ORD004253,CUST01309,STR029,2025-03-26,Processing,140450.85
ORD004254,CUST00775,STR038,2025-02-23,Delivered,16642.8
ORD004255,CUST01391,STR009,2025-04-08,Delivered,131383.25
ORD004256,CUST01282,STR015,2025-01-31,Shipped,78834.3
ORD004257,CUST01122,STR040,2025-04-05,Delivered,211851.75
ORD004258,CUST01101,STR012,2025-02-11,Delivered,62383.5
ORD004259,CUST01447,STR011,2025-05-13,Delivered,73034.0
ORD004260,CUST00062,STR016,2025-01-02,Delivered,330675.5
ORD004261,CUST00742,STR034,2025-01-26,Delivered,101145.6
ORD004262,CUST01395,STR035,2025-03-21,Delivered,167938.05
ORD004263,CUST01465,STR007,2025-04-19,Shipped,58368.6
ORD004264,CUST01850,STR043,2025-01-10,Processing,188174.7
ORD004265,CUST00330,STR048,2025-01-15,Delivered,200979.3
ORD004266,CUST00984,STR026,2025-01-20,Shipped,98546.8
ORD004267,CUST01992,STR030,2025-04-15,Delivered,82899.2
ORD004268,CUST01468,STR048,2025-03-12,Delivered,60800.05
ORD004269,CUST00603,STR009,2025-04-21,Shipped,182975.9
ORD004270,CUST00197,STR029,2025-03-17,Delivered,158969.55
ORD004271,CUST01547,STR011,2025-01-06,Delivered,2145.6
ORD004272,CUST01435,STR008,2025-03-13,Delivered,211966.2
ORD004273,CUST00738,STR006,2025-03-29,Delivered,89024.95
ORD004274,CUST00944,STR042,2025-06-03,Delivered,173600.65
ORD004275,CUST01478,STR028,2025-04-25,Shipped,22368.2
ORD004276,CUST01931,STR025,2025-05-20,Delivered,83068.1
ORD004277,CUST00777,STR044,2025-03-17,Delivered,142422.95
ORD004278,CUST01106,STR035,2025-01-17,Delivered,15616.8
ORD004279,CUST00396,STR014,2025-06-30,Delivered,28530.25
ORD004280,CUST01913,STR049,2025-06-21,Delivered,77834.5
ORD004281,CUST01466,STR001,2025-04-10,Delivered,94127.9
ORD004282,CUST01336,STR015,2025-06-02,Delivered,251564.8
ORD004283,CUST00724,STR014,2025-01-07,Pending,70596.6
ORD004284,CUST00584,STR015,2025-02-07,Delivered,317882.9
ORD004285,CUST01630,STR049,2025-02-23,Shipped,77341.2
ORD004286,CUST01250,STR013,2025-02-20,Cancelled,200413.4
ORD004287,CUST00711,STR017,2025-03-12,Delivered,120130.5
ORD004288,CUST00072,STR016,2025-06-09,Delivered,28849.6
ORD004289,CUST01797,STR021,2025-02-28,Delivered,204585.25
ORD004290,CUST00792,STR044,2025-03-19,Delivered,205641.8
ORD004291,CUST01670,STR047,2025-06-22,Delivered,79062.75
ORD004292,CUST00490,STR031,2025-06-30,Delivered,22473.0
ORD004293,CUST00568,STR018,2025-04-25,Pending,123325.65
ORD004294,CUST01712,STR048,2025-01-17,Delivered,127878.25
ORD004295,CUST01553,STR030,2025-05-14,Delivered,56857.9
ORD004296,CUST01587,STR006,2025-05-31,Processing,126399.2
ORD004297,CUST00433,STR043,2025-04-01,Pending,61308.9
ORD004298,CUST01119,STR049,2025-05-28,Processing,111297.3
ORD004299,CUST00212,STR036,2025-04-09,Cancelled,85455.0
ORD004300,CUST01647,STR015,2025-04-18,Delivered,183999.1
ORD004301,CUST01151,STR030,2025-05-30,Delivered,60278.2
ORD004302,CUST00257,STR037,2025-04-05,Delivered,70543.2
ORD004303,CUST01143,STR030,2025-01-09,Delivered,118863.9
ORD004304,CUST01906,STR002,2025-02-23,Delivered,139229.35
ORD004305,CUST00328,STR005,2025-03-31,Delivered,243098.8
ORD004306,CUST01805,STR038,2025-02-25,Delivered,279214.9
ORD004307,CUST01016,STR032,2025-04-06,Delivered,131297.3
ORD004308,CUST01228,STR018,2025-03-04,Delivered,154537.5
ORD004309,CUST00331,STR022,2025-04-09,Delivered,61813.6
ORD004310,CUST00804,STR010,2025-01-19,Delivered,154445.85
ORD004311,CUST01047,STR039,2025-03-16,Cancelled,80781.1
ORD004312,CUST00361,STR012,2025-06-26,Cancelled,148924.8
ORD004313,CUST01625,STR027,2025-04-18,Delivered,21070.4
ORD004314,CUST00442,STR029,2025-04-18,Pending,70674.1
ORD004315,CUST00361,STR023,2025-02-09,Cancelled,244946.25
ORD004316,CUST00714,STR039,2025-01-10,Delivered,62468.0
ORD004317,CUST00614,STR040,2025-06-07,Processing,184407.6
ORD004318,CUST01909,STR027,2025-06-02,Shipped,95876.05
ORD004319,CUST00228,STR025,2025-02-17,Processing,33417.6
ORD004320,CUST00612,STR017,2025-06-17,Delivered,248527.75
ORD004321,CUST01877,STR029,2025-06-03,Processing,264559.25
ORD004322,CUST00661,STR040,2025-01-19,Delivered,27426.1
ORD004323,CUST02000,STR027,2025-06-17,Delivered,138335.3
ORD004324,CUST00848,STR040,2025-01-28,Pending,83781.4
ORD004325,CUST01196,STR037,2025-04-02,Delivered,97771.0
ORD004326,CUST01029,STR026,2025-04-13,Delivered,148136.8
ORD004327,CUST00148,STR032,2025-06-02,Delivered,105927.6
ORD004328,CUST00343,STR013,2025-02-05,Delivered,227866.85
ORD004329,CUST01787,STR037,2025-05-26,Delivered,74546.3
ORD004330,CUST01877,STR050,2025-01-11,Delivered,161256.8
ORD004331,CUST00364,STR026,2025-04-21,Delivered,44514.15
ORD004332,CUST00807,STR026,2025-04-09,Delivered,132699.6
ORD004333,CUST01082,STR027,2025-03-25,Pending,134274.6
ORD004334,CUST01490,STR025,2025-06-21,Delivered,29161.0
ORD004335,CUST01454,STR022,2025-05-15,Shipped,198812.7
ORD004336,CUST00497,STR033,2025-01-14,Delivered,187177.65
ORD004337,CUST00921,STR012,2025-06-19,Delivered,66055.4
ORD004338,CUST00477,STR016,2025-02-09,Shipped,157544.1
ORD004339,CUST00789,STR010,2025-01-11,Delivered,83078.45
ORD004340,CUST00689,STR038,2025-03-15,Cancelled,167276.6
ORD004341,CUST01066,STR037,2025-03-17,Delivered,37137.0
ORD004342,CUST00886,STR020,2025-05-22,Shipped,143551.1
ORD004343,CUST01060,STR031,2025-02-20,Pending,204986.35
ORD004344,CUST01841,STR042,2025-04-19,Shipped,263637.1
ORD004345,CUST00763,STR030,2025-01-27,Cancelled,18892.65
ORD004346,CUST01406,STR001,2025-05-29,Delivered,69887.0
ORD004347,CUST01698,STR043,2025-05-25,Delivered,113920.2
ORD004348,CUST00924,STR050,2025-06-02,Delivered,42949.4
ORD004349,CUST00272,STR031,2025-06-15,Cancelled,61946.8
ORD004350,CUST01311,STR013,2025-06-26,Delivered,76538.75
ORD004351,CUST01787,STR006,2025-03-14,Returned,185697.9
ORD004352,CUST01493,STR029,2025-05-31,Shipped,91383.0
ORD004353,CUST01983,STR049,2025-03-10,Delivered,175628.3
ORD004354,CUST01477,STR047,2025-02-06,Delivered,120888.9
ORD004355,CUST01834,STR001,2025-06-17,Delivered,81703.95
ORD004356,CUST00643,STR024,2025-06-29,Delivered,131598.8
ORD004357,CUST01651,STR016,2025-01-22,Shipped,57752.6
ORD004358,CUST01308,STR010,2025-01-16,Delivered,5895.0
ORD004359,CUST01873,STR032,2025-01-16,Delivered,22267.0
ORD004360,CUST00794,STR032,2025-03-03,Delivered,125053.95
ORD004361,CUST01402,STR001,2025-04-28,Shipped,152503.2
ORD004362,CUST01135,STR024,2025-06-23,Delivered,103966.7
ORD004363,CUST00006,STR013,2025-02-05,Delivered,101453.6
ORD004364,CUST01219,STR004,2025-02-26,Delivered,169606.25
ORD004365,CUST01462,STR010,2025-03-03,Pending,81061.35
ORD004366,CUST01519,STR004,2025-05-26,Delivered,117222.5
ORD004367,CUST00622,STR020,2025-01-23,Returned,203080.35
ORD004368,CUST00953,STR026,2025-05-02,Processing,90506.5
ORD004369,CUST00219,STR026,2025-04-01,Delivered,21702.2
ORD004370,CUST00782,STR049,2025-04-22,Delivered,227993.25
ORD004371,CUST01639,STR005,2025-06-08,Delivered,49925.0
ORD004372,CUST01092,STR009,2025-05-31,Delivered,327844.3
ORD004373,CUST01740,STR027,2025-06-28,Shipped,125685.6
ORD004374,CUST00229,STR049,2025-02-03,Delivered,211513.8
ORD004375,CUST01137,STR031,2025-04-30,Delivered,65095.5
ORD004376,CUST01915,STR041,2025-04-29,Delivered,6644.0
ORD004377,CUST01286,STR017,2025-04-30,Delivered,41612.4
ORD004378,CUST01605,STR023,2025-01-01,Delivered,49602.6
ORD004379,CUST01260,STR013,2025-05-09,Delivered,36600.0
ORD004380,CUST00451,STR028,2025-03-11,Delivered,110239.9
ORD004381,CUST00804,STR032,2025-04-29,Delivered,26928.3
ORD004382,CUST01269,STR020,2025-06-23,Delivered,119751.3
ORD004383,CUST01944,STR031,2025-02-19,Delivered,117785.15
ORD004384,CUST01323,STR012,2025-03-03,Pending,107006.7
ORD004385,CUST00304,STR029,2025-06-22,Shipped,169748.75
ORD004386,CUST00434,STR031,2025-04-21,Delivered,57567.95
ORD004387,CUST00109,STR002,2025-06-30,Delivered,104860.8
ORD004388,CUST01597,STR034,2025-04-06,Processing,174962.25
ORD004389,CUST00735,STR032,2025-04-05,Delivered,31089.2
ORD004390,CUST01690,STR001,2025-01-10,Delivered,144267.0
ORD004391,CUST00922,STR015,2025-06-20,Delivered,27169.2
ORD004392,CUST00484,STR031,2025-02-09,Pending,106782.1
ORD004393,CUST01953,STR022,2025-01-29,Delivered,50877.6
ORD004394,CUST01262,STR048,2025-04-29,Shipped,50598.8
ORD004395,CUST00300,STR042,2025-02-24,Shipped,261636.45
ORD004396,CUST01612,STR012,2025-01-09,Processing,234434.4
ORD004397,CUST01020,STR035,2025-03-25,Delivered,102793.8
ORD004398,CUST01945,STR015,2025-02-16,Delivered,161472.9
ORD004399,CUST00932,STR020,2025-03-16,Delivered,203313.75
ORD004400,CUST01298,STR017,2025-03-09,Pending,65389.5
ORD004401,CUST00554,STR034,2025-03-31,Delivered,8015.2
ORD004402,CUST00437,STR047,2025-03-18,Shipped,103844.3
ORD004403,CUST00667,STR037,2025-04-04,Cancelled,193166.2
ORD004404,CUST00840,STR035,2025-06-13,Delivered,119744.0
ORD004405,CUST01050,STR048,2025-01-30,Delivered,95681.8
ORD004406,CUST00992,STR038,2025-01-06,Delivered,32063.7
ORD004407,CUST00811,STR047,2025-05-24,Delivered,249027.0
ORD004408,CUST01107,STR037,2025-04-15,Shipped,134051.65
ORD004409,CUST00932,STR044,2025-03-26,Pending,78906.8
ORD004410,CUST00434,STR044,2025-04-13,Delivered,36898.0
ORD004411,CUST01014,STR016,2025-05-22,Delivered,240089.7
ORD004412,CUST00628,STR015,2025-03-08,Delivered,15632.0
ORD004413,CUST01584,STR036,2025-03-11,Cancelled,55528.0
ORD004414,CUST01114,STR017,2025-05-13,Delivered,188848.8
ORD004415,CUST01392,STR048,2025-06-09,Delivered,162702.0
ORD004416,CUST00709,STR011,2025-04-17,Processing,97801.8
ORD004417,CUST00625,STR039,2025-02-05,Delivered,14132.1
ORD004418,CUST00147,STR008,2025-05-01,Delivered,101201.4
ORD004419,CUST00015,STR039,2025-05-05,Processing,148419.25
ORD004420,CUST00138,STR003,2025-02-19,Delivered,36050.4
ORD004421,CUST00559,STR038,2025-01-07,Shipped,27525.3
ORD004422,CUST01309,STR048,2025-02-01,Delivered,43837.75
ORD004423,CUST00298,STR031,2025-04-29,Delivered,146986.65
ORD004424,CUST00964,STR038,2025-06-02,Delivered,216782.55
ORD004425,CUST00254,STR040,2025-04-22,Delivered,80970.6
ORD004426,CUST00708,STR040,2025-03-15,Delivered,81832.1
ORD004427,CUST00197,STR046,2025-01-09,Delivered,179163.45
ORD004428,CUST01697,STR035,2025-01-04,Processing,99969.35
ORD004429,CUST00758,STR041,2025-06-24,Delivered,63564.5
ORD004430,CUST01511,STR006,2025-03-05,Delivered,66953.3
ORD004431,CUST00006,STR032,2025-06-14,Delivered,246900.5
ORD004432,CUST00102,STR027,2025-03-03,Shipped,148458.6
ORD004433,CUST00552,STR002,2025-01-30,Shipped,65826.7
ORD004434,CUST00879,STR018,2025-06-02,Shipped,24521.6
ORD004435,CUST01144,STR002,2025-04-04,Shipped,45866.0
ORD004436,CUST01266,STR013,2025-04-05,Delivered,122811.0
ORD004437,CUST01654,STR047,2025-02-01,Delivered,71323.6
ORD004438,CUST01357,STR016,2025-02-06,Delivered,49376.8
ORD004439,CUST01535,STR004,2025-01-08,Delivered,179446.8
ORD004440,CUST00422,STR020,2025-01-20,Delivered,26678.8
ORD004441,CUST01375,STR031,2025-01-01,Delivered,185067.7
ORD004442,CUST00984,STR015,2025-05-10,Delivered,138466.25
ORD004443,CUST00525,STR027,2025-04-26,Delivered,157168.25
ORD004444,CUST01818,STR022,2025-05-25,Delivered,120951.9
ORD004445,CUST00882,STR040,2025-02-01,Delivered,2915.1
ORD004446,CUST01926,STR037,2025-03-26,Delivered,99474.65
ORD004447,CUST00821,STR009,2025-03-04,Delivered,109907.4
ORD004448,CUST00204,STR037,2025-02-16,Delivered,61705.15
ORD004449,CUST01582,STR040,2025-05-31,Delivered,97665.95
ORD004450,CUST00444,STR042,2025-04-27,Delivered,178936.45
ORD004451,CUST00754,STR028,2025-04-07,Delivered,9190.0
ORD004452,CUST00396,STR005,2025-05-08,Delivered,84287.8
ORD004453,CUST01600,STR035,2025-06-10,Delivered,106415.15
ORD004454,CUST00201,STR032,2025-03-24,Delivered,40594.3
ORD004455,CUST00471,STR041,2025-06-04,Pending,83253.15
ORD004456,CUST01584,STR019,2025-06-29,Delivered,14837.8
ORD004457,CUST01448,STR006,2025-01-28,Delivered,55142.35
ORD004458,CUST00726,STR050,2025-04-10,Shipped,32381.6
ORD004459,CUST01208,STR007,2025-03-16,Delivered,165930.4
ORD004460,CUST01751,STR046,2025-02-24,Delivered,25268.85
ORD004461,CUST00124,STR014,2025-04-15,Delivered,229808.35
ORD004462,CUST01708,STR025,2025-03-09,Delivered,136782.5
ORD004463,CUST01177,STR028,2025-02-15,Shipped,40793.75
ORD004464,CUST00674,STR044,2025-03-28,Processing,75763.2
ORD004465,CUST00283,STR025,2025-02-18,Delivered,49852.0
ORD004466,CUST01489,STR005,2025-06-04,Delivered,189207.85
ORD004467,CUST01121,STR044,2025-04-01,Delivered,6433.6
ORD004468,CUST01405,STR003,2025-01-28,Delivered,298831.75
ORD004469,CUST00163,STR004,2025-01-26,Delivered,190385.2
ORD004470,CUST01575,STR013,2025-02-14,Delivered,160604.7
ORD004471,CUST00960,STR036,2025-04-15,Delivered,58852.5
ORD004472,CUST00269,STR039,2025-02-05,Delivered,63355.8
ORD004473,CUST01909,STR029,2025-05-31,Shipped,135057.55
ORD004474,CUST01387,STR010,2025-04-17,Delivered,103339.25
ORD004475,CUST01316,STR030,2025-05-18,Delivered,2260.15
ORD004476,CUST01328,STR045,2025-05-15,Delivered,259928.6
ORD004477,CUST01929,STR034,2025-06-16,Returned,61560.95
ORD004478,CUST01087,STR015,2025-01-04,Delivered,53774.0
ORD004479,CUST00793,STR036,2025-05-01,Returned,171744.3
ORD004480,CUST00590,STR034,2025-01-28,Delivered,17544.0
ORD004481,CUST01678,STR027,2025-03-21,Delivered,42440.0
ORD004482,CUST00999,STR025,2025-02-19,Shipped,92962.1
ORD004483,CUST00500,STR020,2025-03-01,Shipped,49753.9
ORD004484,CUST00073,STR022,2025-05-26,Delivered,114689.85
ORD004485,CUST01419,STR010,2025-03-14,Delivered,46263.8
ORD004486,CUST00018,STR043,2025-06-14,Delivered,70997.3
ORD004487,CUST00598,STR046,2025-03-22,Delivered,14925.0
ORD004488,CUST00386,STR013,2025-05-26,Delivered,46977.8
ORD004489,CUST01419,STR022,2025-06-21,Processing,45727.3
ORD004490,CUST01792,STR011,2025-03-04,Delivered,79610.2
ORD004491,CUST00841,STR035,2025-06-30,Pending,190234.1
ORD004492,CUST01535,STR050,2025-04-17,Pending,114233.4
ORD004493,CUST01213,STR006,2025-05-17,Delivered,93869.0
ORD004494,CUST00295,STR004,2025-02-25,Shipped,173789.55
ORD004495,CUST01360,STR015,2025-02-03,Delivered,66690.0
ORD004496,CUST01046,STR015,2025-05-23,Delivered,186552.15
ORD004497,CUST00464,STR046,2025-03-02,Delivered,52664.4
ORD004498,CUST01677,STR036,2025-05-24,Pending,36602.1
ORD004499,CUST00962,STR050,2025-01-30,Cancelled,47312.85
ORD004500,CUST00126,STR050,2025-04-01,Delivered,33462.8
ORD004501,CUST00009,STR038,2025-05-09,Pending,130212.8
ORD004502,CUST01096,STR003,2025-05-21,Shipped,29587.65
ORD004503,CUST01193,STR015,2025-06-28,Shipped,282536.3
ORD004504,CUST01349,STR021,2025-01-30,Delivered,18272.0
ORD004505,CUST01248,STR033,2025-03-13,Shipped,283624.5
ORD004506,CUST01359,STR050,2025-03-01,Cancelled,75700.65
ORD004507,CUST00270,STR009,2025-05-14,Pending,84851.2
ORD004508,CUST01793,STR026,2025-01-13,Delivered,78220.0
ORD004509,CUST01776,STR001,2025-05-23,Delivered,94089.05
ORD004510,CUST01522,STR048,2025-01-25,Delivered,55586.0
ORD004511,CUST00143,STR029,2025-03-07,Delivered,64978.2
ORD004512,CUST00154,STR026,2025-01-13,Cancelled,10827.0
ORD004513,CUST01851,STR025,2025-03-17,Processing,48141.3
ORD004514,CUST01673,STR022,2025-06-26,Delivered,115903.8
ORD004515,CUST00125,STR030,2025-06-24,Delivered,122196.95
ORD004516,CUST01865,STR049,2025-01-23,Delivered,113339.9
ORD004517,CUST00228,STR029,2025-05-22,Delivered,10157.6
ORD004518,CUST00284,STR017,2025-01-08,Delivered,63811.4
ORD004519,CUST00481,STR007,2025-01-21,Cancelled,185032.55
ORD004520,CUST01388,STR006,2025-02-26,Delivered,80557.8
ORD004521,CUST00998,STR041,2025-02-07,Delivered,119159.2
ORD004522,CUST01046,STR041,2025-01-12,Delivered,55599.6
ORD004523,CUST01280,STR044,2025-04-11,Delivered,49533.0
ORD004524,CUST00324,STR040,2025-06-27,Cancelled,5113.8
ORD004525,CUST00356,STR002,2025-01-29,Delivered,141080.55
ORD004526,CUST01036,STR007,2025-02-10,Delivered,101105.6
ORD004527,CUST00675,STR008,2025-06-23,Delivered,217550.0
ORD004528,CUST00517,STR044,2025-01-28,Shipped,176391.6
ORD004529,CUST00869,STR013,2025-01-22,Cancelled,14034.6
ORD004530,CUST01529,STR010,2025-05-01,Delivered,80868.15
ORD004531,CUST01550,STR007,2025-03-19,Processing,44549.0
ORD004532,CUST01878,STR016,2025-04-12,Delivered,114508.15
ORD004533,CUST01241,STR044,2025-06-10,Delivered,201677.8
ORD004534,CUST00040,STR027,2025-04-19,Delivered,46969.9
ORD004535,CUST01948,STR007,2025-06-27,Delivered,75546.3
ORD004536,CUST01865,STR046,2025-06-26,Delivered,115312.8
ORD004537,CUST01470,STR039,2025-03-31,Cancelled,56390.7
ORD004538,CUST00341,STR041,2025-03-29,Delivered,135003.65
ORD004539,CUST01015,STR007,2025-01-05,Delivered,18051.75
ORD004540,CUST00623,STR046,2025-05-17,Delivered,154157.7
ORD004541,CUST00657,STR037,2025-05-15,Pending,111420.0
ORD004542,CUST01602,STR043,2025-05-26,Processing,102455.0
ORD004543,CUST01637,STR038,2025-03-01,Delivered,35529.15
ORD004544,CUST01225,STR045,2025-04-25,Delivered,243809.4
ORD004545,CUST01524,STR026,2025-04-06,Shipped,131813.3
ORD004546,CUST00333,STR031,2025-03-13,Shipped,58310.0
ORD004547,CUST01616,STR032,2025-02-23,Shipped,44585.2
ORD004548,CUST01759,STR043,2025-04-09,Delivered,23346.1
ORD004549,CUST00435,STR016,2025-03-09,Delivered,212091.3
ORD004550,CUST01979,STR022,2025-05-14,Delivered,314886.65
ORD004551,CUST01187,STR043,2025-02-11,Delivered,19666.45
ORD004552,CUST01822,STR017,2025-05-14,Returned,72102.5
ORD004553,CUST01655,STR017,2025-04-28,Delivered,112778.7
ORD004554,CUST00533,STR012,2025-01-24,Delivered,12205.0
ORD004555,CUST01250,STR022,2025-06-02,Shipped,172122.15
ORD004556,CUST01082,STR002,2025-02-02,Delivered,109927.0
ORD004557,CUST01015,STR014,2025-06-18,Delivered,38006.4
ORD004558,CUST00133,STR013,2025-03-11,Delivered,177984.9
ORD004559,CUST01997,STR009,2025-01-31,Delivered,21348.0
ORD004560,CUST00802,STR014,2025-06-06,Delivered,245504.4
ORD004561,CUST01392,STR016,2025-04-10,Delivered,78974.4
ORD004562,CUST01826,STR014,2025-03-06,Delivered,185674.2
ORD004563,CUST01004,STR034,2025-06-18,Processing,74706.25
ORD004564,CUST00127,STR037,2025-03-03,Delivered,52897.3
ORD004565,CUST00028,STR020,2025-01-05,Delivered,110227.6
ORD004566,CUST00934,STR014,2025-06-04,Delivered,71085.5
ORD004567,CUST00227,STR037,2025-04-03,Delivered,185913.7
ORD004568,CUST00836,STR013,2025-04-28,Pending,82908.0
ORD004569,CUST00724,STR050,2025-04-11,Delivered,140263.3
ORD004570,CUST01621,STR013,2025-03-22,Delivered,129056.8
ORD004571,CUST01975,STR032,2025-05-18,Processing,140501.0
ORD004572,CUST00110,STR037,2025-02-26,Delivered,21213.0
ORD004573,CUST01316,STR029,2025-04-04,Delivered,216064.4
ORD004574,CUST01623,STR003,2025-04-26,Delivered,102663.7
ORD004575,CUST01432,STR002,2025-05-12,Cancelled,43291.8
ORD004576,CUST01950,STR008,2025-04-10,Delivered,5628.0
ORD004577,CUST00626,STR002,2025-06-21,Shipped,169463.7
ORD004578,CUST01397,STR019,2025-06-13,Delivered,62814.6
ORD004579,CUST01713,STR044,2025-01-05,Delivered,139270.85
ORD004580,CUST01594,STR029,2025-01-10,Delivered,106324.0
ORD004581,CUST00775,STR035,2025-04-25,Shipped,82200.75
ORD004582,CUST01834,STR033,2025-02-01,Delivered,10764.0
ORD004583,CUST00578,STR023,2025-05-21,Shipped,220611.5
ORD004584,CUST00971,STR014,2025-04-14,Delivered,184694.9
ORD004585,CUST01779,STR011,2025-03-26,Shipped,114769.2
ORD004586,CUST01957,STR004,2025-04-27,Shipped,238426.15
ORD004587,CUST00419,STR022,2025-01-23,Delivered,109600.0
ORD004588,CUST01253,STR036,2025-06-11,Processing,29430.0
ORD004589,CUST01708,STR005,2025-05-18,Delivered,57673.4
ORD004590,CUST01635,STR044,2025-01-05,Delivered,48120.4
ORD004591,CUST00988,STR003,2025-04-05,Cancelled,18696.0
ORD004592,CUST01256,STR007,2025-01-10,Delivered,53172.6
ORD004593,CUST00806,STR021,2025-05-09,Shipped,68708.8
ORD004594,CUST01812,STR043,2025-05-31,Shipped,44380.0
ORD004595,CUST00274,STR018,2025-05-21,Shipped,49013.55
ORD004596,CUST00422,STR033,2025-05-14,Delivered,93741.5
ORD004597,CUST00570,STR018,2025-06-21,Delivered,114581.7
ORD004598,CUST00333,STR013,2025-04-14,Delivered,92480.25
ORD004599,CUST01514,STR010,2025-03-08,Delivered,35979.35
ORD004600,CUST01816,STR042,2025-03-22,Delivered,91098.9
ORD004601,CUST00604,STR044,2025-03-08,Delivered,228425.95
ORD004602,CUST01058,STR043,2025-05-17,Shipped,134398.2
ORD004603,CUST01781,STR014,2025-06-17,Processing,98481.0
ORD004604,CUST00146,STR006,2025-04-24,Cancelled,42534.0
ORD004605,CUST00489,STR046,2025-01-25,Delivered,21373.2
ORD004606,CUST00134,STR011,2025-04-22,Delivered,193260.3
ORD004607,CUST01953,STR036,2025-03-15,Pending,35330.5
ORD004608,CUST01084,STR047,2025-02-07,Processing,212301.3
ORD004609,CUST00193,STR020,2025-06-05,Cancelled,190333.8
ORD004610,CUST01006,STR042,2025-06-27,Delivered,64639.9
ORD004611,CUST01237,STR001,2025-02-18,Shipped,31406.5
ORD004612,CUST00798,STR011,2025-02-22,Delivered,178168.8
ORD004613,CUST00495,STR007,2025-02-23,Delivered,163624.45
ORD004614,CUST01346,STR038,2025-01-06,Delivered,74391.05
ORD004615,CUST01953,STR033,2025-04-16,Delivered,139994.85
ORD004616,CUST00164,STR017,2025-01-02,Delivered,90646.0
ORD004617,CUST01232,STR038,2025-03-10,Delivered,180002.5
ORD004618,CUST01677,STR032,2025-02-13,Delivered,78631.05
ORD004619,CUST01704,STR019,2025-05-05,Delivered,92856.6
ORD004620,CUST01058,STR020,2025-04-17,Delivered,56892.0
ORD004621,CUST01949,STR019,2025-05-18,Delivered,248888.7
ORD004622,CUST01328,STR050,2025-02-07,Processing,90299.3
ORD004623,CUST01734,STR019,2025-05-01,Processing,22356.0
ORD004624,CUST01019,STR040,2025-04-15,Delivered,372754.7
ORD004625,CUST01287,STR028,2025-05-11,Pending,116754.2
ORD004626,CUST01209,STR014,2025-02-18,Pending,53983.5
ORD004627,CUST01904,STR006,2025-05-04,Delivered,72265.85
ORD004628,CUST00227,STR002,2025-01-25,Delivered,288450.35
ORD004629,CUST01266,STR044,2025-01-09,Delivered,76004.5
ORD004630,CUST01177,STR036,2025-06-06,Delivered,68526.2
ORD004631,CUST01360,STR036,2025-06-15,Pending,47983.1
ORD004632,CUST00265,STR007,2025-01-30,Delivered,152110.9
ORD004633,CUST01998,STR046,2025-04-04,Shipped,57657.2
ORD004634,CUST00805,STR006,2025-05-25,Shipped,38267.7
ORD004635,CUST01780,STR016,2025-02-15,Processing,180684.1
ORD004636,CUST00644,STR027,2025-05-31,Delivered,70350.0
ORD004637,CUST01227,STR005,2025-02-05,Delivered,41210.1
ORD004638,CUST00736,STR023,2025-04-01,Delivered,70370.4
ORD004639,CUST00835,STR039,2025-02-04,Returned,38074.1
ORD004640,CUST01295,STR047,2025-02-01,Delivered,125396.1
ORD004641,CUST00314,STR046,2025-06-17,Delivered,72034.4
ORD004642,CUST01854,STR006,2025-04-23,Delivered,112652.0
ORD004643,CUST01889,STR019,2025-01-19,Delivered,18228.2
ORD004644,CUST00195,STR047,2025-03-02,Processing,15341.0
ORD004645,CUST01427,STR009,2025-01-12,Delivered,90915.4
ORD004646,CUST00249,STR002,2025-04-27,Delivered,170495.8
ORD004647,CUST01414,STR034,2025-01-13,Delivered,173540.0
ORD004648,CUST01689,STR042,2025-06-19,Delivered,132210.3
ORD004649,CUST00635,STR009,2025-05-05,Delivered,99014.2
ORD004650,CUST00840,STR040,2025-06-19,Cancelled,45854.1
ORD004651,CUST01117,STR003,2025-01-24,Delivered,25045.0
ORD004652,CUST01269,STR049,2025-01-25,Delivered,47226.6
ORD004653,CUST01729,STR028,2025-05-28,Delivered,140830.8
ORD004654,CUST00521,STR029,2025-04-07,Delivered,205105.2
ORD004655,CUST00779,STR017,2025-05-26,Delivered,55766.7
ORD004656,CUST00724,STR049,2025-06-12,Delivered,209769.05
ORD004657,CUST00773,STR027,2025-01-11,Delivered,180209.75
ORD004658,CUST01155,STR033,2025-01-16,Delivered,75714.0
ORD004659,CUST01358,STR039,2025-02-22,Delivered,181542.6
ORD004660,CUST01858,STR012,2025-02-16,Shipped,93941.6
ORD004661,CUST00301,STR006,2025-03-05,Delivered,54040.7
ORD004662,CUST00238,STR048,2025-03-14,Processing,104385.05
ORD004663,CUST01253,STR033,2025-06-06,Shipped,176068.1
ORD004664,CUST01875,STR007,2025-01-09,Delivered,71936.4
ORD004665,CUST00817,STR022,2025-02-22,Shipped,21273.8
ORD004666,CUST00718,STR028,2025-02-10,Delivered,169042.2
ORD004667,CUST01616,STR007,2025-02-04,Processing,135236.4
ORD004668,CUST01249,STR011,2025-06-14,Processing,136800.4
ORD004669,CUST01357,STR049,2025-05-29,Delivered,2606.8
ORD004670,CUST01552,STR024,2025-05-16,Delivered,144734.0
ORD004671,CUST01121,STR005,2025-01-08,Pending,271075.65
ORD004672,CUST01264,STR015,2025-02-07,Delivered,134665.8
ORD004673,CUST01226,STR005,2025-01-23,Delivered,68024.6
ORD004674,CUST01314,STR023,2025-04-15,Delivered,96634.8
ORD004675,CUST01631,STR008,2025-06-24,Delivered,76814.4
ORD004676,CUST00497,STR033,2025-06-01,Shipped,77275.85
ORD004677,CUST00393,STR022,2025-04-22,Delivered,165279.5
ORD004678,CUST01805,STR013,2025-03-26,Delivered,9618.4
ORD004679,CUST01953,STR005,2025-06-24,Delivered,26720.8
ORD004680,CUST00463,STR033,2025-02-16,Delivered,141417.4
ORD004681,CUST00833,STR038,2025-06-22,Cancelled,30134.7
ORD004682,CUST01150,STR036,2025-03-13,Delivered,249636.1
ORD004683,CUST01711,STR015,2025-01-31,Shipped,19878.75
ORD004684,CUST00180,STR038,2025-04-07,Delivered,56052.05
ORD004685,CUST01613,STR048,2025-02-16,Delivered,67841.4
ORD004686,CUST01806,STR033,2025-03-18,Delivered,30091.95
ORD004687,CUST01749,STR023,2025-06-19,Delivered,132115.2
ORD004688,CUST00224,STR039,2025-05-25,Cancelled,186529.6
ORD004689,CUST00815,STR036,2025-01-22,Delivered,12326.7
ORD004690,CUST00170,STR011,2025-05-02,Delivered,190843.05
ORD004691,CUST00564,STR043,2025-02-18,Delivered,12748.3
ORD004692,CUST00363,STR019,2025-05-06,Delivered,183028.5
ORD004693,CUST00955,STR006,2025-02-11,Delivered,141370.8
ORD004694,CUST01974,STR050,2025-01-13,Shipped,91431.75
ORD004695,CUST00153,STR043,2025-03-22,Delivered,142600.8
ORD004696,CUST00155,STR042,2025-06-20,Delivered,112184.0
ORD004697,CUST01122,STR048,2025-02-03,Delivered,175042.8
ORD004698,CUST00661,STR047,2025-03-31,Delivered,66046.35
ORD004699,CUST01564,STR003,2025-03-12,Processing,94961.45
ORD004700,CUST00484,STR017,2025-03-07,Delivered,84782.95
ORD004701,CUST00877,STR050,2025-05-30,Processing,251201.1
ORD004702,CUST01376,STR011,2025-04-16,Shipped,170670.0
ORD004703,CUST00096,STR049,2025-04-30,Delivered,3432.0
ORD004704,CUST01539,STR034,2025-02-28,Delivered,89763.0
ORD004705,CUST01413,STR017,2025-06-11,Cancelled,267317.75
ORD004706,CUST01657,STR002,2025-03-16,Delivered,153872.45
ORD004707,CUST01399,STR022,2025-03-07,Processing,40631.4
ORD004708,CUST01265,STR027,2025-01-01,Shipped,32220.0
ORD004709,CUST00409,STR041,2025-03-16,Delivered,140305.4
ORD004710,CUST01099,STR020,2025-01-24,Delivered,36134.2
ORD004711,CUST01803,STR029,2025-05-18,Delivered,3734.4
ORD004712,CUST01553,STR014,2025-01-17,Delivered,101195.4
ORD004713,CUST01486,STR022,2025-02-26,Cancelled,46994.6
ORD004714,CUST00534,STR004,2025-02-15,Delivered,85752.0
ORD004715,CUST01246,STR022,2025-01-21,Delivered,256599.7
ORD004716,CUST01117,STR027,2025-03-12,Delivered,200455.0
ORD004717,CUST01230,STR042,2025-01-04,Delivered,32946.9
ORD004718,CUST01094,STR032,2025-05-01,Delivered,173533.7
ORD004719,CUST00361,STR048,2025-02-05,Delivered,134538.3
ORD004720,CUST00754,STR030,2025-06-03,Delivered,131178.1
ORD004721,CUST01108,STR047,2025-03-01,Pending,79245.25
ORD004722,CUST00925,STR011,2025-05-21,Delivered,123264.05
ORD004723,CUST00656,STR048,2025-05-07,Delivered,113740.3
ORD004724,CUST01450,STR001,2025-02-18,Delivered,157491.8
ORD004725,CUST01686,STR034,2025-02-27,Delivered,139408.0
ORD004726,CUST00152,STR032,2025-03-21,Delivered,29044.0
ORD004727,CUST00734,STR038,2025-04-11,Processing,22798.7
ORD004728,CUST00756,STR027,2025-05-04,Delivered,193583.9
ORD004729,CUST00842,STR005,2025-06-26,Delivered,196110.2
ORD004730,CUST00683,STR002,2025-02-06,Delivered,103209.9
ORD004731,CUST01945,STR022,2025-01-09,Shipped,49504.65
ORD004732,CUST01480,STR001,2025-05-20,Delivered,95188.65
ORD004733,CUST00284,STR026,2025-04-09,Delivered,79273.85
ORD004734,CUST00225,STR028,2025-03-25,Delivered,37256.2
ORD004735,CUST01926,STR025,2025-06-11,Delivered,28704.3
ORD004736,CUST01440,STR040,2025-04-21,Delivered,66158.0
ORD004737,CUST00759,STR036,2025-05-02,Delivered,187721.9
ORD004738,CUST00832,STR025,2025-02-19,Cancelled,43851.8
ORD004739,CUST01189,STR008,2025-04-21,Cancelled,53027.75
ORD004740,CUST00969,STR005,2025-04-20,Delivered,125050.5
ORD004741,CUST00819,STR010,2025-05-28,Returned,93535.75
ORD004742,CUST00951,STR023,2025-01-31,Delivered,274000.55
ORD004743,CUST00322,STR022,2025-05-24,Delivered,78960.0
ORD004744,CUST01955,STR010,2025-06-16,Cancelled,16873.35
ORD004745,CUST00332,STR005,2025-05-06,Shipped,215999.65
ORD004746,CUST01927,STR050,2025-06-12,Delivered,98452.3
ORD004747,CUST01893,STR016,2025-04-25,Cancelled,2366.4
ORD004748,CUST01296,STR027,2025-06-16,Delivered,1788.85
ORD004749,CUST00392,STR004,2025-03-14,Delivered,108251.0
ORD004750,CUST00271,STR034,2025-04-03,Processing,8937.0
ORD004751,CUST01467,STR033,2025-03-22,Delivered,116086.2
ORD004752,CUST00995,STR004,2025-03-29,Delivered,116354.7
ORD004753,CUST00525,STR044,2025-04-08,Cancelled,59250.0
ORD004754,CUST00464,STR002,2025-04-21,Delivered,203098.7
ORD004755,CUST00226,STR047,2025-03-08,Delivered,51953.4
ORD004756,CUST01300,STR022,2025-02-10,Delivered,66059.1
ORD004757,CUST00409,STR046,2025-03-26,Delivered,3423.6
ORD004758,CUST01208,STR020,2025-04-27,Pending,100080.0
ORD004759,CUST00056,STR002,2025-01-21,Shipped,49837.2
ORD004760,CUST00504,STR033,2025-05-04,Shipped,89986.0
ORD004761,CUST01831,STR027,2025-03-22,Delivered,71904.15
ORD004762,CUST01412,STR027,2025-05-06,Delivered,238713.3
ORD004763,CUST01948,STR004,2025-01-12,Delivered,61318.8
ORD004764,CUST01988,STR024,2025-06-26,Delivered,161879.85
ORD004765,CUST01161,STR012,2025-04-10,Delivered,80712.0
ORD004766,CUST00384,STR047,2025-06-01,Delivered,9702.0
ORD004767,CUST00845,STR018,2025-04-11,Delivered,86745.2
ORD004768,CUST01898,STR017,2025-01-14,Delivered,145834.3
ORD004769,CUST00860,STR026,2025-06-20,Shipped,187289.0
ORD004770,CUST00912,STR033,2025-06-14,Delivered,59458.4
ORD004771,CUST01573,STR003,2025-04-17,Delivered,228914.2
ORD004772,CUST00997,STR007,2025-05-25,Delivered,235128.4
ORD004773,CUST01104,STR004,2025-02-07,Delivered,89349.6
ORD004774,CUST01136,STR012,2025-04-19,Processing,57632.1
ORD004775,CUST00883,STR049,2025-03-12,Shipped,173008.95
ORD004776,CUST01819,STR004,2025-04-17,Processing,27708.3
ORD004777,CUST00458,STR014,2025-03-13,Cancelled,1033.6
ORD004778,CUST00578,STR048,2025-05-29,Delivered,238497.2
ORD004779,CUST00291,STR022,2025-02-14,Delivered,136858.8
ORD004780,CUST00910,STR045,2025-03-05,Delivered,51284.8
ORD004781,CUST01822,STR047,2025-02-26,Delivered,10716.8
ORD004782,CUST00122,STR025,2025-02-25,Delivered,165523.9
ORD004783,CUST01959,STR016,2025-02-21,Delivered,77529.8
ORD004784,CUST00764,STR024,2025-01-20,Processing,116066.0
ORD004785,CUST01214,STR021,2025-05-30,Delivered,67351.4
ORD004786,CUST01759,STR005,2025-06-11,Pending,4324.0
ORD004787,CUST00597,STR048,2025-01-01,Delivered,108342.1
ORD004788,CUST00061,STR012,2025-03-13,Delivered,15202.0
ORD004789,CUST00148,STR045,2025-04-08,Shipped,19103.8
ORD004790,CUST00617,STR027,2025-03-13,Shipped,333204.4
ORD004791,CUST00585,STR015,2025-02-14,Delivered,58337.6
ORD004792,CUST00951,STR049,2025-02-03,Delivered,32752.0
ORD004793,CUST00312,STR007,2025-06-13,Delivered,94092.6
ORD004794,CUST00165,STR034,2025-03-18,Delivered,112548.6
ORD004795,CUST01609,STR004,2025-05-21,Pending,91260.25
ORD004796,CUST00337,STR050,2025-01-13,Processing,102586.7
ORD004797,CUST00423,STR047,2025-06-30,Delivered,159568.15
ORD004798,CUST00509,STR047,2025-06-25,Delivered,155123.6
ORD004799,CUST01979,STR035,2025-01-19,Delivered,107704.85
ORD004800,CUST02000,STR013,2025-01-02,Delivered,149155.4
ORD004801,CUST01358,STR016,2025-02-04,Delivered,42230.7
ORD004802,CUST00268,STR022,2025-02-04,Shipped,21729.4
ORD004803,CUST00478,STR010,2025-01-04,Delivered,190073.3
ORD004804,CUST01836,STR016,2025-01-14,Delivered,191404.3
ORD004805,CUST01421,STR007,2025-02-05,Delivered,93210.4
ORD004806,CUST01494,STR038,2025-02-18,Delivered,162243.8
ORD004807,CUST01995,STR037,2025-03-14,Delivered,139642.65
ORD004808,CUST00781,STR029,2025-02-23,Delivered,84194.7
ORD004809,CUST01898,STR036,2025-03-17,Delivered,145013.7
ORD004810,CUST00714,STR041,2025-02-08,Processing,124972.7
ORD004811,CUST00533,STR033,2025-02-04,Delivered,10660.0
ORD004812,CUST01452,STR044,2025-02-18,Processing,94859.6
ORD004813,CUST00958,STR023,2025-02-25,Delivered,87991.25
ORD004814,CUST01191,STR037,2025-05-23,Shipped,60289.45
ORD004815,CUST00670,STR040,2025-04-10,Delivered,132887.95
ORD004816,CUST00042,STR002,2025-04-16,Delivered,133070.8
ORD004817,CUST01549,STR018,2025-04-12,Delivered,99463.2
ORD004818,CUST01504,STR030,2025-06-25,Delivered,160069.65
ORD004819,CUST01508,STR013,2025-05-29,Delivered,192494.2
ORD004820,CUST00359,STR036,2025-01-03,Delivered,134001.3
ORD004821,CUST01711,STR036,2025-01-27,Delivered,52608.2
ORD004822,CUST00360,STR045,2025-06-24,Cancelled,104017.85
ORD004823,CUST00584,STR045,2025-06-17,Delivered,102681.8
ORD004824,CUST01972,STR002,2025-06-20,Cancelled,210109.8
ORD004825,CUST01933,STR030,2025-01-01,Delivered,38665.6
ORD004826,CUST00501,STR023,2025-02-04,Delivered,127576.0
ORD004827,CUST01906,STR033,2025-02-25,Shipped,9112.5
ORD004828,CUST01563,STR023,2025-02-28,Delivered,108664.2
ORD004829,CUST00554,STR001,2025-01-01,Delivered,1425.0
ORD004830,CUST01019,STR007,2025-02-02,Delivered,44214.9
ORD004831,CUST01417,STR011,2025-06-22,Delivered,9232.0
ORD004832,CUST01484,STR037,2025-04-13,Delivered,80036.4
ORD004833,CUST01028,STR034,2025-01-03,Returned,107047.6
ORD004834,CUST00083,STR011,2025-02-07,Delivered,75090.0
ORD004835,CUST01029,STR011,2025-02-27,Delivered,167206.4
ORD004836,CUST00135,STR050,2025-04-29,Delivered,184966.6
ORD004837,CUST01842,STR006,2025-02-07,Shipped,28820.95
ORD004838,CUST01124,STR010,2025-01-24,Delivered,289719.25
ORD004839,CUST01858,STR027,2025-04-25,Delivered,53814.6
ORD004840,CUST00272,STR010,2025-03-29,Processing,363457.9
ORD004841,CUST01973,STR045,2025-01-01,Delivered,101702.55
ORD004842,CUST01501,STR020,2025-03-03,Shipped,107185.65
ORD004843,CUST01824,STR019,2025-05-20,Pending,150301.25
ORD004844,CUST00758,STR042,2025-04-23,Pending,131934.2
ORD004845,CUST01303,STR008,2025-06-05,Pending,238605.6
ORD004846,CUST00874,STR011,2025-01-29,Cancelled,142702.4
ORD004847,CUST01487,STR009,2025-02-22,Delivered,103666.95
ORD004848,CUST00901,STR037,2025-03-26,Shipped,103650.3
ORD004849,CUST01210,STR018,2025-04-01,Delivered,151760.9
ORD004850,CUST00121,STR022,2025-03-02,Pending,190769.5
ORD004851,CUST01160,STR045,2025-01-31,Delivered,132695.35
ORD004852,CUST00811,STR045,2025-05-17,Shipped,125566.9
ORD004853,CUST01450,STR022,2025-05-02,Delivered,174867.7
ORD004854,CUST00702,STR022,2025-05-07,Shipped,161021.0
ORD004855,CUST01160,STR048,2025-01-24,Shipped,187688.6
ORD004856,CUST00470,STR004,2025-01-10,Delivered,62947.3
ORD004857,CUST00644,STR023,2025-03-22,Delivered,75881.25
ORD004858,CUST01873,STR050,2025-02-28,Shipped,183704.2
ORD004859,CUST01987,STR004,2025-03-16,Processing,87932.15
ORD004860,CUST00786,STR024,2025-04-24,Delivered,108086.6
ORD004861,CUST00310,STR047,2025-06-28,Delivered,343347.05
ORD004862,CUST01705,STR024,2025-02-06,Shipped,70684.3
ORD004863,CUST00304,STR008,2025-04-13,Processing,130811.05
ORD004864,CUST00227,STR043,2025-05-30,Delivered,55350.4
ORD004865,CUST00520,STR021,2025-02-07,Delivered,23454.0
ORD004866,CUST01464,STR034,2025-02-20,Delivered,35100.0
ORD004867,CUST01395,STR013,2025-02-25,Processing,242868.3
ORD004868,CUST01756,STR019,2025-06-14,Delivered,189845.5
ORD004869,CUST01039,STR045,2025-02-08,Delivered,43999.2
ORD004870,CUST00644,STR048,2025-04-08,Delivered,157205.4
ORD004871,CUST01486,STR028,2025-03-14,Delivered,103703.7
ORD004872,CUST00461,STR046,2025-04-11,Processing,101993.4
ORD004873,CUST00270,STR043,2025-03-02,Delivered,40071.6
ORD004874,CUST01330,STR034,2025-01-01,Delivered,142857.8
ORD004875,CUST01806,STR042,2025-02-19,Delivered,3024.3
ORD004876,CUST01364,STR048,2025-01-31,Delivered,133410.75
ORD004877,CUST00233,STR014,2025-01-13,Cancelled,143027.3
ORD004878,CUST01646,STR025,2025-03-12,Delivered,215472.3
ORD004879,CUST00019,STR027,2025-04-06,Delivered,6385.9
ORD004880,CUST01981,STR039,2025-06-12,Delivered,16408.0
ORD004881,CUST00174,STR015,2025-03-21,Shipped,185474.9
ORD004882,CUST00105,STR006,2025-05-22,Processing,103790.85
ORD004883,CUST01616,STR039,2025-02-14,Delivered,90016.2
ORD004884,CUST01500,STR001,2025-01-24,Shipped,232248.8
ORD004885,CUST00520,STR015,2025-05-27,Shipped,18081.9
ORD004886,CUST00933,STR047,2025-03-26,Processing,326497.7
ORD004887,CUST01806,STR045,2025-02-06,Pending,65611.5
ORD004888,CUST01813,STR020,2025-01-10,Delivered,16045.2
ORD004889,CUST01454,STR042,2025-01-08,Delivered,122349.6
ORD004890,CUST00232,STR019,2025-01-28,Delivered,156942.9
ORD004891,CUST01379,STR023,2025-01-11,Shipped,56919.3
ORD004892,CUST01218,STR030,2025-01-26,Delivered,121896.0
ORD004893,CUST00374,STR041,2025-01-01,Cancelled,284732.4
ORD004894,CUST01673,STR019,2025-05-29,Delivered,135259.0
ORD004895,CUST00811,STR009,2025-06-29,Delivered,159700.7
ORD004896,CUST00803,STR011,2025-02-06,Delivered,4176.0
ORD004897,CUST00694,STR026,2025-02-12,Processing,166243.5
ORD004898,CUST00479,STR032,2025-04-15,Delivered,195394.9
ORD004899,CUST00034,STR015,2025-06-20,Delivered,203621.1
ORD004900,CUST01485,STR046,2025-01-14,Delivered,217741.6
ORD004901,CUST00062,STR048,2025-06-26,Pending,215434.6
ORD004902,CUST00364,STR026,2025-03-29,Delivered,338842.9
ORD004903,CUST00052,STR024,2025-05-24,Pending,11725.1
ORD004904,CUST00129,STR025,2025-04-01,Delivered,218174.2
ORD004905,CUST00710,STR045,2025-03-22,Delivered,24584.0
ORD004906,CUST01819,STR046,2025-06-22,Delivered,132195.4
ORD004907,CUST00182,STR039,2025-06-18,Processing,73113.9
ORD004908,CUST01130,STR022,2025-03-01,Pending,98173.65
ORD004909,CUST00534,STR002,2025-02-22,Shipped,121539.0
ORD004910,CUST00348,STR013,2025-01-12,Cancelled,159102.4
ORD004911,CUST00531,STR024,2025-03-20,Delivered,52625.45
ORD004912,CUST01536,STR050,2025-06-25,Processing,49666.6
ORD004913,CUST00240,STR050,2025-06-11,Pending,104657.7
ORD004914,CUST01609,STR007,2025-06-16,Delivered,104151.7
ORD004915,CUST00360,STR026,2025-03-20,Returned,211692.2
ORD004916,CUST00825,STR033,2025-06-28,Delivered,79503.7
ORD004917,CUST00506,STR040,2025-05-31,Returned,120078.6
ORD004918,CUST00345,STR005,2025-01-16,Pending,107445.2
ORD004919,CUST00153,STR010,2025-01-20,Delivered,94111.4
ORD004920,CUST00872,STR031,2025-03-15,Cancelled,116109.7
ORD004921,CUST00369,STR003,2025-04-02,Delivered,200281.65
ORD004922,CUST00168,STR011,2025-05-20,Returned,47653.05
ORD004923,CUST01897,STR007,2025-02-07,Delivered,154788.15
ORD004924,CUST01029,STR008,2025-06-25,Delivered,98916.0
ORD004925,CUST00676,STR026,2025-06-09,Delivered,101892.25
ORD004926,CUST00209,STR003,2025-05-21,Delivered,39519.5
ORD004927,CUST00235,STR024,2025-01-20,Delivered,84243.95
ORD004928,CUST00033,STR005,2025-06-29,Processing,27635.4
ORD004929,CUST01429,STR047,2025-04-25,Delivered,88928.0
ORD004930,CUST01683,STR038,2025-01-21,Delivered,8458.35
ORD004931,CUST00753,STR035,2025-02-17,Delivered,175756.8
ORD004932,CUST00844,STR029,2025-02-18,Cancelled,92692.0
ORD004933,CUST01644,STR046,2025-04-19,Delivered,145120.0
ORD004934,CUST00253,STR006,2025-01-03,Delivered,56823.1
ORD004935,CUST00805,STR010,2025-02-05,Delivered,51583.5
ORD004936,CUST01161,STR050,2025-06-12,Delivered,153199.85
ORD004937,CUST00074,STR013,2025-04-13,Delivered,179083.85
ORD004938,CUST00809,STR005,2025-01-09,Delivered,28234.8
ORD004939,CUST01765,STR015,2025-01-04,Processing,85392.0
ORD004940,CUST00295,STR049,2025-05-13,Delivered,31693.5
ORD004941,CUST00216,STR041,2025-01-10,Delivered,174060.95
ORD004942,CUST00379,STR033,2025-06-04,Delivered,30689.75
ORD004943,CUST01045,STR030,2025-02-01,Delivered,31130.0
ORD004944,CUST00112,STR006,2025-02-12,Delivered,87385.9
ORD004945,CUST01446,STR048,2025-03-08,Delivered,49916.8
ORD004946,CUST00721,STR047,2025-04-22,Delivered,124412.5
ORD004947,CUST00187,STR019,2025-04-04,Processing,188398.8
ORD004948,CUST00068,STR045,2025-01-26,Delivered,28660.25
ORD004949,CUST01764,STR009,2025-05-30,Shipped,114815.2
ORD004950,CUST01105,STR028,2025-03-08,Delivered,150094.35
ORD004951,CUST00074,STR006,2025-06-22,Delivered,10719.0
ORD004952,CUST00630,STR015,2025-01-11,Delivered,108724.4
ORD004953,CUST00276,STR034,2025-01-04,Shipped,57625.9
ORD004954,CUST00590,STR041,2025-03-04,Delivered,33160.5
ORD004955,CUST00215,STR007,2025-04-24,Delivered,30906.6
ORD004956,CUST00698,STR033,2025-02-26,Delivered,55595.1
ORD004957,CUST00653,STR042,2025-05-17,Delivered,32068.15
ORD004958,CUST02000,STR002,2025-02-01,Delivered,141422.4
ORD004959,CUST01018,STR007,2025-04-06,Delivered,122604.0
ORD004960,CUST01579,STR009,2025-04-07,Pending,71308.2
ORD004961,CUST00057,STR028,2025-01-31,Delivered,41562.0
ORD004962,CUST01232,STR029,2025-03-06,Delivered,135034.7
ORD004963,CUST01606,STR024,2025-03-06,Delivered,85070.0
ORD004964,CUST00348,STR029,2025-01-09,Delivered,155568.3
ORD004965,CUST00927,STR023,2025-03-08,Delivered,157205.15
ORD004966,CUST00946,STR025,2025-02-25,Delivered,150741.4
ORD004967,CUST00511,STR050,2025-04-26,Delivered,125915.85
ORD004968,CUST00172,STR043,2025-02-16,Delivered,224473.65
ORD004969,CUST01561,STR023,2025-04-20,Shipped,195355.05
ORD004970,CUST01947,STR019,2025-01-13,Shipped,34367.2
ORD004971,CUST00603,STR049,2025-04-07,Delivered,45723.6
ORD004972,CUST00139,STR050,2025-01-19,Shipped,49886.4
ORD004973,CUST01275,STR020,2025-02-27,Delivered,49020.0
ORD004974,CUST00233,STR048,2025-02-24,Processing,41676.3
ORD004975,CUST01947,STR010,2025-03-17,Delivered,26414.4
ORD004976,CUST01471,STR019,2025-03-17,Returned,103976.4
ORD004977,CUST00152,STR033,2025-06-12,Delivered,148524.15
ORD004978,CUST01470,STR050,2025-01-08,Cancelled,222126.5
ORD004979,CUST00273,STR034,2025-05-17,Pending,190526.3
ORD004980,CUST00371,STR043,2025-05-08,Delivered,99492.9
ORD004981,CUST01661,STR030,2025-04-08,Delivered,169957.8
ORD004982,CUST01709,STR037,2025-04-15,Delivered,73900.25
ORD004983,CUST00027,STR041,2025-02-07,Delivered,57054.55
ORD004984,CUST01891,STR002,2025-01-22,Delivered,150688.0
ORD004985,CUST00096,STR008,2025-04-02,Delivered,63436.8
ORD004986,CUST01872,STR036,2025-06-04,Delivered,15751.0
ORD004987,CUST00215,STR027,2025-03-07,Delivered,22532.0
ORD004988,CUST00824,STR011,2025-04-25,Delivered,68037.8
ORD004989,CUST01598,STR037,2025-02-11,Delivered,207067.7
ORD004990,CUST00742,STR027,2025-05-09,Delivered,87768.0
ORD004991,CUST00991,STR030,2025-05-31,Shipped,104132.85
ORD004992,CUST00087,STR048,2025-05-24,Shipped,252666.0
ORD004993,CUST01109,STR038,2025-04-19,Delivered,136068.45
ORD004994,CUST00477,STR011,2025-02-13,Delivered,99270.0
ORD004995,CUST01379,STR022,2025-02-09,Delivered,15078.0
ORD004996,CUST01141,STR050,2025-06-15,Delivered,7968.0
ORD004997,CUST01590,STR008,2025-04-27,Returned,23320.6
ORD004998,CUST01019,STR039,2025-01-22,Processing,165641.35
ORD004999,CUST01782,STR043,2025-03-03,Cancelled,120729.65
ORD005000,CUST01487,STR036,2025-04-05,Processing,4815.9
ORD005001,CUST01338,STR008,2025-04-15,Delivered,203280.65
ORD005002,CUST00052,STR021,2025-03-27,Delivered,29232.35
ORD005003,CUST01843,STR032,2025-03-08,Processing,70095.75
ORD005004,CUST00862,STR009,2025-01-09,Delivered,155487.8
ORD005005,CUST00497,STR049,2025-05-19,Delivered,139641.0
ORD005006,CUST00391,STR037,2025-05-05,Pending,26772.45
ORD005007,CUST01893,STR048,2025-01-18,Delivered,158585.6
ORD005008,CUST01517,STR021,2025-04-03,Cancelled,75033.85
ORD005009,CUST01792,STR005,2025-02-12,Pending,227243.65
ORD005010,CUST00968,STR013,2025-05-23,Delivered,24127.6
ORD005011,CUST01707,STR032,2025-03-10,Delivered,249776.75
ORD005012,CUST00444,STR044,2025-03-30,Delivered,168584.75
ORD005013,CUST01186,STR047,2025-05-17,Delivered,39710.7
ORD005014,CUST01472,STR018,2025-04-04,Delivered,214800.75
ORD005015,CUST00720,STR007,2025-02-07,Returned,69474.45
ORD005016,CUST00084,STR021,2025-03-16,Delivered,99126.0
ORD005017,CUST00109,STR017,2025-06-02,Delivered,122819.8
ORD005018,CUST01000,STR013,2025-04-21,Delivered,83246.1
ORD005019,CUST01131,STR022,2025-01-04,Shipped,95201.4
ORD005020,CUST01483,STR002,2025-01-26,Delivered,20425.6
ORD005021,CUST00612,STR011,2025-05-28,Delivered,106004.1
ORD005022,CUST00615,STR028,2025-01-18,Delivered,55612.0
ORD005023,CUST00232,STR025,2025-04-07,Delivered,51529.7
ORD005024,CUST01607,STR043,2025-02-24,Cancelled,210958.85
ORD005025,CUST00377,STR006,2025-05-21,Delivered,49780.8
ORD005026,CUST00475,STR011,2025-01-26,Delivered,114704.35
ORD005027,CUST00950,STR028,2025-02-27,Delivered,273803.9
ORD005028,CUST01827,STR028,2025-05-20,Delivered,31759.2
ORD005029,CUST00172,STR029,2025-02-22,Delivered,22500.3
ORD005030,CUST00692,STR018,2025-01-27,Delivered,110189.1
ORD005031,CUST00943,STR001,2025-06-30,Delivered,80316.5
ORD005032,CUST01031,STR013,2025-04-19,Pending,294926.25
ORD005033,CUST00880,STR021,2025-05-11,Delivered,93986.4
ORD005034,CUST00933,STR047,2025-01-13,Delivered,33475.2
ORD005035,CUST01515,STR025,2025-05-17,Processing,38782.0
ORD005036,CUST00351,STR025,2025-05-24,Delivered,214771.25
ORD005037,CUST01470,STR035,2025-06-30,Processing,115476.3
ORD005038,CUST00492,STR048,2025-05-25,Delivered,63870.55
ORD005039,CUST00714,STR043,2025-05-09,Delivered,247101.6
ORD005040,CUST00189,STR019,2025-02-24,Cancelled,168058.05
ORD005041,CUST00554,STR042,2025-02-07,Processing,160526.4
ORD005042,CUST01910,STR013,2025-04-25,Delivered,141772.8
ORD005043,CUST00266,STR015,2025-04-15,Delivered,17363.2
ORD005044,CUST01545,STR043,2025-05-07,Delivered,76623.25
ORD005045,CUST00641,STR006,2025-06-19,Delivered,288059.75
ORD005046,CUST00543,STR028,2025-06-23,Delivered,132230.4
ORD005047,CUST00044,STR019,2025-05-04,Delivered,177054.35
ORD005048,CUST01124,STR013,2025-03-09,Delivered,123622.9
ORD005049,CUST00673,STR019,2025-01-16,Processing,43515.7
ORD005050,CUST00040,STR037,2025-05-19,Delivered,121804.5
ORD005051,CUST01097,STR038,2025-02-21,Processing,66646.4
ORD005052,CUST01003,STR044,2025-02-22,Delivered,138344.2
ORD005053,CUST00155,STR045,2025-01-23,Delivered,259403.3
ORD005054,CUST00498,STR021,2025-04-30,Delivered,101254.3
ORD005055,CUST00689,STR034,2025-04-10,Shipped,149013.7
ORD005056,CUST00366,STR030,2025-05-18,Delivered,104010.4
ORD005057,CUST00739,STR050,2025-05-29,Delivered,55964.0
ORD005058,CUST00890,STR015,2025-02-25,Delivered,134475.55
ORD005059,CUST00982,STR011,2025-04-14,Delivered,7854.6
ORD005060,CUST00872,STR022,2025-06-05,Delivered,101191.0
ORD005061,CUST01995,STR006,2025-03-23,Delivered,189381.0
ORD005062,CUST01654,STR047,2025-01-25,Delivered,235760.4
ORD005063,CUST01598,STR037,2025-05-31,Delivered,21178.8
ORD005064,CUST00350,STR003,2025-06-09,Cancelled,67847.35
ORD005065,CUST00071,STR006,2025-05-23,Delivered,39295.8
ORD005066,CUST00516,STR044,2025-01-15,Delivered,77162.8
ORD005067,CUST00977,STR010,2025-01-16,Delivered,29499.0
ORD005068,CUST01480,STR020,2025-02-20,Delivered,214396.2
ORD005069,CUST01478,STR035,2025-05-20,Delivered,125444.0
ORD005070,CUST00430,STR033,2025-04-08,Shipped,90224.15
ORD005071,CUST01549,STR044,2025-06-18,Delivered,72235.15
ORD005072,CUST01852,STR012,2025-02-22,Delivered,14195.85
ORD005073,CUST00420,STR009,2025-03-30,Delivered,205893.7
ORD005074,CUST00027,STR007,2025-04-07,Delivered,75479.5
ORD005075,CUST00257,STR039,2025-01-10,Delivered,280612.6
ORD005076,CUST01883,STR010,2025-02-02,Delivered,88149.15
ORD005077,CUST00495,STR033,2025-06-23,Delivered,142386.6
ORD005078,CUST01777,STR045,2025-04-21,Delivered,72064.4
ORD005079,CUST00730,STR030,2025-01-16,Returned,249467.1
ORD005080,CUST00126,STR020,2025-01-08,Pending,94592.65
ORD005081,CUST01356,STR015,2025-02-18,Processing,128452.75
ORD005082,CUST00405,STR044,2025-03-30,Delivered,114787.8
ORD005083,CUST01546,STR023,2025-03-27,Delivered,46888.0
ORD005084,CUST01221,STR026,2025-05-20,Delivered,242840.8
ORD005085,CUST01465,STR044,2025-05-19,Delivered,372461.7
ORD005086,CUST01965,STR043,2025-06-15,Delivered,253256.8
ORD005087,CUST01434,STR028,2025-03-01,Delivered,80037.0
ORD005088,CUST01510,STR031,2025-03-15,Delivered,147428.55
ORD005089,CUST01707,STR038,2025-01-08,Delivered,49761.05
ORD005090,CUST01418,STR027,2025-06-01,Delivered,134399.4
ORD005091,CUST00519,STR003,2025-01-30,Delivered,235308.6
ORD005092,CUST00379,STR037,2025-05-03,Delivered,116930.65
ORD005093,CUST00100,STR019,2025-03-16,Pending,54828.9
ORD005094,CUST00555,STR043,2025-02-28,Delivered,256080.4
ORD005095,CUST01772,STR017,2025-05-01,Delivered,144943.9
ORD005096,CUST01534,STR011,2025-06-10,Shipped,33201.8
ORD005097,CUST00481,STR028,2025-03-23,Processing,272088.25
ORD005098,CUST01915,STR047,2025-05-18,Pending,41456.2
ORD005099,CUST00996,STR020,2025-02-03,Delivered,275499.5
ORD005100,CUST00433,STR011,2025-01-03,Delivered,238053.5
ORD005101,CUST01505,STR002,2025-06-15,Shipped,77798.4
ORD005102,CUST00297,STR049,2025-04-30,Delivered,198556.8
ORD005103,CUST00311,STR015,2025-01-23,Delivered,178659.0
ORD005104,CUST01858,STR030,2025-03-02,Cancelled,35174.8
ORD005105,CUST00788,STR023,2025-01-27,Delivered,64031.5
ORD005106,CUST00127,STR035,2025-05-30,Shipped,89679.2
ORD005107,CUST00110,STR022,2025-06-12,Delivered,180178.35
ORD005108,CUST00602,STR028,2025-02-01,Pending,140604.15
ORD005109,CUST01947,STR003,2025-03-16,Delivered,118451.6
ORD005110,CUST01681,STR008,2025-03-27,Delivered,59561.2
ORD005111,CUST01762,STR003,2025-03-27,Delivered,70864.2
ORD005112,CUST00899,STR031,2025-04-02,Delivered,56744.45
ORD005113,CUST00293,STR048,2025-03-02,Delivered,281909.5
ORD005114,CUST00684,STR046,2025-04-15,Processing,10236.0
ORD005115,CUST01251,STR047,2025-04-17,Delivered,96201.3
ORD005116,CUST00778,STR010,2025-04-07,Delivered,184777.4
ORD005117,CUST01703,STR011,2025-03-04,Delivered,114737.5
ORD005118,CUST00867,STR043,2025-01-12,Shipped,372927.9
ORD005119,CUST01130,STR039,2025-03-12,Processing,38370.0
ORD005120,CUST01645,STR020,2025-03-22,Delivered,28146.7
ORD005121,CUST00241,STR027,2025-01-12,Delivered,63661.7
ORD005122,CUST01252,STR013,2025-04-17,Delivered,310557.4
ORD005123,CUST01624,STR025,2025-06-05,Delivered,164479.95
ORD005124,CUST01661,STR005,2025-01-23,Processing,252474.95
ORD005125,CUST00377,STR022,2025-06-05,Delivered,196848.2
ORD005126,CUST02000,STR050,2025-02-27,Delivered,165792.4
ORD005127,CUST01508,STR023,2025-05-22,Delivered,104596.8
ORD005128,CUST01455,STR011,2025-01-24,Shipped,110326.05
ORD005129,CUST00368,STR017,2025-01-25,Delivered,33172.4
ORD005130,CUST01830,STR012,2025-01-01,Delivered,38315.3
ORD005131,CUST00257,STR014,2025-06-08,Delivered,219121.3
ORD005132,CUST01552,STR024,2025-03-26,Delivered,146692.4
ORD005133,CUST00180,STR010,2025-03-09,Processing,169960.1
ORD005134,CUST01626,STR038,2025-03-31,Delivered,242956.8
ORD005135,CUST00725,STR010,2025-03-29,Shipped,103473.9
ORD005136,CUST01614,STR012,2025-04-20,Delivered,93788.1
ORD005137,CUST01555,STR041,2025-06-17,Delivered,73790.9
ORD005138,CUST00259,STR039,2025-03-01,Processing,1337.6
ORD005139,CUST00813,STR035,2025-03-11,Cancelled,76065.05
ORD005140,CUST01372,STR037,2025-05-08,Delivered,18288.0
ORD005141,CUST01523,STR046,2025-01-03,Delivered,93528.1
ORD005142,CUST01773,STR026,2025-03-21,Delivered,85091.4
ORD005143,CUST01637,STR015,2025-01-07,Delivered,149145.0
ORD005144,CUST00206,STR040,2025-06-02,Shipped,101682.3
ORD005145,CUST00355,STR038,2025-02-28,Delivered,197112.8
ORD005146,CUST00911,STR015,2025-06-12,Delivered,9313.6
ORD005147,CUST00137,STR028,2025-03-08,Delivered,92136.35
ORD005148,CUST00118,STR028,2025-04-12,Pending,13440.0
ORD005149,CUST01403,STR043,2025-05-06,Delivered,30347.55
ORD005150,CUST01152,STR034,2025-06-01,Delivered,233871.0
ORD005151,CUST01506,STR021,2025-06-12,Delivered,36185.15
ORD005152,CUST00231,STR005,2025-03-20,Delivered,136413.35
ORD005153,CUST00958,STR048,2025-05-06,Delivered,277981.4
ORD005154,CUST00665,STR029,2025-02-04,Delivered,72196.75
ORD005155,CUST01420,STR025,2025-01-04,Delivered,24400.95
ORD005156,CUST00510,STR015,2025-03-20,Delivered,57083.4
ORD005157,CUST01949,STR002,2025-02-19,Delivered,7241.0
ORD005158,CUST01581,STR021,2025-02-08,Cancelled,59978.6
ORD005159,CUST00804,STR004,2025-03-26,Pending,101762.85
ORD005160,CUST01398,STR043,2025-06-09,Pending,148733.85
ORD005161,CUST00162,STR010,2025-04-22,Delivered,148990.1
ORD005162,CUST01918,STR015,2025-01-06,Delivered,157341.3
ORD005163,CUST01262,STR048,2025-06-14,Delivered,148987.5
ORD005164,CUST01672,STR035,2025-05-12,Shipped,91422.6
ORD005165,CUST01081,STR050,2025-02-08,Returned,101928.0
ORD005166,CUST00422,STR025,2025-05-02,Delivered,99288.9
ORD005167,CUST00597,STR015,2025-06-23,Processing,87267.5
ORD005168,CUST01107,STR024,2025-03-04,Processing,144853.35
ORD005169,CUST00846,STR007,2025-03-08,Delivered,149231.55
ORD005170,CUST00298,STR014,2025-01-18,Delivered,196674.2
ORD005171,CUST00712,STR016,2025-04-20,Delivered,144563.75
ORD005172,CUST01445,STR036,2025-01-31,Delivered,37439.1
ORD005173,CUST00481,STR012,2025-02-24,Shipped,163753.55
ORD005174,CUST00517,STR030,2025-06-04,Processing,132774.4
ORD005175,CUST00994,STR046,2025-04-22,Delivered,93998.7
ORD005176,CUST00829,STR017,2025-04-24,Shipped,112252.5
ORD005177,CUST00751,STR036,2025-05-12,Shipped,32832.4
ORD005178,CUST01351,STR045,2025-04-02,Processing,99339.0
ORD005179,CUST01519,STR026,2025-01-08,Shipped,64999.6
ORD005180,CUST01814,STR049,2025-01-29,Processing,208575.0
ORD005181,CUST00590,STR050,2025-05-04,Shipped,133515.0
ORD005182,CUST00109,STR009,2025-01-12,Delivered,107578.45
ORD005183,CUST00401,STR012,2025-03-05,Delivered,167230.9
ORD005184,CUST01426,STR035,2025-04-22,Delivered,19214.25
ORD005185,CUST00680,STR037,2025-03-02,Delivered,60487.0
ORD005186,CUST00167,STR034,2025-02-08,Delivered,124246.8
ORD005187,CUST00815,STR014,2025-03-23,Delivered,226918.1
ORD005188,CUST00866,STR028,2025-06-05,Delivered,122166.35
ORD005189,CUST01485,STR013,2025-03-09,Shipped,249236.2
ORD005190,CUST01058,STR033,2025-06-28,Delivered,9012.0
ORD005191,CUST00737,STR038,2025-04-30,Cancelled,159587.15
ORD005192,CUST01023,STR029,2025-05-27,Delivered,44642.7
ORD005193,CUST00924,STR022,2025-03-01,Delivered,67529.6
ORD005194,CUST01220,STR020,2025-01-09,Delivered,27156.7
ORD005195,CUST01366,STR022,2025-04-25,Delivered,266028.35
ORD005196,CUST01416,STR017,2025-01-13,Delivered,60083.1
ORD005197,CUST00192,STR002,2025-01-25,Returned,32801.6
ORD005198,CUST00165,STR012,2025-06-01,Processing,32330.1
ORD005199,CUST00794,STR010,2025-01-13,Delivered,67627.7
ORD005200,CUST01370,STR017,2025-05-08,Shipped,6923.25
ORD005201,CUST00885,STR033,2025-01-21,Delivered,162946.3
ORD005202,CUST00341,STR029,2025-03-20,Delivered,165737.7
ORD005203,CUST00896,STR005,2025-01-20,Delivered,219082.05
ORD005204,CUST01473,STR021,2025-05-27,Delivered,212641.8
ORD005205,CUST00432,STR011,2025-01-28,Delivered,114312.6
ORD005206,CUST00120,STR041,2025-02-07,Cancelled,100905.1
ORD005207,CUST01241,STR007,2025-06-09,Delivered,80558.3
ORD005208,CUST00023,STR034,2025-01-17,Delivered,22507.2
ORD005209,CUST00458,STR027,2025-03-08,Cancelled,126152.1
ORD005210,CUST00042,STR009,2025-04-03,Delivered,146068.5
ORD005211,CUST00507,STR019,2025-06-13,Delivered,61929.25
ORD005212,CUST00456,STR040,2025-03-13,Delivered,124809.0
ORD005213,CUST01085,STR042,2025-06-13,Delivered,143724.85
ORD005214,CUST01851,STR038,2025-02-26,Pending,90698.4
ORD005215,CUST01696,STR014,2025-02-14,Delivered,284793.4
ORD005216,CUST00952,STR006,2025-03-24,Delivered,53961.7
ORD005217,CUST01574,STR017,2025-03-11,Delivered,109836.95
ORD005218,CUST01440,STR040,2025-04-29,Delivered,71805.6
ORD005219,CUST00340,STR033,2025-02-07,Processing,226492.25
ORD005220,CUST00509,STR038,2025-05-20,Delivered,41049.0
ORD005221,CUST00030,STR017,2025-02-01,Delivered,85743.2
ORD005222,CUST00752,STR006,2025-03-24,Delivered,165681.0
ORD005223,CUST00749,STR029,2025-06-18,Delivered,160005.7
ORD005224,CUST01220,STR011,2025-03-23,Processing,117178.7
ORD005225,CUST00255,STR048,2025-01-13,Delivered,151700.85
ORD005226,CUST00059,STR002,2025-04-01,Delivered,136108.1
ORD005227,CUST00949,STR038,2025-04-23,Delivered,195411.2
ORD005228,CUST01077,STR040,2025-04-19,Delivered,214488.6
ORD005229,CUST00502,STR001,2025-03-25,Delivered,42585.0
ORD005230,CUST01679,STR036,2025-06-21,Cancelled,110763.8
ORD005231,CUST01833,STR036,2025-05-13,Processing,184684.95
ORD005232,CUST01228,STR047,2025-05-15,Delivered,90148.2
ORD005233,CUST01429,STR020,2025-01-25,Delivered,195785.15
ORD005234,CUST00391,STR039,2025-06-01,Delivered,208883.8
ORD005235,CUST00097,STR047,2025-02-21,Delivered,143753.45
ORD005236,CUST00583,STR002,2025-01-17,Cancelled,71064.75
ORD005237,CUST01494,STR031,2025-01-09,Cancelled,29771.2
ORD005238,CUST01400,STR039,2025-04-02,Processing,79233.2
ORD005239,CUST01563,STR032,2025-03-01,Pending,4808.0
ORD005240,CUST01231,STR039,2025-01-02,Delivered,90126.4
ORD005241,CUST01907,STR006,2025-03-25,Returned,62232.75
ORD005242,CUST01314,STR046,2025-03-21,Delivered,141976.65
ORD005243,CUST01536,STR034,2025-05-27,Cancelled,117031.3
ORD005244,CUST00317,STR007,2025-02-02,Delivered,118864.2
ORD005245,CUST01692,STR018,2025-06-13,Delivered,63712.05
ORD005246,CUST00436,STR005,2025-04-17,Processing,95502.0
ORD005247,CUST01075,STR048,2025-06-19,Shipped,106402.8
ORD005248,CUST01825,STR041,2025-02-05,Returned,109430.8
ORD005249,CUST01611,STR022,2025-06-29,Processing,59791.75
ORD005250,CUST01985,STR029,2025-03-24,Delivered,45804.0
ORD005251,CUST00418,STR026,2025-03-07,Pending,22941.5
ORD005252,CUST00285,STR006,2025-03-02,Delivered,31281.6
ORD005253,CUST01041,STR040,2025-06-24,Delivered,168773.6
ORD005254,CUST01444,STR006,2025-05-10,Delivered,52567.3
ORD005255,CUST00296,STR024,2025-02-28,Delivered,165274.85
ORD005256,CUST00056,STR031,2025-03-05,Delivered,169475.4
ORD005257,CUST01620,STR042,2025-04-07,Delivered,103392.3
ORD005258,CUST00516,STR033,2025-05-21,Shipped,137035.7
ORD005259,CUST00441,STR043,2025-03-29,Delivered,112601.8
ORD005260,CUST00410,STR023,2025-04-25,Delivered,32522.4
ORD005261,CUST00328,STR004,2025-06-18,Delivered,3657.5
ORD005262,CUST00767,STR029,2025-03-04,Delivered,212287.35
ORD005263,CUST01522,STR008,2025-04-05,Delivered,91023.4
ORD005264,CUST01071,STR035,2025-01-11,Delivered,37820.8
ORD005265,CUST01601,STR013,2025-05-19,Delivered,121918.6
ORD005266,CUST00332,STR004,2025-04-08,Delivered,29859.15
ORD005267,CUST00518,STR002,2025-03-28,Delivered,83953.8
ORD005268,CUST00861,STR036,2025-04-01,Processing,7229.6
ORD005269,CUST00354,STR037,2025-01-28,Shipped,111591.95
ORD005270,CUST00237,STR042,2025-03-05,Delivered,119014.55
ORD005271,CUST01853,STR045,2025-05-28,Delivered,38005.0
ORD005272,CUST01325,STR003,2025-06-30,Delivered,99535.5
ORD005273,CUST01301,STR044,2025-03-29,Delivered,84975.1
ORD005274,CUST00852,STR047,2025-03-19,Delivered,70852.8
ORD005275,CUST00493,STR048,2025-05-12,Processing,135559.5
ORD005276,CUST00272,STR044,2025-06-11,Cancelled,82637.85
ORD005277,CUST01302,STR040,2025-03-05,Delivered,121854.0
ORD005278,CUST00802,STR001,2025-02-22,Delivered,30621.0
ORD005279,CUST01295,STR031,2025-02-01,Shipped,12311.4
ORD005280,CUST01723,STR007,2025-05-07,Delivered,228727.15
ORD005281,CUST00029,STR048,2025-02-21,Delivered,20428.8
ORD005282,CUST01303,STR049,2025-01-08,Delivered,223173.8
ORD005283,CUST01081,STR024,2025-04-24,Delivered,414526.8
ORD005284,CUST00413,STR033,2025-04-11,Delivered,80616.4
ORD005285,CUST00267,STR031,2025-01-15,Cancelled,188859.85
ORD005286,CUST01695,STR002,2025-05-01,Delivered,141256.6
ORD005287,CUST00081,STR035,2025-04-02,Delivered,119054.95
ORD005288,CUST00269,STR034,2025-01-08,Pending,141128.45
ORD005289,CUST00836,STR039,2025-06-01,Delivered,47795.2
ORD005290,CUST00913,STR018,2025-02-27,Returned,115629.6
ORD005291,CUST01995,STR039,2025-02-28,Delivered,97022.05
ORD005292,CUST00898,STR019,2025-05-13,Delivered,47532.0
ORD005293,CUST01943,STR050,2025-03-04,Cancelled,104403.05
ORD005294,CUST01579,STR044,2025-03-23,Delivered,91176.8
ORD005295,CUST01238,STR050,2025-06-01,Delivered,126003.0
ORD005296,CUST00096,STR035,2025-01-31,Shipped,145861.5
ORD005297,CUST01729,STR018,2025-01-23,Pending,129896.4
ORD005298,CUST01148,STR025,2025-03-25,Delivered,194392.2
ORD005299,CUST00685,STR010,2025-03-24,Delivered,38831.0
ORD005300,CUST01010,STR029,2025-05-08,Delivered,33348.0
ORD005301,CUST00995,STR020,2025-02-01,Delivered,115033.85
ORD005302,CUST00368,STR003,2025-03-29,Delivered,162446.0
ORD005303,CUST00890,STR017,2025-01-02,Delivered,91302.75
ORD005304,CUST00824,STR047,2025-06-11,Processing,58573.8
ORD005305,CUST01481,STR042,2025-06-07,Shipped,65438.5
ORD005306,CUST00188,STR021,2025-01-10,Processing,15069.85
ORD005307,CUST00813,STR038,2025-04-12,Delivered,96888.55
ORD005308,CUST00713,STR031,2025-06-06,Delivered,219241.8
ORD005309,CUST00931,STR003,2025-02-05,Processing,66193.8
ORD005310,CUST00953,STR033,2025-03-15,Delivered,40199.4
ORD005311,CUST01976,STR047,2025-06-05,Delivered,753.6
ORD005312,CUST01990,STR027,2025-03-09,Delivered,160396.3
ORD005313,CUST01994,STR031,2025-05-18,Cancelled,126127.95
ORD005314,CUST00529,STR012,2025-04-15,Delivered,244203.0
ORD005315,CUST01085,STR049,2025-02-08,Delivered,96860.9
ORD005316,CUST01694,STR049,2025-06-11,Processing,57688.8
ORD005317,CUST00368,STR020,2025-06-07,Delivered,4372.2
ORD005318,CUST00894,STR029,2025-05-13,Shipped,70702.0
ORD005319,CUST00105,STR048,2025-06-09,Delivered,1356.0
ORD005320,CUST01694,STR035,2025-01-04,Delivered,57908.5
ORD005321,CUST00324,STR044,2025-03-23,Delivered,58702.7
ORD005322,CUST01239,STR042,2025-05-16,Pending,201260.35
ORD005323,CUST00799,STR043,2025-01-26,Delivered,97088.5
ORD005324,CUST00119,STR043,2025-05-25,Delivered,71465.65
ORD005325,CUST00803,STR009,2025-06-04,Cancelled,144204.95
ORD005326,CUST01825,STR011,2025-01-23,Delivered,90404.5
ORD005327,CUST00677,STR016,2025-05-16,Shipped,121512.6
ORD005328,CUST01457,STR009,2025-05-30,Delivered,49102.1
ORD005329,CUST01633,STR013,2025-03-09,Delivered,92770.5
ORD005330,CUST01099,STR021,2025-01-21,Cancelled,242773.8
ORD005331,CUST00729,STR017,2025-04-08,Returned,33753.6
ORD005332,CUST01895,STR007,2025-01-22,Delivered,60315.25
ORD005333,CUST00664,STR019,2025-01-29,Shipped,42092.75
ORD005334,CUST01474,STR006,2025-02-26,Delivered,77220.0
ORD005335,CUST00405,STR013,2025-05-10,Delivered,189467.2
ORD005336,CUST00972,STR049,2025-01-03,Delivered,107168.4
ORD005337,CUST00279,STR006,2025-03-16,Delivered,4581.5
ORD005338,CUST00298,STR043,2025-04-17,Delivered,224582.9
ORD005339,CUST00410,STR001,2025-02-02,Delivered,203797.8
ORD005340,CUST01141,STR039,2025-04-17,Delivered,112079.6
ORD005341,CUST00157,STR025,2025-01-04,Delivered,90780.6
ORD005342,CUST01042,STR006,2025-05-06,Delivered,80315.5
ORD005343,CUST01143,STR042,2025-03-31,Delivered,18124.1
ORD005344,CUST00796,STR037,2025-04-30,Delivered,161699.6
ORD005345,CUST01812,STR049,2025-02-21,Pending,149185.35
ORD005346,CUST01728,STR037,2025-01-23,Pending,168677.35
ORD005347,CUST01976,STR002,2025-01-11,Delivered,92440.6
ORD005348,CUST00012,STR006,2025-04-22,Delivered,75672.0
ORD005349,CUST01770,STR010,2025-04-12,Cancelled,55956.8
ORD005350,CUST01950,STR001,2025-06-26,Delivered,202226.35
ORD005351,CUST01509,STR011,2025-04-01,Cancelled,32922.0
ORD005352,CUST00827,STR012,2025-05-16,Delivered,98130.65
ORD005353,CUST00188,STR001,2025-04-07,Delivered,93480.6
ORD005354,CUST01588,STR030,2025-01-26,Delivered,31581.75
ORD005355,CUST00260,STR010,2025-04-24,Delivered,124528.45
ORD005356,CUST00927,STR042,2025-03-15,Delivered,20009.0
ORD005357,CUST01086,STR046,2025-04-19,Processing,114998.35
ORD005358,CUST01128,STR021,2025-04-11,Pending,118470.6
ORD005359,CUST01528,STR032,2025-05-17,Delivered,24939.8
ORD005360,CUST01942,STR038,2025-01-02,Processing,225156.15
ORD005361,CUST00732,STR040,2025-03-23,Delivered,111577.5
ORD005362,CUST00816,STR049,2025-02-17,Delivered,132388.5
ORD005363,CUST01559,STR025,2025-06-21,Delivered,31062.15
ORD005364,CUST01168,STR005,2025-03-22,Delivered,122063.8
ORD005365,CUST00119,STR046,2025-05-05,Delivered,157899.2
ORD005366,CUST01401,STR012,2025-05-25,Delivered,175086.8
ORD005367,CUST00683,STR026,2025-06-26,Shipped,62700.2
ORD005368,CUST00869,STR013,2025-05-12,Cancelled,160010.25
ORD005369,CUST00634,STR009,2025-04-14,Shipped,63304.55
ORD005370,CUST01388,STR041,2025-05-29,Delivered,59991.3
ORD005371,CUST01383,STR009,2025-01-29,Delivered,28336.6
ORD005372,CUST00115,STR021,2025-01-11,Delivered,51216.3
ORD005373,CUST00565,STR015,2025-02-16,Delivered,78438.0
ORD005374,CUST00209,STR033,2025-02-19,Delivered,218388.9
ORD005375,CUST01615,STR044,2025-06-28,Delivered,74379.3
ORD005376,CUST01144,STR050,2025-04-24,Shipped,152104.6
ORD005377,CUST00584,STR020,2025-06-26,Delivered,89669.25
ORD005378,CUST01880,STR032,2025-04-26,Delivered,159117.5
ORD005379,CUST01848,STR011,2025-02-10,Delivered,181333.4
ORD005380,CUST01485,STR033,2025-01-10,Delivered,439.2
ORD005381,CUST00351,STR002,2025-06-23,Pending,69324.0
ORD005382,CUST01443,STR006,2025-01-19,Delivered,174832.1
ORD005383,CUST00288,STR010,2025-01-02,Delivered,123695.7
ORD005384,CUST00087,STR038,2025-05-12,Delivered,54628.8
ORD005385,CUST00092,STR034,2025-02-20,Delivered,134061.15
ORD005386,CUST01891,STR008,2025-03-24,Returned,27367.6
ORD005387,CUST01387,STR037,2025-04-24,Pending,146361.7
ORD005388,CUST00114,STR042,2025-04-11,Delivered,200084.05
ORD005389,CUST01166,STR016,2025-02-08,Delivered,46567.2
ORD005390,CUST01357,STR013,2025-01-23,Processing,181980.6
ORD005391,CUST00081,STR018,2025-04-09,Processing,151538.3
ORD005392,CUST01238,STR017,2025-06-16,Delivered,249197.0
ORD005393,CUST01027,STR039,2025-03-20,Delivered,143922.35
ORD005394,CUST00505,STR027,2025-03-08,Delivered,101044.8
ORD005395,CUST01287,STR050,2025-02-15,Delivered,126352.05
ORD005396,CUST01695,STR037,2025-02-05,Shipped,288008.5
ORD005397,CUST01657,STR046,2025-02-20,Delivered,97638.25
ORD005398,CUST01223,STR023,2025-01-20,Shipped,163869.15
ORD005399,CUST00281,STR043,2025-06-30,Delivered,197838.45
ORD005400,CUST00958,STR025,2025-06-24,Delivered,164404.2
ORD005401,CUST01109,STR016,2025-04-05,Delivered,48555.0
ORD005402,CUST00478,STR027,2025-04-09,Delivered,20178.95
ORD005403,CUST01538,STR024,2025-05-12,Delivered,19899.0
ORD005404,CUST00403,STR015,2025-05-08,Delivered,198826.7
ORD005405,CUST00203,STR004,2025-02-12,Processing,122686.8
ORD005406,CUST01031,STR024,2025-01-03,Shipped,110578.5
ORD005407,CUST01501,STR050,2025-03-23,Returned,69971.0
ORD005408,CUST00948,STR029,2025-04-09,Delivered,164191.2
ORD005409,CUST01398,STR028,2025-04-13,Processing,143650.2
ORD005410,CUST01293,STR041,2025-06-17,Delivered,27759.45
ORD005411,CUST00982,STR039,2025-03-30,Delivered,84148.2
ORD005412,CUST01946,STR013,2025-06-19,Delivered,225549.0
ORD005413,CUST00668,STR047,2025-01-27,Delivered,21369.6
ORD005414,CUST01711,STR019,2025-04-03,Processing,42825.6
ORD005415,CUST01750,STR033,2025-03-11,Delivered,171296.75
ORD005416,CUST01321,STR024,2025-05-02,Returned,127081.8
ORD005417,CUST00396,STR001,2025-01-26,Delivered,141173.75
ORD005418,CUST01675,STR029,2025-04-17,Delivered,134035.2
ORD005419,CUST00815,STR016,2025-06-03,Delivered,215317.0
ORD005420,CUST00391,STR006,2025-06-18,Delivered,244874.45
ORD005421,CUST00491,STR034,2025-01-17,Delivered,82053.05
ORD005422,CUST01598,STR046,2025-04-13,Processing,129018.2
ORD005423,CUST00956,STR028,2025-04-26,Delivered,176108.2
ORD005424,CUST00111,STR031,2025-02-26,Shipped,86108.4
ORD005425,CUST01441,STR046,2025-05-19,Delivered,28439.1
ORD005426,CUST01539,STR021,2025-01-01,Processing,114299.5
ORD005427,CUST01938,STR047,2025-04-24,Shipped,137823.9
ORD005428,CUST00660,STR035,2025-02-16,Processing,132417.0
ORD005429,CUST01951,STR002,2025-05-16,Processing,114542.3
ORD005430,CUST01153,STR020,2025-04-30,Shipped,158318.75
ORD005431,CUST01476,STR009,2025-05-05,Delivered,157440.1
ORD005432,CUST00081,STR006,2025-05-14,Delivered,81914.0
ORD005433,CUST01831,STR025,2025-01-17,Delivered,65909.1
ORD005434,CUST01121,STR027,2025-02-02,Shipped,4864.95
ORD005435,CUST01457,STR017,2025-04-17,Delivered,52898.85
ORD005436,CUST00907,STR050,2025-03-17,Shipped,87417.9
ORD005437,CUST00071,STR040,2025-03-06,Delivered,188467.45
ORD005438,CUST00984,STR022,2025-06-13,Delivered,98158.5
ORD005439,CUST00270,STR048,2025-05-10,Delivered,169492.55
ORD005440,CUST01181,STR030,2025-02-13,Pending,53764.0
ORD005441,CUST01507,STR044,2025-05-11,Delivered,131433.0
ORD005442,CUST01481,STR049,2025-02-02,Processing,151174.2
ORD005443,CUST00834,STR049,2025-06-10,Pending,135428.4
ORD005444,CUST01161,STR044,2025-03-24,Delivered,26290.0
ORD005445,CUST01070,STR026,2025-06-18,Delivered,254142.7
ORD005446,CUST01779,STR048,2025-03-02,Delivered,25256.0
ORD005447,CUST01602,STR045,2025-04-16,Delivered,185520.0
ORD005448,CUST01362,STR024,2025-04-20,Delivered,68447.3
ORD005449,CUST00100,STR002,2025-01-23,Delivered,47463.9
ORD005450,CUST01022,STR013,2025-02-14,Delivered,83160.15
ORD005451,CUST00877,STR024,2025-02-01,Delivered,169853.1
ORD005452,CUST01568,STR002,2025-06-16,Delivered,1132.2
ORD005453,CUST01044,STR023,2025-03-29,Delivered,148469.1
ORD005454,CUST00891,STR012,2025-02-12,Delivered,175929.1
ORD005455,CUST00070,STR039,2025-05-22,Delivered,51542.0
ORD005456,CUST00459,STR019,2025-06-01,Delivered,18492.0
ORD005457,CUST00297,STR023,2025-02-28,Delivered,132582.4
ORD005458,CUST00094,STR050,2025-03-07,Delivered,137383.05
ORD005459,CUST01972,STR034,2025-03-09,Delivered,133585.2
ORD005460,CUST01155,STR029,2025-06-08,Shipped,37868.9
ORD005461,CUST01631,STR048,2025-03-07,Delivered,53068.25
ORD005462,CUST01655,STR039,2025-01-02,Delivered,72918.0
ORD005463,CUST01879,STR008,2025-05-10,Delivered,34946.05
ORD005464,CUST00128,STR038,2025-01-28,Delivered,41438.6
ORD005465,CUST01283,STR004,2025-05-15,Shipped,146365.7
ORD005466,CUST01751,STR050,2025-03-31,Delivered,23513.45
ORD005467,CUST01071,STR016,2025-03-14,Delivered,219979.05
ORD005468,CUST00441,STR017,2025-03-07,Delivered,51792.3
ORD005469,CUST00069,STR025,2025-04-04,Processing,18987.65
ORD005470,CUST00849,STR032,2025-01-18,Delivered,166399.5
ORD005471,CUST00992,STR044,2025-04-28,Processing,124801.55
ORD005472,CUST00101,STR035,2025-03-07,Delivered,88072.6
ORD005473,CUST00537,STR046,2025-04-03,Delivered,96301.0
ORD005474,CUST01276,STR031,2025-03-29,Delivered,58331.2
ORD005475,CUST00069,STR050,2025-04-10,Delivered,89066.0
ORD005476,CUST01531,STR015,2025-01-27,Delivered,187133.4
ORD005477,CUST01682,STR006,2025-04-08,Delivered,92750.4
ORD005478,CUST00403,STR030,2025-04-25,Delivered,129510.6
ORD005479,CUST01144,STR027,2025-02-27,Delivered,72943.2
ORD005480,CUST00949,STR024,2025-04-16,Cancelled,221533.85
ORD005481,CUST00916,STR005,2025-02-04,Delivered,193519.5
ORD005482,CUST01753,STR010,2025-06-16,Shipped,46032.0
ORD005483,CUST01398,STR020,2025-02-06,Delivered,76501.1
ORD005484,CUST00569,STR049,2025-02-06,Delivered,88938.0
ORD005485,CUST01079,STR042,2025-03-08,Delivered,1637.6
ORD005486,CUST00220,STR028,2025-02-05,Delivered,87155.15
ORD005487,CUST01847,STR014,2025-01-28,Delivered,124407.9
ORD005488,CUST00360,STR001,2025-06-12,Delivered,93096.0
ORD005489,CUST01101,STR040,2025-05-12,Pending,81206.7
ORD005490,CUST00861,STR042,2025-04-28,Shipped,148724.7
ORD005491,CUST01998,STR030,2025-03-18,Delivered,142197.3
ORD005492,CUST01481,STR006,2025-06-22,Delivered,76442.0
ORD005493,CUST00410,STR009,2025-05-29,Shipped,35317.2
ORD005494,CUST00389,STR035,2025-03-12,Delivered,77047.4
ORD005495,CUST00967,STR002,2025-06-19,Delivered,215095.75
ORD005496,CUST01318,STR034,2025-02-25,Delivered,236144.5
ORD005497,CUST00443,STR040,2025-02-08,Delivered,57451.8
ORD005498,CUST01580,STR002,2025-04-10,Pending,63853.3
ORD005499,CUST01371,STR039,2025-01-05,Cancelled,199687.6
ORD005500,CUST01407,STR020,2025-02-23,Delivered,202274.7
ORD005501,CUST01009,STR049,2025-06-18,Delivered,82307.6
ORD005502,CUST00570,STR036,2025-02-24,Delivered,77386.05
ORD005503,CUST00105,STR016,2025-04-17,Delivered,92098.95
ORD005504,CUST00567,STR041,2025-06-11,Delivered,4236.0
ORD005505,CUST01353,STR050,2025-06-20,Cancelled,102889.0
ORD005506,CUST01733,STR032,2025-03-15,Delivered,48069.7
ORD005507,CUST00948,STR016,2025-05-03,Returned,126548.25
ORD005508,CUST00940,STR019,2025-05-15,Delivered,52934.4
ORD005509,CUST01143,STR028,2025-01-27,Delivered,190104.75
ORD005510,CUST01080,STR024,2025-06-27,Shipped,48589.8
ORD005511,CUST00486,STR012,2025-03-07,Shipped,178658.75
ORD005512,CUST01753,STR049,2025-03-08,Delivered,216356.25
ORD005513,CUST01096,STR007,2025-05-13,Delivered,125573.55
ORD005514,CUST00660,STR016,2025-04-22,Delivered,55219.8
ORD005515,CUST01311,STR002,2025-02-02,Delivered,142225.6
ORD005516,CUST00868,STR028,2025-04-17,Cancelled,71186.55
ORD005517,CUST01302,STR029,2025-06-06,Delivered,208793.9
ORD005518,CUST01239,STR027,2025-03-30,Delivered,146810.05
ORD005519,CUST00868,STR013,2025-04-27,Delivered,18492.7
ORD005520,CUST00832,STR011,2025-05-20,Delivered,14856.0
ORD005521,CUST00430,STR010,2025-06-17,Shipped,68912.45
ORD005522,CUST01937,STR001,2025-06-04,Cancelled,85731.0
ORD005523,CUST00056,STR021,2025-04-05,Delivered,139582.8
ORD005524,CUST00307,STR049,2025-02-17,Cancelled,185048.75
ORD005525,CUST00454,STR011,2025-02-25,Delivered,132966.0
ORD005526,CUST01453,STR035,2025-06-04,Delivered,121211.7
ORD005527,CUST00747,STR027,2025-01-09,Delivered,164665.85
ORD005528,CUST01403,STR035,2025-01-25,Delivered,201806.7
ORD005529,CUST01718,STR042,2025-06-23,Delivered,123012.65
ORD005530,CUST01960,STR008,2025-04-10,Delivered,66117.05
ORD005531,CUST00831,STR041,2025-06-06,Delivered,60137.6
ORD005532,CUST00663,STR024,2025-05-21,Delivered,92920.85
ORD005533,CUST00103,STR044,2025-05-25,Processing,5435.1
ORD005534,CUST01384,STR001,2025-03-28,Shipped,59076.7
ORD005535,CUST00002,STR024,2025-03-25,Delivered,37187.2
ORD005536,CUST01478,STR037,2025-06-02,Pending,19083.6
ORD005537,CUST01330,STR028,2025-02-19,Delivered,202756.1
ORD005538,CUST00261,STR018,2025-06-29,Delivered,264391.85
ORD005539,CUST01902,STR041,2025-02-10,Delivered,114801.8
ORD005540,CUST01251,STR015,2025-03-12,Delivered,61144.5
ORD005541,CUST00329,STR030,2025-04-15,Delivered,27618.0
ORD005542,CUST01352,STR018,2025-04-13,Delivered,59355.2
ORD005543,CUST01196,STR021,2025-06-15,Shipped,36263.4
ORD005544,CUST00966,STR016,2025-01-16,Delivered,132204.3
ORD005545,CUST01680,STR049,2025-05-23,Delivered,60732.0
ORD005546,CUST00407,STR024,2025-02-13,Delivered,109733.8
ORD005547,CUST01731,STR041,2025-04-29,Delivered,122401.2
ORD005548,CUST00563,STR024,2025-05-07,Shipped,50967.0
ORD005549,CUST01900,STR039,2025-02-04,Delivered,31120.1
ORD005550,CUST01944,STR023,2025-01-02,Processing,61903.6
ORD005551,CUST00690,STR001,2025-06-25,Delivered,115506.9
ORD005552,CUST00229,STR029,2025-06-27,Processing,78140.0
ORD005553,CUST01559,STR005,2025-03-23,Shipped,170298.6
ORD005554,CUST00061,STR001,2025-05-04,Delivered,145476.2
ORD005555,CUST00522,STR035,2025-01-17,Delivered,67141.8
ORD005556,CUST01102,STR008,2025-06-30,Delivered,79852.4
ORD005557,CUST01594,STR016,2025-06-07,Shipped,142632.55
ORD005558,CUST01169,STR041,2025-04-08,Delivered,25974.3
ORD005559,CUST00809,STR048,2025-01-24,Delivered,190331.25
ORD005560,CUST00453,STR042,2025-05-14,Delivered,123922.3
ORD005561,CUST01478,STR017,2025-03-23,Delivered,140492.1
ORD005562,CUST01054,STR041,2025-02-13,Delivered,158376.9
ORD005563,CUST00253,STR039,2025-06-27,Shipped,215355.5
ORD005564,CUST00207,STR003,2025-06-07,Delivered,62267.2
ORD005565,CUST01579,STR001,2025-03-23,Pending,241115.8
ORD005566,CUST00737,STR013,2025-01-23,Shipped,18007.2
ORD005567,CUST01987,STR033,2025-04-16,Delivered,79581.65
ORD005568,CUST00059,STR016,2025-02-18,Delivered,30644.2
ORD005569,CUST00378,STR047,2025-05-07,Delivered,96855.8
ORD005570,CUST00864,STR023,2025-01-18,Shipped,136346.8
ORD005571,CUST00032,STR025,2025-02-23,Delivered,168467.0
ORD005572,CUST01939,STR009,2025-04-23,Delivered,71347.0
ORD005573,CUST01815,STR034,2025-05-02,Cancelled,10825.6
ORD005574,CUST01117,STR027,2025-03-13,Delivered,193699.25
ORD005575,CUST01543,STR016,2025-05-04,Delivered,114685.1
ORD005576,CUST00886,STR029,2025-03-17,Delivered,46197.0
ORD005577,CUST00984,STR012,2025-02-07,Delivered,221357.8
ORD005578,CUST01483,STR022,2025-02-16,Shipped,92971.8
ORD005579,CUST01978,STR033,2025-04-16,Delivered,122940.55
ORD005580,CUST00790,STR039,2025-01-26,Cancelled,114583.85
ORD005581,CUST01478,STR003,2025-01-11,Pending,157296.25
ORD005582,CUST01671,STR013,2025-01-25,Delivered,15532.9
ORD005583,CUST01221,STR025,2025-02-26,Delivered,224287.2
ORD005584,CUST00773,STR017,2025-01-09,Delivered,147380.6
ORD005585,CUST00242,STR036,2025-02-07,Delivered,308648.25
ORD005586,CUST00338,STR017,2025-02-27,Delivered,194087.85
ORD005587,CUST01771,STR041,2025-02-23,Processing,145774.9
ORD005588,CUST00709,STR014,2025-03-30,Delivered,135755.8
ORD005589,CUST00300,STR043,2025-01-28,Delivered,93696.1
ORD005590,CUST00942,STR007,2025-03-19,Delivered,28843.5
ORD005591,CUST00908,STR018,2025-05-27,Processing,20011.4
ORD005592,CUST00545,STR030,2025-04-20,Delivered,116037.75
ORD005593,CUST01555,STR012,2025-06-22,Delivered,85332.2
ORD005594,CUST01595,STR025,2025-02-25,Pending,25993.6
ORD005595,CUST01160,STR034,2025-01-27,Delivered,17251.2
ORD005596,CUST01022,STR048,2025-02-15,Delivered,186435.1
ORD005597,CUST00118,STR009,2025-02-22,Pending,74286.0
ORD005598,CUST01391,STR041,2025-06-01,Shipped,61565.8
ORD005599,CUST00711,STR026,2025-05-17,Processing,22577.0
ORD005600,CUST01896,STR009,2025-04-06,Cancelled,125347.8
ORD005601,CUST01292,STR032,2025-04-28,Processing,202137.4
ORD005602,CUST01272,STR029,2025-02-11,Shipped,76118.5
ORD005603,CUST00763,STR042,2025-03-20,Returned,103520.4
ORD005604,CUST01519,STR042,2025-01-09,Cancelled,163342.55
ORD005605,CUST00436,STR016,2025-04-02,Delivered,30596.15
ORD005606,CUST00240,STR017,2025-02-20,Delivered,96028.75
ORD005607,CUST00527,STR009,2025-04-23,Delivered,120858.45
ORD005608,CUST00260,STR027,2025-03-06,Delivered,14418.55
ORD005609,CUST01278,STR013,2025-03-23,Delivered,79468.2
ORD005610,CUST01232,STR047,2025-02-26,Shipped,88204.8
ORD005611,CUST00535,STR001,2025-02-14,Processing,302023.4
ORD005612,CUST00118,STR005,2025-04-12,Delivered,36244.8
ORD005613,CUST01303,STR010,2025-05-31,Delivered,20923.0
ORD005614,CUST00689,STR010,2025-06-06,Shipped,74581.45
ORD005615,CUST00786,STR032,2025-05-08,Delivered,82663.2
ORD005616,CUST01529,STR012,2025-04-13,Delivered,194849.25
ORD005617,CUST00529,STR019,2025-03-14,Delivered,141904.4
ORD005618,CUST00963,STR005,2025-02-11,Delivered,15986.8
ORD005619,CUST00739,STR008,2025-04-23,Delivered,90698.5
ORD005620,CUST01483,STR045,2025-05-08,Shipped,74880.5
ORD005621,CUST01345,STR048,2025-02-09,Delivered,151056.1
ORD005622,CUST01954,STR017,2025-05-14,Delivered,77112.8
ORD005623,CUST00729,STR013,2025-02-28,Delivered,94035.35
ORD005624,CUST00799,STR036,2025-05-24,Delivered,222379.8
ORD005625,CUST00540,STR043,2025-03-21,Processing,92245.5
ORD005626,CUST00470,STR023,2025-04-27,Pending,311084.8
ORD005627,CUST00027,STR042,2025-01-14,Processing,83467.8
ORD005628,CUST01528,STR003,2025-03-13,Delivered,99158.0
ORD005629,CUST00490,STR015,2025-03-06,Shipped,26954.4
ORD005630,CUST01085,STR016,2025-02-03,Delivered,72664.7
ORD005631,CUST00149,STR011,2025-05-14,Delivered,101570.0
ORD005632,CUST00279,STR039,2025-01-18,Delivered,120298.5
ORD005633,CUST00041,STR037,2025-05-06,Delivered,237142.05
ORD005634,CUST00924,STR016,2025-06-08,Shipped,221243.5
ORD005635,CUST00291,STR015,2025-03-11,Delivered,206971.0
ORD005636,CUST01470,STR042,2025-04-07,Pending,121387.65
ORD005637,CUST01307,STR022,2025-02-20,Delivered,171994.25
ORD005638,CUST01619,STR008,2025-05-28,Delivered,230048.7
ORD005639,CUST00266,STR030,2025-02-25,Returned,125834.1
ORD005640,CUST01977,STR013,2025-03-08,Delivered,18402.1
ORD005641,CUST01639,STR009,2025-01-30,Delivered,170116.0
ORD005642,CUST01411,STR038,2025-01-27,Pending,149348.5
ORD005643,CUST00017,STR036,2025-03-23,Delivered,239584.95
ORD005644,CUST01730,STR019,2025-05-29,Delivered,126926.8
ORD005645,CUST01049,STR048,2025-06-05,Processing,181611.8
ORD005646,CUST00843,STR024,2025-04-02,Delivered,175372.2
ORD005647,CUST01924,STR047,2025-01-31,Delivered,35715.6
ORD005648,CUST01806,STR050,2025-03-23,Delivered,113782.0
ORD005649,CUST00962,STR003,2025-02-07,Shipped,80795.9
ORD005650,CUST01244,STR009,2025-01-25,Shipped,139170.2
ORD005651,CUST01016,STR003,2025-06-14,Delivered,170433.2
ORD005652,CUST01033,STR015,2025-01-31,Delivered,40445.8
ORD005653,CUST01680,STR012,2025-01-17,Cancelled,50859.75
ORD005654,CUST01757,STR044,2025-05-25,Pending,45111.35
ORD005655,CUST01004,STR002,2025-05-10,Delivered,137158.45
ORD005656,CUST01393,STR025,2025-02-23,Delivered,3740.85
ORD005657,CUST00673,STR046,2025-04-17,Shipped,126673.0
ORD005658,CUST01984,STR044,2025-05-16,Shipped,27193.6
ORD005659,CUST01312,STR038,2025-03-10,Pending,92753.5
ORD005660,CUST00006,STR004,2025-03-11,Delivered,84444.4
ORD005661,CUST01330,STR008,2025-02-14,Delivered,87917.4
ORD005662,CUST01245,STR018,2025-02-28,Processing,98488.05
ORD005663,CUST00143,STR050,2025-01-01,Delivered,154024.7
ORD005664,CUST00029,STR007,2025-01-26,Pending,7296.0
ORD005665,CUST01126,STR047,2025-01-03,Delivered,65756.85
ORD005666,CUST00916,STR033,2025-05-05,Cancelled,43946.7
ORD005667,CUST00837,STR030,2025-05-20,Delivered,109264.8
ORD005668,CUST01852,STR043,2025-03-30,Shipped,183207.7
ORD005669,CUST00625,STR048,2025-06-17,Processing,51492.8
ORD005670,CUST00467,STR021,2025-05-24,Delivered,157148.8
ORD005671,CUST01096,STR017,2025-05-12,Delivered,89592.6
ORD005672,CUST01030,STR049,2025-03-22,Cancelled,26151.1
ORD005673,CUST00635,STR004,2025-05-17,Delivered,210038.2
ORD005674,CUST00743,STR030,2025-03-09,Shipped,80109.0
ORD005675,CUST00405,STR025,2025-02-09,Delivered,141622.8
ORD005676,CUST00812,STR004,2025-05-10,Delivered,96116.15
ORD005677,CUST00118,STR006,2025-01-31,Delivered,309821.45
ORD005678,CUST00574,STR012,2025-05-06,Delivered,67699.4
ORD005679,CUST00643,STR014,2025-02-18,Cancelled,68994.0
ORD005680,CUST00121,STR022,2025-01-06,Delivered,288359.4
ORD005681,CUST01644,STR008,2025-03-05,Shipped,191827.65
ORD005682,CUST00799,STR021,2025-06-29,Delivered,122369.8
ORD005683,CUST00251,STR004,2025-01-27,Returned,81716.8
ORD005684,CUST00604,STR017,2025-04-03,Delivered,143688.7
ORD005685,CUST00186,STR004,2025-06-10,Shipped,62886.0
ORD005686,CUST00285,STR050,2025-03-25,Shipped,56043.0
ORD005687,CUST00545,STR009,2025-03-20,Delivered,56562.0
ORD005688,CUST00222,STR027,2025-06-10,Delivered,174521.8
ORD005689,CUST00896,STR041,2025-03-13,Delivered,175618.55
ORD005690,CUST01858,STR043,2025-02-16,Delivered,271370.2
ORD005691,CUST01487,STR047,2025-01-17,Delivered,84530.0
ORD005692,CUST01638,STR049,2025-01-11,Delivered,70077.6
ORD005693,CUST01823,STR038,2025-04-09,Pending,167939.8
ORD005694,CUST01848,STR017,2025-01-29,Delivered,93952.6
ORD005695,CUST00636,STR007,2025-03-03,Delivered,142069.8
ORD005696,CUST00983,STR007,2025-02-13,Delivered,98474.7
ORD005697,CUST00465,STR036,2025-05-13,Delivered,36246.6
ORD005698,CUST01952,STR039,2025-04-10,Delivered,27526.0
ORD005699,CUST00343,STR046,2025-04-22,Processing,82545.15
ORD005700,CUST01872,STR023,2025-02-06,Processing,123545.7
ORD005701,CUST00068,STR039,2025-04-22,Delivered,105590.6
ORD005702,CUST01828,STR039,2025-03-05,Shipped,183185.7
ORD005703,CUST01556,STR003,2025-03-12,Delivered,139520.25
ORD005704,CUST01926,STR016,2025-03-09,Delivered,102297.8
ORD005705,CUST01641,STR038,2025-04-06,Cancelled,56567.75
ORD005706,CUST01163,STR046,2025-05-15,Processing,80093.2
ORD005707,CUST01049,STR001,2025-05-05,Delivered,18916.4
ORD005708,CUST00417,STR005,2025-06-29,Delivered,54331.2
ORD005709,CUST01763,STR033,2025-05-25,Delivered,67072.8
ORD005710,CUST00960,STR016,2025-04-20,Delivered,19354.0
ORD005711,CUST00702,STR022,2025-02-19,Delivered,283231.75
ORD005712,CUST00347,STR044,2025-06-27,Delivered,42066.4
ORD005713,CUST01537,STR021,2025-04-05,Delivered,82523.3
ORD005714,CUST00564,STR036,2025-05-14,Processing,113578.6
ORD005715,CUST01551,STR013,2025-06-13,Delivered,129697.9
ORD005716,CUST01884,STR014,2025-02-23,Delivered,141759.3
ORD005717,CUST01116,STR030,2025-03-03,Delivered,48577.1
ORD005718,CUST01647,STR002,2025-05-13,Processing,51934.95
ORD005719,CUST00929,STR005,2025-03-11,Processing,134631.4
ORD005720,CUST01758,STR045,2025-01-24,Shipped,96383.5
ORD005721,CUST00451,STR021,2025-05-23,Delivered,88734.6
ORD005722,CUST00089,STR032,2025-06-03,Delivered,193371.9
ORD005723,CUST01054,STR033,2025-03-27,Processing,137883.55
ORD005724,CUST01892,STR021,2025-01-16,Delivered,176102.6
ORD005725,CUST00927,STR023,2025-02-08,Cancelled,163092.05
ORD005726,CUST00201,STR027,2025-03-10,Shipped,85406.9
ORD005727,CUST01638,STR044,2025-05-29,Processing,89493.45
ORD005728,CUST01012,STR035,2025-06-02,Cancelled,200601.7
ORD005729,CUST00686,STR027,2025-05-21,Delivered,77419.65
ORD005730,CUST01106,STR028,2025-04-26,Delivered,171220.75
ORD005731,CUST00184,STR044,2025-06-15,Delivered,217944.3
ORD005732,CUST01649,STR025,2025-06-10,Delivered,21414.9
ORD005733,CUST01073,STR001,2025-04-27,Pending,115225.7
ORD005734,CUST01587,STR003,2025-01-01,Delivered,102656.65
ORD005735,CUST01182,STR009,2025-01-08,Delivered,40694.0
ORD005736,CUST00629,STR016,2025-06-06,Delivered,97120.0
ORD005737,CUST01251,STR025,2025-02-13,Delivered,259650.75
ORD005738,CUST00886,STR044,2025-03-04,Delivered,136736.3
ORD005739,CUST00143,STR005,2025-02-05,Delivered,72109.7
ORD005740,CUST00799,STR035,2025-01-04,Delivered,95546.0
ORD005741,CUST01067,STR031,2025-03-31,Delivered,75755.6
ORD005742,CUST01954,STR002,2025-02-12,Cancelled,5398.0
ORD005743,CUST00959,STR030,2025-01-06,Delivered,81788.7
ORD005744,CUST01385,STR020,2025-04-09,Delivered,127337.4
ORD005745,CUST01145,STR049,2025-04-23,Delivered,89672.4
ORD005746,CUST01578,STR024,2025-02-16,Processing,93734.4
ORD005747,CUST01030,STR034,2025-05-18,Cancelled,136180.95
ORD005748,CUST00933,STR014,2025-03-04,Delivered,10932.6
ORD005749,CUST00436,STR001,2025-03-08,Delivered,69609.9
ORD005750,CUST01140,STR008,2025-05-26,Delivered,3378.6
ORD005751,CUST00387,STR034,2025-01-02,Delivered,79936.7
ORD005752,CUST01497,STR028,2025-02-01,Processing,17775.0
ORD005753,CUST01049,STR005,2025-05-15,Delivered,79946.4
ORD005754,CUST01478,STR006,2025-02-27,Delivered,178983.9
ORD005755,CUST01536,STR027,2025-02-23,Delivered,46986.3
ORD005756,CUST00054,STR026,2025-01-05,Shipped,124173.4
ORD005757,CUST01841,STR026,2025-05-25,Processing,269879.15
ORD005758,CUST00314,STR022,2025-04-19,Processing,58903.95
ORD005759,CUST00651,STR010,2025-06-28,Processing,274607.05
ORD005760,CUST00496,STR048,2025-03-29,Delivered,4134.4
ORD005761,CUST00852,STR033,2025-03-14,Pending,123813.0
ORD005762,CUST00887,STR017,2025-04-25,Delivered,171749.8
ORD005763,CUST01961,STR034,2025-03-15,Delivered,30292.9
ORD005764,CUST00322,STR031,2025-04-07,Delivered,35245.8
ORD005765,CUST01260,STR028,2025-03-13,Delivered,69703.2
ORD005766,CUST01047,STR030,2025-04-12,Delivered,81004.1
ORD005767,CUST01802,STR013,2025-01-05,Delivered,252924.15
ORD005768,CUST00298,STR018,2025-06-17,Delivered,36120.0
ORD005769,CUST01296,STR040,2025-04-10,Delivered,152747.4
ORD005770,CUST01078,STR037,2025-04-10,Processing,265915.55
ORD005771,CUST01628,STR020,2025-04-03,Delivered,220102.75
ORD005772,CUST00778,STR014,2025-04-30,Delivered,84813.4
ORD005773,CUST01033,STR008,2025-04-19,Delivered,30326.3
ORD005774,CUST01949,STR016,2025-03-14,Processing,124025.1
ORD005775,CUST01959,STR034,2025-05-08,Delivered,79074.4
ORD005776,CUST01377,STR021,2025-02-16,Delivered,89100.85
ORD005777,CUST00831,STR012,2025-05-12,Delivered,192189.75
ORD005778,CUST01746,STR023,2025-01-08,Processing,101846.9
ORD005779,CUST00650,STR024,2025-04-05,Delivered,189472.25
ORD005780,CUST01402,STR013,2025-04-02,Shipped,25658.4
ORD005781,CUST00664,STR011,2025-03-20,Delivered,195347.85
ORD005782,CUST00428,STR037,2025-02-08,Delivered,130118.9
ORD005783,CUST00086,STR044,2025-01-22,Delivered,54793.45
ORD005784,CUST01037,STR050,2025-02-23,Pending,88093.0
ORD005785,CUST00739,STR019,2025-05-27,Delivered,196543.85
ORD005786,CUST00666,STR029,2025-06-17,Delivered,228006.75
ORD005787,CUST01431,STR026,2025-01-23,Delivered,96770.0
ORD005788,CUST01896,STR002,2025-05-21,Delivered,125380.4
ORD005789,CUST01147,STR014,2025-01-18,Delivered,143554.4
ORD005790,CUST00722,STR039,2025-02-07,Delivered,89020.8
ORD005791,CUST01001,STR026,2025-06-09,Shipped,182750.5
ORD005792,CUST00012,STR033,2025-02-13,Processing,34268.15
ORD005793,CUST01989,STR041,2025-05-14,Delivered,139458.5
ORD005794,CUST01851,STR043,2025-05-27,Processing,80112.2
ORD005795,CUST01793,STR013,2025-06-30,Delivered,9826.05
ORD005796,CUST00987,STR043,2025-05-17,Pending,12492.8
ORD005797,CUST00026,STR035,2025-02-08,Delivered,201745.2
ORD005798,CUST00239,STR048,2025-05-15,Delivered,44997.6
ORD005799,CUST01167,STR021,2025-04-06,Delivered,132847.2
ORD005800,CUST00514,STR008,2025-05-26,Delivered,28574.45
ORD005801,CUST01371,STR027,2025-04-09,Delivered,77082.2
ORD005802,CUST00785,STR023,2025-06-15,Processing,44281.6
ORD005803,CUST00202,STR002,2025-02-14,Delivered,31801.05
ORD005804,CUST00535,STR041,2025-01-03,Delivered,64251.8
ORD005805,CUST00724,STR033,2025-05-15,Processing,166532.0
ORD005806,CUST01659,STR047,2025-01-09,Delivered,172094.7
ORD005807,CUST00120,STR036,2025-05-17,Delivered,79919.55
ORD005808,CUST01467,STR010,2025-03-28,Delivered,3369.4
ORD005809,CUST01589,STR045,2025-02-12,Shipped,123506.4
ORD005810,CUST00095,STR031,2025-06-04,Delivered,112049.6
ORD005811,CUST00479,STR016,2025-06-25,Delivered,43361.6
ORD005812,CUST00197,STR012,2025-01-20,Delivered,65690.4
ORD005813,CUST01598,STR002,2025-06-02,Delivered,97098.95
ORD005814,CUST01511,STR002,2025-04-17,Delivered,191784.9
ORD005815,CUST01071,STR001,2025-03-06,Delivered,31783.0
ORD005816,CUST01208,STR016,2025-03-02,Processing,152785.8
ORD005817,CUST00159,STR009,2025-05-24,Delivered,74779.2
ORD005818,CUST01604,STR030,2025-01-27,Shipped,240663.45
ORD005819,CUST00504,STR025,2025-03-24,Delivered,213705.25
ORD005820,CUST01167,STR025,2025-06-18,Pending,124228.7
ORD005821,CUST01287,STR035,2025-06-06,Delivered,5373.0
ORD005822,CUST00342,STR040,2025-06-04,Delivered,63706.0
ORD005823,CUST00542,STR042,2025-04-02,Delivered,172530.5
ORD005824,CUST01667,STR021,2025-01-15,Processing,188505.1
ORD005825,CUST01033,STR036,2025-05-04,Cancelled,162997.4
ORD005826,CUST00614,STR048,2025-02-28,Processing,181933.5
ORD005827,CUST00168,STR031,2025-05-14,Delivered,86335.35
ORD005828,CUST01139,STR002,2025-05-04,Shipped,126515.95
ORD005829,CUST01582,STR017,2025-04-11,Delivered,27919.0
ORD005830,CUST00369,STR014,2025-01-02,Pending,160413.2
ORD005831,CUST00827,STR039,2025-01-06,Delivered,197395.95
ORD005832,CUST01177,STR031,2025-06-15,Delivered,36357.05
ORD005833,CUST01635,STR035,2025-04-13,Processing,34517.4
ORD005834,CUST01693,STR016,2025-03-31,Delivered,49498.85
ORD005835,CUST00319,STR003,2025-06-18,Delivered,87585.0
ORD005836,CUST00372,STR002,2025-01-01,Processing,166192.15
ORD005837,CUST01705,STR045,2025-06-17,Delivered,314684.8
ORD005838,CUST01017,STR032,2025-06-20,Shipped,145275.6
ORD005839,CUST00745,STR008,2025-06-14,Delivered,58323.0
ORD005840,CUST00951,STR013,2025-01-27,Processing,200126.5
ORD005841,CUST01056,STR004,2025-06-10,Cancelled,43633.5
ORD005842,CUST01749,STR021,2025-05-15,Shipped,108459.0
ORD005843,CUST00091,STR015,2025-01-13,Shipped,113483.1
ORD005844,CUST01464,STR027,2025-02-19,Delivered,90616.8
ORD005845,CUST01929,STR041,2025-05-12,Processing,135169.05
ORD005846,CUST01031,STR029,2025-04-09,Delivered,104614.8
ORD005847,CUST01224,STR003,2025-04-04,Delivered,178600.05
ORD005848,CUST01631,STR043,2025-06-01,Delivered,71187.15
ORD005849,CUST01256,STR014,2025-04-03,Delivered,23104.8
ORD005850,CUST01471,STR044,2025-01-10,Delivered,34666.7
ORD005851,CUST01978,STR033,2025-04-11,Pending,137172.45
ORD005852,CUST00842,STR002,2025-03-08,Delivered,93036.0
ORD005853,CUST00861,STR031,2025-05-23,Delivered,176842.45
ORD005854,CUST00083,STR008,2025-05-04,Delivered,40379.2
ORD005855,CUST01505,STR047,2025-03-16,Delivered,93803.0
ORD005856,CUST00796,STR023,2025-06-19,Delivered,99662.05
ORD005857,CUST00293,STR029,2025-01-16,Shipped,179116.4
ORD005858,CUST01195,STR007,2025-02-15,Delivered,83086.6
ORD005859,CUST01931,STR016,2025-04-15,Cancelled,64098.0
ORD005860,CUST01496,STR002,2025-01-09,Delivered,170472.65
ORD005861,CUST00017,STR015,2025-02-04,Delivered,177446.6
ORD005862,CUST00190,STR046,2025-02-26,Processing,153557.75
ORD005863,CUST00550,STR013,2025-05-27,Delivered,238219.8
ORD005864,CUST01371,STR008,2025-02-23,Delivered,9564.0
ORD005865,CUST01749,STR046,2025-05-17,Delivered,152594.2
ORD005866,CUST00530,STR038,2025-04-16,Delivered,132674.0
ORD005867,CUST00256,STR006,2025-01-21,Delivered,83707.3
ORD005868,CUST01811,STR029,2025-06-14,Delivered,93630.2
ORD005869,CUST00521,STR026,2025-03-22,Pending,62940.05
ORD005870,CUST01321,STR033,2025-02-02,Delivered,143361.3
ORD005871,CUST01429,STR045,2025-04-10,Delivered,99606.2
ORD005872,CUST00396,STR047,2025-01-23,Delivered,18053.1
ORD005873,CUST01719,STR023,2025-02-08,Processing,150375.75
ORD005874,CUST01936,STR014,2025-02-03,Delivered,7877.0
ORD005875,CUST01680,STR032,2025-03-11,Delivered,51502.5
ORD005876,CUST01771,STR038,2025-02-06,Delivered,46517.6
ORD005877,CUST01690,STR040,2025-04-06,Delivered,151193.0
ORD005878,CUST01476,STR029,2025-01-11,Delivered,201079.0
ORD005879,CUST00422,STR046,2025-01-09,Delivered,140001.6
ORD005880,CUST01537,STR014,2025-03-08,Delivered,61365.3
ORD005881,CUST00088,STR035,2025-04-21,Delivered,17668.0
ORD005882,CUST00199,STR029,2025-02-22,Delivered,31335.6
ORD005883,CUST00659,STR041,2025-06-06,Pending,223952.25
ORD005884,CUST01198,STR048,2025-03-10,Shipped,22688.2
ORD005885,CUST00696,STR015,2025-04-03,Processing,209899.35
ORD005886,CUST01511,STR018,2025-01-10,Delivered,179505.4
ORD005887,CUST00455,STR023,2025-06-02,Shipped,217647.6
ORD005888,CUST01027,STR042,2025-02-03,Shipped,251683.9
ORD005889,CUST00083,STR008,2025-06-21,Delivered,187557.55
ORD005890,CUST00390,STR050,2025-06-18,Processing,61727.8
ORD005891,CUST01749,STR002,2025-04-08,Delivered,38515.0
ORD005892,CUST00377,STR008,2025-01-12,Processing,188309.4
ORD005893,CUST00477,STR048,2025-01-18,Delivered,106310.7
ORD005894,CUST00557,STR042,2025-02-05,Delivered,138625.8
ORD005895,CUST00305,STR039,2025-02-03,Shipped,145447.85
ORD005896,CUST00236,STR033,2025-01-16,Cancelled,200012.1
ORD005897,CUST01341,STR029,2025-03-27,Delivered,123174.0
ORD005898,CUST01713,STR020,2025-05-31,Delivered,40755.2
ORD005899,CUST00586,STR044,2025-01-07,Delivered,188543.55
ORD005900,CUST00639,STR005,2025-05-02,Delivered,77454.0
ORD005901,CUST01302,STR041,2025-01-10,Pending,100654.05
ORD005902,CUST01746,STR032,2025-04-04,Delivered,61866.5
ORD005903,CUST00081,STR030,2025-01-09,Delivered,149166.0
ORD005904,CUST01899,STR047,2025-05-14,Delivered,134677.8
ORD005905,CUST00330,STR041,2025-01-28,Delivered,81117.4
ORD005906,CUST00616,STR035,2025-06-16,Delivered,143387.05
ORD005907,CUST00414,STR039,2025-06-28,Delivered,21663.1
ORD005908,CUST01152,STR047,2025-03-02,Shipped,34119.0
ORD005909,CUST01549,STR006,2025-02-20,Delivered,265778.55
ORD005910,CUST00267,STR048,2025-01-18,Delivered,11410.4
ORD005911,CUST01663,STR018,2025-06-01,Pending,51176.8
ORD005912,CUST00159,STR028,2025-03-22,Delivered,118885.3
ORD005913,CUST00590,STR013,2025-03-22,Cancelled,72195.2
ORD005914,CUST01839,STR021,2025-04-25,Delivered,108985.65
ORD005915,CUST01882,STR013,2025-03-02,Shipped,163428.15
ORD005916,CUST00364,STR003,2025-05-07,Cancelled,37407.6
ORD005917,CUST01115,STR027,2025-04-16,Delivered,116705.85
ORD005918,CUST01593,STR032,2025-06-13,Delivered,330899.7
ORD005919,CUST00072,STR043,2025-02-17,Delivered,51367.2
ORD005920,CUST01482,STR029,2025-02-05,Delivered,112573.45
ORD005921,CUST00443,STR031,2025-03-17,Processing,190000.6
ORD005922,CUST00609,STR047,2025-02-12,Delivered,131432.8
ORD005923,CUST01639,STR007,2025-04-26,Delivered,220595.2
ORD005924,CUST00057,STR034,2025-04-10,Delivered,200131.25
ORD005925,CUST01297,STR020,2025-05-02,Processing,219696.55
ORD005926,CUST00708,STR039,2025-02-22,Delivered,138899.7
ORD005927,CUST00706,STR008,2025-05-06,Delivered,30198.6
ORD005928,CUST01676,STR038,2025-04-26,Delivered,108402.1
ORD005929,CUST01920,STR041,2025-03-03,Delivered,179613.5
ORD005930,CUST00110,STR019,2025-04-25,Returned,334865.75
ORD005931,CUST01576,STR029,2025-03-10,Delivered,195837.0
ORD005932,CUST00421,STR022,2025-05-20,Delivered,145218.45
ORD005933,CUST00487,STR028,2025-04-19,Delivered,29511.75
ORD005934,CUST00519,STR030,2025-01-12,Cancelled,82070.5
ORD005935,CUST01908,STR015,2025-03-26,Delivered,17357.85
ORD005936,CUST00460,STR026,2025-02-02,Delivered,58393.6
ORD005937,CUST01213,STR046,2025-01-03,Processing,145712.0
ORD005938,CUST00617,STR019,2025-04-14,Shipped,93058.0
ORD005939,CUST01575,STR045,2025-01-13,Delivered,60364.1
ORD005940,CUST01234,STR004,2025-05-24,Shipped,109244.55
ORD005941,CUST00283,STR027,2025-01-23,Delivered,254383.2
ORD005942,CUST01780,STR030,2025-01-04,Processing,140963.8
ORD005943,CUST01068,STR028,2025-01-20,Delivered,39435.0
ORD005944,CUST01738,STR020,2025-04-26,Delivered,128773.7
ORD005945,CUST01464,STR009,2025-05-10,Delivered,271356.85
ORD005946,CUST00412,STR034,2025-01-15,Delivered,97183.6
ORD005947,CUST00681,STR018,2025-05-28,Delivered,89529.7
ORD005948,CUST00236,STR013,2025-05-29,Delivered,223021.0
ORD005949,CUST00872,STR048,2025-03-29,Cancelled,266062.5
ORD005950,CUST01341,STR029,2025-04-05,Delivered,156543.0
ORD005951,CUST01640,STR015,2025-02-03,Shipped,124902.0
ORD005952,CUST01997,STR035,2025-03-30,Delivered,37449.0
ORD005953,CUST01713,STR049,2025-03-08,Delivered,36757.4
ORD005954,CUST01178,STR014,2025-02-02,Pending,57921.4
ORD005955,CUST00719,STR030,2025-05-04,Delivered,52016.0
ORD005956,CUST00916,STR018,2025-04-08,Delivered,86223.9
ORD005957,CUST01895,STR032,2025-06-30,Delivered,52068.1
ORD005958,CUST01102,STR004,2025-03-31,Delivered,115675.9
ORD005959,CUST01912,STR043,2025-02-23,Delivered,32265.0
ORD005960,CUST00984,STR036,2025-02-04,Delivered,145111.4
ORD005961,CUST00330,STR014,2025-01-13,Delivered,51278.0
ORD005962,CUST00471,STR026,2025-05-12,Processing,116538.0
ORD005963,CUST00428,STR005,2025-02-01,Delivered,75066.3
ORD005964,CUST00849,STR014,2025-05-29,Pending,172601.4
ORD005965,CUST01456,STR048,2025-05-15,Processing,201178.8
ORD005966,CUST00464,STR040,2025-04-24,Delivered,151107.45
ORD005967,CUST00444,STR031,2025-02-25,Shipped,64305.6
ORD005968,CUST00747,STR042,2025-01-21,Delivered,192654.0
ORD005969,CUST01963,STR036,2025-01-22,Delivered,74495.6
ORD005970,CUST00742,STR030,2025-05-25,Delivered,114014.35
ORD005971,CUST01358,STR013,2025-05-02,Delivered,57766.0
ORD005972,CUST00555,STR036,2025-03-15,Delivered,164374.7
ORD005973,CUST00735,STR019,2025-05-21,Delivered,49982.65
ORD005974,CUST01817,STR017,2025-06-18,Delivered,141691.9
ORD005975,CUST00305,STR040,2025-01-31,Delivered,203708.4
ORD005976,CUST01974,STR009,2025-03-13,Pending,153586.2
ORD005977,CUST01395,STR022,2025-04-16,Delivered,254799.05
ORD005978,CUST01835,STR024,2025-02-23,Processing,83289.8
ORD005979,CUST01673,STR018,2025-01-04,Delivered,37108.15
ORD005980,CUST00188,STR024,2025-02-18,Delivered,49504.35
ORD005981,CUST01860,STR015,2025-02-17,Returned,76898.7
ORD005982,CUST01973,STR010,2025-06-14,Delivered,38350.0
ORD005983,CUST01390,STR026,2025-01-21,Processing,38806.2
ORD005984,CUST00418,STR011,2025-02-15,Delivered,92029.5
ORD005985,CUST01545,STR006,2025-05-27,Delivered,73269.4
ORD005986,CUST01506,STR024,2025-05-21,Delivered,34531.25
ORD005987,CUST00598,STR014,2025-01-09,Delivered,71006.05
ORD005988,CUST00648,STR040,2025-01-14,Delivered,32297.4
ORD005989,CUST01614,STR038,2025-01-27,Delivered,221180.1
ORD005990,CUST01028,STR013,2025-02-09,Delivered,219178.1
ORD005991,CUST00231,STR048,2025-02-06,Shipped,276203.4
ORD005992,CUST00030,STR009,2025-03-23,Delivered,50184.0
ORD005993,CUST00160,STR003,2025-04-13,Pending,186709.6
ORD005994,CUST01117,STR027,2025-01-04,Delivered,188799.35
ORD005995,CUST00606,STR008,2025-04-08,Delivered,52379.85
ORD005996,CUST00833,STR032,2025-03-06,Cancelled,157218.5
ORD005997,CUST01215,STR046,2025-02-13,Delivered,42564.6
ORD005998,CUST01158,STR013,2025-02-27,Delivered,211232.25
ORD005999,CUST01567,STR025,2025-06-11,Pending,235615.0
ORD006000,CUST00092,STR030,2025-03-20,Delivered,82547.7
ORD006001,CUST01848,STR034,2025-06-09,Delivered,60420.1
ORD006002,CUST00661,STR045,2025-03-26,Delivered,301531.3
ORD006003,CUST00398,STR007,2025-06-01,Delivered,230547.0
ORD006004,CUST01251,STR040,2025-02-08,Processing,106984.8
ORD006005,CUST01105,STR001,2025-05-01,Delivered,69422.45
ORD006006,CUST01186,STR004,2025-05-09,Processing,38782.8
ORD006007,CUST01171,STR041,2025-06-01,Delivered,200118.7
ORD006008,CUST00548,STR033,2025-01-26,Pending,43773.15
ORD006009,CUST00315,STR013,2025-04-02,Delivered,153757.65
ORD006010,CUST01235,STR003,2025-05-25,Delivered,243614.1
ORD006011,CUST00595,STR004,2025-05-02,Delivered,14041.6
ORD006012,CUST01079,STR024,2025-02-01,Processing,164566.1
ORD006013,CUST01610,STR016,2025-01-16,Processing,15678.5
ORD006014,CUST00430,STR041,2025-06-24,Cancelled,21494.4
ORD006015,CUST00455,STR037,2025-02-07,Delivered,7971.3
ORD006016,CUST01905,STR017,2025-04-18,Delivered,244966.8
ORD006017,CUST00737,STR019,2025-04-14,Delivered,107258.6
ORD006018,CUST01532,STR045,2025-05-05,Cancelled,119307.5
ORD006019,CUST00674,STR031,2025-05-21,Delivered,161959.55
ORD006020,CUST00449,STR019,2025-02-14,Delivered,56571.75
ORD006021,CUST00613,STR047,2025-04-29,Shipped,193487.1
ORD006022,CUST00736,STR010,2025-03-28,Processing,80290.2
ORD006023,CUST00809,STR042,2025-01-25,Processing,22944.0
ORD006024,CUST01034,STR043,2025-03-02,Delivered,220363.4
ORD006025,CUST01461,STR044,2025-05-01,Delivered,788.5
ORD006026,CUST01987,STR008,2025-02-27,Delivered,101003.6
ORD006027,CUST00311,STR049,2025-01-30,Delivered,25273.9
ORD006028,CUST00483,STR006,2025-05-29,Cancelled,107755.15
ORD006029,CUST00799,STR043,2025-03-24,Delivered,241123.4
ORD006030,CUST00212,STR023,2025-02-07,Delivered,107083.5
ORD006031,CUST00081,STR038,2025-03-18,Processing,27791.3
ORD006032,CUST00863,STR006,2025-01-02,Delivered,167495.25
ORD006033,CUST00461,STR018,2025-01-04,Delivered,24588.8
ORD006034,CUST00307,STR013,2025-04-30,Delivered,42170.4
ORD006035,CUST01397,STR021,2025-06-22,Delivered,109106.85
ORD006036,CUST00187,STR007,2025-03-11,Delivered,94053.6
ORD006037,CUST00075,STR026,2025-02-23,Delivered,147047.55
ORD006038,CUST01016,STR021,2025-03-29,Delivered,38342.4
ORD006039,CUST00683,STR042,2025-01-01,Delivered,164305.6
ORD006040,CUST01974,STR019,2025-01-16,Delivered,275775.0
ORD006041,CUST00950,STR024,2025-01-27,Cancelled,164180.4
ORD006042,CUST00279,STR034,2025-04-23,Delivered,109138.0
ORD006043,CUST01680,STR018,2025-02-08,Delivered,32755.0
ORD006044,CUST01386,STR007,2025-04-17,Delivered,81540.9
ORD006045,CUST00599,STR044,2025-03-11,Delivered,32339.7
ORD006046,CUST01796,STR028,2025-01-14,Delivered,76544.5
ORD006047,CUST00802,STR016,2025-02-21,Delivered,53928.0
ORD006048,CUST01206,STR046,2025-02-08,Delivered,7684.0
ORD006049,CUST01023,STR038,2025-01-14,Delivered,271842.3
ORD006050,CUST00790,STR006,2025-02-28,Delivered,57665.7
ORD006051,CUST00898,STR017,2025-04-13,Shipped,35841.6
ORD006052,CUST01056,STR028,2025-04-07,Delivered,88437.1
ORD006053,CUST00329,STR006,2025-03-12,Delivered,71559.7
ORD006054,CUST01036,STR030,2025-02-14,Cancelled,36332.55
ORD006055,CUST00620,STR002,2025-02-18,Delivered,39292.0
ORD006056,CUST00065,STR010,2025-03-05,Delivered,262441.65
ORD006057,CUST00997,STR028,2025-02-10,Delivered,123652.5
ORD006058,CUST01248,STR037,2025-05-12,Delivered,110459.4
ORD006059,CUST01051,STR027,2025-01-13,Delivered,105505.65
ORD006060,CUST01166,STR015,2025-03-18,Delivered,132355.25
ORD006061,CUST00701,STR037,2025-06-24,Pending,22608.9
ORD006062,CUST00446,STR026,2025-03-30,Delivered,229300.65
ORD006063,CUST00145,STR021,2025-06-28,Shipped,265491.8
ORD006064,CUST00264,STR009,2025-01-25,Delivered,95866.4
ORD006065,CUST00423,STR021,2025-05-12,Delivered,280626.0
ORD006066,CUST00211,STR009,2025-05-26,Shipped,70674.6
ORD006067,CUST00586,STR037,2025-03-28,Delivered,120311.4
ORD006068,CUST01007,STR027,2025-01-20,Processing,144214.5
ORD006069,CUST00357,STR048,2025-02-12,Returned,102472.65
ORD006070,CUST01525,STR018,2025-01-15,Delivered,109116.15
ORD006071,CUST01689,STR002,2025-03-31,Processing,90579.0
ORD006072,CUST00564,STR031,2025-04-17,Processing,82953.0
ORD006073,CUST01448,STR048,2025-04-10,Delivered,1652.8
ORD006074,CUST01056,STR007,2025-02-06,Delivered,84273.6
ORD006075,CUST01529,STR037,2025-01-14,Delivered,60329.6
ORD006076,CUST00556,STR037,2025-04-07,Delivered,31564.15
ORD006077,CUST01514,STR001,2025-03-01,Processing,183578.65
ORD006078,CUST00494,STR030,2025-02-14,Delivered,13671.4
ORD006079,CUST00714,STR025,2025-06-19,Delivered,172361.9
ORD006080,CUST01720,STR034,2025-01-17,Shipped,188201.3
ORD006081,CUST01288,STR006,2025-03-09,Pending,7254.4
ORD006082,CUST00996,STR020,2025-06-05,Delivered,43723.75
ORD006083,CUST01645,STR027,2025-01-26,Delivered,30916.2
ORD006084,CUST01423,STR008,2025-02-13,Processing,44126.55
ORD006085,CUST00732,STR002,2025-06-28,Returned,202022.45
ORD006086,CUST00477,STR008,2025-06-27,Returned,5395.5
ORD006087,CUST00962,STR002,2025-02-19,Delivered,215310.4
ORD006088,CUST00909,STR024,2025-04-10,Delivered,99807.0
ORD006089,CUST01832,STR026,2025-04-02,Shipped,72784.1
ORD006090,CUST00806,STR023,2025-05-23,Delivered,124600.1
ORD006091,CUST00421,STR017,2025-02-24,Pending,55788.0
ORD006092,CUST00411,STR008,2025-06-02,Delivered,253495.2
ORD006093,CUST01358,STR037,2025-05-01,Delivered,95320.3
ORD006094,CUST01283,STR035,2025-02-17,Delivered,43630.25
ORD006095,CUST01770,STR021,2025-02-23,Delivered,19534.4
ORD006096,CUST00394,STR014,2025-02-25,Delivered,178511.5
ORD006097,CUST01280,STR035,2025-03-23,Delivered,139738.0
ORD006098,CUST01364,STR030,2025-04-12,Delivered,67126.75
ORD006099,CUST00796,STR027,2025-03-08,Delivered,139465.6
ORD006100,CUST00749,STR020,2025-05-06,Delivered,48822.0
ORD006101,CUST01945,STR047,2025-01-25,Cancelled,269053.75
ORD006102,CUST01998,STR045,2025-02-20,Shipped,387552.6
ORD006103,CUST01880,STR041,2025-03-10,Delivered,236509.5
ORD006104,CUST00224,STR046,2025-03-06,Shipped,110425.9
ORD006105,CUST00709,STR001,2025-01-15,Delivered,202731.9
ORD006106,CUST01375,STR046,2025-04-04,Pending,102950.75
ORD006107,CUST01684,STR025,2025-05-15,Shipped,69346.4
ORD006108,CUST01210,STR041,2025-04-07,Processing,142275.15
ORD006109,CUST00902,STR046,2025-06-30,Delivered,160364.0
ORD006110,CUST01702,STR021,2025-03-13,Delivered,142324.85
ORD006111,CUST00964,STR011,2025-01-12,Delivered,117369.85
ORD006112,CUST00983,STR041,2025-06-22,Processing,341690.25
ORD006113,CUST01312,STR026,2025-06-10,Delivered,155820.1
ORD006114,CUST00936,STR011,2025-02-11,Processing,174957.45
ORD006115,CUST00147,STR033,2025-01-01,Cancelled,225826.5
ORD006116,CUST00912,STR044,2025-01-08,Shipped,162661.95
ORD006117,CUST01538,STR001,2025-06-04,Delivered,122876.25
ORD006118,CUST00995,STR004,2025-05-08,Delivered,131755.25
ORD006119,CUST01812,STR035,2025-03-24,Delivered,238044.8
ORD006120,CUST00758,STR001,2025-06-17,Pending,159893.65
ORD006121,CUST01796,STR024,2025-01-01,Delivered,93546.9
ORD006122,CUST01343,STR006,2025-05-26,Delivered,65634.0
ORD006123,CUST00360,STR034,2025-02-07,Pending,134047.1
ORD006124,CUST01800,STR047,2025-06-06,Shipped,151367.4
ORD006125,CUST01074,STR039,2025-02-06,Processing,85762.45
ORD006126,CUST00837,STR046,2025-01-21,Delivered,26846.0
ORD006127,CUST00218,STR030,2025-03-04,Delivered,106253.35
ORD006128,CUST00003,STR007,2025-06-01,Delivered,189838.65
ORD006129,CUST00959,STR045,2025-05-02,Delivered,26698.4
ORD006130,CUST00838,STR023,2025-06-08,Delivered,75379.7
ORD006131,CUST01427,STR024,2025-01-21,Delivered,41183.1
ORD006132,CUST01708,STR027,2025-01-27,Delivered,70972.6
ORD006133,CUST01761,STR012,2025-06-17,Cancelled,171150.4
ORD006134,CUST01533,STR003,2025-01-05,Delivered,62475.2
ORD006135,CUST00961,STR005,2025-02-16,Delivered,131580.2
ORD006136,CUST00154,STR050,2025-05-20,Delivered,41101.75
ORD006137,CUST01876,STR015,2025-06-29,Delivered,211134.55
ORD006138,CUST00706,STR050,2025-04-30,Delivered,153782.1
ORD006139,CUST00986,STR020,2025-04-21,Delivered,115876.05
ORD006140,CUST00751,STR036,2025-04-05,Processing,58019.2
ORD006141,CUST00990,STR044,2025-01-13,Delivered,194879.5
ORD006142,CUST00559,STR024,2025-01-03,Pending,215287.0
ORD006143,CUST01850,STR047,2025-05-28,Shipped,102265.25
ORD006144,CUST00086,STR001,2025-06-19,Delivered,85508.4
ORD006145,CUST01658,STR001,2025-01-09,Processing,193585.4
ORD006146,CUST00725,STR012,2025-05-16,Delivered,203078.6
ORD006147,CUST01491,STR008,2025-02-04,Delivered,60747.6
ORD006148,CUST01751,STR038,2025-01-16,Cancelled,175587.05
ORD006149,CUST00250,STR030,2025-04-07,Delivered,243511.65
ORD006150,CUST00788,STR015,2025-03-31,Processing,97651.55
ORD006151,CUST00405,STR036,2025-05-16,Delivered,278248.85
ORD006152,CUST00026,STR040,2025-05-15,Delivered,123688.95
ORD006153,CUST00419,STR029,2025-01-10,Delivered,257330.35
ORD006154,CUST00719,STR012,2025-04-20,Delivered,111686.95
ORD006155,CUST01161,STR012,2025-04-10,Delivered,198180.9
ORD006156,CUST00667,STR006,2025-01-28,Delivered,120959.3
ORD006157,CUST00173,STR023,2025-06-07,Delivered,60676.3
ORD006158,CUST01533,STR023,2025-01-11,Delivered,16926.9
ORD006159,CUST00975,STR032,2025-04-24,Delivered,102767.7
ORD006160,CUST01373,STR014,2025-05-18,Cancelled,92953.6
ORD006161,CUST00813,STR009,2025-06-02,Delivered,117113.7
ORD006162,CUST01540,STR041,2025-05-29,Processing,30501.9
ORD006163,CUST01773,STR038,2025-05-22,Delivered,150444.2
ORD006164,CUST01068,STR040,2025-04-10,Delivered,197535.5
ORD006165,CUST01595,STR028,2025-05-19,Delivered,158140.8
ORD006166,CUST01623,STR010,2025-01-07,Pending,108476.35
ORD006167,CUST01317,STR042,2025-05-23,Delivered,144939.2
ORD006168,CUST00171,STR004,2025-05-16,Delivered,161009.3
ORD006169,CUST00933,STR015,2025-02-05,Shipped,95660.0
ORD006170,CUST01451,STR005,2025-01-27,Pending,124086.0
ORD006171,CUST00581,STR009,2025-05-04,Delivered,38931.0
ORD006172,CUST00151,STR046,2025-03-14,Processing,157342.5
ORD006173,CUST01378,STR026,2025-03-04,Delivered,91443.8
ORD006174,CUST01405,STR035,2025-02-25,Shipped,244745.7
ORD006175,CUST00129,STR012,2025-06-12,Delivered,102440.7
ORD006176,CUST00399,STR001,2025-01-17,Delivered,4536.0
ORD006177,CUST00607,STR024,2025-06-20,Delivered,64322.6
ORD006178,CUST01244,STR036,2025-01-18,Delivered,45959.3
ORD006179,CUST00270,STR033,2025-01-14,Delivered,156658.35
ORD006180,CUST00472,STR050,2025-05-11,Delivered,152673.15
ORD006181,CUST01026,STR050,2025-01-22,Delivered,330855.4
ORD006182,CUST01526,STR003,2025-03-24,Delivered,134230.5
ORD006183,CUST00153,STR040,2025-05-09,Delivered,117816.1
ORD006184,CUST01474,STR025,2025-01-27,Delivered,199848.55
ORD006185,CUST01945,STR013,2025-04-26,Delivered,107942.9
ORD006186,CUST00013,STR019,2025-01-11,Delivered,267977.7
ORD006187,CUST01326,STR050,2025-03-19,Shipped,300259.2
ORD006188,CUST01786,STR009,2025-02-05,Delivered,150360.6
ORD006189,CUST00322,STR013,2025-05-22,Shipped,49685.9
ORD006190,CUST01442,STR022,2025-02-15,Delivered,17752.25
ORD006191,CUST01686,STR042,2025-01-31,Delivered,151446.5
ORD006192,CUST01059,STR026,2025-04-18,Pending,102717.2
ORD006193,CUST00207,STR027,2025-05-06,Delivered,44377.0
ORD006194,CUST00071,STR007,2025-02-28,Shipped,63831.45
ORD006195,CUST00821,STR005,2025-03-03,Delivered,17049.9
ORD006196,CUST01167,STR044,2025-06-21,Delivered,111147.6
ORD006197,CUST01470,STR012,2025-04-14,Cancelled,99214.7
ORD006198,CUST01399,STR050,2025-03-22,Shipped,108007.45
ORD006199,CUST01210,STR050,2025-05-30,Processing,74378.3
ORD006200,CUST00292,STR040,2025-03-29,Delivered,136731.7
ORD006201,CUST00421,STR049,2025-02-14,Pending,57139.7
ORD006202,CUST01372,STR015,2025-02-18,Delivered,120170.3
ORD006203,CUST01965,STR006,2025-01-03,Delivered,273250.25
ORD006204,CUST01302,STR036,2025-01-29,Pending,145024.3
ORD006205,CUST00494,STR032,2025-05-14,Delivered,83754.4
ORD006206,CUST01927,STR015,2025-03-27,Delivered,124748.2
ORD006207,CUST00771,STR038,2025-05-24,Delivered,146524.6
ORD006208,CUST00853,STR012,2025-01-18,Delivered,243422.4
ORD006209,CUST00720,STR040,2025-04-21,Delivered,91225.4
ORD006210,CUST01630,STR020,2025-01-31,Delivered,100729.9
ORD006211,CUST00212,STR011,2025-05-17,Delivered,116460.8
ORD006212,CUST01896,STR028,2025-02-07,Delivered,52304.0
ORD006213,CUST01133,STR031,2025-01-28,Delivered,151807.65
ORD006214,CUST00722,STR020,2025-05-19,Delivered,13795.5
ORD006215,CUST01526,STR030,2025-06-01,Delivered,198611.4
ORD006216,CUST00915,STR031,2025-05-20,Shipped,249791.0
ORD006217,CUST00320,STR007,2025-01-30,Delivered,260278.4
ORD006218,CUST01565,STR021,2025-03-30,Pending,10793.6
ORD006219,CUST00642,STR037,2025-05-20,Delivered,37413.6
ORD006220,CUST01860,STR040,2025-02-28,Delivered,211290.9
ORD006221,CUST01865,STR041,2025-05-03,Cancelled,173309.7
ORD006222,CUST01022,STR017,2025-03-25,Delivered,194636.8
ORD006223,CUST01483,STR047,2025-04-17,Delivered,32791.4
ORD006224,CUST00339,STR033,2025-02-13,Delivered,216649.5
ORD006225,CUST01206,STR003,2025-02-26,Delivered,129359.7
ORD006226,CUST01421,STR018,2025-05-19,Shipped,192783.2
ORD006227,CUST01185,STR003,2025-05-15,Delivered,336295.35
ORD006228,CUST01682,STR035,2025-02-11,Delivered,279175.55
ORD006229,CUST01814,STR005,2025-05-22,Delivered,41503.5
ORD006230,CUST00725,STR050,2025-04-20,Delivered,134814.9
ORD006231,CUST01239,STR022,2025-04-05,Delivered,108713.1
ORD006232,CUST01904,STR049,2025-04-29,Delivered,61843.6
ORD006233,CUST01128,STR010,2025-03-16,Delivered,102865.2
ORD006234,CUST01921,STR005,2025-05-19,Cancelled,154272.15
ORD006235,CUST00365,STR002,2025-05-31,Delivered,107544.8
ORD006236,CUST01363,STR010,2025-05-09,Delivered,184862.4
ORD006237,CUST00162,STR008,2025-04-25,Delivered,261141.45
ORD006238,CUST00222,STR047,2025-04-07,Pending,42342.4
ORD006239,CUST00222,STR045,2025-03-29,Delivered,208940.25
ORD006240,CUST01047,STR008,2025-06-07,Delivered,23352.5
ORD006241,CUST01128,STR010,2025-03-15,Delivered,84134.4
ORD006242,CUST00002,STR009,2025-03-19,Processing,243497.6
ORD006243,CUST01292,STR004,2025-04-24,Delivered,71044.3
ORD006244,CUST00277,STR044,2025-06-22,Delivered,98937.6
ORD006245,CUST01844,STR024,2025-01-13,Delivered,52433.45
ORD006246,CUST00583,STR047,2025-05-25,Delivered,214951.6
ORD006247,CUST00625,STR044,2025-04-09,Delivered,56295.5
ORD006248,CUST01403,STR027,2025-02-05,Delivered,226347.45
ORD006249,CUST01552,STR001,2025-02-03,Delivered,68427.9
ORD006250,CUST00236,STR050,2025-03-05,Shipped,268462.8
ORD006251,CUST01107,STR009,2025-04-23,Processing,293100.4
ORD006252,CUST00604,STR001,2025-04-21,Delivered,118879.4
ORD006253,CUST01191,STR018,2025-02-25,Delivered,76815.45
ORD006254,CUST00846,STR005,2025-01-23,Delivered,67461.6
ORD006255,CUST00560,STR011,2025-06-22,Delivered,28944.0
ORD006256,CUST01194,STR003,2025-02-01,Delivered,89558.0
ORD006257,CUST00645,STR012,2025-01-08,Delivered,219786.75
ORD006258,CUST00225,STR015,2025-05-08,Delivered,101046.25
ORD006259,CUST00808,STR045,2025-03-09,Delivered,33778.0
ORD006260,CUST00123,STR033,2025-02-12,Delivered,226071.1
ORD006261,CUST00426,STR050,2025-01-10,Delivered,148000.25
ORD006262,CUST01238,STR014,2025-06-11,Delivered,68107.1
ORD006263,CUST01003,STR017,2025-01-18,Delivered,103142.55
ORD006264,CUST01240,STR021,2025-03-20,Processing,59863.2
ORD006265,CUST00402,STR049,2025-01-29,Delivered,158546.3
ORD006266,CUST00135,STR029,2025-04-06,Delivered,150309.55
ORD006267,CUST01853,STR011,2025-03-15,Returned,3473.0
ORD006268,CUST00214,STR001,2025-06-14,Pending,180528.1
ORD006269,CUST00006,STR047,2025-03-21,Delivered,158373.0
ORD006270,CUST01287,STR050,2025-05-05,Delivered,27514.5
ORD006271,CUST00456,STR039,2025-04-28,Pending,147363.55
ORD006272,CUST01201,STR039,2025-06-17,Delivered,185678.7
ORD006273,CUST01831,STR041,2025-01-18,Delivered,93778.3
ORD006274,CUST01922,STR007,2025-06-20,Delivered,120076.75
ORD006275,CUST01343,STR029,2025-01-11,Delivered,39163.2
ORD006276,CUST01531,STR024,2025-06-22,Delivered,167987.55
ORD006277,CUST00990,STR006,2025-04-21,Delivered,18028.8
ORD006278,CUST00842,STR005,2025-06-08,Processing,26251.35
ORD006279,CUST01928,STR042,2025-04-19,Delivered,30957.0
ORD006280,CUST00550,STR010,2025-04-15,Delivered,86325.6
ORD006281,CUST01778,STR041,2025-06-27,Delivered,128508.4
ORD006282,CUST00531,STR041,2025-02-28,Delivered,181580.2
ORD006283,CUST01983,STR013,2025-01-31,Cancelled,114767.4
ORD006284,CUST01144,STR029,2025-06-19,Delivered,81871.8
ORD006285,CUST01392,STR025,2025-01-25,Shipped,176123.1
ORD006286,CUST01155,STR008,2025-04-10,Cancelled,93061.4
ORD006287,CUST00746,STR037,2025-04-15,Processing,923.0
ORD006288,CUST00340,STR009,2025-04-27,Delivered,52086.35
ORD006289,CUST00272,STR035,2025-06-25,Delivered,54901.1
ORD006290,CUST01469,STR035,2025-06-20,Delivered,91772.0
ORD006291,CUST01411,STR030,2025-06-24,Delivered,1533.6
ORD006292,CUST01491,STR029,2025-05-31,Cancelled,84992.7
ORD006293,CUST00074,STR024,2025-04-24,Delivered,34292.2
ORD006294,CUST00701,STR036,2025-04-16,Shipped,30283.4
ORD006295,CUST00872,STR047,2025-06-22,Cancelled,208402.1
ORD006296,CUST00851,STR047,2025-03-13,Delivered,15126.6
ORD006297,CUST01604,STR032,2025-04-27,Processing,78458.6
ORD006298,CUST01796,STR006,2025-03-07,Delivered,244374.2
ORD006299,CUST01840,STR045,2025-03-07,Delivered,88022.7
ORD006300,CUST00084,STR045,2025-03-12,Cancelled,33645.6
ORD006301,CUST01501,STR049,2025-03-14,Delivered,143458.8
ORD006302,CUST00497,STR002,2025-03-17,Delivered,91309.85
ORD006303,CUST00495,STR035,2025-03-02,Delivered,112960.8
ORD006304,CUST00378,STR007,2025-03-15,Delivered,169050.95
ORD006305,CUST00759,STR008,2025-01-18,Delivered,95412.0
ORD006306,CUST00409,STR007,2025-03-05,Processing,52574.3
ORD006307,CUST01179,STR036,2025-05-06,Delivered,113959.2
ORD006308,CUST01100,STR013,2025-06-21,Delivered,90697.5
ORD006309,CUST00478,STR027,2025-03-29,Delivered,27352.75
ORD006310,CUST00037,STR001,2025-03-16,Delivered,156696.3
ORD006311,CUST01387,STR042,2025-06-25,Delivered,89983.05
ORD006312,CUST01117,STR019,2025-02-17,Delivered,63061.4
ORD006313,CUST01238,STR043,2025-06-10,Delivered,78258.7
ORD006314,CUST01328,STR037,2025-03-02,Delivered,160339.5
ORD006315,CUST00643,STR038,2025-05-09,Delivered,79329.4
ORD006316,CUST01480,STR035,2025-02-23,Delivered,118724.4
ORD006317,CUST01331,STR011,2025-06-30,Delivered,141148.8
ORD006318,CUST01845,STR002,2025-05-10,Delivered,107744.0
ORD006319,CUST00290,STR043,2025-02-10,Delivered,153905.8
ORD006320,CUST01424,STR024,2025-04-26,Returned,132911.7
ORD006321,CUST01379,STR043,2025-04-18,Returned,140076.85
ORD006322,CUST01925,STR050,2025-06-06,Processing,111073.05
ORD006323,CUST00291,STR029,2025-03-24,Processing,129123.9
ORD006324,CUST00184,STR044,2025-03-18,Delivered,39002.0
ORD006325,CUST00255,STR001,2025-03-15,Shipped,97528.75
ORD006326,CUST00601,STR033,2025-01-13,Delivered,108739.2
ORD006327,CUST00784,STR016,2025-01-14,Shipped,166754.8
ORD006328,CUST00544,STR016,2025-06-27,Delivered,28663.2
ORD006329,CUST01793,STR047,2025-03-07,Shipped,92998.5
ORD006330,CUST00153,STR037,2025-05-31,Pending,165496.3
ORD006331,CUST01218,STR048,2025-05-23,Delivered,168826.15
ORD006332,CUST01955,STR039,2025-05-05,Delivered,1510.2
ORD006333,CUST00623,STR023,2025-02-16,Delivered,194265.75
ORD006334,CUST00383,STR021,2025-01-30,Delivered,40603.2
ORD006335,CUST00786,STR045,2025-06-21,Delivered,42434.25
ORD006336,CUST01497,STR009,2025-04-23,Processing,208792.8
ORD006337,CUST01483,STR025,2025-05-30,Delivered,25031.7
ORD006338,CUST01299,STR008,2025-06-23,Cancelled,178017.95
ORD006339,CUST00296,STR035,2025-03-24,Cancelled,61666.65
ORD006340,CUST01372,STR041,2025-02-03,Pending,162025.5
ORD006341,CUST01043,STR027,2025-03-24,Delivered,146109.0
ORD006342,CUST00010,STR047,2025-05-17,Delivered,137069.6
ORD006343,CUST00296,STR041,2025-06-30,Processing,133664.0
ORD006344,CUST01599,STR020,2025-06-01,Delivered,112934.7
ORD006345,CUST00416,STR006,2025-04-19,Shipped,115243.85
ORD006346,CUST01269,STR048,2025-03-16,Delivered,3320.1
ORD006347,CUST01090,STR029,2025-05-24,Shipped,118703.9
ORD006348,CUST01601,STR043,2025-03-25,Delivered,9945.0
ORD006349,CUST00720,STR031,2025-06-06,Delivered,126347.8
ORD006350,CUST00361,STR009,2025-04-07,Delivered,119251.1
ORD006351,CUST00027,STR039,2025-02-27,Delivered,26413.2
ORD006352,CUST00646,STR021,2025-03-01,Delivered,138791.85
ORD006353,CUST01511,STR029,2025-01-04,Delivered,89530.8
ORD006354,CUST01795,STR026,2025-05-06,Delivered,9593.1
ORD006355,CUST00804,STR012,2025-02-21,Delivered,73400.0
ORD006356,CUST00483,STR003,2025-06-24,Delivered,40169.05
ORD006357,CUST01765,STR010,2025-03-13,Delivered,86699.05
ORD006358,CUST01606,STR011,2025-04-10,Pending,119933.7
ORD006359,CUST01145,STR041,2025-01-26,Shipped,100949.4
ORD006360,CUST00590,STR035,2025-06-09,Delivered,104851.2
ORD006361,CUST01523,STR021,2025-02-08,Delivered,130112.5
ORD006362,CUST01792,STR040,2025-01-23,Delivered,128074.5
ORD006363,CUST00035,STR048,2025-05-13,Shipped,21365.8
ORD006364,CUST00928,STR021,2025-06-24,Delivered,77710.4
ORD006365,CUST00762,STR006,2025-04-09,Delivered,171103.6
ORD006366,CUST00354,STR024,2025-01-03,Processing,74507.5
ORD006367,CUST01544,STR031,2025-01-23,Delivered,139404.2
ORD006368,CUST01375,STR039,2025-02-28,Delivered,71907.0
ORD006369,CUST00241,STR019,2025-04-20,Delivered,267707.2
ORD006370,CUST00889,STR020,2025-01-27,Delivered,197411.55
ORD006371,CUST01051,STR039,2025-04-17,Delivered,100514.2
ORD006372,CUST01265,STR026,2025-04-09,Shipped,257028.55
ORD006373,CUST00132,STR033,2025-05-12,Processing,208050.4
ORD006374,CUST00991,STR038,2025-03-27,Delivered,156909.2
ORD006375,CUST00195,STR011,2025-06-14,Delivered,79053.3
ORD006376,CUST00307,STR015,2025-06-18,Delivered,64379.6
ORD006377,CUST00075,STR013,2025-03-05,Delivered,286432.8
ORD006378,CUST01734,STR036,2025-04-14,Delivered,129543.9
ORD006379,CUST00931,STR027,2025-01-21,Delivered,58800.7
ORD006380,CUST01488,STR027,2025-05-24,Shipped,235814.15
ORD006381,CUST01986,STR050,2025-04-15,Delivered,128965.7
ORD006382,CUST00883,STR010,2025-03-18,Delivered,164073.75
ORD006383,CUST01746,STR009,2025-02-12,Delivered,49526.7
ORD006384,CUST01157,STR011,2025-02-19,Returned,216907.65
ORD006385,CUST01395,STR031,2025-04-02,Delivered,15802.0
ORD006386,CUST00233,STR002,2025-02-21,Delivered,246004.1
ORD006387,CUST00682,STR002,2025-05-20,Delivered,55396.1
ORD006388,CUST01300,STR009,2025-06-30,Delivered,171897.9
ORD006389,CUST01007,STR014,2025-05-28,Delivered,81678.2
ORD006390,CUST00069,STR037,2025-02-28,Delivered,142180.8
ORD006391,CUST00651,STR021,2025-04-16,Delivered,63250.0
ORD006392,CUST00626,STR029,2025-06-30,Delivered,129864.85
ORD006393,CUST01948,STR029,2025-04-20,Delivered,167517.6
ORD006394,CUST00300,STR020,2025-03-29,Shipped,118980.0
ORD006395,CUST00136,STR048,2025-02-08,Delivered,73046.8
ORD006396,CUST00466,STR015,2025-05-12,Delivered,637.45
ORD006397,CUST00819,STR018,2025-01-12,Processing,207585.35
ORD006398,CUST00934,STR044,2025-05-10,Delivered,34475.0
ORD006399,CUST01738,STR031,2025-02-23,Delivered,63953.0
ORD006400,CUST01555,STR050,2025-03-27,Delivered,132222.7
ORD006401,CUST00575,STR026,2025-05-11,Delivered,247999.35
ORD006402,CUST00499,STR015,2025-06-12,Delivered,88230.25
ORD006403,CUST01162,STR011,2025-03-29,Delivered,188943.75
ORD006404,CUST01230,STR044,2025-02-25,Delivered,63993.05
ORD006405,CUST00389,STR039,2025-06-17,Delivered,136512.15
ORD006406,CUST00084,STR014,2025-03-09,Returned,179336.55
ORD006407,CUST00500,STR011,2025-06-21,Delivered,69101.7
ORD006408,CUST00975,STR015,2025-04-14,Delivered,282205.8
ORD006409,CUST00497,STR034,2025-03-22,Delivered,114852.0
ORD006410,CUST00571,STR027,2025-06-21,Delivered,8016.8
ORD006411,CUST01780,STR008,2025-03-21,Delivered,146887.85
ORD006412,CUST00392,STR007,2025-01-28,Delivered,101270.1
ORD006413,CUST01482,STR008,2025-01-27,Delivered,234608.0
ORD006414,CUST00359,STR028,2025-05-01,Processing,107650.6
ORD006415,CUST00622,STR025,2025-03-17,Delivered,158600.4
ORD006416,CUST00904,STR037,2025-04-07,Delivered,108791.15
ORD006417,CUST01373,STR042,2025-03-30,Processing,78015.1
ORD006418,CUST01151,STR010,2025-06-23,Delivered,28265.9
ORD006419,CUST00302,STR014,2025-05-16,Delivered,75134.35
ORD006420,CUST00103,STR019,2025-04-26,Delivered,71037.2
ORD006421,CUST01681,STR047,2025-02-13,Delivered,95516.0
ORD006422,CUST00983,STR033,2025-06-21,Delivered,103020.0
ORD006423,CUST00708,STR038,2025-04-24,Delivered,188980.0
ORD006424,CUST01983,STR003,2025-06-08,Delivered,129043.8
ORD006425,CUST01111,STR046,2025-04-13,Delivered,80693.45
ORD006426,CUST01955,STR010,2025-05-21,Delivered,56727.0
ORD006427,CUST00437,STR022,2025-05-20,Processing,283339.1
ORD006428,CUST00447,STR012,2025-01-18,Cancelled,166568.55
ORD006429,CUST00864,STR039,2025-05-04,Delivered,12188.7
ORD006430,CUST01854,STR037,2025-06-07,Delivered,163486.65
ORD006431,CUST00196,STR032,2025-03-19,Delivered,123300.75
ORD006432,CUST01597,STR042,2025-02-18,Delivered,68975.8
ORD006433,CUST00981,STR026,2025-05-29,Pending,35913.6
ORD006434,CUST00003,STR016,2025-06-22,Shipped,204209.7
ORD006435,CUST01976,STR035,2025-03-17,Delivered,120812.55
ORD006436,CUST00553,STR004,2025-02-05,Delivered,104409.7
ORD006437,CUST00082,STR040,2025-01-03,Shipped,46008.55
ORD006438,CUST00256,STR045,2025-02-04,Cancelled,94326.0
ORD006439,CUST01364,STR029,2025-05-20,Delivered,96033.3
ORD006440,CUST00699,STR049,2025-05-04,Delivered,44934.8
ORD006441,CUST01858,STR023,2025-05-05,Delivered,139527.5
ORD006442,CUST00109,STR016,2025-02-19,Returned,46616.0
ORD006443,CUST00074,STR030,2025-06-13,Shipped,86329.85
ORD006444,CUST00208,STR027,2025-03-28,Delivered,115834.5
ORD006445,CUST00809,STR001,2025-01-30,Delivered,227283.15
ORD006446,CUST01316,STR047,2025-04-10,Shipped,16829.15
ORD006447,CUST01379,STR043,2025-01-29,Delivered,31364.0
ORD006448,CUST01890,STR012,2025-04-23,Delivered,51380.2
ORD006449,CUST00894,STR035,2025-04-26,Pending,72697.2
ORD006450,CUST00807,STR009,2025-05-16,Shipped,151497.8
ORD006451,CUST01712,STR021,2025-06-19,Delivered,270183.3
ORD006452,CUST01779,STR032,2025-05-05,Delivered,43871.3
ORD006453,CUST01513,STR025,2025-01-16,Shipped,26628.5
ORD006454,CUST00455,STR003,2025-05-05,Cancelled,16682.4
ORD006455,CUST01192,STR007,2025-05-02,Delivered,107941.8
ORD006456,CUST01104,STR008,2025-04-25,Delivered,23684.4
ORD006457,CUST01797,STR016,2025-02-09,Delivered,135111.6
ORD006458,CUST01798,STR021,2025-06-14,Delivered,154457.6
ORD006459,CUST00206,STR009,2025-04-16,Delivered,111301.8
ORD006460,CUST00223,STR036,2025-01-08,Delivered,82768.6
ORD006461,CUST01525,STR013,2025-05-02,Delivered,117603.15
ORD006462,CUST01088,STR040,2025-06-22,Delivered,88321.5
ORD006463,CUST00939,STR037,2025-03-20,Delivered,8488.8
ORD006464,CUST00366,STR048,2025-04-22,Delivered,163015.25
ORD006465,CUST00147,STR007,2025-04-13,Delivered,34979.2
ORD006466,CUST01963,STR011,2025-06-08,Delivered,111773.2
ORD006467,CUST01830,STR027,2025-04-08,Delivered,129817.4
ORD006468,CUST01791,STR025,2025-02-16,Delivered,120865.55
ORD006469,CUST01960,STR008,2025-05-01,Cancelled,39485.9
ORD006470,CUST00641,STR036,2025-02-24,Delivered,38250.4
ORD006471,CUST00199,STR015,2025-01-19,Delivered,70796.4
ORD006472,CUST00548,STR027,2025-02-23,Delivered,151372.55
ORD006473,CUST00603,STR050,2025-04-09,Delivered,150982.1
ORD006474,CUST01571,STR039,2025-06-23,Shipped,106515.0
ORD006475,CUST01774,STR038,2025-04-27,Delivered,239334.3
ORD006476,CUST01578,STR022,2025-05-29,Delivered,152735.95
ORD006477,CUST00936,STR017,2025-04-07,Delivered,83485.05
ORD006478,CUST01416,STR011,2025-05-16,Shipped,108241.8
ORD006479,CUST01883,STR044,2025-05-07,Cancelled,84098.8
ORD006480,CUST01792,STR025,2025-06-09,Pending,82700.0
ORD006481,CUST00034,STR007,2025-04-29,Shipped,61641.0
ORD006482,CUST01631,STR012,2025-03-08,Delivered,4157.2
ORD006483,CUST01579,STR026,2025-06-24,Processing,90683.7
ORD006484,CUST00664,STR039,2025-02-27,Delivered,45266.2
ORD006485,CUST00531,STR049,2025-02-01,Delivered,142346.9
ORD006486,CUST00942,STR030,2025-05-15,Delivered,137271.0
ORD006487,CUST01575,STR023,2025-02-03,Delivered,28465.0
ORD006488,CUST01671,STR025,2025-06-16,Delivered,223610.5
ORD006489,CUST01925,STR044,2025-04-26,Delivered,96680.7
ORD006490,CUST01853,STR007,2025-06-30,Delivered,111922.0
ORD006491,CUST01504,STR033,2025-03-16,Delivered,18801.0
ORD006492,CUST00308,STR038,2025-06-08,Delivered,150428.05
ORD006493,CUST00527,STR030,2025-05-30,Delivered,202003.7
ORD006494,CUST01965,STR036,2025-03-20,Delivered,89206.9
ORD006495,CUST01170,STR005,2025-02-18,Delivered,204144.2
ORD006496,CUST01814,STR011,2025-02-22,Pending,4897.7
ORD006497,CUST00928,STR031,2025-06-13,Delivered,24841.25
ORD006498,CUST01447,STR020,2025-02-03,Delivered,80108.0
ORD006499,CUST01674,STR034,2025-05-28,Delivered,162507.0
ORD006500,CUST00285,STR032,2025-02-20,Pending,123261.5
ORD006501,CUST01841,STR042,2025-04-24,Delivered,82767.9
ORD006502,CUST01504,STR046,2025-02-28,Processing,106487.4
ORD006503,CUST01711,STR022,2025-05-21,Shipped,95486.3
ORD006504,CUST00595,STR017,2025-06-15,Delivered,47517.6
ORD006505,CUST00032,STR010,2025-04-19,Delivered,40418.35
ORD006506,CUST01849,STR023,2025-03-03,Delivered,93732.0
ORD006507,CUST00561,STR037,2025-03-30,Delivered,80586.8
ORD006508,CUST01997,STR042,2025-02-22,Delivered,90608.9
ORD006509,CUST00197,STR021,2025-06-14,Delivered,96818.6
ORD006510,CUST00605,STR009,2025-01-19,Delivered,158858.2
ORD006511,CUST01080,STR030,2025-01-10,Delivered,74741.25
ORD006512,CUST00151,STR036,2025-04-09,Delivered,32555.2
ORD006513,CUST00855,STR022,2025-04-24,Delivered,186404.65
ORD006514,CUST01364,STR033,2025-02-20,Cancelled,121741.25
ORD006515,CUST00196,STR017,2025-05-27,Delivered,45356.75
ORD006516,CUST00956,STR039,2025-03-10,Delivered,130134.0
ORD006517,CUST00922,STR023,2025-04-11,Pending,72404.2
ORD006518,CUST01460,STR029,2025-03-26,Delivered,53843.05
ORD006519,CUST00594,STR020,2025-03-15,Delivered,212527.35
ORD006520,CUST00317,STR032,2025-03-02,Processing,130334.55
ORD006521,CUST01413,STR026,2025-06-22,Delivered,255205.9
ORD006522,CUST00874,STR009,2025-01-15,Processing,112391.45
ORD006523,CUST01577,STR026,2025-05-16,Delivered,12095.4
ORD006524,CUST01274,STR005,2025-02-24,Delivered,168534.65
ORD006525,CUST01663,STR013,2025-06-25,Delivered,200264.65
ORD006526,CUST01696,STR010,2025-03-17,Delivered,257162.2
ORD006527,CUST00075,STR013,2025-02-28,Cancelled,31708.15
ORD006528,CUST01396,STR007,2025-04-25,Delivered,74430.0
ORD006529,CUST01636,STR020,2025-04-05,Delivered,74516.4
ORD006530,CUST01453,STR025,2025-01-01,Delivered,86047.95
ORD006531,CUST01082,STR044,2025-02-19,Delivered,151093.95
ORD006532,CUST00088,STR008,2025-01-24,Delivered,74836.8
ORD006533,CUST00938,STR039,2025-04-16,Shipped,106251.0
ORD006534,CUST00639,STR036,2025-05-14,Delivered,158471.2
ORD006535,CUST00735,STR010,2025-03-17,Delivered,177882.3
ORD006536,CUST00348,STR038,2025-06-05,Delivered,38220.7
ORD006537,CUST00512,STR046,2025-01-29,Delivered,122072.95
ORD006538,CUST01872,STR041,2025-02-25,Delivered,49500.0
ORD006539,CUST00394,STR021,2025-04-06,Delivered,80710.2
ORD006540,CUST01429,STR026,2025-04-18,Shipped,133243.5
ORD006541,CUST01394,STR023,2025-06-06,Delivered,184840.55
ORD006542,CUST00772,STR007,2025-01-13,Returned,187412.05
ORD006543,CUST01670,STR001,2025-03-19,Delivered,1969.2
ORD006544,CUST01608,STR046,2025-06-08,Pending,63434.05
ORD006545,CUST01224,STR033,2025-06-23,Delivered,166637.1
ORD006546,CUST01590,STR039,2025-05-26,Delivered,219921.2
ORD006547,CUST00968,STR046,2025-03-19,Delivered,19975.0
ORD006548,CUST00769,STR044,2025-02-13,Delivered,107542.6
ORD006549,CUST01173,STR035,2025-03-10,Delivered,77665.6
ORD006550,CUST01423,STR028,2025-03-06,Processing,11073.0
ORD006551,CUST01737,STR014,2025-01-31,Delivered,155722.5
ORD006552,CUST01548,STR043,2025-06-16,Pending,50243.2
ORD006553,CUST00193,STR015,2025-05-21,Delivered,334383.4
ORD006554,CUST01797,STR010,2025-02-09,Cancelled,205374.5
ORD006555,CUST00550,STR015,2025-04-18,Delivered,952.0
ORD006556,CUST01714,STR001,2025-03-16,Delivered,157983.0
ORD006557,CUST00689,STR018,2025-06-26,Delivered,120448.8
ORD006558,CUST01601,STR041,2025-06-05,Cancelled,24276.3
ORD006559,CUST00313,STR014,2025-05-10,Pending,252015.0
ORD006560,CUST00469,STR042,2025-02-09,Shipped,187330.5
ORD006561,CUST01096,STR028,2025-01-24,Shipped,168236.35
ORD006562,CUST00082,STR014,2025-06-22,Cancelled,51710.4
ORD006563,CUST01662,STR031,2025-05-10,Delivered,89288.25
ORD006564,CUST00247,STR050,2025-04-30,Delivered,196180.2
ORD006565,CUST00685,STR003,2025-02-21,Delivered,45372.95
ORD006566,CUST00560,STR006,2025-03-28,Delivered,227437.3
ORD006567,CUST00864,STR017,2025-03-02,Delivered,128111.2
ORD006568,CUST01187,STR039,2025-06-10,Delivered,198527.0
ORD006569,CUST00656,STR036,2025-06-21,Cancelled,109157.9
ORD006570,CUST01698,STR023,2025-06-18,Delivered,201249.6
ORD006571,CUST01814,STR043,2025-04-29,Shipped,47128.1
ORD006572,CUST01469,STR035,2025-01-03,Delivered,134879.15
ORD006573,CUST00395,STR007,2025-05-24,Delivered,7809.3
ORD006574,CUST01150,STR004,2025-03-17,Cancelled,87890.2
ORD006575,CUST00782,STR013,2025-05-24,Processing,100514.7
ORD006576,CUST00239,STR005,2025-05-17,Cancelled,116276.85
ORD006577,CUST01027,STR035,2025-01-19,Delivered,127212.4
ORD006578,CUST00611,STR015,2025-04-09,Pending,180894.55
ORD006579,CUST00287,STR020,2025-06-27,Delivered,93206.2
ORD006580,CUST00522,STR012,2025-03-18,Delivered,170073.75
ORD006581,CUST01998,STR006,2025-02-17,Delivered,5427.0
ORD006582,CUST01423,STR030,2025-03-11,Delivered,63731.4
ORD006583,CUST01720,STR012,2025-05-10,Delivered,136239.8
ORD006584,CUST01118,STR027,2025-01-13,Cancelled,171343.6
ORD006585,CUST00540,STR024,2025-04-11,Delivered,210386.3
ORD006586,CUST01579,STR025,2025-01-23,Delivered,33145.5
ORD006587,CUST01205,STR001,2025-04-06,Cancelled,126675.7
ORD006588,CUST00027,STR034,2025-03-16,Shipped,122372.15
ORD006589,CUST01016,STR008,2025-01-16,Delivered,121565.95
ORD006590,CUST00194,STR017,2025-03-28,Delivered,106455.15
ORD006591,CUST00424,STR015,2025-03-19,Delivered,274929.95
ORD006592,CUST01481,STR036,2025-05-13,Delivered,61854.5
ORD006593,CUST00078,STR043,2025-06-18,Delivered,91198.1
ORD006594,CUST01686,STR036,2025-01-18,Delivered,64719.1
ORD006595,CUST01059,STR025,2025-03-24,Delivered,51558.45
ORD006596,CUST01201,STR029,2025-02-02,Delivered,122304.9
ORD006597,CUST01637,STR032,2025-06-23,Delivered,30710.5
ORD006598,CUST01496,STR006,2025-06-21,Cancelled,142878.8
ORD006599,CUST01697,STR021,2025-01-07,Shipped,74536.5
ORD006600,CUST01727,STR011,2025-05-08,Delivered,91326.95
ORD006601,CUST01702,STR022,2025-05-13,Returned,226097.65
ORD006602,CUST00615,STR040,2025-03-02,Delivered,105709.5
ORD006603,CUST00578,STR044,2025-01-02,Pending,63519.3
ORD006604,CUST00150,STR043,2025-03-03,Delivered,111982.8
ORD006605,CUST01384,STR043,2025-06-17,Shipped,98731.25
ORD006606,CUST01099,STR016,2025-01-13,Shipped,76221.2
ORD006607,CUST01379,STR050,2025-01-11,Delivered,52812.4
ORD006608,CUST01534,STR025,2025-06-07,Delivered,208560.0
ORD006609,CUST01925,STR043,2025-05-08,Delivered,161303.55
ORD006610,CUST00085,STR014,2025-02-13,Delivered,201430.25
ORD006611,CUST01102,STR042,2025-06-16,Shipped,27541.1
ORD006612,CUST01193,STR041,2025-05-03,Delivered,288193.5
ORD006613,CUST00211,STR010,2025-05-28,Delivered,31782.4
ORD006614,CUST00057,STR026,2025-04-17,Shipped,30981.6
ORD006615,CUST01405,STR019,2025-06-07,Delivered,212401.7
ORD006616,CUST01570,STR003,2025-03-08,Shipped,69547.3
ORD006617,CUST01972,STR041,2025-03-22,Delivered,117456.4
ORD006618,CUST01703,STR050,2025-01-11,Delivered,38945.6
ORD006619,CUST01476,STR044,2025-03-17,Delivered,11439.0
ORD006620,CUST00053,STR047,2025-01-14,Cancelled,158978.1
ORD006621,CUST00414,STR047,2025-03-01,Delivered,35914.9
ORD006622,CUST01384,STR026,2025-05-09,Delivered,94126.6
ORD006623,CUST00504,STR049,2025-02-25,Delivered,65065.2
ORD006624,CUST00328,STR015,2025-01-07,Delivered,138891.1
ORD006625,CUST00141,STR049,2025-01-24,Delivered,169680.0
ORD006626,CUST00046,STR028,2025-04-30,Cancelled,155588.9
ORD006627,CUST01668,STR017,2025-03-08,Delivered,83140.2
ORD006628,CUST00501,STR012,2025-03-18,Delivered,192425.6
ORD006629,CUST01885,STR020,2025-05-15,Processing,84947.3
ORD006630,CUST01431,STR048,2025-03-10,Cancelled,169081.0
ORD006631,CUST00066,STR014,2025-04-25,Pending,134433.35
ORD006632,CUST01165,STR038,2025-03-26,Delivered,203116.2
ORD006633,CUST01387,STR048,2025-04-26,Cancelled,147753.3
ORD006634,CUST00654,STR002,2025-02-04,Delivered,51271.35
ORD006635,CUST00849,STR049,2025-04-22,Delivered,51991.2
ORD006636,CUST01767,STR008,2025-05-26,Delivered,65494.1
ORD006637,CUST01400,STR014,2025-06-15,Delivered,226379.1
ORD006638,CUST01186,STR040,2025-06-04,Delivered,85507.8
ORD006639,CUST01601,STR044,2025-04-21,Delivered,204763.2
ORD006640,CUST00241,STR027,2025-03-10,Delivered,206307.05
ORD006641,CUST00758,STR040,2025-01-09,Shipped,36286.65
ORD006642,CUST00951,STR045,2025-03-01,Delivered,155319.3
ORD006643,CUST01135,STR035,2025-01-27,Delivered,111631.65
ORD006644,CUST00854,STR017,2025-05-22,Delivered,40974.85
ORD006645,CUST00481,STR011,2025-04-10,Delivered,139303.05
ORD006646,CUST00693,STR025,2025-04-29,Delivered,26716.0
ORD006647,CUST00287,STR042,2025-06-17,Pending,213902.3
ORD006648,CUST00212,STR024,2025-04-10,Delivered,104749.2
ORD006649,CUST01056,STR041,2025-01-04,Delivered,257654.4
ORD006650,CUST00203,STR018,2025-04-01,Delivered,193908.05
ORD006651,CUST00518,STR041,2025-05-23,Delivered,219612.7
ORD006652,CUST01169,STR041,2025-03-09,Delivered,150855.5
ORD006653,CUST01489,STR016,2025-06-08,Pending,28371.75
ORD006654,CUST00506,STR037,2025-04-28,Delivered,21667.5
ORD006655,CUST00524,STR043,2025-01-25,Delivered,122976.45
ORD006656,CUST01603,STR022,2025-01-14,Delivered,253621.65
ORD006657,CUST00251,STR017,2025-04-11,Pending,99620.65
ORD006658,CUST01887,STR014,2025-01-04,Delivered,102110.55
ORD006659,CUST01500,STR020,2025-01-19,Delivered,129548.55
ORD006660,CUST00281,STR001,2025-05-26,Shipped,142163.4
ORD006661,CUST01497,STR019,2025-05-04,Delivered,107686.5
ORD006662,CUST00292,STR046,2025-06-13,Processing,21323.2
ORD006663,CUST01685,STR028,2025-03-25,Delivered,106958.85
ORD006664,CUST01681,STR044,2025-01-12,Delivered,9920.85
ORD006665,CUST00689,STR043,2025-04-20,Delivered,25192.2
ORD006666,CUST00616,STR014,2025-01-16,Delivered,62312.6
ORD006667,CUST00770,STR026,2025-02-11,Delivered,63147.2
ORD006668,CUST00339,STR020,2025-03-10,Processing,212505.4
ORD006669,CUST01534,STR022,2025-04-18,Delivered,273927.0
ORD006670,CUST00291,STR010,2025-02-03,Shipped,96035.45
ORD006671,CUST01989,STR015,2025-04-11,Delivered,36382.0
ORD006672,CUST01252,STR046,2025-01-15,Shipped,164952.8
ORD006673,CUST00610,STR029,2025-06-25,Delivered,54268.55
ORD006674,CUST00689,STR025,2025-05-07,Delivered,236972.35
ORD006675,CUST00915,STR014,2025-02-10,Delivered,140079.9
ORD006676,CUST01659,STR041,2025-03-01,Pending,158821.25
ORD006677,CUST01869,STR037,2025-02-05,Delivered,76258.5
ORD006678,CUST01232,STR037,2025-01-25,Delivered,146198.45
ORD006679,CUST00421,STR014,2025-04-15,Processing,61873.0
ORD006680,CUST01010,STR010,2025-03-13,Shipped,125958.0
ORD006681,CUST01333,STR034,2025-05-05,Delivered,60144.6
ORD006682,CUST01571,STR002,2025-03-14,Delivered,96260.55
ORD006683,CUST01127,STR039,2025-06-14,Delivered,118839.7
ORD006684,CUST00736,STR034,2025-06-25,Delivered,109592.15
ORD006685,CUST00031,STR041,2025-02-12,Delivered,72498.0
ORD006686,CUST01220,STR029,2025-05-09,Delivered,131632.2
ORD006687,CUST00241,STR006,2025-01-01,Delivered,156393.8
ORD006688,CUST00072,STR022,2025-03-13,Delivered,230527.9
ORD006689,CUST01141,STR048,2025-06-16,Delivered,182216.4
ORD006690,CUST00652,STR009,2025-05-12,Cancelled,200732.35
ORD006691,CUST00794,STR021,2025-02-02,Delivered,122061.5
ORD006692,CUST00923,STR023,2025-01-24,Delivered,332949.2
ORD006693,CUST01027,STR036,2025-05-26,Delivered,202572.9
ORD006694,CUST01793,STR004,2025-03-31,Delivered,305670.6
ORD006695,CUST00714,STR049,2025-06-08,Delivered,32212.8
ORD006696,CUST01528,STR042,2025-02-10,Delivered,186261.8
ORD006697,CUST00508,STR044,2025-01-05,Delivered,88410.6
ORD006698,CUST01961,STR045,2025-04-17,Processing,2514.0
ORD006699,CUST01289,STR042,2025-06-09,Delivered,115168.8
ORD006700,CUST01081,STR023,2025-01-16,Delivered,129900.7
ORD006701,CUST01845,STR006,2025-03-23,Delivered,174557.6
ORD006702,CUST00083,STR021,2025-03-31,Delivered,3748.5
ORD006703,CUST01224,STR043,2025-06-15,Delivered,220381.5
ORD006704,CUST00061,STR033,2025-04-26,Delivered,118665.0
ORD006705,CUST01608,STR026,2025-05-12,Delivered,84224.6
ORD006706,CUST00790,STR014,2025-02-18,Delivered,141201.45
ORD006707,CUST01296,STR030,2025-04-19,Delivered,152895.15
ORD006708,CUST00275,STR004,2025-06-10,Pending,55014.0
ORD006709,CUST01652,STR025,2025-04-19,Delivered,93874.7
ORD006710,CUST01096,STR013,2025-01-31,Returned,17500.5
ORD006711,CUST01173,STR034,2025-04-03,Shipped,113573.4
ORD006712,CUST00121,STR019,2025-04-03,Delivered,129234.2
ORD006713,CUST00881,STR045,2025-03-17,Delivered,278526.25
ORD006714,CUST01070,STR015,2025-03-06,Cancelled,6333.0
ORD006715,CUST01780,STR010,2025-02-10,Delivered,253936.8
ORD006716,CUST00664,STR025,2025-01-12,Delivered,81006.95
ORD006717,CUST00145,STR010,2025-06-03,Delivered,150237.5
ORD006718,CUST00988,STR044,2025-01-26,Delivered,96690.3
ORD006719,CUST00303,STR033,2025-03-11,Delivered,94530.0
ORD006720,CUST01235,STR024,2025-06-25,Delivered,140558.3
ORD006721,CUST01652,STR019,2025-01-21,Delivered,97512.3
ORD006722,CUST00017,STR015,2025-02-27,Pending,10576.55
ORD006723,CUST01208,STR024,2025-05-27,Delivered,43509.0
ORD006724,CUST00573,STR046,2025-02-14,Delivered,75975.5
ORD006725,CUST01321,STR006,2025-03-19,Delivered,156565.6
ORD006726,CUST01630,STR017,2025-06-19,Delivered,28845.0
ORD006727,CUST00157,STR037,2025-05-15,Delivered,36089.6
ORD006728,CUST01127,STR015,2025-01-26,Delivered,233923.35
ORD006729,CUST00175,STR037,2025-06-01,Delivered,62098.4
ORD006730,CUST01620,STR018,2025-03-16,Delivered,167689.7
ORD006731,CUST00988,STR044,2025-01-20,Delivered,15970.45
ORD006732,CUST00529,STR026,2025-01-26,Delivered,67471.4
ORD006733,CUST00246,STR045,2025-04-24,Shipped,36362.8
ORD006734,CUST01846,STR046,2025-05-17,Delivered,229957.8
ORD006735,CUST00135,STR029,2025-03-21,Delivered,126193.7
ORD006736,CUST01551,STR017,2025-01-22,Delivered,70826.0
ORD006737,CUST01716,STR050,2025-03-07,Shipped,92605.7
ORD006738,CUST01354,STR027,2025-04-28,Delivered,157137.0
ORD006739,CUST01099,STR015,2025-03-19,Delivered,31367.55
ORD006740,CUST01288,STR027,2025-02-20,Delivered,88127.05
ORD006741,CUST00496,STR018,2025-03-02,Delivered,198379.2
ORD006742,CUST01992,STR020,2025-01-09,Delivered,269753.0
ORD006743,CUST01557,STR032,2025-05-02,Delivered,167282.35
ORD006744,CUST00368,STR043,2025-03-18,Returned,142300.2
ORD006745,CUST01271,STR006,2025-03-06,Shipped,113118.85
ORD006746,CUST01789,STR034,2025-04-19,Delivered,45183.9
ORD006747,CUST01993,STR003,2025-03-15,Delivered,33222.45
ORD006748,CUST00512,STR030,2025-02-11,Shipped,59779.2
ORD006749,CUST00723,STR039,2025-03-07,Delivered,59552.1
ORD006750,CUST00896,STR026,2025-04-15,Cancelled,188803.6
ORD006751,CUST00383,STR008,2025-01-29,Delivered,154720.8
ORD006752,CUST01805,STR018,2025-03-17,Delivered,131728.6
ORD006753,CUST00238,STR032,2025-04-16,Delivered,33093.9
ORD006754,CUST01116,STR004,2025-01-18,Delivered,71660.4
ORD006755,CUST01607,STR018,2025-06-11,Delivered,105583.2
ORD006756,CUST01821,STR031,2025-06-20,Delivered,161449.7
ORD006757,CUST00720,STR041,2025-02-13,Delivered,23857.2
ORD006758,CUST01131,STR036,2025-02-28,Shipped,186138.8
ORD006759,CUST01653,STR044,2025-05-29,Delivered,4897.0
ORD006760,CUST01448,STR038,2025-02-27,Delivered,69839.55
ORD006761,CUST00100,STR027,2025-02-21,Delivered,63131.3
ORD006762,CUST00640,STR040,2025-01-31,Shipped,73560.6
ORD006763,CUST01296,STR044,2025-02-13,Pending,66796.0
ORD006764,CUST01251,STR031,2025-01-03,Delivered,185730.45
ORD006765,CUST01713,STR020,2025-04-20,Delivered,32885.1
ORD006766,CUST00465,STR016,2025-03-09,Shipped,35541.9
ORD006767,CUST01257,STR016,2025-03-28,Delivered,59490.1
ORD006768,CUST01922,STR002,2025-01-21,Delivered,250157.1
ORD006769,CUST01616,STR017,2025-02-15,Delivered,163278.2
ORD006770,CUST01120,STR029,2025-05-31,Processing,56281.05
ORD006771,CUST01392,STR039,2025-06-02,Delivered,28622.9
ORD006772,CUST01181,STR027,2025-01-24,Delivered,232187.15
ORD006773,CUST00810,STR008,2025-06-06,Delivered,148281.7
ORD006774,CUST01633,STR010,2025-05-28,Delivered,65147.4
ORD006775,CUST01107,STR046,2025-01-15,Returned,162659.55
ORD006776,CUST00139,STR038,2025-05-12,Delivered,60603.2
ORD006777,CUST01341,STR008,2025-04-20,Delivered,137826.9
ORD006778,CUST01347,STR017,2025-04-07,Delivered,167445.6
ORD006779,CUST01810,STR005,2025-03-26,Cancelled,24441.6
ORD006780,CUST01339,STR023,2025-01-07,Cancelled,97425.3
ORD006781,CUST00422,STR037,2025-02-23,Delivered,86903.6
ORD006782,CUST01057,STR021,2025-03-29,Shipped,31625.65
ORD006783,CUST00177,STR026,2025-06-08,Pending,31021.75
ORD006784,CUST01485,STR050,2025-02-14,Delivered,174746.8
ORD006785,CUST00375,STR037,2025-02-04,Delivered,86656.8
ORD006786,CUST00528,STR034,2025-04-01,Delivered,123670.05
ORD006787,CUST00152,STR029,2025-02-04,Delivered,291843.9
ORD006788,CUST00729,STR045,2025-01-17,Processing,4369.0
ORD006789,CUST00772,STR045,2025-01-22,Delivered,158960.15
ORD006790,CUST00702,STR027,2025-02-08,Processing,131489.6
ORD006791,CUST00760,STR032,2025-03-20,Delivered,6426.0
ORD006792,CUST00313,STR045,2025-01-04,Delivered,326388.9
ORD006793,CUST01619,STR002,2025-04-19,Pending,95290.6
ORD006794,CUST00807,STR023,2025-02-27,Delivered,63916.8
ORD006795,CUST00505,STR032,2025-03-10,Shipped,22110.4
ORD006796,CUST00892,STR006,2025-03-04,Delivered,209771.3
ORD006797,CUST00194,STR046,2025-01-19,Shipped,91575.0
ORD006798,CUST01205,STR009,2025-04-11,Delivered,83600.3
ORD006799,CUST00097,STR008,2025-01-04,Cancelled,91810.6
ORD006800,CUST01613,STR045,2025-01-02,Delivered,6981.0
ORD006801,CUST01375,STR032,2025-03-04,Delivered,116377.5
ORD006802,CUST01827,STR016,2025-05-10,Shipped,62434.8
ORD006803,CUST01035,STR017,2025-06-17,Delivered,40678.8
ORD006804,CUST00906,STR023,2025-04-26,Delivered,42323.4
ORD006805,CUST00177,STR020,2025-02-04,Delivered,25161.6
ORD006806,CUST01222,STR022,2025-03-26,Delivered,300335.3
ORD006807,CUST01173,STR031,2025-03-01,Delivered,48226.0
ORD006808,CUST00869,STR046,2025-05-04,Delivered,76160.35
ORD006809,CUST01875,STR050,2025-03-06,Delivered,67416.9
ORD006810,CUST00612,STR018,2025-06-29,Delivered,35148.1
ORD006811,CUST01345,STR028,2025-01-13,Delivered,36036.6
ORD006812,CUST01557,STR007,2025-01-31,Delivered,186233.5
ORD006813,CUST01000,STR021,2025-05-06,Delivered,71984.65
ORD006814,CUST01236,STR018,2025-05-25,Delivered,38893.8
ORD006815,CUST01490,STR028,2025-04-13,Processing,50897.5
ORD006816,CUST00050,STR025,2025-06-27,Shipped,51204.2
ORD006817,CUST01144,STR003,2025-06-21,Processing,75542.9
ORD006818,CUST00269,STR001,2025-06-20,Cancelled,131531.35
ORD006819,CUST00931,STR046,2025-06-23,Delivered,14914.0
ORD006820,CUST01495,STR043,2025-05-06,Delivered,109042.7
ORD006821,CUST00706,STR045,2025-04-03,Delivered,116984.3
ORD006822,CUST00918,STR028,2025-04-12,Delivered,176751.8
ORD006823,CUST01972,STR006,2025-02-19,Cancelled,35222.4
ORD006824,CUST00572,STR033,2025-06-06,Cancelled,202222.6
ORD006825,CUST01025,STR006,2025-04-14,Delivered,17776.8
ORD006826,CUST00684,STR046,2025-05-04,Delivered,98219.25
ORD006827,CUST01651,STR033,2025-01-29,Delivered,46171.05
ORD006828,CUST00325,STR002,2025-01-08,Delivered,43605.0
ORD006829,CUST01012,STR007,2025-02-11,Delivered,166233.0
ORD006830,CUST01585,STR039,2025-03-15,Delivered,234268.55
ORD006831,CUST00648,STR034,2025-03-12,Delivered,105826.1
ORD006832,CUST00108,STR015,2025-06-05,Delivered,81110.4
ORD006833,CUST01708,STR035,2025-04-18,Pending,96287.25
ORD006834,CUST01466,STR012,2025-03-26,Delivered,18268.8
ORD006835,CUST00583,STR040,2025-06-26,Delivered,77058.0
ORD006836,CUST01071,STR023,2025-06-27,Cancelled,98114.4
ORD006837,CUST01191,STR006,2025-01-25,Delivered,116453.85
ORD006838,CUST01032,STR050,2025-02-14,Delivered,213115.9
ORD006839,CUST01297,STR015,2025-05-19,Delivered,18411.85
ORD006840,CUST01999,STR040,2025-06-06,Delivered,94383.15
ORD006841,CUST00138,STR037,2025-05-08,Delivered,8082.9
ORD006842,CUST01734,STR020,2025-03-18,Pending,159199.5
ORD006843,CUST00507,STR027,2025-03-17,Delivered,166380.85
ORD006844,CUST01311,STR038,2025-03-03,Delivered,25386.85
ORD006845,CUST01685,STR005,2025-04-19,Delivered,84577.2
ORD006846,CUST01723,STR020,2025-03-05,Delivered,122446.95
ORD006847,CUST00079,STR046,2025-02-10,Delivered,24578.4
ORD006848,CUST01759,STR040,2025-06-06,Delivered,39868.0
ORD006849,CUST01743,STR029,2025-05-07,Delivered,75201.55
ORD006850,CUST00273,STR042,2025-05-03,Delivered,146058.0
ORD006851,CUST01003,STR049,2025-05-13,Shipped,114327.5
ORD006852,CUST01249,STR021,2025-01-20,Delivered,180000.75
ORD006853,CUST01898,STR007,2025-06-18,Processing,60794.0
ORD006854,CUST00508,STR015,2025-05-11,Delivered,160142.4
ORD006855,CUST01053,STR029,2025-03-30,Processing,187944.55
ORD006856,CUST01812,STR010,2025-04-30,Delivered,114622.9
ORD006857,CUST01352,STR019,2025-03-26,Delivered,119707.7
ORD006858,CUST01749,STR009,2025-05-21,Delivered,99378.0
ORD006859,CUST00896,STR017,2025-04-14,Delivered,101164.6
ORD006860,CUST01035,STR011,2025-01-29,Delivered,9914.2
ORD006861,CUST01612,STR004,2025-01-29,Delivered,32055.2
ORD006862,CUST00560,STR049,2025-01-23,Delivered,148739.25
ORD006863,CUST01593,STR004,2025-05-31,Delivered,27612.8
ORD006864,CUST01076,STR024,2025-01-18,Delivered,16809.3
ORD006865,CUST00911,STR035,2025-03-27,Pending,49042.8
ORD006866,CUST00407,STR019,2025-05-21,Delivered,21069.8
ORD006867,CUST00388,STR009,2025-06-23,Delivered,65257.2
ORD006868,CUST00734,STR031,2025-03-30,Delivered,62144.5
ORD006869,CUST00539,STR022,2025-05-08,Shipped,92726.0
ORD006870,CUST01168,STR011,2025-05-05,Delivered,41766.05
ORD006871,CUST01910,STR041,2025-02-28,Delivered,194636.35
ORD006872,CUST00119,STR047,2025-03-07,Processing,75961.35
ORD006873,CUST00772,STR017,2025-02-23,Delivered,56475.6
ORD006874,CUST01280,STR045,2025-01-05,Delivered,146358.9
ORD006875,CUST01825,STR044,2025-05-20,Delivered,123739.75
ORD006876,CUST00486,STR049,2025-02-26,Delivered,26748.0
ORD006877,CUST01572,STR042,2025-01-12,Shipped,176767.45
ORD006878,CUST00921,STR010,2025-05-21,Delivered,93343.6
ORD006879,CUST00707,STR032,2025-04-01,Delivered,29493.0
ORD006880,CUST01212,STR003,2025-05-04,Delivered,332096.15
ORD006881,CUST00266,STR010,2025-05-22,Shipped,117006.1
ORD006882,CUST01473,STR031,2025-02-28,Pending,192859.95
ORD006883,CUST00250,STR005,2025-05-01,Delivered,77234.4
ORD006884,CUST01502,STR009,2025-03-31,Delivered,124584.0
ORD006885,CUST01287,STR009,2025-04-01,Pending,60598.8
ORD006886,CUST01059,STR005,2025-02-18,Pending,173038.55
ORD006887,CUST00052,STR007,2025-06-20,Delivered,169439.0
ORD006888,CUST00106,STR010,2025-02-18,Pending,69524.4
ORD006889,CUST00451,STR046,2025-04-17,Delivered,13246.0
ORD006890,CUST00461,STR042,2025-02-15,Pending,71965.35
ORD006891,CUST00470,STR049,2025-06-26,Delivered,21498.4
ORD006892,CUST00754,STR036,2025-06-06,Cancelled,85427.8
ORD006893,CUST00367,STR047,2025-06-01,Delivered,109310.9
ORD006894,CUST01142,STR011,2025-06-29,Delivered,171916.6
ORD006895,CUST01305,STR037,2025-05-08,Delivered,49140.0
ORD006896,CUST00871,STR021,2025-05-26,Processing,162911.85
ORD006897,CUST00456,STR034,2025-03-11,Delivered,63841.5
ORD006898,CUST00022,STR023,2025-01-03,Cancelled,7389.9
ORD006899,CUST01726,STR038,2025-05-16,Pending,41718.0
ORD006900,CUST00838,STR010,2025-02-11,Delivered,170219.55
ORD006901,CUST00541,STR047,2025-03-22,Delivered,47489.6
ORD006902,CUST00521,STR026,2025-06-24,Delivered,109187.7
ORD006903,CUST00954,STR039,2025-04-26,Delivered,210204.2
ORD006904,CUST01442,STR044,2025-06-22,Delivered,168936.05
ORD006905,CUST00094,STR035,2025-02-20,Shipped,158446.35
ORD006906,CUST01675,STR001,2025-05-24,Delivered,108635.1
ORD006907,CUST00865,STR001,2025-05-19,Delivered,49005.9
ORD006908,CUST00836,STR028,2025-06-10,Delivered,218069.85
ORD006909,CUST01472,STR019,2025-03-01,Processing,284218.2
ORD006910,CUST01951,STR025,2025-04-27,Delivered,87584.1
ORD006911,CUST01817,STR019,2025-01-23,Delivered,135285.8
ORD006912,CUST00814,STR013,2025-02-13,Pending,117446.4
ORD006913,CUST01966,STR027,2025-02-28,Delivered,238826.7
ORD006914,CUST00188,STR037,2025-04-12,Delivered,78364.05
ORD006915,CUST00749,STR023,2025-02-18,Cancelled,106549.3
ORD006916,CUST00372,STR032,2025-02-15,Cancelled,129481.95
ORD006917,CUST01888,STR047,2025-05-29,Delivered,123832.5
ORD006918,CUST00866,STR031,2025-03-12,Delivered,254273.7
ORD006919,CUST01864,STR020,2025-02-10,Delivered,192658.3
ORD006920,CUST01339,STR002,2025-02-18,Delivered,246181.8
ORD006921,CUST00454,STR012,2025-05-04,Delivered,117317.7
ORD006922,CUST01122,STR014,2025-03-17,Shipped,185054.4
ORD006923,CUST00915,STR009,2025-03-20,Delivered,95694.0
ORD006924,CUST00978,STR048,2025-03-12,Delivered,51406.0
ORD006925,CUST01409,STR005,2025-04-10,Processing,9766.4
ORD006926,CUST01615,STR003,2025-05-27,Delivered,7904.0
ORD006927,CUST00222,STR036,2025-02-20,Processing,157819.1
ORD006928,CUST00238,STR030,2025-02-11,Delivered,95503.95
ORD006929,CUST01031,STR030,2025-05-07,Delivered,59734.5
ORD006930,CUST01386,STR020,2025-05-22,Shipped,71343.3
ORD006931,CUST00233,STR034,2025-01-24,Processing,91396.25
ORD006932,CUST00099,STR023,2025-05-09,Shipped,93904.5
ORD006933,CUST01952,STR002,2025-03-14,Returned,36488.55
ORD006934,CUST00917,STR028,2025-01-19,Cancelled,101955.1
ORD006935,CUST00934,STR032,2025-06-06,Delivered,96256.6
ORD006936,CUST01235,STR006,2025-04-21,Pending,83587.75
ORD006937,CUST00345,STR039,2025-03-24,Shipped,34120.2
ORD006938,CUST01890,STR007,2025-01-30,Shipped,8545.5
ORD006939,CUST01202,STR027,2025-03-24,Delivered,88410.8
ORD006940,CUST00641,STR049,2025-01-06,Delivered,96753.9
ORD006941,CUST01327,STR002,2025-02-15,Delivered,37927.2
ORD006942,CUST00886,STR006,2025-06-29,Delivered,42980.05
ORD006943,CUST01049,STR025,2025-05-21,Cancelled,187248.45
ORD006944,CUST01157,STR025,2025-03-27,Delivered,334542.9
ORD006945,CUST00045,STR002,2025-03-13,Delivered,115383.5
ORD006946,CUST01287,STR023,2025-04-22,Delivered,78529.8
ORD006947,CUST01779,STR050,2025-06-14,Delivered,49740.0
ORD006948,CUST01971,STR036,2025-01-18,Delivered,154653.8
ORD006949,CUST01107,STR004,2025-02-11,Shipped,75076.75
ORD006950,CUST01961,STR025,2025-05-14,Delivered,14878.4
ORD006951,CUST01615,STR001,2025-03-17,Delivered,30820.0
ORD006952,CUST01930,STR010,2025-04-08,Processing,182915.45
ORD006953,CUST00244,STR044,2025-03-13,Cancelled,86392.95
ORD006954,CUST00334,STR012,2025-02-07,Cancelled,40568.35
ORD006955,CUST00379,STR008,2025-02-07,Delivered,209638.4
ORD006956,CUST01910,STR048,2025-05-15,Delivered,44444.8
ORD006957,CUST01527,STR002,2025-01-30,Shipped,104706.0
ORD006958,CUST01188,STR040,2025-01-13,Pending,120578.0
ORD006959,CUST01236,STR038,2025-06-01,Delivered,57847.0
ORD006960,CUST00372,STR012,2025-06-17,Processing,88512.8
ORD006961,CUST01317,STR040,2025-04-24,Delivered,203165.85
ORD006962,CUST01552,STR046,2025-02-05,Delivered,54547.3
ORD006963,CUST01348,STR007,2025-01-08,Delivered,242519.4
ORD006964,CUST01814,STR049,2025-02-06,Pending,36244.0
ORD006965,CUST01978,STR039,2025-06-27,Delivered,148228.05
ORD006966,CUST01049,STR020,2025-02-11,Delivered,157659.75
ORD006967,CUST01096,STR041,2025-03-23,Delivered,74748.0
ORD006968,CUST01556,STR025,2025-02-14,Delivered,133723.7
ORD006969,CUST01838,STR026,2025-03-21,Delivered,12651.0
ORD006970,CUST00314,STR007,2025-05-05,Delivered,218573.1
ORD006971,CUST00703,STR015,2025-02-16,Pending,202785.7
ORD006972,CUST01313,STR044,2025-05-06,Returned,55154.65
ORD006973,CUST01834,STR031,2025-03-19,Delivered,12509.6
ORD006974,CUST01669,STR027,2025-05-28,Delivered,197148.3
ORD006975,CUST01279,STR002,2025-01-15,Delivered,29011.1
ORD006976,CUST00390,STR036,2025-05-02,Delivered,96167.9
ORD006977,CUST01176,STR020,2025-06-09,Processing,36648.0
ORD006978,CUST01010,STR039,2025-05-13,Delivered,194561.45
ORD006979,CUST00739,STR023,2025-06-13,Delivered,44656.8
ORD006980,CUST00361,STR010,2025-06-18,Delivered,107473.1
ORD006981,CUST00547,STR027,2025-02-09,Delivered,175505.65
ORD006982,CUST01990,STR028,2025-01-07,Delivered,103343.1
ORD006983,CUST01196,STR033,2025-03-11,Delivered,99880.1
ORD006984,CUST00010,STR027,2025-04-16,Delivered,129242.55
ORD006985,CUST00278,STR010,2025-02-24,Delivered,106855.95
ORD006986,CUST01087,STR013,2025-06-12,Delivered,119769.45
ORD006987,CUST01590,STR025,2025-03-27,Delivered,113088.0
ORD006988,CUST00478,STR038,2025-02-26,Delivered,324138.15
ORD006989,CUST00988,STR045,2025-04-14,Cancelled,14117.95
ORD006990,CUST00933,STR011,2025-04-08,Delivered,67174.4
ORD006991,CUST01451,STR028,2025-04-03,Delivered,174062.4
ORD006992,CUST00845,STR028,2025-02-03,Returned,104516.05
ORD006993,CUST01545,STR011,2025-04-04,Delivered,141728.75
ORD006994,CUST01834,STR025,2025-03-27,Processing,177655.0
ORD006995,CUST01234,STR045,2025-03-19,Delivered,152540.25
ORD006996,CUST01646,STR014,2025-04-01,Delivered,105871.6
ORD006997,CUST01157,STR027,2025-04-06,Delivered,60365.3
ORD006998,CUST01824,STR050,2025-06-18,Delivered,242392.35
ORD006999,CUST01977,STR008,2025-02-08,Delivered,101518.05
ORD007000,CUST01210,STR008,2025-05-30,Delivered,106078.2
ORD007001,CUST00276,STR018,2025-05-26,Delivered,280158.0
ORD007002,CUST01615,STR002,2025-03-30,Processing,70332.6
ORD007003,CUST01832,STR044,2025-04-18,Delivered,40763.25
ORD007004,CUST01297,STR047,2025-01-18,Pending,41889.3
ORD007005,CUST01015,STR006,2025-04-11,Delivered,8091.0
ORD007006,CUST01697,STR034,2025-06-26,Cancelled,96501.0
ORD007007,CUST00955,STR032,2025-03-24,Delivered,101803.5
ORD007008,CUST00070,STR040,2025-06-14,Delivered,141946.75
ORD007009,CUST01568,STR033,2025-02-19,Delivered,92129.6
ORD007010,CUST01925,STR021,2025-03-17,Delivered,128854.6
ORD007011,CUST00568,STR026,2025-03-11,Delivered,107558.0
ORD007012,CUST00237,STR030,2025-02-12,Processing,28884.8
ORD007013,CUST01612,STR021,2025-06-11,Delivered,77017.5
ORD007014,CUST01860,STR019,2025-03-10,Delivered,160970.2
ORD007015,CUST01088,STR014,2025-04-23,Delivered,42994.8
ORD007016,CUST00892,STR034,2025-04-14,Delivered,65367.5
ORD007017,CUST01086,STR035,2025-03-29,Delivered,160910.6
ORD007018,CUST01948,STR024,2025-01-30,Delivered,48597.2
ORD007019,CUST01688,STR025,2025-04-12,Delivered,104305.2
ORD007020,CUST00896,STR012,2025-05-14,Delivered,86869.25
ORD007021,CUST00040,STR002,2025-02-20,Delivered,235556.35
ORD007022,CUST00311,STR007,2025-04-26,Delivered,137965.5
ORD007023,CUST01982,STR037,2025-04-13,Delivered,20418.4
ORD007024,CUST01269,STR048,2025-05-01,Delivered,35735.2
ORD007025,CUST01851,STR034,2025-03-26,Delivered,77803.8
ORD007026,CUST01997,STR023,2025-05-21,Processing,25692.0
ORD007027,CUST00406,STR039,2025-03-15,Returned,38286.45
ORD007028,CUST01058,STR012,2025-03-02,Delivered,218634.0
ORD007029,CUST01250,STR036,2025-06-09,Delivered,170902.35
ORD007030,CUST01904,STR049,2025-02-08,Delivered,122324.35
ORD007031,CUST00134,STR050,2025-02-05,Cancelled,93281.85
ORD007032,CUST00378,STR003,2025-03-23,Delivered,123955.0
ORD007033,CUST01258,STR042,2025-03-13,Delivered,74250.2
ORD007034,CUST01561,STR035,2025-01-08,Cancelled,110368.15
ORD007035,CUST01505,STR038,2025-01-10,Delivered,27682.0
ORD007036,CUST01716,STR005,2025-04-02,Cancelled,231961.35
ORD007037,CUST01939,STR033,2025-02-12,Delivered,103269.2
ORD007038,CUST00322,STR029,2025-05-06,Processing,103915.2
ORD007039,CUST01300,STR015,2025-05-21,Delivered,189510.9
ORD007040,CUST00009,STR047,2025-04-18,Delivered,200992.6
ORD007041,CUST01050,STR046,2025-06-22,Delivered,151665.4
ORD007042,CUST01792,STR023,2025-06-05,Delivered,70265.8
ORD007043,CUST00605,STR040,2025-06-01,Delivered,119581.25
ORD007044,CUST00950,STR023,2025-02-06,Processing,66730.2
ORD007045,CUST00947,STR005,2025-01-29,Cancelled,120624.6
ORD007046,CUST01127,STR043,2025-03-25,Delivered,197609.3
ORD007047,CUST01358,STR004,2025-03-21,Delivered,41378.2
ORD007048,CUST00114,STR015,2025-05-21,Processing,73153.95
ORD007049,CUST01725,STR047,2025-01-21,Delivered,190417.3
ORD007050,CUST00658,STR020,2025-04-22,Delivered,164205.35
ORD007051,CUST00088,STR046,2025-04-06,Delivered,131442.05
ORD007052,CUST01907,STR032,2025-03-21,Delivered,50948.35
ORD007053,CUST01971,STR037,2025-02-26,Delivered,155393.7
ORD007054,CUST01533,STR033,2025-06-12,Delivered,5981.0
ORD007055,CUST01768,STR026,2025-03-03,Shipped,46269.0
ORD007056,CUST01277,STR036,2025-03-15,Processing,12635.2
ORD007057,CUST00312,STR036,2025-03-30,Delivered,191935.25
ORD007058,CUST00704,STR032,2025-03-20,Delivered,114586.0
ORD007059,CUST00809,STR016,2025-02-25,Delivered,272201.4
ORD007060,CUST00833,STR036,2025-06-13,Delivered,263971.8
ORD007061,CUST01530,STR004,2025-04-25,Shipped,256265.2
ORD007062,CUST00195,STR026,2025-05-24,Delivered,95617.5
ORD007063,CUST01802,STR017,2025-04-14,Delivered,168578.0
ORD007064,CUST01149,STR031,2025-06-17,Delivered,709.65
ORD007065,CUST00180,STR017,2025-04-06,Pending,21479.5
ORD007066,CUST00894,STR041,2025-04-28,Delivered,164381.5
ORD007067,CUST01039,STR016,2025-05-24,Delivered,126672.9
ORD007068,CUST00103,STR019,2025-05-04,Returned,25676.0
ORD007069,CUST00875,STR050,2025-05-12,Delivered,92381.65
ORD007070,CUST01578,STR038,2025-05-30,Processing,32515.65
ORD007071,CUST00324,STR049,2025-04-05,Delivered,76682.7
ORD007072,CUST00766,STR034,2025-03-27,Cancelled,91208.7
ORD007073,CUST01174,STR039,2025-03-01,Delivered,22159.8
ORD007074,CUST01832,STR017,2025-02-19,Cancelled,119206.55
ORD007075,CUST01105,STR014,2025-03-30,Delivered,115708.75
ORD007076,CUST01643,STR001,2025-02-19,Delivered,260239.7
ORD007077,CUST01518,STR011,2025-06-13,Pending,169380.6
ORD007078,CUST01208,STR036,2025-04-28,Delivered,124453.0
ORD007079,CUST01174,STR038,2025-05-10,Delivered,27180.0
ORD007080,CUST00528,STR042,2025-04-15,Delivered,77961.75
ORD007081,CUST00263,STR009,2025-02-01,Delivered,46159.1
ORD007082,CUST00011,STR010,2025-04-11,Delivered,79504.0
ORD007083,CUST00083,STR017,2025-02-05,Pending,112300.0
ORD007084,CUST00779,STR017,2025-05-05,Cancelled,110333.95
ORD007085,CUST00917,STR038,2025-06-17,Shipped,12424.1
ORD007086,CUST00088,STR003,2025-02-12,Processing,155821.1
ORD007087,CUST00967,STR001,2025-02-01,Delivered,71677.95
ORD007088,CUST00995,STR006,2025-03-01,Delivered,105280.0
ORD007089,CUST01780,STR022,2025-03-19,Processing,121697.9
ORD007090,CUST01125,STR046,2025-04-15,Delivered,186946.7
ORD007091,CUST01051,STR001,2025-04-12,Delivered,102121.1
ORD007092,CUST00321,STR002,2025-03-15,Shipped,42625.0
ORD007093,CUST00207,STR012,2025-03-10,Shipped,181831.45
ORD007094,CUST01873,STR018,2025-02-23,Delivered,40158.4
ORD007095,CUST00725,STR050,2025-04-06,Delivered,175889.65
ORD007096,CUST01040,STR008,2025-01-31,Delivered,48630.4
ORD007097,CUST00109,STR050,2025-04-26,Delivered,196315.5
ORD007098,CUST01371,STR022,2025-02-13,Delivered,141491.7
ORD007099,CUST01624,STR017,2025-04-12,Delivered,77106.6
ORD007100,CUST01063,STR016,2025-05-09,Delivered,21612.8
ORD007101,CUST00670,STR024,2025-03-29,Processing,52425.6
ORD007102,CUST00561,STR029,2025-05-10,Processing,110642.6
ORD007103,CUST00434,STR017,2025-05-29,Delivered,83047.35
ORD007104,CUST00978,STR044,2025-06-09,Returned,200967.4
ORD007105,CUST01861,STR032,2025-05-20,Delivered,208389.9
ORD007106,CUST00546,STR044,2025-06-01,Delivered,92452.4
ORD007107,CUST01424,STR030,2025-06-29,Delivered,146809.2
ORD007108,CUST00398,STR029,2025-01-25,Shipped,31711.8
ORD007109,CUST01181,STR019,2025-03-16,Delivered,339237.1
ORD007110,CUST00181,STR022,2025-03-21,Delivered,204564.8
ORD007111,CUST00936,STR008,2025-03-16,Delivered,1484.8
ORD007112,CUST01178,STR041,2025-06-08,Delivered,9770.5
ORD007113,CUST00864,STR047,2025-04-16,Delivered,73079.65
ORD007114,CUST00691,STR006,2025-06-27,Cancelled,86491.2
ORD007115,CUST00552,STR010,2025-05-09,Delivered,177979.8
ORD007116,CUST00722,STR044,2025-01-28,Delivered,150103.25
ORD007117,CUST01589,STR049,2025-03-13,Delivered,3568.0
ORD007118,CUST01569,STR032,2025-02-20,Delivered,92484.2
ORD007119,CUST00847,STR031,2025-01-07,Delivered,54112.55
ORD007120,CUST00596,STR030,2025-02-11,Shipped,209928.95
ORD007121,CUST01113,STR016,2025-05-24,Returned,99703.8
ORD007122,CUST01886,STR007,2025-03-07,Returned,167474.3
ORD007123,CUST00295,STR016,2025-02-01,Processing,38182.4
ORD007124,CUST01269,STR018,2025-06-20,Delivered,141450.9
ORD007125,CUST00555,STR027,2025-01-02,Pending,73074.8
ORD007126,CUST01191,STR011,2025-05-13,Delivered,323588.5
ORD007127,CUST00803,STR014,2025-04-16,Delivered,88440.0
ORD007128,CUST01763,STR017,2025-05-09,Shipped,203026.3
ORD007129,CUST00397,STR028,2025-05-13,Shipped,210483.7
ORD007130,CUST01702,STR004,2025-05-31,Pending,71088.65
ORD007131,CUST01531,STR006,2025-01-11,Processing,42493.5
ORD007132,CUST01794,STR029,2025-06-14,Delivered,214420.65
ORD007133,CUST01786,STR034,2025-06-30,Delivered,127148.5
ORD007134,CUST01186,STR030,2025-02-17,Delivered,78470.9
ORD007135,CUST01333,STR005,2025-05-02,Delivered,17319.6
ORD007136,CUST00760,STR026,2025-06-22,Cancelled,224769.65
ORD007137,CUST00529,STR018,2025-02-20,Delivered,177093.05
ORD007138,CUST00350,STR046,2025-03-08,Delivered,124033.05
ORD007139,CUST00225,STR002,2025-04-27,Cancelled,16115.0
ORD007140,CUST00761,STR038,2025-04-10,Delivered,168243.3
ORD007141,CUST00283,STR003,2025-05-26,Delivered,142806.45
ORD007142,CUST01325,STR013,2025-06-09,Pending,111240.9
ORD007143,CUST00459,STR017,2025-01-31,Delivered,110383.35
ORD007144,CUST00386,STR047,2025-03-04,Delivered,178772.4
ORD007145,CUST00704,STR003,2025-02-02,Delivered,67231.6
ORD007146,CUST00279,STR040,2025-06-03,Delivered,77724.0
ORD007147,CUST00584,STR004,2025-02-08,Processing,99519.1
ORD007148,CUST01396,STR026,2025-01-22,Delivered,216018.35
ORD007149,CUST01640,STR022,2025-04-10,Delivered,26335.0
ORD007150,CUST00602,STR012,2025-01-30,Cancelled,35577.0
ORD007151,CUST00505,STR040,2025-06-24,Delivered,35680.5
ORD007152,CUST01293,STR010,2025-06-25,Processing,10986.4
ORD007153,CUST01378,STR004,2025-06-05,Delivered,124630.9
ORD007154,CUST00486,STR025,2025-04-06,Delivered,56695.3
ORD007155,CUST01343,STR008,2025-01-12,Pending,97443.6
ORD007156,CUST00599,STR039,2025-02-03,Delivered,5174.0
ORD007157,CUST00695,STR047,2025-03-25,Delivered,139580.3
ORD007158,CUST00161,STR004,2025-05-27,Cancelled,125922.6
ORD007159,CUST01282,STR043,2025-02-20,Delivered,189777.6
ORD007160,CUST00173,STR006,2025-06-10,Delivered,169358.55
ORD007161,CUST00037,STR044,2025-05-13,Delivered,103453.25
ORD007162,CUST00347,STR044,2025-06-16,Delivered,90650.6
ORD007163,CUST00728,STR018,2025-06-30,Delivered,189805.35
ORD007164,CUST01283,STR035,2025-03-31,Shipped,172365.2
ORD007165,CUST00642,STR038,2025-04-29,Delivered,77537.25
ORD007166,CUST01646,STR016,2025-05-05,Delivered,73928.35
ORD007167,CUST01822,STR010,2025-03-20,Delivered,220162.6
ORD007168,CUST00836,STR025,2025-01-16,Delivered,104968.35
ORD007169,CUST01934,STR050,2025-03-19,Delivered,97148.0
ORD007170,CUST00063,STR028,2025-05-02,Delivered,93414.0
ORD007171,CUST01831,STR049,2025-06-11,Delivered,35273.5
ORD007172,CUST01094,STR007,2025-02-28,Pending,319039.75
ORD007173,CUST01522,STR040,2025-05-06,Shipped,136975.8
ORD007174,CUST01946,STR012,2025-04-06,Shipped,14947.7
ORD007175,CUST01383,STR009,2025-04-22,Delivered,35688.1
ORD007176,CUST01735,STR048,2025-01-10,Delivered,72515.2
ORD007177,CUST00300,STR002,2025-03-28,Delivered,18724.0
ORD007178,CUST00226,STR045,2025-02-02,Delivered,38657.0
ORD007179,CUST00759,STR027,2025-06-24,Shipped,140790.75
ORD007180,CUST00562,STR005,2025-06-20,Delivered,46676.0
ORD007181,CUST01503,STR033,2025-04-11,Delivered,164180.8
ORD007182,CUST01475,STR022,2025-02-11,Delivered,205428.7
ORD007183,CUST01378,STR023,2025-02-25,Delivered,214946.1
ORD007184,CUST01338,STR004,2025-01-09,Delivered,18201.0
ORD007185,CUST01622,STR004,2025-04-17,Delivered,142100.8
ORD007186,CUST01121,STR034,2025-02-09,Delivered,179011.0
ORD007187,CUST00920,STR006,2025-03-31,Shipped,62305.75
ORD007188,CUST01891,STR015,2025-04-16,Processing,211445.0
ORD007189,CUST00296,STR045,2025-05-19,Processing,111342.5
ORD007190,CUST00420,STR042,2025-04-27,Cancelled,184927.0
ORD007191,CUST00981,STR032,2025-05-24,Delivered,97242.1
ORD007192,CUST00727,STR022,2025-03-12,Delivered,243537.0
ORD007193,CUST01565,STR033,2025-06-11,Delivered,66811.2
ORD007194,CUST00459,STR050,2025-03-14,Delivered,131411.2
ORD007195,CUST01239,STR014,2025-06-30,Delivered,157013.25
ORD007196,CUST00072,STR049,2025-04-19,Delivered,58801.1
ORD007197,CUST01402,STR027,2025-03-28,Delivered,163616.6
ORD007198,CUST01149,STR012,2025-01-09,Delivered,218244.0
ORD007199,CUST01717,STR015,2025-06-20,Delivered,68790.45
ORD007200,CUST00461,STR037,2025-06-11,Processing,121030.2
ORD007201,CUST01111,STR005,2025-06-15,Delivered,108713.25
ORD007202,CUST00216,STR019,2025-06-23,Delivered,77620.5
ORD007203,CUST00157,STR035,2025-01-16,Delivered,130826.8
ORD007204,CUST00418,STR046,2025-03-18,Delivered,84508.8
ORD007205,CUST01053,STR021,2025-03-22,Delivered,14952.0
ORD007206,CUST00401,STR016,2025-06-01,Delivered,8438.8
ORD007207,CUST00394,STR047,2025-03-24,Delivered,34571.45
ORD007208,CUST00743,STR028,2025-02-14,Delivered,2460.0
ORD007209,CUST00708,STR013,2025-02-09,Delivered,69228.4
ORD007210,CUST00886,STR025,2025-05-27,Delivered,152014.15
ORD007211,CUST01852,STR046,2025-03-28,Delivered,186610.4
ORD007212,CUST00370,STR043,2025-01-24,Delivered,213315.0
ORD007213,CUST00657,STR043,2025-04-19,Shipped,199130.5
ORD007214,CUST01881,STR017,2025-03-22,Delivered,94764.7
ORD007215,CUST00364,STR022,2025-06-13,Delivered,193644.8
ORD007216,CUST00305,STR048,2025-03-16,Delivered,77505.6
ORD007217,CUST01328,STR018,2025-02-08,Delivered,199936.55
ORD007218,CUST00956,STR021,2025-06-05,Delivered,82188.95
ORD007219,CUST00699,STR034,2025-03-20,Processing,143839.1
ORD007220,CUST00017,STR006,2025-04-11,Delivered,277112.5
ORD007221,CUST01837,STR043,2025-01-24,Delivered,170980.9
ORD007222,CUST01109,STR045,2025-05-18,Delivered,70428.0
ORD007223,CUST01947,STR022,2025-04-05,Delivered,80407.4
ORD007224,CUST01456,STR012,2025-05-17,Delivered,72486.5
ORD007225,CUST00890,STR027,2025-01-30,Delivered,97717.95
ORD007226,CUST01427,STR014,2025-03-17,Delivered,151551.2
ORD007227,CUST00071,STR026,2025-04-07,Delivered,66912.2
ORD007228,CUST01089,STR029,2025-06-02,Delivered,275225.0
ORD007229,CUST00871,STR031,2025-06-18,Delivered,7449.6
ORD007230,CUST00999,STR033,2025-02-21,Delivered,18857.6
ORD007231,CUST01596,STR041,2025-06-02,Delivered,217190.7
ORD007232,CUST00497,STR021,2025-01-13,Pending,4080.0
ORD007233,CUST01733,STR026,2025-03-10,Delivered,13587.25
ORD007234,CUST01879,STR035,2025-02-12,Delivered,38928.8
ORD007235,CUST00321,STR009,2025-04-25,Delivered,234430.85
ORD007236,CUST01246,STR038,2025-01-06,Delivered,99433.4
ORD007237,CUST00830,STR006,2025-01-26,Delivered,88034.4
ORD007238,CUST01111,STR008,2025-01-03,Delivered,32269.6
ORD007239,CUST00293,STR034,2025-01-02,Delivered,101186.8
ORD007240,CUST00783,STR036,2025-01-13,Processing,205855.95
ORD007241,CUST01029,STR018,2025-04-01,Delivered,263480.7
ORD007242,CUST01879,STR019,2025-05-06,Delivered,244257.75
ORD007243,CUST01704,STR021,2025-03-10,Delivered,49558.4
ORD007244,CUST01180,STR038,2025-01-05,Delivered,44246.7
ORD007245,CUST01222,STR035,2025-06-22,Delivered,72173.3
ORD007246,CUST01545,STR038,2025-05-06,Delivered,82843.2
ORD007247,CUST00840,STR029,2025-02-10,Delivered,42335.5
ORD007248,CUST00818,STR011,2025-05-13,Pending,94861.4
ORD007249,CUST00627,STR029,2025-06-20,Delivered,200179.5
ORD007250,CUST00459,STR033,2025-04-21,Delivered,93578.3
ORD007251,CUST01555,STR014,2025-04-20,Shipped,126182.9
ORD007252,CUST01143,STR040,2025-03-18,Delivered,47275.8
ORD007253,CUST00010,STR027,2025-02-05,Cancelled,69033.0
ORD007254,CUST00581,STR005,2025-01-19,Delivered,213424.1
ORD007255,CUST01387,STR030,2025-06-08,Delivered,280890.8
ORD007256,CUST01226,STR047,2025-01-24,Delivered,215304.75
ORD007257,CUST01276,STR033,2025-01-29,Returned,101076.6
ORD007258,CUST01665,STR029,2025-04-12,Delivered,7106.85
ORD007259,CUST00784,STR018,2025-03-13,Shipped,228485.7
ORD007260,CUST00098,STR044,2025-05-19,Delivered,105045.6
ORD007261,CUST00118,STR024,2025-01-20,Delivered,224847.2
ORD007262,CUST01633,STR034,2025-05-01,Processing,71548.4
ORD007263,CUST01447,STR044,2025-06-02,Delivered,27846.15
ORD007264,CUST00392,STR034,2025-03-24,Delivered,147962.2
ORD007265,CUST00286,STR036,2025-06-10,Shipped,178757.3
ORD007266,CUST01507,STR016,2025-01-04,Delivered,5651.5
ORD007267,CUST01832,STR008,2025-03-04,Returned,92982.0
ORD007268,CUST01475,STR006,2025-03-03,Delivered,37799.5
ORD007269,CUST00238,STR031,2025-05-10,Delivered,112697.45
ORD007270,CUST00978,STR038,2025-03-16,Delivered,91187.4
ORD007271,CUST00935,STR022,2025-06-03,Delivered,80047.15
ORD007272,CUST00556,STR038,2025-04-25,Processing,81883.9
ORD007273,CUST01348,STR020,2025-05-07,Delivered,161717.25
ORD007274,CUST01469,STR043,2025-01-13,Delivered,85921.8
ORD007275,CUST01849,STR049,2025-01-25,Pending,149179.35
ORD007276,CUST01131,STR025,2025-04-17,Delivered,312554.05
ORD007277,CUST01025,STR026,2025-05-07,Delivered,79420.5
ORD007278,CUST01354,STR035,2025-01-01,Delivered,62639.9
ORD007279,CUST01369,STR037,2025-02-19,Delivered,129926.4
ORD007280,CUST00294,STR018,2025-03-19,Shipped,27360.6
ORD007281,CUST01750,STR006,2025-01-06,Shipped,86383.8
ORD007282,CUST01549,STR012,2025-04-17,Delivered,111527.45
ORD007283,CUST01428,STR021,2025-02-13,Delivered,195695.0
ORD007284,CUST00833,STR002,2025-03-30,Pending,5805.5
ORD007285,CUST00188,STR003,2025-01-31,Delivered,183238.7
ORD007286,CUST00110,STR049,2025-06-27,Delivered,122130.6
ORD007287,CUST01742,STR047,2025-04-30,Shipped,236231.75
ORD007288,CUST00493,STR026,2025-01-25,Delivered,160776.4
ORD007289,CUST00418,STR020,2025-02-16,Delivered,28776.0
ORD007290,CUST00260,STR011,2025-04-06,Delivered,44694.6
ORD007291,CUST00878,STR038,2025-03-07,Delivered,174929.8
ORD007292,CUST01980,STR018,2025-04-08,Delivered,190469.2
ORD007293,CUST00609,STR003,2025-03-30,Delivered,140202.9
ORD007294,CUST00063,STR008,2025-01-20,Delivered,96085.0
ORD007295,CUST00547,STR049,2025-03-21,Delivered,42811.3
ORD007296,CUST00128,STR024,2025-03-09,Delivered,182684.6
ORD007297,CUST01172,STR044,2025-03-11,Delivered,47093.4
ORD007298,CUST00816,STR005,2025-06-10,Delivered,240735.8
ORD007299,CUST00255,STR023,2025-01-13,Processing,4835.7
ORD007300,CUST01375,STR022,2025-01-27,Cancelled,110714.1
ORD007301,CUST01074,STR046,2025-02-06,Delivered,130662.05
ORD007302,CUST01193,STR050,2025-02-05,Delivered,44978.25
ORD007303,CUST01780,STR003,2025-04-12,Delivered,217401.6
ORD007304,CUST01342,STR037,2025-06-02,Delivered,45891.0
ORD007305,CUST01282,STR040,2025-04-19,Delivered,43951.5
ORD007306,CUST00705,STR007,2025-01-05,Delivered,59038.95
ORD007307,CUST01518,STR038,2025-06-16,Shipped,35028.5
ORD007308,CUST00982,STR034,2025-02-22,Processing,41458.6
ORD007309,CUST01752,STR030,2025-05-26,Delivered,65052.2
ORD007310,CUST00465,STR026,2025-05-05,Delivered,79847.3
ORD007311,CUST01453,STR012,2025-02-17,Delivered,178837.9
ORD007312,CUST01625,STR038,2025-03-09,Delivered,60001.55
ORD007313,CUST01569,STR029,2025-01-22,Delivered,71303.2
ORD007314,CUST00952,STR033,2025-05-09,Pending,19828.8
ORD007315,CUST00981,STR042,2025-01-29,Shipped,262548.0
ORD007316,CUST01011,STR007,2025-04-20,Delivered,41213.1
ORD007317,CUST00523,STR004,2025-02-12,Pending,69093.0
ORD007318,CUST00012,STR002,2025-04-30,Delivered,252683.45
ORD007319,CUST00761,STR025,2025-03-19,Delivered,86198.4
ORD007320,CUST00236,STR019,2025-01-18,Cancelled,270109.0
ORD007321,CUST01255,STR047,2025-02-10,Pending,111419.2
ORD007322,CUST01931,STR018,2025-05-23,Delivered,128556.9
ORD007323,CUST01937,STR024,2025-05-05,Delivered,89225.6
ORD007324,CUST00254,STR020,2025-05-14,Delivered,62115.8
ORD007325,CUST00685,STR040,2025-05-12,Delivered,155702.1
ORD007326,CUST00237,STR012,2025-05-14,Delivered,64747.85
ORD007327,CUST01957,STR011,2025-06-06,Shipped,178823.4
ORD007328,CUST00533,STR047,2025-04-06,Shipped,119742.3
ORD007329,CUST00746,STR010,2025-06-30,Delivered,212965.15
ORD007330,CUST00896,STR044,2025-05-05,Processing,327858.5
ORD007331,CUST00173,STR034,2025-01-16,Delivered,99503.8
ORD007332,CUST00746,STR029,2025-03-06,Delivered,116294.5
ORD007333,CUST00180,STR004,2025-05-29,Delivered,265572.2
ORD007334,CUST00488,STR033,2025-03-29,Delivered,101854.25
ORD007335,CUST01591,STR034,2025-03-01,Delivered,96156.15
ORD007336,CUST01909,STR011,2025-04-24,Shipped,260118.0
ORD007337,CUST01290,STR030,2025-04-11,Delivered,192342.7
ORD007338,CUST00961,STR030,2025-05-19,Delivered,88589.65
ORD007339,CUST00857,STR046,2025-02-16,Delivered,116277.0
ORD007340,CUST00739,STR040,2025-01-29,Delivered,76356.9
ORD007341,CUST00822,STR006,2025-04-09,Delivered,79674.65
ORD007342,CUST00491,STR034,2025-03-11,Delivered,122071.05
ORD007343,CUST00771,STR036,2025-04-10,Processing,251180.05
ORD007344,CUST00272,STR025,2025-01-13,Delivered,838.4
ORD007345,CUST01557,STR032,2025-04-08,Processing,1976.4
ORD007346,CUST00423,STR029,2025-06-23,Delivered,164480.3
ORD007347,CUST01819,STR020,2025-05-09,Delivered,63555.6
ORD007348,CUST01492,STR010,2025-03-25,Delivered,123444.6
ORD007349,CUST01610,STR028,2025-06-23,Delivered,51009.4
ORD007350,CUST00240,STR031,2025-03-28,Delivered,136935.2
ORD007351,CUST01563,STR038,2025-06-06,Delivered,121247.4
ORD007352,CUST00502,STR014,2025-04-02,Shipped,188014.6
ORD007353,CUST00713,STR032,2025-04-10,Shipped,155509.3
ORD007354,CUST01237,STR010,2025-05-13,Delivered,16875.0
ORD007355,CUST01757,STR021,2025-06-12,Delivered,14379.2
ORD007356,CUST01439,STR031,2025-02-08,Delivered,143858.2
ORD007357,CUST01934,STR046,2025-05-22,Delivered,74072.8
ORD007358,CUST00901,STR045,2025-01-23,Delivered,38042.1
ORD007359,CUST01784,STR022,2025-05-07,Delivered,43405.0
ORD007360,CUST00780,STR034,2025-04-01,Delivered,234651.8
ORD007361,CUST00249,STR026,2025-04-21,Processing,115973.85
ORD007362,CUST01038,STR016,2025-01-16,Delivered,284713.3
ORD007363,CUST01044,STR019,2025-01-29,Pending,127673.1
ORD007364,CUST00866,STR035,2025-05-31,Processing,223670.6
ORD007365,CUST01134,STR031,2025-05-05,Shipped,85233.8
ORD007366,CUST01081,STR009,2025-05-06,Cancelled,56335.6
ORD007367,CUST00694,STR049,2025-05-12,Delivered,238680.5
ORD007368,CUST00308,STR002,2025-03-27,Delivered,124324.4
ORD007369,CUST00750,STR036,2025-01-26,Delivered,62922.9
ORD007370,CUST00274,STR024,2025-04-17,Pending,237162.0
ORD007371,CUST01900,STR036,2025-02-22,Delivered,166527.6
ORD007372,CUST01433,STR023,2025-06-08,Delivered,143141.3
ORD007373,CUST01296,STR012,2025-01-12,Shipped,3528.0
ORD007374,CUST00069,STR025,2025-01-15,Delivered,232465.6
ORD007375,CUST00599,STR046,2025-03-03,Delivered,112377.4
ORD007376,CUST00267,STR042,2025-06-28,Delivered,43788.0
ORD007377,CUST01401,STR010,2025-06-26,Delivered,26841.0
ORD007378,CUST01590,STR028,2025-06-08,Delivered,100561.4
ORD007379,CUST01355,STR015,2025-03-21,Delivered,157436.95
ORD007380,CUST01084,STR003,2025-06-23,Delivered,195182.2
ORD007381,CUST00746,STR018,2025-04-16,Pending,174723.45
ORD007382,CUST01784,STR042,2025-02-08,Delivered,126354.75
ORD007383,CUST00706,STR029,2025-03-27,Delivered,41049.0
ORD007384,CUST01463,STR035,2025-05-14,Delivered,209076.6
ORD007385,CUST01903,STR021,2025-02-27,Delivered,78313.5
ORD007386,CUST01819,STR004,2025-03-20,Delivered,121938.4
ORD007387,CUST01139,STR004,2025-05-10,Delivered,106144.0
ORD007388,CUST01063,STR021,2025-03-19,Pending,117375.15
ORD007389,CUST01936,STR020,2025-02-25,Delivered,115686.4
ORD007390,CUST01900,STR040,2025-03-06,Delivered,14331.7
ORD007391,CUST01479,STR013,2025-02-22,Delivered,140712.7
ORD007392,CUST01771,STR023,2025-03-10,Delivered,46398.9
ORD007393,CUST01000,STR036,2025-01-14,Shipped,188528.2
ORD007394,CUST01189,STR038,2025-02-26,Shipped,34970.7
ORD007395,CUST01765,STR029,2025-01-17,Cancelled,86233.0
ORD007396,CUST00570,STR034,2025-03-08,Delivered,122348.9
ORD007397,CUST00276,STR037,2025-05-18,Cancelled,239569.4
ORD007398,CUST00657,STR006,2025-01-21,Delivered,17156.0
ORD007399,CUST01483,STR005,2025-03-13,Delivered,168037.35
ORD007400,CUST01486,STR004,2025-05-29,Delivered,195386.9
ORD007401,CUST01911,STR044,2025-01-06,Delivered,50961.6
ORD007402,CUST01733,STR045,2025-03-14,Delivered,70458.0
ORD007403,CUST00236,STR014,2025-04-15,Shipped,134469.1
ORD007404,CUST01395,STR028,2025-02-21,Delivered,300340.45
ORD007405,CUST00701,STR015,2025-04-15,Shipped,166816.7
ORD007406,CUST01299,STR033,2025-01-23,Delivered,59659.2
ORD007407,CUST00250,STR026,2025-03-04,Cancelled,20531.8
ORD007408,CUST01718,STR050,2025-03-06,Shipped,162000.6
ORD007409,CUST00205,STR007,2025-04-18,Delivered,70121.7
ORD007410,CUST00906,STR029,2025-03-11,Cancelled,36936.0
ORD007411,CUST01358,STR048,2025-06-14,Delivered,126760.85
ORD007412,CUST01863,STR007,2025-05-21,Delivered,127929.2
ORD007413,CUST01477,STR020,2025-06-02,Delivered,136286.25
ORD007414,CUST01953,STR016,2025-02-13,Processing,171021.65
ORD007415,CUST01626,STR005,2025-06-05,Delivered,49903.5
ORD007416,CUST00401,STR024,2025-02-19,Shipped,8175.3
ORD007417,CUST00484,STR013,2025-02-24,Delivered,159029.3
ORD007418,CUST01632,STR038,2025-06-30,Delivered,43656.0
ORD007419,CUST01158,STR040,2025-05-19,Processing,258762.6
ORD007420,CUST00867,STR001,2025-01-25,Shipped,184142.4
ORD007421,CUST00362,STR003,2025-05-19,Delivered,134859.6
ORD007422,CUST00979,STR026,2025-06-22,Delivered,28898.7
ORD007423,CUST00328,STR046,2025-03-14,Delivered,162499.0
ORD007424,CUST00643,STR007,2025-06-15,Delivered,155543.5
ORD007425,CUST00652,STR003,2025-03-26,Delivered,28045.6
ORD007426,CUST00021,STR038,2025-06-08,Delivered,189413.3
ORD007427,CUST00148,STR043,2025-06-15,Delivered,37542.75
ORD007428,CUST01072,STR048,2025-02-15,Delivered,71674.15
ORD007429,CUST00046,STR015,2025-01-14,Delivered,157053.3
ORD007430,CUST00704,STR011,2025-03-04,Delivered,17675.2
ORD007431,CUST00109,STR030,2025-03-18,Shipped,192499.65
ORD007432,CUST01412,STR017,2025-01-25,Delivered,87049.9
ORD007433,CUST00300,STR024,2025-04-13,Processing,191793.15
ORD007434,CUST01224,STR020,2025-02-26,Delivered,45718.35
ORD007435,CUST01372,STR037,2025-06-27,Delivered,45053.4
ORD007436,CUST00730,STR021,2025-06-19,Delivered,52517.7
ORD007437,CUST01755,STR029,2025-01-22,Delivered,83254.8
ORD007438,CUST01654,STR046,2025-05-21,Shipped,170381.55
ORD007439,CUST00539,STR017,2025-06-17,Shipped,124333.1
ORD007440,CUST00747,STR029,2025-02-23,Delivered,186890.25
ORD007441,CUST01663,STR033,2025-05-18,Delivered,159931.45
ORD007442,CUST01191,STR046,2025-03-25,Delivered,157393.55
ORD007443,CUST00994,STR004,2025-03-17,Delivered,48955.2
ORD007444,CUST00246,STR026,2025-05-12,Delivered,103332.0
ORD007445,CUST01780,STR048,2025-03-18,Delivered,133068.0
ORD007446,CUST01441,STR007,2025-05-21,Processing,134641.2
ORD007447,CUST00155,STR038,2025-06-08,Delivered,49656.7
ORD007448,CUST00312,STR008,2025-05-20,Delivered,153967.6
ORD007449,CUST00319,STR045,2025-03-18,Delivered,238329.2
ORD007450,CUST01739,STR029,2025-05-27,Delivered,10419.3
ORD007451,CUST01433,STR049,2025-04-01,Delivered,133374.35
ORD007452,CUST00900,STR034,2025-04-11,Delivered,45515.25
ORD007453,CUST01740,STR027,2025-05-30,Cancelled,159912.4
ORD007454,CUST01807,STR028,2025-06-01,Delivered,15893.3
ORD007455,CUST01017,STR022,2025-03-23,Delivered,186939.9
ORD007456,CUST01064,STR038,2025-01-20,Cancelled,93878.55
ORD007457,CUST01198,STR016,2025-03-29,Delivered,28540.35
ORD007458,CUST00559,STR019,2025-04-16,Delivered,161235.35
ORD007459,CUST01092,STR050,2025-01-12,Pending,13130.9
ORD007460,CUST01654,STR036,2025-06-17,Delivered,26210.0
ORD007461,CUST00704,STR012,2025-05-18,Delivered,205287.6
ORD007462,CUST00849,STR042,2025-06-10,Delivered,178077.2
ORD007463,CUST01707,STR016,2025-02-05,Processing,98689.7
ORD007464,CUST01257,STR030,2025-04-01,Delivered,107557.6
ORD007465,CUST00271,STR023,2025-03-16,Delivered,29564.1
ORD007466,CUST01990,STR012,2025-06-18,Delivered,102799.4
ORD007467,CUST00323,STR019,2025-04-12,Delivered,98970.65
ORD007468,CUST01361,STR005,2025-04-03,Delivered,156600.2
ORD007469,CUST01233,STR024,2025-06-12,Processing,103089.6
ORD007470,CUST00559,STR020,2025-06-18,Delivered,63056.9
ORD007471,CUST01318,STR004,2025-05-24,Shipped,34941.0
ORD007472,CUST00160,STR014,2025-02-27,Delivered,186841.0
ORD007473,CUST00710,STR044,2025-06-22,Shipped,134854.6
ORD007474,CUST00294,STR036,2025-01-09,Shipped,43033.5
ORD007475,CUST01422,STR032,2025-03-30,Delivered,27856.8
ORD007476,CUST00063,STR049,2025-02-19,Delivered,109289.2
ORD007477,CUST01725,STR024,2025-04-02,Delivered,40664.4
ORD007478,CUST00665,STR008,2025-01-09,Delivered,14579.2
ORD007479,CUST01885,STR013,2025-03-06,Delivered,199933.65
ORD007480,CUST00494,STR009,2025-02-14,Delivered,109675.7
ORD007481,CUST01160,STR035,2025-01-14,Delivered,254863.2
ORD007482,CUST01098,STR019,2025-06-13,Delivered,179130.9
ORD007483,CUST00008,STR008,2025-03-10,Pending,46072.8
ORD007484,CUST01799,STR046,2025-03-03,Delivered,39240.0
ORD007485,CUST00587,STR021,2025-03-02,Delivered,103241.85
ORD007486,CUST01502,STR050,2025-06-04,Pending,42393.0
ORD007487,CUST00059,STR024,2025-04-14,Delivered,229460.85
ORD007488,CUST00545,STR038,2025-05-28,Delivered,41201.2
ORD007489,CUST01143,STR010,2025-03-31,Shipped,93639.7
ORD007490,CUST01779,STR023,2025-05-25,Delivered,60169.5
ORD007491,CUST01157,STR015,2025-04-17,Delivered,147946.0
ORD007492,CUST00779,STR037,2025-06-15,Delivered,65224.8
ORD007493,CUST01449,STR040,2025-06-16,Delivered,73686.5
ORD007494,CUST00310,STR022,2025-05-18,Delivered,170328.8
ORD007495,CUST01125,STR032,2025-01-28,Delivered,82030.0
ORD007496,CUST01217,STR042,2025-02-18,Delivered,47176.8
ORD007497,CUST00228,STR032,2025-01-14,Delivered,43071.3
ORD007498,CUST01080,STR010,2025-04-27,Delivered,108521.8
ORD007499,CUST00820,STR012,2025-05-13,Delivered,84108.0
ORD007500,CUST01007,STR030,2025-03-12,Cancelled,177873.5
ORD007501,CUST01961,STR009,2025-02-24,Cancelled,171328.8
ORD007502,CUST00275,STR024,2025-01-10,Processing,160557.0
ORD007503,CUST01092,STR042,2025-04-11,Delivered,10112.8
ORD007504,CUST01365,STR002,2025-01-31,Delivered,109077.75
ORD007505,CUST00143,STR036,2025-02-03,Shipped,63746.6
ORD007506,CUST00949,STR032,2025-04-11,Delivered,24577.2
ORD007507,CUST00447,STR028,2025-02-07,Processing,41476.8
ORD007508,CUST00259,STR035,2025-05-09,Delivered,50622.3
ORD007509,CUST00358,STR031,2025-04-01,Delivered,103250.1
ORD007510,CUST00786,STR002,2025-01-16,Delivered,37323.6
ORD007511,CUST00547,STR011,2025-03-08,Delivered,49473.6
ORD007512,CUST01738,STR044,2025-03-18,Cancelled,111202.75
ORD007513,CUST01975,STR037,2025-04-19,Delivered,114183.35
ORD007514,CUST01169,STR025,2025-04-23,Delivered,219264.0
ORD007515,CUST01843,STR036,2025-06-08,Pending,128507.4
ORD007516,CUST01440,STR032,2025-04-22,Delivered,93473.65
ORD007517,CUST01361,STR039,2025-06-11,Shipped,19521.0
ORD007518,CUST00773,STR024,2025-05-14,Delivered,96452.8
ORD007519,CUST00420,STR003,2025-02-04,Cancelled,40430.85
ORD007520,CUST01997,STR027,2025-03-05,Shipped,141030.8
ORD007521,CUST01752,STR028,2025-03-25,Delivered,225430.95
ORD007522,CUST00862,STR029,2025-03-20,Delivered,76966.8
ORD007523,CUST00335,STR045,2025-03-08,Delivered,7302.35
ORD007524,CUST00421,STR048,2025-01-03,Delivered,134196.4
ORD007525,CUST00787,STR050,2025-01-04,Delivered,77278.0
ORD007526,CUST00406,STR028,2025-05-30,Delivered,122744.4
ORD007527,CUST01289,STR025,2025-05-22,Delivered,147621.05
ORD007528,CUST00071,STR050,2025-05-17,Delivered,247151.7
ORD007529,CUST00228,STR001,2025-04-30,Delivered,82048.0
ORD007530,CUST00871,STR024,2025-03-11,Processing,202679.65
ORD007531,CUST01042,STR005,2025-04-18,Delivered,84061.35
ORD007532,CUST00209,STR006,2025-05-18,Pending,133437.85
ORD007533,CUST00061,STR012,2025-02-02,Shipped,34188.0
ORD007534,CUST00584,STR014,2025-01-19,Shipped,62303.55
ORD007535,CUST00002,STR049,2025-03-07,Returned,52191.0
ORD007536,CUST01187,STR006,2025-02-06,Delivered,156782.0
ORD007537,CUST00422,STR037,2025-03-03,Shipped,89045.85
ORD007538,CUST01418,STR040,2025-03-30,Delivered,84578.5
ORD007539,CUST00758,STR041,2025-01-24,Delivered,71637.15
ORD007540,CUST00559,STR004,2025-06-18,Delivered,45417.6
ORD007541,CUST01054,STR012,2025-01-30,Processing,153703.8
ORD007542,CUST00324,STR008,2025-04-22,Returned,55459.35
ORD007543,CUST00910,STR035,2025-06-30,Returned,148024.55
ORD007544,CUST00663,STR030,2025-03-17,Delivered,355359.75
ORD007545,CUST00522,STR046,2025-06-25,Pending,150224.4
ORD007546,CUST01224,STR027,2025-05-20,Delivered,4250.7
ORD007547,CUST01398,STR048,2025-05-08,Delivered,28249.2
ORD007548,CUST01242,STR032,2025-01-28,Delivered,32268.0
ORD007549,CUST00656,STR042,2025-05-12,Delivered,171551.05
ORD007550,CUST01632,STR044,2025-02-09,Delivered,64897.0
ORD007551,CUST00197,STR028,2025-05-29,Delivered,1224.85
ORD007552,CUST00996,STR002,2025-06-04,Delivered,95574.6
ORD007553,CUST00037,STR033,2025-01-17,Pending,17700.4
ORD007554,CUST00025,STR007,2025-01-12,Delivered,126898.6
ORD007555,CUST00279,STR002,2025-01-30,Processing,202749.0
ORD007556,CUST01845,STR046,2025-05-16,Processing,11110.35
ORD007557,CUST01315,STR012,2025-04-27,Delivered,63583.2
ORD007558,CUST00581,STR047,2025-04-01,Delivered,106208.6
ORD007559,CUST00439,STR037,2025-06-02,Delivered,60135.0
ORD007560,CUST00128,STR023,2025-06-06,Processing,1560.6
ORD007561,CUST00018,STR047,2025-04-21,Delivered,220352.7
ORD007562,CUST01606,STR014,2025-04-03,Shipped,91225.8
ORD007563,CUST01990,STR027,2025-02-02,Delivered,110715.0
ORD007564,CUST00471,STR031,2025-04-05,Delivered,102133.8
ORD007565,CUST00802,STR018,2025-04-01,Delivered,142269.1
ORD007566,CUST01434,STR017,2025-03-06,Delivered,161199.8
ORD007567,CUST00884,STR023,2025-05-25,Delivered,172030.0
ORD007568,CUST00724,STR014,2025-05-16,Delivered,162878.8
ORD007569,CUST01218,STR030,2025-01-21,Delivered,69321.0
ORD007570,CUST01402,STR025,2025-01-24,Delivered,239930.6
ORD007571,CUST00101,STR033,2025-04-24,Delivered,142300.65
ORD007572,CUST01110,STR047,2025-06-13,Delivered,104658.9
ORD007573,CUST00175,STR045,2025-05-05,Processing,114463.8
ORD007574,CUST01891,STR002,2025-01-22,Shipped,21818.65
ORD007575,CUST00686,STR020,2025-05-14,Processing,87945.3
ORD007576,CUST01721,STR015,2025-05-23,Shipped,7849.6
ORD007577,CUST00488,STR048,2025-05-27,Returned,48197.7
ORD007578,CUST00191,STR008,2025-01-14,Processing,205927.1
ORD007579,CUST00708,STR002,2025-05-19,Processing,184665.15
ORD007580,CUST00362,STR002,2025-02-14,Delivered,156923.3
ORD007581,CUST00963,STR017,2025-04-27,Delivered,33660.8
ORD007582,CUST01234,STR048,2025-06-08,Pending,130841.35
ORD007583,CUST00341,STR018,2025-05-09,Shipped,204307.35
ORD007584,CUST01186,STR042,2025-05-30,Pending,145537.3
ORD007585,CUST01292,STR011,2025-02-06,Delivered,133548.0
ORD007586,CUST01257,STR009,2025-04-28,Delivered,311161.85
ORD007587,CUST00494,STR004,2025-01-25,Delivered,96449.4
ORD007588,CUST01708,STR048,2025-04-08,Delivered,143650.1
ORD007589,CUST01664,STR029,2025-02-18,Delivered,221002.85
ORD007590,CUST00023,STR036,2025-03-15,Returned,209075.3
ORD007591,CUST00734,STR049,2025-03-30,Delivered,137717.8
ORD007592,CUST01945,STR007,2025-06-12,Delivered,65588.4
ORD007593,CUST00483,STR044,2025-03-13,Delivered,42090.3
ORD007594,CUST00540,STR012,2025-03-08,Delivered,35580.0
ORD007595,CUST01204,STR020,2025-05-16,Cancelled,10377.6
ORD007596,CUST01426,STR006,2025-01-16,Cancelled,166392.7
ORD007597,CUST01664,STR026,2025-05-06,Delivered,20385.9
ORD007598,CUST00337,STR008,2025-04-02,Delivered,210437.05
ORD007599,CUST01324,STR041,2025-02-20,Delivered,89614.15
ORD007600,CUST01402,STR007,2025-05-02,Delivered,106119.95
ORD007601,CUST01897,STR047,2025-04-19,Delivered,40034.1
ORD007602,CUST01849,STR003,2025-02-10,Shipped,35274.15
ORD007603,CUST01051,STR048,2025-02-26,Delivered,180448.5
ORD007604,CUST00199,STR023,2025-03-18,Pending,69330.15
ORD007605,CUST00286,STR024,2025-03-22,Cancelled,100999.25
ORD007606,CUST01858,STR031,2025-03-12,Delivered,4856.4
ORD007607,CUST01636,STR020,2025-05-08,Delivered,52060.8
ORD007608,CUST01896,STR016,2025-05-11,Delivered,171168.35
ORD007609,CUST00098,STR017,2025-02-04,Delivered,179310.9
ORD007610,CUST00699,STR034,2025-01-17,Processing,170812.65
ORD007611,CUST00037,STR027,2025-03-09,Delivered,19810.8
ORD007612,CUST01244,STR039,2025-03-09,Delivered,150702.7
ORD007613,CUST00480,STR019,2025-02-10,Delivered,83099.85
ORD007614,CUST01194,STR002,2025-02-27,Delivered,86597.85
ORD007615,CUST00367,STR022,2025-05-12,Delivered,169107.85
ORD007616,CUST01126,STR014,2025-03-16,Delivered,140570.1
ORD007617,CUST01425,STR020,2025-01-24,Delivered,141103.5
ORD007618,CUST01010,STR037,2025-03-09,Delivered,160798.9
ORD007619,CUST00167,STR050,2025-03-11,Delivered,143669.1
ORD007620,CUST01987,STR019,2025-02-02,Processing,136524.7
ORD007621,CUST00215,STR010,2025-05-11,Delivered,140403.6
ORD007622,CUST01082,STR028,2025-06-24,Pending,198144.25
ORD007623,CUST01341,STR027,2025-05-30,Delivered,61112.3
ORD007624,CUST01070,STR034,2025-06-11,Delivered,86729.3
ORD007625,CUST01193,STR027,2025-06-03,Cancelled,157328.5
ORD007626,CUST01740,STR023,2025-02-26,Processing,79669.65
ORD007627,CUST01068,STR042,2025-04-20,Delivered,123775.9
ORD007628,CUST00259,STR040,2025-05-07,Processing,63409.65
ORD007629,CUST00553,STR020,2025-03-09,Delivered,203018.7
ORD007630,CUST00016,STR025,2025-03-05,Delivered,12706.4
ORD007631,CUST01562,STR040,2025-05-13,Processing,38173.8
ORD007632,CUST01240,STR022,2025-05-05,Delivered,43424.1
ORD007633,CUST01907,STR001,2025-04-05,Delivered,17717.4
ORD007634,CUST01920,STR020,2025-02-04,Delivered,240592.55
ORD007635,CUST01379,STR006,2025-02-05,Delivered,195785.55
ORD007636,CUST00876,STR033,2025-03-23,Delivered,44011.3
ORD007637,CUST00547,STR044,2025-02-21,Delivered,16710.3
ORD007638,CUST00084,STR039,2025-03-06,Delivered,378529.35
ORD007639,CUST01208,STR048,2025-03-30,Delivered,124973.6
ORD007640,CUST01067,STR043,2025-02-02,Shipped,280534.9
ORD007641,CUST01944,STR041,2025-02-12,Returned,150964.85
ORD007642,CUST01637,STR017,2025-05-26,Delivered,110331.3
ORD007643,CUST00942,STR015,2025-03-11,Delivered,86499.0
ORD007644,CUST01694,STR032,2025-01-23,Delivered,63731.4
ORD007645,CUST00933,STR003,2025-04-23,Delivered,73155.0
ORD007646,CUST01567,STR035,2025-03-06,Delivered,40942.6
ORD007647,CUST00330,STR040,2025-01-30,Delivered,237246.2
ORD007648,CUST01448,STR040,2025-03-25,Delivered,161474.3
ORD007649,CUST01457,STR033,2025-02-20,Delivered,140126.6
ORD007650,CUST00285,STR050,2025-01-29,Delivered,97218.65
ORD007651,CUST01578,STR048,2025-01-27,Delivered,137332.0
ORD007652,CUST00851,STR031,2025-02-03,Shipped,87343.5
ORD007653,CUST00983,STR010,2025-01-01,Delivered,60844.3
ORD007654,CUST01440,STR016,2025-02-10,Delivered,313826.7
ORD007655,CUST01657,STR046,2025-04-13,Delivered,204733.9
ORD007656,CUST01925,STR050,2025-01-27,Shipped,155482.75
ORD007657,CUST00866,STR045,2025-06-28,Delivered,137281.0
ORD007658,CUST01365,STR023,2025-03-03,Delivered,38866.5
ORD007659,CUST01865,STR038,2025-03-08,Delivered,28214.85
ORD007660,CUST00486,STR015,2025-06-01,Cancelled,87257.95
ORD007661,CUST01370,STR028,2025-04-24,Delivered,216684.0
ORD007662,CUST01203,STR038,2025-03-22,Delivered,44197.35
ORD007663,CUST00422,STR004,2025-04-04,Cancelled,194629.95
ORD007664,CUST01933,STR038,2025-06-11,Delivered,36744.8
ORD007665,CUST01250,STR001,2025-01-28,Delivered,144070.15
ORD007666,CUST01507,STR026,2025-04-06,Delivered,73903.5
ORD007667,CUST00418,STR002,2025-02-10,Delivered,55608.0
ORD007668,CUST01717,STR047,2025-03-20,Delivered,114359.1
ORD007669,CUST00297,STR021,2025-03-21,Delivered,247559.0
ORD007670,CUST01631,STR021,2025-03-23,Delivered,158584.4
ORD007671,CUST00511,STR027,2025-06-08,Processing,129170.55
ORD007672,CUST01782,STR008,2025-01-08,Delivered,9711.25
ORD007673,CUST01460,STR031,2025-04-19,Shipped,138008.7
ORD007674,CUST01120,STR034,2025-01-26,Delivered,65094.1
ORD007675,CUST01698,STR036,2025-05-21,Delivered,112011.4
ORD007676,CUST01234,STR033,2025-06-10,Delivered,136635.7
ORD007677,CUST00801,STR044,2025-03-19,Delivered,2635.2
ORD007678,CUST00394,STR005,2025-05-20,Returned,115934.1
ORD007679,CUST00025,STR037,2025-01-25,Shipped,106181.45
ORD007680,CUST00691,STR046,2025-03-01,Delivered,40223.0
ORD007681,CUST00464,STR021,2025-04-02,Delivered,102889.9
ORD007682,CUST01836,STR042,2025-04-07,Processing,50698.65
ORD007683,CUST00993,STR013,2025-06-27,Delivered,197016.0
ORD007684,CUST00226,STR035,2025-03-20,Delivered,125148.6
ORD007685,CUST01301,STR050,2025-05-23,Delivered,165979.05
ORD007686,CUST00946,STR049,2025-03-11,Delivered,108144.0
ORD007687,CUST01396,STR049,2025-02-18,Delivered,108465.6
ORD007688,CUST00334,STR034,2025-01-11,Delivered,3054.75
ORD007689,CUST01462,STR049,2025-04-16,Delivered,160227.15
ORD007690,CUST01041,STR038,2025-03-10,Delivered,94732.0
ORD007691,CUST01391,STR043,2025-02-14,Delivered,133986.3
ORD007692,CUST00824,STR020,2025-02-26,Shipped,157250.7
ORD007693,CUST01516,STR024,2025-01-07,Delivered,149338.8
ORD007694,CUST01738,STR047,2025-06-04,Delivered,65455.6
ORD007695,CUST00442,STR045,2025-05-04,Shipped,40953.0
ORD007696,CUST00428,STR046,2025-01-14,Delivered,1085.45
ORD007697,CUST01405,STR024,2025-01-08,Delivered,51244.8
ORD007698,CUST01356,STR028,2025-01-14,Shipped,133586.85
ORD007699,CUST01929,STR039,2025-06-19,Delivered,4918.4
ORD007700,CUST00657,STR023,2025-06-05,Processing,13785.3
ORD007701,CUST01064,STR042,2025-05-08,Delivered,50864.0
ORD007702,CUST00861,STR019,2025-02-05,Delivered,3243.0
ORD007703,CUST01204,STR046,2025-06-12,Shipped,156929.6
ORD007704,CUST01770,STR025,2025-05-30,Delivered,14774.4
ORD007705,CUST01684,STR011,2025-02-20,Pending,121249.7
ORD007706,CUST00631,STR046,2025-05-18,Delivered,165114.25
ORD007707,CUST00203,STR006,2025-06-28,Processing,62262.0
ORD007708,CUST01454,STR015,2025-04-05,Delivered,127718.1
ORD007709,CUST00757,STR010,2025-03-05,Delivered,282674.15
ORD007710,CUST00218,STR025,2025-02-09,Delivered,187115.6
ORD007711,CUST01639,STR021,2025-01-23,Delivered,90272.7
ORD007712,CUST00864,STR002,2025-03-10,Delivered,38289.95
ORD007713,CUST01453,STR034,2025-02-03,Delivered,77605.2
ORD007714,CUST01048,STR005,2025-02-23,Delivered,129318.75
ORD007715,CUST00877,STR022,2025-04-29,Delivered,121901.25
ORD007716,CUST00575,STR037,2025-06-23,Delivered,134746.5
ORD007717,CUST01773,STR021,2025-02-02,Delivered,163342.5
ORD007718,CUST01201,STR028,2025-03-30,Delivered,81273.3
ORD007719,CUST00051,STR036,2025-02-23,Delivered,48353.8
ORD007720,CUST00638,STR009,2025-01-21,Delivered,39357.85
ORD007721,CUST00781,STR007,2025-04-04,Delivered,18225.5
ORD007722,CUST01169,STR018,2025-02-08,Delivered,49806.0
ORD007723,CUST00926,STR042,2025-05-21,Delivered,151012.4
ORD007724,CUST01661,STR005,2025-04-30,Delivered,52404.85
ORD007725,CUST01672,STR046,2025-03-24,Shipped,61193.45
ORD007726,CUST01813,STR040,2025-04-07,Processing,153382.5
ORD007727,CUST00183,STR004,2025-05-31,Shipped,101486.75
ORD007728,CUST00347,STR042,2025-02-18,Delivered,58027.1
ORD007729,CUST01106,STR012,2025-03-19,Pending,232931.15
ORD007730,CUST01149,STR035,2025-02-04,Delivered,205678.85
ORD007731,CUST00594,STR017,2025-04-01,Delivered,25167.6
ORD007732,CUST00823,STR027,2025-03-11,Delivered,59910.15
ORD007733,CUST00486,STR038,2025-01-26,Pending,11210.0
ORD007734,CUST00400,STR036,2025-04-11,Delivered,33554.05
ORD007735,CUST01892,STR038,2025-03-31,Delivered,5352.45
ORD007736,CUST00868,STR019,2025-02-22,Shipped,38162.6
ORD007737,CUST00315,STR002,2025-04-22,Delivered,68328.9
ORD007738,CUST01965,STR045,2025-04-19,Delivered,4910.4
ORD007739,CUST00571,STR018,2025-04-01,Cancelled,90038.15
ORD007740,CUST01017,STR050,2025-02-18,Delivered,74121.7
ORD007741,CUST01772,STR011,2025-04-23,Delivered,261149.25
ORD007742,CUST01435,STR036,2025-01-06,Delivered,145212.0
ORD007743,CUST00670,STR049,2025-04-05,Delivered,121215.65
ORD007744,CUST01777,STR016,2025-02-12,Processing,18107.55
ORD007745,CUST00447,STR005,2025-01-13,Delivered,225830.5
ORD007746,CUST01809,STR029,2025-02-14,Cancelled,138037.35
ORD007747,CUST00195,STR005,2025-06-06,Delivered,193149.85
ORD007748,CUST00849,STR039,2025-06-18,Delivered,41881.75
ORD007749,CUST01525,STR020,2025-04-29,Delivered,81107.85
ORD007750,CUST01527,STR002,2025-06-05,Delivered,139508.7
ORD007751,CUST01833,STR030,2025-04-27,Processing,100268.1
ORD007752,CUST00961,STR015,2025-01-10,Delivered,109122.0
ORD007753,CUST01471,STR020,2025-01-23,Delivered,91905.7
ORD007754,CUST00711,STR009,2025-04-21,Delivered,224436.2
ORD007755,CUST00470,STR044,2025-04-30,Delivered,181807.2
ORD007756,CUST00343,STR005,2025-02-13,Delivered,90570.8
ORD007757,CUST00807,STR014,2025-05-23,Shipped,238663.8
ORD007758,CUST00232,STR024,2025-06-25,Delivered,31094.0
ORD007759,CUST01901,STR045,2025-05-26,Delivered,49954.5
ORD007760,CUST00689,STR020,2025-05-07,Delivered,115636.75
ORD007761,CUST00472,STR015,2025-03-26,Delivered,174311.75
ORD007762,CUST00038,STR037,2025-06-06,Pending,285012.75
ORD007763,CUST01559,STR035,2025-03-05,Delivered,117067.5
ORD007764,CUST01791,STR033,2025-02-23,Delivered,294074.9
ORD007765,CUST00179,STR025,2025-04-17,Processing,6132.75
ORD007766,CUST00725,STR027,2025-03-26,Pending,112000.6
ORD007767,CUST00505,STR027,2025-05-27,Delivered,216651.15
ORD007768,CUST01911,STR020,2025-04-29,Delivered,143196.0
ORD007769,CUST00260,STR017,2025-03-08,Pending,233318.7
ORD007770,CUST01420,STR025,2025-03-14,Delivered,88533.6
ORD007771,CUST00393,STR036,2025-01-11,Delivered,142614.2
ORD007772,CUST00089,STR016,2025-03-26,Processing,81732.0
ORD007773,CUST00029,STR015,2025-04-04,Processing,236296.2
ORD007774,CUST00461,STR012,2025-01-20,Delivered,167000.4
ORD007775,CUST01134,STR020,2025-02-21,Cancelled,10144.8
ORD007776,CUST01861,STR037,2025-01-10,Delivered,36600.0
ORD007777,CUST01138,STR005,2025-04-04,Delivered,53841.4
ORD007778,CUST01195,STR050,2025-06-25,Delivered,73877.7
ORD007779,CUST01780,STR005,2025-02-25,Cancelled,88791.0
ORD007780,CUST01288,STR034,2025-02-21,Delivered,110099.35
ORD007781,CUST01055,STR030,2025-03-02,Delivered,111074.85
ORD007782,CUST01363,STR031,2025-01-03,Shipped,154730.0
ORD007783,CUST01689,STR024,2025-03-16,Delivered,210961.05
ORD007784,CUST01656,STR041,2025-06-14,Returned,59652.1
ORD007785,CUST01610,STR011,2025-03-22,Shipped,159601.25
ORD007786,CUST01961,STR038,2025-03-17,Delivered,170723.35
ORD007787,CUST01665,STR019,2025-01-29,Shipped,120696.1
ORD007788,CUST00605,STR006,2025-05-02,Processing,184898.6
ORD007789,CUST01684,STR013,2025-04-27,Cancelled,55546.65
ORD007790,CUST00570,STR013,2025-06-27,Delivered,131719.55
ORD007791,CUST00803,STR005,2025-05-23,Delivered,95000.1
ORD007792,CUST00157,STR001,2025-06-13,Shipped,202925.7
ORD007793,CUST00661,STR029,2025-06-23,Pending,23594.0
ORD007794,CUST00457,STR038,2025-04-19,Delivered,69300.25
ORD007795,CUST00257,STR011,2025-02-19,Delivered,114022.8
ORD007796,CUST01804,STR042,2025-05-06,Delivered,198309.2
ORD007797,CUST01135,STR050,2025-03-13,Delivered,132819.1
ORD007798,CUST01749,STR024,2025-06-28,Processing,5864.0
ORD007799,CUST01605,STR045,2025-06-07,Shipped,28747.2
ORD007800,CUST00580,STR026,2025-01-13,Shipped,113300.55
ORD007801,CUST01947,STR050,2025-06-18,Processing,15296.8
ORD007802,CUST00376,STR014,2025-05-01,Delivered,170737.15
ORD007803,CUST01859,STR035,2025-01-26,Delivered,191475.0
ORD007804,CUST01700,STR023,2025-02-01,Delivered,37360.0
ORD007805,CUST01487,STR002,2025-04-10,Processing,131486.2
ORD007806,CUST00069,STR036,2025-04-09,Delivered,209323.8
ORD007807,CUST00383,STR042,2025-05-21,Pending,123218.25
ORD007808,CUST00973,STR004,2025-03-31,Delivered,89428.9
ORD007809,CUST01353,STR005,2025-04-02,Delivered,163563.0
ORD007810,CUST01896,STR002,2025-02-11,Delivered,240258.6
ORD007811,CUST01525,STR047,2025-05-27,Delivered,133842.0
ORD007812,CUST00557,STR006,2025-06-30,Processing,67088.85
ORD007813,CUST00444,STR050,2025-05-26,Delivered,63258.8
ORD007814,CUST00867,STR029,2025-04-27,Cancelled,8481.3
ORD007815,CUST00786,STR027,2025-05-09,Delivered,109158.7
ORD007816,CUST01199,STR006,2025-04-10,Shipped,111092.65
ORD007817,CUST00272,STR049,2025-01-09,Delivered,128111.1
ORD007818,CUST00820,STR009,2025-02-14,Delivered,40944.6
ORD007819,CUST01590,STR029,2025-04-28,Shipped,155750.55
ORD007820,CUST00507,STR004,2025-06-24,Delivered,133600.5
ORD007821,CUST01669,STR009,2025-04-06,Returned,7178.4
ORD007822,CUST01530,STR020,2025-05-11,Shipped,174200.5
ORD007823,CUST00351,STR050,2025-05-03,Delivered,173553.9
ORD007824,CUST01360,STR007,2025-01-13,Delivered,90425.2
ORD007825,CUST01086,STR018,2025-02-20,Cancelled,37307.35
ORD007826,CUST00280,STR005,2025-06-13,Delivered,218988.1
ORD007827,CUST01328,STR038,2025-05-21,Delivered,166928.85
ORD007828,CUST01582,STR005,2025-02-25,Delivered,40757.4
ORD007829,CUST00080,STR004,2025-01-15,Shipped,35185.3
ORD007830,CUST00532,STR012,2025-02-18,Delivered,24535.25
ORD007831,CUST00580,STR008,2025-01-29,Processing,65080.7
ORD007832,CUST01100,STR043,2025-05-17,Delivered,76938.9
ORD007833,CUST01331,STR024,2025-04-15,Delivered,129751.2
ORD007834,CUST01941,STR028,2025-02-11,Processing,131158.3
ORD007835,CUST00723,STR013,2025-01-08,Shipped,105743.0
ORD007836,CUST01163,STR008,2025-04-27,Pending,78812.1
ORD007837,CUST00215,STR041,2025-06-27,Delivered,22299.0
ORD007838,CUST00817,STR005,2025-03-03,Delivered,121254.75
ORD007839,CUST00498,STR024,2025-01-20,Delivered,14875.2
ORD007840,CUST01437,STR026,2025-02-14,Delivered,117965.35
ORD007841,CUST00700,STR033,2025-02-09,Delivered,21766.8
ORD007842,CUST00843,STR033,2025-05-27,Delivered,109322.0
ORD007843,CUST00653,STR022,2025-04-03,Delivered,39396.0
ORD007844,CUST00892,STR015,2025-01-10,Delivered,134302.3
ORD007845,CUST01778,STR043,2025-01-10,Delivered,93487.6
ORD007846,CUST01725,STR018,2025-06-14,Cancelled,64895.15
ORD007847,CUST00040,STR029,2025-01-01,Returned,35569.6
ORD007848,CUST00813,STR001,2025-04-12,Delivered,47513.2
ORD007849,CUST00053,STR008,2025-05-11,Delivered,122677.95
ORD007850,CUST01349,STR042,2025-01-19,Delivered,81548.1
ORD007851,CUST00886,STR001,2025-02-28,Shipped,11472.0
ORD007852,CUST01447,STR015,2025-03-28,Delivered,51435.8
ORD007853,CUST01164,STR004,2025-03-17,Delivered,112583.85
ORD007854,CUST01244,STR002,2025-05-28,Delivered,112777.8
ORD007855,CUST01103,STR037,2025-04-04,Delivered,71303.3
ORD007856,CUST00828,STR045,2025-03-15,Delivered,22773.2
ORD007857,CUST00202,STR008,2025-04-28,Delivered,153880.9
ORD007858,CUST01317,STR010,2025-05-16,Delivered,167873.0
ORD007859,CUST00296,STR035,2025-03-21,Delivered,68596.55
ORD007860,CUST01953,STR015,2025-02-10,Delivered,94775.05
ORD007861,CUST01038,STR012,2025-01-14,Delivered,268760.45
ORD007862,CUST01875,STR030,2025-04-23,Delivered,61441.4
ORD007863,CUST01929,STR016,2025-02-04,Delivered,193325.2
ORD007864,CUST00398,STR048,2025-03-21,Delivered,41083.9
ORD007865,CUST01356,STR003,2025-01-16,Delivered,244721.2
ORD007866,CUST01945,STR012,2025-06-25,Delivered,89708.4
ORD007867,CUST00328,STR006,2025-04-05,Processing,52713.2
ORD007868,CUST01398,STR032,2025-06-18,Delivered,126093.5
ORD007869,CUST01567,STR009,2025-05-28,Delivered,105461.4
ORD007870,CUST01450,STR040,2025-02-06,Delivered,67780.6
ORD007871,CUST00737,STR047,2025-03-01,Pending,97543.15
ORD007872,CUST00997,STR021,2025-03-08,Delivered,141467.05
ORD007873,CUST00525,STR005,2025-05-01,Delivered,33466.35
ORD007874,CUST00124,STR032,2025-06-02,Pending,98392.8
ORD007875,CUST00319,STR023,2025-05-15,Delivered,87918.0
ORD007876,CUST00828,STR038,2025-04-11,Delivered,153528.9
ORD007877,CUST00315,STR031,2025-02-17,Delivered,133355.6
ORD007878,CUST01250,STR015,2025-02-17,Processing,77924.1
ORD007879,CUST01291,STR009,2025-05-06,Delivered,180418.7
ORD007880,CUST00102,STR005,2025-01-29,Delivered,123011.7
ORD007881,CUST01277,STR020,2025-04-07,Delivered,201618.0
ORD007882,CUST00943,STR001,2025-03-01,Cancelled,165132.1
ORD007883,CUST00153,STR012,2025-02-25,Delivered,162760.4
ORD007884,CUST00327,STR016,2025-05-10,Delivered,120720.3
ORD007885,CUST00606,STR005,2025-02-04,Pending,133727.7
ORD007886,CUST00271,STR043,2025-04-03,Delivered,61418.45
ORD007887,CUST01870,STR020,2025-06-04,Processing,148266.0
ORD007888,CUST00895,STR046,2025-03-05,Delivered,110975.7
ORD007889,CUST00821,STR032,2025-01-20,Delivered,188550.15
ORD007890,CUST01672,STR017,2025-06-06,Delivered,126689.8
ORD007891,CUST01389,STR021,2025-05-23,Delivered,198172.7
ORD007892,CUST00357,STR046,2025-03-31,Delivered,67092.85
ORD007893,CUST01171,STR005,2025-04-06,Delivered,77172.8
ORD007894,CUST00746,STR037,2025-01-27,Delivered,123742.7
ORD007895,CUST00217,STR045,2025-04-23,Delivered,75628.5
ORD007896,CUST01527,STR002,2025-04-16,Delivered,118551.6
ORD007897,CUST00170,STR047,2025-05-09,Delivered,44229.6
ORD007898,CUST01902,STR045,2025-02-13,Delivered,85210.6
ORD007899,CUST01333,STR033,2025-05-04,Processing,66742.8
ORD007900,CUST00343,STR015,2025-03-12,Delivered,58317.6
ORD007901,CUST00319,STR048,2025-02-19,Delivered,6228.0
ORD007902,CUST00223,STR034,2025-04-03,Delivered,101884.0
ORD007903,CUST01105,STR014,2025-02-27,Delivered,126605.8
ORD007904,CUST01319,STR019,2025-01-22,Delivered,85349.15
ORD007905,CUST00630,STR037,2025-02-17,Delivered,80150.15
ORD007906,CUST00134,STR031,2025-05-07,Processing,148915.35
ORD007907,CUST01413,STR032,2025-03-01,Delivered,91812.3
ORD007908,CUST00610,STR009,2025-03-02,Delivered,1332.85
ORD007909,CUST00333,STR007,2025-06-18,Delivered,144608.8
ORD007910,CUST01350,STR005,2025-01-07,Returned,6030.0
ORD007911,CUST00563,STR002,2025-06-08,Cancelled,125509.2
ORD007912,CUST00834,STR008,2025-03-01,Delivered,95253.45
ORD007913,CUST01422,STR040,2025-05-25,Delivered,23976.0
ORD007914,CUST01996,STR046,2025-02-03,Delivered,161334.15
ORD007915,CUST00376,STR040,2025-02-21,Delivered,55738.0
ORD007916,CUST00893,STR001,2025-02-23,Delivered,9485.2
ORD007917,CUST00466,STR039,2025-01-05,Cancelled,184495.8
ORD007918,CUST01148,STR004,2025-02-19,Processing,132250.0
ORD007919,CUST01974,STR042,2025-03-13,Delivered,30610.8
ORD007920,CUST01793,STR021,2025-02-15,Processing,204193.65
ORD007921,CUST01227,STR029,2025-03-05,Delivered,157734.6
ORD007922,CUST01118,STR042,2025-06-25,Delivered,108095.35
ORD007923,CUST00522,STR018,2025-04-09,Delivered,41231.2
ORD007924,CUST00224,STR020,2025-03-13,Delivered,171700.0
ORD007925,CUST01009,STR032,2025-05-05,Delivered,13888.0
ORD007926,CUST01521,STR045,2025-03-30,Cancelled,62951.85
ORD007927,CUST01984,STR016,2025-05-15,Delivered,226283.1
ORD007928,CUST01553,STR017,2025-06-14,Delivered,49294.65
ORD007929,CUST00318,STR023,2025-01-07,Shipped,26745.5
ORD007930,CUST01291,STR026,2025-01-18,Shipped,152559.6
ORD007931,CUST01146,STR025,2025-05-12,Delivered,240928.4
ORD007932,CUST01223,STR014,2025-02-26,Delivered,121364.1
ORD007933,CUST01636,STR040,2025-06-17,Delivered,126486.8
ORD007934,CUST01164,STR030,2025-04-14,Delivered,96662.4
ORD007935,CUST01178,STR025,2025-04-10,Delivered,197908.8
ORD007936,CUST00050,STR023,2025-05-30,Delivered,100305.6
ORD007937,CUST01265,STR038,2025-05-08,Cancelled,38580.7
ORD007938,CUST01067,STR042,2025-04-01,Delivered,120043.8
ORD007939,CUST00618,STR029,2025-05-22,Delivered,128289.2
ORD007940,CUST00580,STR047,2025-03-12,Processing,57182.0
ORD007941,CUST01167,STR037,2025-01-11,Delivered,237331.2
ORD007942,CUST01846,STR012,2025-04-16,Delivered,45412.15
ORD007943,CUST00494,STR031,2025-01-21,Delivered,238821.6
ORD007944,CUST00042,STR017,2025-05-13,Delivered,125626.2
ORD007945,CUST01537,STR035,2025-05-27,Delivered,235813.8
ORD007946,CUST00389,STR050,2025-05-16,Delivered,59792.6
ORD007947,CUST00841,STR011,2025-02-02,Delivered,177797.05
ORD007948,CUST01324,STR031,2025-05-14,Delivered,81456.0
ORD007949,CUST00251,STR009,2025-03-30,Processing,38706.0
ORD007950,CUST01907,STR044,2025-05-08,Delivered,142807.75
ORD007951,CUST01775,STR018,2025-04-10,Delivered,17988.55
ORD007952,CUST01711,STR011,2025-01-30,Delivered,64489.8
ORD007953,CUST00068,STR042,2025-05-09,Delivered,9519.95
ORD007954,CUST01206,STR006,2025-02-12,Delivered,306109.0
ORD007955,CUST01587,STR050,2025-01-14,Delivered,77392.8
ORD007956,CUST01501,STR043,2025-01-06,Processing,236922.2
ORD007957,CUST00831,STR039,2025-01-08,Processing,106380.4
ORD007958,CUST01951,STR035,2025-03-30,Delivered,34356.0
ORD007959,CUST00325,STR019,2025-02-27,Pending,79892.9
ORD007960,CUST01176,STR041,2025-03-11,Shipped,90592.65
ORD007961,CUST01834,STR041,2025-02-04,Delivered,42637.9
ORD007962,CUST01891,STR049,2025-01-24,Delivered,119199.7
ORD007963,CUST01125,STR046,2025-04-11,Delivered,216031.3
ORD007964,CUST01794,STR015,2025-04-11,Delivered,95199.15
ORD007965,CUST00632,STR033,2025-05-11,Delivered,21612.95
ORD007966,CUST01690,STR012,2025-02-02,Delivered,162616.85
ORD007967,CUST01941,STR048,2025-03-18,Returned,38729.45
ORD007968,CUST00785,STR047,2025-05-02,Shipped,29043.4
ORD007969,CUST01434,STR031,2025-05-14,Shipped,98660.7
ORD007970,CUST01270,STR009,2025-03-22,Delivered,35399.0
ORD007971,CUST00258,STR001,2025-06-03,Delivered,239409.0
ORD007972,CUST01065,STR011,2025-01-27,Delivered,51582.6
ORD007973,CUST00092,STR045,2025-06-03,Delivered,89900.4
ORD007974,CUST01185,STR017,2025-04-06,Delivered,42377.0
ORD007975,CUST00517,STR048,2025-05-07,Delivered,285085.95
ORD007976,CUST01147,STR040,2025-02-03,Shipped,23800.35
ORD007977,CUST01226,STR038,2025-04-25,Delivered,77799.5
ORD007978,CUST01360,STR005,2025-04-11,Delivered,45964.8
ORD007979,CUST00449,STR005,2025-06-25,Delivered,197023.5
ORD007980,CUST00944,STR005,2025-01-04,Delivered,2784.6
ORD007981,CUST01712,STR026,2025-05-30,Delivered,76596.0
ORD007982,CUST00941,STR015,2025-03-27,Processing,30269.85
ORD007983,CUST00351,STR016,2025-03-21,Returned,9355.2
ORD007984,CUST00293,STR040,2025-06-21,Delivered,10745.0
ORD007985,CUST00260,STR048,2025-02-13,Delivered,9956.0
ORD007986,CUST01742,STR011,2025-05-09,Delivered,158271.0
ORD007987,CUST01578,STR020,2025-04-15,Delivered,54662.4
ORD007988,CUST00952,STR034,2025-03-20,Shipped,176878.0
ORD007989,CUST01029,STR014,2025-03-26,Cancelled,89840.7
ORD007990,CUST01711,STR017,2025-06-29,Processing,116073.75
ORD007991,CUST01889,STR026,2025-03-18,Delivered,201795.7
ORD007992,CUST00621,STR002,2025-04-23,Cancelled,114897.4
ORD007993,CUST01828,STR030,2025-01-11,Processing,158008.1
ORD007994,CUST00964,STR047,2025-04-16,Shipped,37261.45
ORD007995,CUST00750,STR001,2025-03-25,Cancelled,117016.2
ORD007996,CUST01270,STR003,2025-02-20,Shipped,44532.0
ORD007997,CUST01384,STR015,2025-03-02,Shipped,156576.1
ORD007998,CUST00392,STR041,2025-03-25,Delivered,148885.4
ORD007999,CUST01613,STR008,2025-06-25,Delivered,159125.1
ORD008000,CUST00601,STR020,2025-05-20,Delivered,28585.0
ORD008001,CUST01957,STR022,2025-03-19,Delivered,83908.8
ORD008002,CUST00666,STR009,2025-01-13,Delivered,150971.0
ORD008003,CUST01381,STR044,2025-03-31,Delivered,108613.5
ORD008004,CUST00051,STR019,2025-04-10,Delivered,33693.65
ORD008005,CUST00641,STR029,2025-01-19,Processing,64800.0
ORD008006,CUST01808,STR045,2025-06-21,Returned,262392.3
ORD008007,CUST00215,STR040,2025-05-02,Delivered,143376.05
ORD008008,CUST00679,STR033,2025-04-02,Delivered,1992.0
ORD008009,CUST01315,STR011,2025-01-14,Delivered,31549.5
ORD008010,CUST00950,STR002,2025-03-27,Processing,164562.0
ORD008011,CUST01217,STR026,2025-01-27,Delivered,107820.3
ORD008012,CUST01830,STR031,2025-06-22,Processing,108448.7
ORD008013,CUST01969,STR040,2025-05-24,Shipped,102232.5
ORD008014,CUST01978,STR026,2025-02-21,Pending,275801.1
ORD008015,CUST00715,STR049,2025-04-20,Delivered,218045.8
ORD008016,CUST01125,STR044,2025-01-02,Processing,86445.6
ORD008017,CUST01008,STR043,2025-05-29,Delivered,14740.2
ORD008018,CUST00004,STR018,2025-05-02,Shipped,173442.55
ORD008019,CUST01554,STR010,2025-01-02,Delivered,84468.0
ORD008020,CUST01613,STR033,2025-05-27,Delivered,59419.05
ORD008021,CUST01103,STR001,2025-03-03,Cancelled,12596.0
ORD008022,CUST01355,STR006,2025-03-11,Delivered,19190.0
ORD008023,CUST00836,STR043,2025-05-05,Shipped,124758.0
ORD008024,CUST00713,STR022,2025-01-31,Pending,93157.2
ORD008025,CUST00687,STR030,2025-01-30,Delivered,51229.7
ORD008026,CUST01475,STR018,2025-06-25,Shipped,73155.3
ORD008027,CUST00337,STR047,2025-04-02,Pending,59602.9
ORD008028,CUST00878,STR021,2025-02-21,Pending,200030.65
ORD008029,CUST01862,STR004,2025-05-19,Pending,217688.7
ORD008030,CUST01933,STR044,2025-05-26,Delivered,77826.6
ORD008031,CUST00067,STR023,2025-04-02,Delivered,201418.8
ORD008032,CUST00377,STR005,2025-06-11,Delivered,157311.95
ORD008033,CUST01621,STR019,2025-02-10,Pending,222236.35
ORD008034,CUST00233,STR009,2025-04-16,Delivered,156205.85
ORD008035,CUST01704,STR029,2025-06-19,Delivered,139291.0
ORD008036,CUST00061,STR049,2025-06-13,Shipped,18445.0
ORD008037,CUST01423,STR048,2025-06-09,Processing,39393.65
ORD008038,CUST01714,STR031,2025-03-08,Processing,141437.0
ORD008039,CUST00270,STR040,2025-06-24,Delivered,232780.85
ORD008040,CUST00197,STR024,2025-06-24,Delivered,108830.4
ORD008041,CUST00134,STR034,2025-01-05,Delivered,12451.65
ORD008042,CUST00996,STR033,2025-04-11,Delivered,7931.0
ORD008043,CUST01823,STR043,2025-04-20,Delivered,197322.1
ORD008044,CUST01777,STR024,2025-03-15,Delivered,49861.8
ORD008045,CUST00323,STR019,2025-01-26,Processing,124560.0
ORD008046,CUST01066,STR011,2025-06-16,Pending,11227.5
ORD008047,CUST01857,STR044,2025-04-24,Delivered,132384.0
ORD008048,CUST00271,STR023,2025-04-08,Pending,113798.6
ORD008049,CUST01702,STR016,2025-01-08,Delivered,72400.0
ORD008050,CUST00278,STR001,2025-04-12,Cancelled,134418.8
ORD008051,CUST00998,STR017,2025-02-17,Delivered,37115.2
ORD008052,CUST00573,STR026,2025-04-13,Delivered,89166.05
ORD008053,CUST00143,STR027,2025-03-16,Delivered,93611.5
ORD008054,CUST01327,STR032,2025-03-01,Delivered,216944.1
ORD008055,CUST00354,STR016,2025-04-26,Delivered,170486.1
ORD008056,CUST01666,STR039,2025-03-07,Delivered,30494.3
ORD008057,CUST01841,STR023,2025-01-23,Delivered,248785.1
ORD008058,CUST00605,STR045,2025-06-07,Delivered,66323.85
ORD008059,CUST01067,STR049,2025-01-02,Delivered,142197.9
ORD008060,CUST01206,STR045,2025-04-24,Delivered,179786.55
ORD008061,CUST01341,STR016,2025-06-02,Delivered,45219.8
ORD008062,CUST01590,STR017,2025-05-05,Shipped,150320.5
ORD008063,CUST00346,STR036,2025-05-06,Delivered,14958.4
ORD008064,CUST01479,STR015,2025-02-26,Delivered,117366.0
ORD008065,CUST00756,STR007,2025-05-10,Delivered,161090.3
ORD008066,CUST00931,STR015,2025-03-22,Delivered,99483.05
ORD008067,CUST01165,STR030,2025-04-29,Delivered,61403.6
ORD008068,CUST01904,STR033,2025-04-14,Delivered,163779.45
ORD008069,CUST01078,STR015,2025-05-19,Delivered,77198.4
ORD008070,CUST00218,STR049,2025-06-29,Delivered,8762.4
ORD008071,CUST01869,STR009,2025-02-12,Delivered,16673.6
ORD008072,CUST01195,STR031,2025-03-10,Delivered,7542.0
ORD008073,CUST00579,STR019,2025-04-25,Delivered,323620.4
ORD008074,CUST01588,STR025,2025-04-27,Delivered,56712.65
ORD008075,CUST01300,STR019,2025-02-24,Delivered,35479.0
ORD008076,CUST01009,STR030,2025-03-08,Delivered,125401.45
ORD008077,CUST01358,STR031,2025-04-04,Delivered,80010.0
ORD008078,CUST01569,STR044,2025-01-06,Delivered,268055.7
ORD008079,CUST00590,STR046,2025-04-03,Delivered,81051.5
ORD008080,CUST01107,STR009,2025-04-10,Delivered,9081.0
ORD008081,CUST00955,STR039,2025-01-07,Delivered,61799.3
ORD008082,CUST00239,STR002,2025-06-21,Delivered,102382.65
ORD008083,CUST00649,STR046,2025-05-17,Delivered,147360.4
ORD008084,CUST01653,STR006,2025-05-20,Delivered,48500.3
ORD008085,CUST00196,STR035,2025-03-22,Delivered,111046.4
ORD008086,CUST01385,STR001,2025-01-12,Shipped,167873.1
ORD008087,CUST00945,STR027,2025-04-03,Delivered,66422.1
ORD008088,CUST00913,STR039,2025-02-08,Returned,65297.4
ORD008089,CUST00916,STR013,2025-06-24,Delivered,61747.1
ORD008090,CUST00337,STR029,2025-03-11,Delivered,207798.3
ORD008091,CUST00772,STR031,2025-04-07,Processing,92432.4
ORD008092,CUST00927,STR036,2025-06-10,Delivered,13896.0
ORD008093,CUST01204,STR001,2025-01-24,Delivered,233871.6
ORD008094,CUST00471,STR011,2025-06-22,Shipped,55382.4
ORD008095,CUST00401,STR049,2025-04-27,Shipped,129015.9
ORD008096,CUST01505,STR016,2025-02-26,Delivered,30320.2
ORD008097,CUST01727,STR042,2025-03-09,Cancelled,183208.0
ORD008098,CUST01203,STR009,2025-04-23,Shipped,88009.65
ORD008099,CUST01864,STR005,2025-06-22,Processing,184945.45
ORD008100,CUST00587,STR028,2025-06-29,Delivered,10056.6
ORD008101,CUST00990,STR010,2025-01-06,Shipped,10336.95
ORD008102,CUST01307,STR011,2025-04-19,Delivered,181550.95
ORD008103,CUST00914,STR021,2025-03-29,Processing,24334.4
ORD008104,CUST01078,STR038,2025-04-14,Cancelled,109352.95
ORD008105,CUST01954,STR041,2025-01-10,Delivered,52148.0
ORD008106,CUST01902,STR044,2025-03-17,Delivered,210570.75
ORD008107,CUST01325,STR038,2025-02-20,Delivered,135599.9
ORD008108,CUST00014,STR040,2025-02-15,Delivered,65635.2
ORD008109,CUST00576,STR037,2025-05-16,Delivered,19218.5
ORD008110,CUST01898,STR024,2025-01-31,Delivered,95510.15
ORD008111,CUST00281,STR015,2025-03-17,Delivered,160956.9
ORD008112,CUST01714,STR045,2025-01-28,Delivered,56072.8
ORD008113,CUST00235,STR045,2025-04-27,Delivered,48951.3
ORD008114,CUST01131,STR031,2025-02-22,Pending,54938.9
ORD008115,CUST01961,STR036,2025-06-17,Delivered,147249.0
ORD008116,CUST01020,STR008,2025-03-30,Delivered,132367.55
ORD008117,CUST01452,STR012,2025-03-17,Delivered,310316.9
ORD008118,CUST01277,STR003,2025-03-15,Delivered,78102.45
ORD008119,CUST00938,STR047,2025-04-27,Delivered,153162.65
ORD008120,CUST00938,STR038,2025-02-26,Cancelled,98173.05
ORD008121,CUST00287,STR034,2025-02-10,Delivered,83890.3
ORD008122,CUST00937,STR012,2025-04-21,Shipped,181145.95
ORD008123,CUST01322,STR007,2025-06-21,Cancelled,12924.0
ORD008124,CUST01598,STR033,2025-06-24,Delivered,139833.85
ORD008125,CUST01667,STR048,2025-04-24,Delivered,166189.7
ORD008126,CUST01701,STR029,2025-01-29,Delivered,210418.0
ORD008127,CUST00754,STR042,2025-04-27,Delivered,123931.0
ORD008128,CUST01583,STR003,2025-02-20,Delivered,258836.15
ORD008129,CUST00848,STR029,2025-01-20,Delivered,94441.6
ORD008130,CUST00038,STR021,2025-03-06,Delivered,160115.9
ORD008131,CUST01534,STR046,2025-02-26,Delivered,62403.0
ORD008132,CUST00327,STR008,2025-01-06,Processing,32030.65
ORD008133,CUST00024,STR024,2025-01-28,Delivered,78196.0
ORD008134,CUST01763,STR023,2025-05-09,Delivered,105274.7
ORD008135,CUST01760,STR004,2025-01-03,Delivered,73418.45
ORD008136,CUST00183,STR042,2025-05-04,Delivered,162461.7
ORD008137,CUST00810,STR044,2025-06-09,Pending,150256.15
ORD008138,CUST01544,STR044,2025-05-25,Cancelled,180636.8
ORD008139,CUST00735,STR040,2025-04-22,Delivered,89355.2
ORD008140,CUST00580,STR014,2025-02-14,Cancelled,127676.0
ORD008141,CUST01248,STR021,2025-05-30,Delivered,35584.0
ORD008142,CUST00160,STR021,2025-05-24,Delivered,50388.85
ORD008143,CUST00676,STR043,2025-06-23,Cancelled,101634.9
ORD008144,CUST00772,STR019,2025-01-28,Processing,177001.95
ORD008145,CUST01882,STR011,2025-05-07,Delivered,106610.6
ORD008146,CUST00033,STR002,2025-06-11,Pending,59868.0
ORD008147,CUST00810,STR003,2025-01-03,Shipped,3157.0
ORD008148,CUST00982,STR029,2025-05-05,Cancelled,206457.65
ORD008149,CUST00963,STR047,2025-03-05,Delivered,95494.2
ORD008150,CUST01362,STR030,2025-03-10,Pending,220119.3
ORD008151,CUST01439,STR040,2025-01-30,Delivered,20548.0
ORD008152,CUST01239,STR009,2025-06-09,Delivered,99167.35
ORD008153,CUST00804,STR018,2025-01-20,Delivered,22426.0
ORD008154,CUST01944,STR016,2025-06-19,Delivered,254886.6
ORD008155,CUST01200,STR002,2025-02-21,Delivered,314983.4
ORD008156,CUST01703,STR044,2025-03-30,Delivered,194734.7
ORD008157,CUST00180,STR019,2025-04-15,Delivered,79370.95
ORD008158,CUST00014,STR020,2025-02-07,Delivered,119670.8
ORD008159,CUST00493,STR025,2025-01-01,Delivered,97104.0
ORD008160,CUST00882,STR002,2025-06-09,Delivered,62972.0
ORD008161,CUST00330,STR046,2025-04-14,Delivered,178447.35
ORD008162,CUST00599,STR016,2025-05-13,Delivered,193958.4
ORD008163,CUST01003,STR050,2025-02-13,Delivered,109927.8
ORD008164,CUST01698,STR020,2025-06-24,Shipped,268892.85
ORD008165,CUST00004,STR049,2025-04-20,Delivered,129992.4
ORD008166,CUST01812,STR035,2025-06-23,Delivered,51777.6
ORD008167,CUST01816,STR048,2025-01-10,Delivered,120438.5
ORD008168,CUST00229,STR017,2025-05-09,Processing,107275.0
ORD008169,CUST00197,STR009,2025-03-10,Delivered,109183.1
ORD008170,CUST01246,STR041,2025-05-28,Processing,154079.15
ORD008171,CUST01533,STR008,2025-04-30,Delivered,74242.5
ORD008172,CUST00662,STR041,2025-01-04,Delivered,63670.95
ORD008173,CUST00741,STR022,2025-05-28,Delivered,116500.8
ORD008174,CUST00777,STR025,2025-02-04,Delivered,228739.6
ORD008175,CUST01022,STR046,2025-05-02,Delivered,81940.1
ORD008176,CUST01112,STR016,2025-03-01,Delivered,36451.95
ORD008177,CUST01903,STR037,2025-04-01,Cancelled,61778.5
ORD008178,CUST00692,STR047,2025-02-11,Delivered,22409.4
ORD008179,CUST00904,STR014,2025-03-21,Delivered,96872.7
ORD008180,CUST00340,STR044,2025-04-04,Delivered,198326.5
ORD008181,CUST01741,STR003,2025-02-07,Delivered,187703.0
ORD008182,CUST01067,STR034,2025-01-12,Delivered,69566.9
ORD008183,CUST00595,STR001,2025-01-05,Processing,211190.0
ORD008184,CUST01579,STR006,2025-05-16,Delivered,161836.0
ORD008185,CUST00855,STR044,2025-04-22,Delivered,6014.4
ORD008186,CUST00009,STR040,2025-03-24,Shipped,140105.5
ORD008187,CUST00173,STR002,2025-05-20,Processing,125039.8
ORD008188,CUST00711,STR021,2025-03-10,Delivered,109429.8
ORD008189,CUST01740,STR007,2025-05-05,Delivered,93980.25
ORD008190,CUST00242,STR016,2025-04-26,Shipped,43460.0
ORD008191,CUST00798,STR026,2025-02-05,Shipped,24746.85
ORD008192,CUST00590,STR009,2025-03-19,Delivered,182835.2
ORD008193,CUST01189,STR045,2025-01-28,Delivered,150480.15
ORD008194,CUST01963,STR039,2025-05-21,Delivered,138495.9
ORD008195,CUST01467,STR018,2025-05-19,Shipped,108556.2
ORD008196,CUST01432,STR033,2025-05-20,Delivered,21698.0
ORD008197,CUST00322,STR020,2025-03-27,Delivered,12370.0
ORD008198,CUST00191,STR002,2025-02-11,Processing,73411.1
ORD008199,CUST00227,STR029,2025-03-12,Delivered,55683.2
ORD008200,CUST00339,STR024,2025-04-30,Processing,41866.75
ORD008201,CUST01899,STR011,2025-02-12,Delivered,130407.8
ORD008202,CUST01782,STR049,2025-03-25,Pending,159116.7
ORD008203,CUST00954,STR007,2025-03-27,Delivered,158302.9
ORD008204,CUST00067,STR047,2025-04-26,Delivered,88089.5
ORD008205,CUST00531,STR027,2025-02-15,Delivered,149745.9
ORD008206,CUST00409,STR027,2025-05-13,Cancelled,38257.0
ORD008207,CUST01106,STR044,2025-06-24,Delivered,123662.2
ORD008208,CUST00259,STR042,2025-02-26,Delivered,156377.8
ORD008209,CUST01769,STR029,2025-06-29,Delivered,273303.2
ORD008210,CUST00147,STR007,2025-04-04,Delivered,38384.1
ORD008211,CUST00135,STR006,2025-02-14,Delivered,115802.65
ORD008212,CUST00903,STR050,2025-02-21,Delivered,94283.4
ORD008213,CUST00524,STR023,2025-06-16,Shipped,56771.5
ORD008214,CUST00660,STR016,2025-03-01,Delivered,82787.4
ORD008215,CUST01955,STR014,2025-04-27,Delivered,58739.45
ORD008216,CUST00313,STR013,2025-01-21,Delivered,148956.1
ORD008217,CUST01044,STR023,2025-03-24,Delivered,26465.55
ORD008218,CUST01808,STR004,2025-03-29,Delivered,64584.0
ORD008219,CUST01220,STR001,2025-06-25,Delivered,145054.25
ORD008220,CUST00324,STR016,2025-06-16,Delivered,277977.5
ORD008221,CUST00121,STR033,2025-01-04,Delivered,32076.0
ORD008222,CUST00794,STR043,2025-05-06,Delivered,121259.6
ORD008223,CUST01432,STR034,2025-06-10,Shipped,69184.65
ORD008224,CUST00516,STR043,2025-06-07,Cancelled,232923.85
ORD008225,CUST00723,STR036,2025-05-06,Cancelled,230514.95
ORD008226,CUST00341,STR033,2025-03-02,Cancelled,28690.05
ORD008227,CUST00831,STR002,2025-02-16,Processing,83650.0
ORD008228,CUST01179,STR017,2025-06-13,Delivered,14040.0
ORD008229,CUST00249,STR020,2025-04-02,Delivered,61704.0
ORD008230,CUST00509,STR011,2025-02-22,Delivered,129805.2
ORD008231,CUST00730,STR045,2025-04-02,Delivered,151827.45
ORD008232,CUST01593,STR031,2025-04-06,Delivered,151086.05
ORD008233,CUST00467,STR048,2025-01-23,Delivered,49168.2
ORD008234,CUST00237,STR033,2025-04-15,Delivered,97387.4
ORD008235,CUST00183,STR039,2025-02-10,Delivered,144875.2
ORD008236,CUST00383,STR026,2025-04-15,Delivered,28346.7
ORD008237,CUST00273,STR035,2025-05-22,Delivered,53130.1
ORD008238,CUST00466,STR002,2025-04-27,Delivered,176282.35
ORD008239,CUST01488,STR048,2025-05-23,Delivered,142433.5
ORD008240,CUST01442,STR001,2025-05-21,Delivered,169452.15
ORD008241,CUST00185,STR035,2025-01-27,Cancelled,140822.8
ORD008242,CUST01247,STR038,2025-05-17,Delivered,205380.9
ORD008243,CUST01734,STR026,2025-03-03,Delivered,150967.65
ORD008244,CUST01009,STR048,2025-06-04,Shipped,172485.1
ORD008245,CUST01353,STR028,2025-05-14,Delivered,7898.0
ORD008246,CUST01807,STR016,2025-06-11,Delivered,62674.0
ORD008247,CUST00053,STR032,2025-05-21,Pending,183355.95
ORD008248,CUST01957,STR021,2025-04-13,Delivered,226802.85
ORD008249,CUST00725,STR023,2025-01-15,Delivered,71939.9
ORD008250,CUST01207,STR041,2025-02-06,Delivered,157063.8
ORD008251,CUST01375,STR033,2025-04-12,Delivered,142234.85
ORD008252,CUST01987,STR019,2025-05-01,Processing,179058.2
ORD008253,CUST01568,STR029,2025-05-12,Delivered,93210.2
ORD008254,CUST00937,STR019,2025-01-06,Delivered,66792.6
ORD008255,CUST00094,STR003,2025-02-25,Delivered,147066.0
ORD008256,CUST00841,STR034,2025-01-23,Delivered,232997.0
ORD008257,CUST00399,STR039,2025-06-30,Delivered,68907.0
ORD008258,CUST00940,STR041,2025-03-03,Delivered,144462.7
ORD008259,CUST00492,STR013,2025-03-24,Shipped,7812.8
ORD008260,CUST01248,STR041,2025-01-19,Delivered,234978.6
ORD008261,CUST00925,STR035,2025-05-10,Delivered,98758.0
ORD008262,CUST00989,STR013,2025-04-03,Delivered,180686.25
ORD008263,CUST01075,STR017,2025-04-17,Delivered,137373.6
ORD008264,CUST00696,STR006,2025-02-22,Pending,104022.9
ORD008265,CUST00212,STR049,2025-05-26,Delivered,93135.4
ORD008266,CUST01041,STR017,2025-02-16,Delivered,189760.5
ORD008267,CUST00497,STR048,2025-01-30,Delivered,43751.3
ORD008268,CUST01291,STR029,2025-04-13,Delivered,62500.35
ORD008269,CUST01676,STR038,2025-03-02,Delivered,871.2
ORD008270,CUST00722,STR039,2025-01-21,Delivered,96763.2
ORD008271,CUST01454,STR011,2025-06-20,Shipped,47658.0
ORD008272,CUST00691,STR024,2025-05-10,Pending,152321.2
ORD008273,CUST01024,STR015,2025-05-03,Processing,33393.6
ORD008274,CUST01998,STR005,2025-06-01,Delivered,93852.9
ORD008275,CUST01219,STR041,2025-06-05,Processing,48232.5
ORD008276,CUST01189,STR048,2025-06-11,Delivered,120491.4
ORD008277,CUST00552,STR030,2025-01-07,Delivered,92202.3
ORD008278,CUST01938,STR041,2025-05-20,Returned,91494.2
ORD008279,CUST01087,STR037,2025-02-09,Delivered,139058.85
ORD008280,CUST00194,STR015,2025-05-08,Delivered,950.4
ORD008281,CUST00302,STR049,2025-03-16,Delivered,294957.35
ORD008282,CUST01811,STR025,2025-03-02,Delivered,36556.95
ORD008283,CUST01374,STR027,2025-01-11,Delivered,60696.1
ORD008284,CUST01337,STR024,2025-03-14,Delivered,2006.1
ORD008285,CUST01770,STR009,2025-01-04,Delivered,64757.2
ORD008286,CUST00080,STR033,2025-06-30,Delivered,288418.2
ORD008287,CUST01588,STR037,2025-04-05,Delivered,84585.6
ORD008288,CUST00322,STR003,2025-05-07,Pending,97703.2
ORD008289,CUST00170,STR040,2025-04-07,Delivered,30444.0
ORD008290,CUST00190,STR010,2025-02-24,Pending,44078.0
ORD008291,CUST01124,STR039,2025-06-03,Delivered,260192.85
ORD008292,CUST00880,STR042,2025-03-08,Delivered,29927.2
ORD008293,CUST01352,STR028,2025-02-10,Delivered,117194.4
ORD008294,CUST00320,STR033,2025-05-20,Delivered,47023.2
ORD008295,CUST01776,STR048,2025-05-06,Delivered,211501.25
ORD008296,CUST01939,STR035,2025-05-29,Delivered,111997.7
ORD008297,CUST00742,STR044,2025-05-19,Pending,56523.45
ORD008298,CUST01993,STR028,2025-04-12,Delivered,73027.5
ORD008299,CUST00309,STR018,2025-06-25,Delivered,283952.15
ORD008300,CUST01824,STR046,2025-04-21,Processing,163270.0
ORD008301,CUST00373,STR007,2025-04-13,Delivered,84141.6
ORD008302,CUST01840,STR049,2025-05-16,Delivered,240616.85
ORD008303,CUST01619,STR050,2025-03-30,Delivered,137311.5
ORD008304,CUST00919,STR046,2025-04-28,Delivered,50133.4
ORD008305,CUST00742,STR002,2025-01-11,Delivered,42900.55
ORD008306,CUST00088,STR029,2025-05-18,Pending,28903.75
ORD008307,CUST00684,STR037,2025-01-12,Delivered,7279.2
ORD008308,CUST00404,STR035,2025-04-17,Delivered,34602.5
ORD008309,CUST00571,STR002,2025-01-07,Delivered,132905.4
ORD008310,CUST01467,STR011,2025-03-15,Delivered,29909.4
ORD008311,CUST01452,STR034,2025-04-23,Shipped,38767.5
ORD008312,CUST00065,STR006,2025-03-19,Delivered,114179.55
ORD008313,CUST00060,STR009,2025-06-23,Cancelled,10581.0
ORD008314,CUST00885,STR016,2025-01-13,Delivered,44930.4
ORD008315,CUST00147,STR042,2025-02-23,Delivered,145133.0
ORD008316,CUST01889,STR021,2025-06-26,Processing,143280.6
ORD008317,CUST01312,STR041,2025-05-26,Delivered,121907.4
ORD008318,CUST01861,STR010,2025-01-17,Processing,146660.5
ORD008319,CUST00369,STR015,2025-03-30,Delivered,153415.55
ORD008320,CUST01692,STR015,2025-03-12,Delivered,213050.5
ORD008321,CUST01001,STR014,2025-04-02,Delivered,105919.25
ORD008322,CUST00107,STR032,2025-01-10,Delivered,44273.6
ORD008323,CUST01714,STR014,2025-03-10,Delivered,91863.6
ORD008324,CUST00159,STR043,2025-05-24,Pending,108977.4
ORD008325,CUST01309,STR030,2025-06-19,Delivered,108734.75
ORD008326,CUST01176,STR008,2025-06-04,Delivered,51810.0
ORD008327,CUST01169,STR041,2025-05-17,Delivered,83529.5
ORD008328,CUST00226,STR044,2025-02-05,Processing,92509.4
ORD008329,CUST00839,STR042,2025-03-02,Delivered,38235.3
ORD008330,CUST01902,STR008,2025-04-30,Shipped,47311.2
ORD008331,CUST00668,STR044,2025-06-23,Delivered,129874.7
ORD008332,CUST01710,STR005,2025-03-31,Processing,27945.65
ORD008333,CUST01107,STR014,2025-02-03,Delivered,79709.4
ORD008334,CUST00025,STR004,2025-06-14,Delivered,71332.05
ORD008335,CUST01188,STR042,2025-05-12,Cancelled,123909.3
ORD008336,CUST01134,STR039,2025-06-07,Delivered,75307.2
ORD008337,CUST01678,STR004,2025-06-03,Delivered,37387.7
ORD008338,CUST01118,STR025,2025-06-26,Delivered,188861.65
ORD008339,CUST00592,STR020,2025-05-16,Delivered,35424.85
ORD008340,CUST01693,STR037,2025-04-17,Delivered,95690.4
ORD008341,CUST01577,STR010,2025-02-01,Shipped,1278.4
ORD008342,CUST01783,STR035,2025-06-19,Delivered,61249.5
ORD008343,CUST00121,STR004,2025-05-18,Delivered,1432.25
ORD008344,CUST00199,STR004,2025-02-13,Delivered,42561.05
ORD008345,CUST00443,STR023,2025-01-27,Delivered,81601.05
ORD008346,CUST01057,STR037,2025-02-07,Shipped,1781.6
ORD008347,CUST00302,STR028,2025-03-08,Delivered,83803.4
ORD008348,CUST01510,STR048,2025-03-24,Shipped,257589.45
ORD008349,CUST01963,STR044,2025-06-28,Processing,78660.4
ORD008350,CUST01037,STR023,2025-03-31,Delivered,48009.6
ORD008351,CUST00473,STR020,2025-05-31,Delivered,123448.15
ORD008352,CUST00961,STR007,2025-02-25,Delivered,6490.0
ORD008353,CUST01000,STR013,2025-06-17,Shipped,132984.95
ORD008354,CUST01097,STR004,2025-06-24,Shipped,130667.5
ORD008355,CUST00107,STR028,2025-02-04,Delivered,157570.6
ORD008356,CUST00858,STR040,2025-03-09,Delivered,65318.25
ORD008357,CUST01049,STR011,2025-02-10,Delivered,36684.0
ORD008358,CUST01205,STR030,2025-05-27,Delivered,57642.3
ORD008359,CUST00317,STR012,2025-06-27,Delivered,137799.7
ORD008360,CUST00401,STR003,2025-04-10,Delivered,129764.4
ORD008361,CUST00612,STR004,2025-05-25,Delivered,114787.8
ORD008362,CUST00846,STR028,2025-05-01,Delivered,39855.9
ORD008363,CUST00648,STR037,2025-03-03,Delivered,39618.75
ORD008364,CUST00446,STR039,2025-05-25,Delivered,317125.2
ORD008365,CUST01496,STR024,2025-05-07,Delivered,160222.7
ORD008366,CUST00704,STR006,2025-01-15,Shipped,127840.35
ORD008367,CUST01951,STR039,2025-03-24,Delivered,15030.0
ORD008368,CUST00494,STR005,2025-06-04,Delivered,102056.25
ORD008369,CUST00325,STR029,2025-02-08,Processing,33524.55
ORD008370,CUST01703,STR037,2025-05-15,Delivered,95478.05
ORD008371,CUST01916,STR010,2025-05-30,Delivered,23745.6
ORD008372,CUST01642,STR044,2025-03-27,Delivered,54538.3
ORD008373,CUST01523,STR010,2025-01-17,Delivered,27782.4
ORD008374,CUST00736,STR046,2025-04-24,Delivered,204448.25
ORD008375,CUST01959,STR019,2025-04-08,Delivered,30126.4
ORD008376,CUST01217,STR038,2025-01-01,Delivered,344550.25
ORD008377,CUST01000,STR037,2025-05-14,Delivered,53472.0
ORD008378,CUST00348,STR015,2025-05-26,Delivered,26089.0
ORD008379,CUST00845,STR036,2025-05-13,Delivered,30453.9
ORD008380,CUST00330,STR048,2025-06-07,Processing,5125.5
ORD008381,CUST01622,STR016,2025-01-14,Cancelled,77968.8
ORD008382,CUST01087,STR014,2025-04-12,Delivered,217400.8
ORD008383,CUST01159,STR031,2025-06-03,Delivered,274193.55
ORD008384,CUST00699,STR037,2025-06-19,Delivered,43822.0
ORD008385,CUST01771,STR014,2025-03-16,Delivered,63477.35
ORD008386,CUST01710,STR030,2025-06-13,Delivered,56381.55
ORD008387,CUST01200,STR010,2025-05-23,Delivered,38484.0
ORD008388,CUST01368,STR024,2025-01-27,Delivered,164765.4
ORD008389,CUST00304,STR030,2025-05-26,Delivered,57638.95
ORD008390,CUST01465,STR032,2025-02-11,Cancelled,308946.6
ORD008391,CUST00973,STR010,2025-03-17,Delivered,56627.85
ORD008392,CUST01300,STR010,2025-06-08,Cancelled,163092.6
ORD008393,CUST00849,STR039,2025-05-31,Pending,21370.25
ORD008394,CUST01579,STR049,2025-01-08,Delivered,34796.6
ORD008395,CUST01676,STR035,2025-03-08,Shipped,70566.0
ORD008396,CUST00472,STR001,2025-06-08,Delivered,256921.55
ORD008397,CUST01801,STR012,2025-03-25,Shipped,26287.55
ORD008398,CUST00199,STR038,2025-03-03,Delivered,67427.1
ORD008399,CUST00850,STR009,2025-05-26,Shipped,80541.8
ORD008400,CUST00060,STR015,2025-06-16,Delivered,154396.8
ORD008401,CUST00783,STR049,2025-02-18,Delivered,99542.55
ORD008402,CUST00281,STR036,2025-01-04,Delivered,47747.7
ORD008403,CUST00609,STR009,2025-05-21,Delivered,56947.8
ORD008404,CUST00545,STR032,2025-04-27,Delivered,234326.9
ORD008405,CUST00205,STR026,2025-04-21,Shipped,98649.9
ORD008406,CUST01271,STR001,2025-02-17,Delivered,86238.0
ORD008407,CUST01999,STR042,2025-05-21,Delivered,152422.55
ORD008408,CUST01144,STR008,2025-04-22,Delivered,168293.8
ORD008409,CUST01987,STR029,2025-01-01,Cancelled,17977.6
ORD008410,CUST00267,STR043,2025-01-01,Delivered,59972.1
ORD008411,CUST01525,STR035,2025-04-09,Delivered,73883.75
ORD008412,CUST00961,STR014,2025-01-15,Delivered,81089.8
ORD008413,CUST01935,STR019,2025-06-09,Delivered,120763.6
ORD008414,CUST01786,STR038,2025-04-29,Delivered,209977.7
ORD008415,CUST01385,STR048,2025-01-27,Processing,51576.1
ORD008416,CUST00988,STR010,2025-06-03,Delivered,98691.6
ORD008417,CUST00492,STR006,2025-04-19,Delivered,216618.0
ORD008418,CUST01509,STR035,2025-03-16,Delivered,86798.0
ORD008419,CUST00221,STR002,2025-01-30,Delivered,64984.4
ORD008420,CUST01746,STR004,2025-06-21,Delivered,241350.8
ORD008421,CUST00339,STR010,2025-04-28,Delivered,102512.15
ORD008422,CUST01767,STR036,2025-03-15,Processing,137077.55
ORD008423,CUST00298,STR043,2025-03-13,Delivered,140086.25
ORD008424,CUST01433,STR046,2025-01-24,Delivered,108847.2
ORD008425,CUST01012,STR027,2025-03-05,Pending,87088.9
ORD008426,CUST00060,STR008,2025-05-05,Delivered,37033.3
ORD008427,CUST01984,STR046,2025-01-07,Shipped,76087.2
ORD008428,CUST00614,STR037,2025-05-13,Delivered,27718.0
ORD008429,CUST01174,STR043,2025-06-03,Delivered,152697.9
ORD008430,CUST01397,STR038,2025-03-14,Delivered,87717.6
ORD008431,CUST00055,STR038,2025-03-09,Pending,139018.5
ORD008432,CUST01704,STR009,2025-02-09,Delivered,202394.95
ORD008433,CUST01649,STR002,2025-06-25,Delivered,119831.4
ORD008434,CUST00447,STR006,2025-05-04,Delivered,70502.4
ORD008435,CUST01858,STR028,2025-04-03,Delivered,100803.75
ORD008436,CUST00129,STR004,2025-06-08,Delivered,260121.25
ORD008437,CUST01216,STR009,2025-05-27,Delivered,121748.6
ORD008438,CUST01104,STR048,2025-06-22,Delivered,171835.85
ORD008439,CUST01395,STR025,2025-04-28,Processing,2470.0
ORD008440,CUST00552,STR008,2025-03-21,Shipped,42337.15
ORD008441,CUST00193,STR030,2025-01-14,Delivered,226083.9
ORD008442,CUST00653,STR014,2025-03-14,Delivered,75391.2
ORD008443,CUST00884,STR018,2025-06-07,Delivered,37909.5
ORD008444,CUST01574,STR023,2025-02-25,Delivered,172008.6
ORD008445,CUST00994,STR014,2025-05-16,Delivered,185988.1
ORD008446,CUST00372,STR015,2025-03-15,Pending,217475.4
ORD008447,CUST00962,STR009,2025-03-14,Delivered,60539.7
ORD008448,CUST01366,STR030,2025-01-21,Delivered,152644.9
ORD008449,CUST00069,STR026,2025-02-26,Delivered,45265.5
ORD008450,CUST00909,STR009,2025-02-04,Delivered,12712.8
ORD008451,CUST01071,STR044,2025-06-21,Delivered,120884.4
ORD008452,CUST00274,STR032,2025-05-13,Pending,205564.5
ORD008453,CUST01472,STR004,2025-04-22,Processing,100108.65
ORD008454,CUST00072,STR027,2025-03-20,Pending,129001.3
ORD008455,CUST00030,STR027,2025-04-30,Delivered,40308.7
ORD008456,CUST00973,STR020,2025-04-06,Shipped,34639.2
ORD008457,CUST01780,STR022,2025-06-13,Delivered,64859.6
ORD008458,CUST00105,STR007,2025-06-12,Delivered,101736.0
ORD008459,CUST00280,STR037,2025-06-19,Delivered,56031.0
ORD008460,CUST00998,STR004,2025-04-30,Delivered,80674.8
ORD008461,CUST00224,STR001,2025-06-06,Delivered,152256.8
ORD008462,CUST01479,STR024,2025-05-06,Delivered,47809.4
ORD008463,CUST00005,STR023,2025-01-01,Delivered,160250.5
ORD008464,CUST00530,STR036,2025-06-13,Delivered,65667.9
ORD008465,CUST00031,STR038,2025-04-17,Shipped,145150.05
ORD008466,CUST00218,STR015,2025-04-30,Delivered,79339.0
ORD008467,CUST00857,STR017,2025-01-21,Delivered,128287.2
ORD008468,CUST01536,STR013,2025-01-31,Shipped,30878.1
ORD008469,CUST00253,STR009,2025-04-26,Delivered,215917.05
ORD008470,CUST01800,STR015,2025-02-28,Delivered,106896.9
ORD008471,CUST00486,STR001,2025-06-27,Cancelled,213394.7
ORD008472,CUST00906,STR031,2025-02-25,Shipped,72100.7
ORD008473,CUST01965,STR025,2025-02-21,Pending,210347.2
ORD008474,CUST00894,STR047,2025-02-17,Delivered,104575.35
ORD008475,CUST00795,STR045,2025-03-01,Delivered,157788.45
ORD008476,CUST01127,STR035,2025-05-13,Shipped,90544.8
ORD008477,CUST00192,STR031,2025-01-03,Delivered,110863.6
ORD008478,CUST00855,STR014,2025-01-25,Delivered,189966.6
ORD008479,CUST01097,STR050,2025-03-30,Delivered,66377.35
ORD008480,CUST00415,STR005,2025-05-20,Returned,76537.3
ORD008481,CUST00379,STR044,2025-04-07,Delivered,110274.4
ORD008482,CUST01078,STR007,2025-05-12,Delivered,174181.65
ORD008483,CUST01231,STR046,2025-06-03,Delivered,117703.75
ORD008484,CUST01794,STR033,2025-06-15,Processing,220396.8
ORD008485,CUST01716,STR014,2025-01-26,Shipped,61206.5
ORD008486,CUST00642,STR034,2025-03-26,Delivered,181570.3
ORD008487,CUST00992,STR034,2025-06-20,Delivered,93312.55
ORD008488,CUST01490,STR031,2025-04-24,Delivered,104234.8
ORD008489,CUST00303,STR040,2025-06-12,Delivered,138856.8
ORD008490,CUST00556,STR043,2025-06-09,Delivered,125780.6
ORD008491,CUST01144,STR008,2025-06-01,Delivered,202981.45
ORD008492,CUST00974,STR027,2025-06-02,Delivered,236674.5
ORD008493,CUST01836,STR020,2025-03-11,Delivered,305257.15
ORD008494,CUST00729,STR041,2025-06-19,Delivered,112952.25
ORD008495,CUST00924,STR019,2025-06-16,Delivered,61256.1
ORD008496,CUST01790,STR010,2025-03-22,Delivered,84147.5
ORD008497,CUST01179,STR012,2025-02-28,Delivered,65363.4
ORD008498,CUST00322,STR049,2025-02-22,Delivered,234240.45
ORD008499,CUST00180,STR012,2025-03-22,Delivered,247273.8
ORD008500,CUST01587,STR008,2025-06-21,Returned,108920.95
ORD008501,CUST01882,STR032,2025-04-18,Pending,139761.25
ORD008502,CUST01214,STR048,2025-03-04,Cancelled,97301.5
ORD008503,CUST01061,STR043,2025-03-18,Delivered,85376.9
ORD008504,CUST00957,STR001,2025-04-06,Delivered,365828.4
ORD008505,CUST00008,STR029,2025-02-25,Delivered,114928.8
ORD008506,CUST00460,STR045,2025-01-05,Delivered,37286.05
ORD008507,CUST00426,STR029,2025-02-06,Delivered,61483.05
ORD008508,CUST01378,STR046,2025-01-18,Delivered,198516.4
ORD008509,CUST01498,STR028,2025-04-27,Delivered,229975.1
ORD008510,CUST01234,STR015,2025-02-22,Delivered,106739.15
ORD008511,CUST01788,STR030,2025-04-16,Processing,9892.35
ORD008512,CUST01569,STR018,2025-04-21,Delivered,89874.75
ORD008513,CUST01168,STR006,2025-06-20,Shipped,163292.35
ORD008514,CUST00256,STR043,2025-02-21,Shipped,161618.5
ORD008515,CUST01250,STR026,2025-06-23,Delivered,173723.1
ORD008516,CUST01842,STR049,2025-06-22,Delivered,173729.05
ORD008517,CUST01369,STR040,2025-05-10,Processing,226328.25
ORD008518,CUST01313,STR038,2025-02-01,Pending,67530.0
ORD008519,CUST00749,STR036,2025-05-01,Delivered,190673.55
ORD008520,CUST00065,STR037,2025-04-28,Delivered,236019.25
ORD008521,CUST00541,STR028,2025-02-12,Delivered,193679.9
ORD008522,CUST01445,STR047,2025-06-23,Shipped,19772.8
ORD008523,CUST00507,STR049,2025-03-18,Delivered,167057.1
ORD008524,CUST01640,STR028,2025-04-13,Delivered,119086.0
ORD008525,CUST00795,STR034,2025-05-25,Delivered,115792.3
ORD008526,CUST00529,STR001,2025-01-09,Pending,221964.35
ORD008527,CUST01427,STR026,2025-06-18,Delivered,314952.9
ORD008528,CUST00796,STR013,2025-01-17,Delivered,137485.45
ORD008529,CUST01431,STR010,2025-02-06,Delivered,89733.8
ORD008530,CUST00668,STR025,2025-06-03,Delivered,181913.55
ORD008531,CUST01479,STR025,2025-01-04,Delivered,150508.2
ORD008532,CUST01418,STR026,2025-06-02,Delivered,104908.5
ORD008533,CUST00264,STR010,2025-02-26,Cancelled,113715.0
ORD008534,CUST00632,STR047,2025-01-10,Delivered,94146.45
ORD008535,CUST00297,STR016,2025-03-11,Delivered,66897.3
ORD008536,CUST01812,STR019,2025-05-11,Delivered,76413.6
ORD008537,CUST00005,STR005,2025-03-04,Delivered,186953.8
ORD008538,CUST01937,STR012,2025-05-01,Processing,140048.2
ORD008539,CUST01913,STR019,2025-02-22,Processing,215427.6
ORD008540,CUST01210,STR036,2025-03-25,Delivered,19504.0
ORD008541,CUST01861,STR030,2025-02-01,Delivered,137740.2
ORD008542,CUST01683,STR034,2025-06-09,Delivered,103907.0
ORD008543,CUST00622,STR003,2025-06-11,Delivered,165403.3
ORD008544,CUST00022,STR049,2025-04-07,Delivered,58422.65
ORD008545,CUST01493,STR019,2025-03-11,Shipped,3920.2
ORD008546,CUST00636,STR020,2025-06-26,Pending,132195.9
ORD008547,CUST00445,STR039,2025-02-15,Processing,175627.75
ORD008548,CUST00101,STR018,2025-02-27,Processing,216342.3
ORD008549,CUST00217,STR050,2025-05-16,Delivered,171124.3
ORD008550,CUST01482,STR034,2025-05-11,Delivered,151301.8
ORD008551,CUST01533,STR011,2025-03-27,Delivered,227763.9
ORD008552,CUST00656,STR039,2025-01-29,Processing,329637.9
ORD008553,CUST00201,STR050,2025-01-29,Delivered,166559.55
ORD008554,CUST00401,STR044,2025-02-25,Delivered,44904.6
ORD008555,CUST01094,STR023,2025-04-18,Delivered,82309.8
ORD008556,CUST00222,STR048,2025-06-16,Cancelled,35774.1
ORD008557,CUST01542,STR043,2025-01-15,Delivered,147132.6
ORD008558,CUST01472,STR017,2025-03-14,Processing,188502.7
ORD008559,CUST01579,STR044,2025-04-20,Delivered,220612.15
ORD008560,CUST01771,STR046,2025-03-13,Pending,73519.4
ORD008561,CUST01572,STR002,2025-03-28,Delivered,59078.9
ORD008562,CUST00386,STR013,2025-05-07,Delivered,49530.8
ORD008563,CUST00231,STR018,2025-02-13,Delivered,206464.95
ORD008564,CUST01026,STR039,2025-02-10,Delivered,109678.75
ORD008565,CUST00302,STR016,2025-06-16,Delivered,247809.0
ORD008566,CUST00467,STR048,2025-01-24,Delivered,147751.5
ORD008567,CUST00608,STR003,2025-03-22,Processing,135954.5
ORD008568,CUST00562,STR029,2025-01-05,Delivered,16782.0
ORD008569,CUST00087,STR004,2025-04-14,Cancelled,82002.7
ORD008570,CUST00302,STR047,2025-02-18,Pending,82618.25
ORD008571,CUST01255,STR030,2025-02-06,Delivered,37053.0
ORD008572,CUST01586,STR002,2025-02-22,Delivered,264000.45
ORD008573,CUST01932,STR023,2025-04-23,Delivered,65992.8
ORD008574,CUST00880,STR039,2025-04-21,Delivered,73094.4
ORD008575,CUST00785,STR002,2025-05-09,Cancelled,8422.4
ORD008576,CUST01115,STR020,2025-01-12,Delivered,112980.25
ORD008577,CUST00251,STR005,2025-05-07,Delivered,10145.6
ORD008578,CUST01189,STR010,2025-03-31,Delivered,41313.3
ORD008579,CUST01938,STR023,2025-06-22,Delivered,128170.4
ORD008580,CUST01559,STR011,2025-03-08,Delivered,31538.4
ORD008581,CUST01661,STR031,2025-03-05,Delivered,179575.0
ORD008582,CUST00763,STR002,2025-02-04,Delivered,201741.85
ORD008583,CUST00628,STR005,2025-02-21,Delivered,156878.7
ORD008584,CUST01766,STR030,2025-02-10,Delivered,46661.0
ORD008585,CUST01674,STR031,2025-02-04,Pending,134048.45
ORD008586,CUST00279,STR035,2025-01-18,Delivered,74794.75
ORD008587,CUST00354,STR038,2025-01-26,Delivered,75002.7
ORD008588,CUST01001,STR018,2025-05-20,Delivered,66359.2
ORD008589,CUST01829,STR040,2025-05-15,Delivered,20265.7
ORD008590,CUST00852,STR002,2025-02-16,Delivered,106569.6
ORD008591,CUST01271,STR011,2025-03-26,Delivered,149686.2
ORD008592,CUST00540,STR037,2025-01-02,Pending,51923.55
ORD008593,CUST01975,STR027,2025-04-28,Shipped,113314.4
ORD008594,CUST00862,STR050,2025-02-03,Delivered,22671.0
ORD008595,CUST00528,STR015,2025-03-11,Delivered,53503.45
ORD008596,CUST00600,STR034,2025-04-21,Delivered,104555.9
ORD008597,CUST00252,STR038,2025-06-09,Delivered,199866.2
ORD008598,CUST01125,STR016,2025-01-10,Delivered,102965.65
ORD008599,CUST00609,STR046,2025-02-06,Delivered,169239.1
ORD008600,CUST01959,STR035,2025-01-04,Cancelled,82946.4
ORD008601,CUST00252,STR046,2025-04-14,Delivered,62607.6
ORD008602,CUST01500,STR028,2025-04-14,Delivered,70232.0
ORD008603,CUST01981,STR001,2025-01-01,Shipped,192896.8
ORD008604,CUST00397,STR044,2025-03-16,Shipped,120301.15
ORD008605,CUST01667,STR026,2025-01-13,Delivered,190185.0
ORD008606,CUST01162,STR038,2025-02-02,Delivered,52468.8
ORD008607,CUST00831,STR024,2025-01-14,Shipped,24982.0
ORD008608,CUST00891,STR017,2025-03-04,Delivered,81648.7
ORD008609,CUST00548,STR008,2025-02-16,Delivered,99545.3
ORD008610,CUST00166,STR008,2025-06-10,Delivered,31576.0
ORD008611,CUST00740,STR037,2025-03-13,Delivered,172120.75
ORD008612,CUST00893,STR044,2025-04-23,Delivered,219558.2
ORD008613,CUST00133,STR039,2025-05-09,Delivered,82511.2
ORD008614,CUST00292,STR035,2025-06-04,Delivered,240285.1
ORD008615,CUST00723,STR044,2025-01-01,Pending,64572.0
ORD008616,CUST00542,STR021,2025-03-11,Delivered,27489.0
ORD008617,CUST01183,STR027,2025-06-21,Shipped,63985.6
ORD008618,CUST00944,STR045,2025-05-09,Delivered,205464.2
ORD008619,CUST01892,STR010,2025-06-20,Delivered,126988.75
ORD008620,CUST00059,STR025,2025-06-26,Delivered,210330.7
ORD008621,CUST00304,STR043,2025-01-07,Delivered,8488.95
ORD008622,CUST01229,STR035,2025-02-02,Shipped,93886.3
ORD008623,CUST00415,STR021,2025-01-30,Shipped,55348.1
ORD008624,CUST01165,STR022,2025-05-31,Delivered,35603.95
ORD008625,CUST00672,STR015,2025-01-24,Pending,176552.2
ORD008626,CUST01381,STR029,2025-03-10,Delivered,34324.2
ORD008627,CUST01564,STR016,2025-01-25,Delivered,146168.0
ORD008628,CUST00607,STR043,2025-06-15,Delivered,12976.95
ORD008629,CUST00954,STR031,2025-01-27,Delivered,78422.4
ORD008630,CUST00214,STR014,2025-06-24,Delivered,297538.4
ORD008631,CUST01682,STR048,2025-06-16,Pending,77535.3
ORD008632,CUST00849,STR049,2025-02-05,Processing,65345.85
ORD008633,CUST00777,STR038,2025-05-20,Delivered,108953.55
ORD008634,CUST01609,STR042,2025-06-01,Processing,12801.6
ORD008635,CUST00117,STR024,2025-06-11,Delivered,42855.8
ORD008636,CUST00234,STR017,2025-01-13,Processing,40261.1
ORD008637,CUST00388,STR020,2025-02-11,Delivered,182339.05
ORD008638,CUST01125,STR024,2025-04-12,Delivered,158822.6
ORD008639,CUST01813,STR039,2025-02-02,Delivered,55570.35
ORD008640,CUST01358,STR034,2025-04-13,Delivered,167664.6
ORD008641,CUST01285,STR009,2025-05-26,Delivered,43717.6
ORD008642,CUST00835,STR043,2025-05-07,Delivered,168824.65
ORD008643,CUST01701,STR038,2025-02-22,Delivered,86045.95
ORD008644,CUST00164,STR023,2025-04-30,Delivered,57980.2
ORD008645,CUST00833,STR031,2025-03-13,Delivered,198674.6
ORD008646,CUST01192,STR045,2025-05-28,Delivered,60167.8
ORD008647,CUST00808,STR022,2025-06-28,Delivered,153861.9
ORD008648,CUST01639,STR010,2025-04-14,Delivered,192740.2
ORD008649,CUST01395,STR022,2025-05-19,Returned,15689.25
ORD008650,CUST00698,STR022,2025-03-05,Delivered,27488.8
ORD008651,CUST00894,STR010,2025-02-27,Delivered,96205.25
ORD008652,CUST00355,STR015,2025-05-09,Delivered,200698.2
ORD008653,CUST00680,STR008,2025-01-14,Delivered,85378.0
ORD008654,CUST00299,STR024,2025-04-06,Shipped,187722.3
ORD008655,CUST00310,STR019,2025-06-18,Shipped,151331.4
ORD008656,CUST01426,STR021,2025-05-09,Pending,36174.3
ORD008657,CUST01851,STR031,2025-02-28,Delivered,141107.3
ORD008658,CUST01602,STR007,2025-05-20,Delivered,288375.7
ORD008659,CUST01509,STR034,2025-04-10,Delivered,114856.8
ORD008660,CUST01123,STR001,2025-03-18,Delivered,57130.2
ORD008661,CUST01822,STR011,2025-02-08,Delivered,357454.2
ORD008662,CUST00238,STR010,2025-05-15,Shipped,244625.85
ORD008663,CUST01475,STR032,2025-05-03,Delivered,120616.2
ORD008664,CUST01464,STR015,2025-05-01,Shipped,221367.75
ORD008665,CUST01050,STR010,2025-06-25,Delivered,137167.0
ORD008666,CUST00942,STR006,2025-05-01,Processing,42154.6
ORD008667,CUST00666,STR009,2025-01-02,Delivered,108628.8
ORD008668,CUST00798,STR024,2025-05-19,Delivered,6893.2
ORD008669,CUST00535,STR017,2025-06-06,Delivered,104468.7
ORD008670,CUST00797,STR023,2025-02-27,Delivered,419140.35
ORD008671,CUST00420,STR010,2025-06-11,Delivered,38795.15
ORD008672,CUST00448,STR021,2025-02-25,Processing,165704.1
ORD008673,CUST01169,STR021,2025-06-15,Delivered,84246.6
ORD008674,CUST01024,STR035,2025-03-19,Delivered,246294.5
ORD008675,CUST00227,STR045,2025-01-04,Delivered,62850.1
ORD008676,CUST01379,STR010,2025-03-03,Shipped,71050.05
ORD008677,CUST00302,STR028,2025-01-06,Returned,68624.0
ORD008678,CUST01476,STR030,2025-01-07,Delivered,111049.05
ORD008679,CUST01422,STR002,2025-05-02,Delivered,144046.8
ORD008680,CUST01302,STR048,2025-03-25,Processing,33906.4
ORD008681,CUST01015,STR003,2025-01-09,Delivered,29741.5
ORD008682,CUST01275,STR035,2025-05-26,Returned,12938.7
ORD008683,CUST00193,STR048,2025-04-06,Delivered,140291.3
ORD008684,CUST01514,STR022,2025-05-28,Delivered,121736.6
ORD008685,CUST00933,STR022,2025-05-19,Processing,10805.4
ORD008686,CUST00870,STR031,2025-06-28,Delivered,144589.9
ORD008687,CUST01792,STR030,2025-02-24,Delivered,54877.6
ORD008688,CUST01474,STR017,2025-06-26,Delivered,164869.2
ORD008689,CUST00873,STR037,2025-03-01,Shipped,181639.75
ORD008690,CUST00696,STR003,2025-01-02,Cancelled,31777.6
ORD008691,CUST00816,STR047,2025-05-24,Delivered,142003.15
ORD008692,CUST00166,STR030,2025-01-21,Pending,32299.65
ORD008693,CUST00759,STR031,2025-05-19,Delivered,47389.0
ORD008694,CUST00356,STR004,2025-06-09,Delivered,12013.05
ORD008695,CUST01541,STR047,2025-03-26,Delivered,40443.0
ORD008696,CUST00924,STR008,2025-02-18,Delivered,28305.85
ORD008697,CUST00888,STR011,2025-06-13,Delivered,240310.8
ORD008698,CUST01968,STR039,2025-04-24,Delivered,164841.75
ORD008699,CUST01551,STR038,2025-06-11,Delivered,104904.3
ORD008700,CUST01843,STR004,2025-01-29,Delivered,213859.2
ORD008701,CUST00567,STR030,2025-05-27,Delivered,101471.4
ORD008702,CUST00899,STR029,2025-01-28,Delivered,82475.2
ORD008703,CUST00108,STR009,2025-05-18,Delivered,181018.0
ORD008704,CUST01524,STR038,2025-02-04,Delivered,146580.3
ORD008705,CUST01302,STR009,2025-04-28,Delivered,204890.4
ORD008706,CUST01575,STR028,2025-01-19,Shipped,102621.35
ORD008707,CUST00407,STR021,2025-05-16,Delivered,88845.0
ORD008708,CUST00448,STR023,2025-06-20,Delivered,201491.9
ORD008709,CUST01386,STR033,2025-06-08,Delivered,7694.1
ORD008710,CUST01211,STR039,2025-05-01,Delivered,257308.8
ORD008711,CUST00165,STR024,2025-06-14,Delivered,266189.4
ORD008712,CUST00789,STR002,2025-01-13,Delivered,45796.85
ORD008713,CUST01414,STR006,2025-01-08,Delivered,270937.75
ORD008714,CUST01362,STR043,2025-05-11,Delivered,136222.1
ORD008715,CUST00210,STR012,2025-02-16,Delivered,89140.4
ORD008716,CUST01966,STR015,2025-06-03,Shipped,61986.35
ORD008717,CUST01438,STR024,2025-06-28,Delivered,182009.4
ORD008718,CUST01590,STR006,2025-02-24,Delivered,16200.0
ORD008719,CUST01588,STR046,2025-01-18,Cancelled,11865.0
ORD008720,CUST00992,STR024,2025-04-11,Delivered,39506.8
ORD008721,CUST01055,STR013,2025-02-19,Delivered,43764.75
ORD008722,CUST01995,STR041,2025-05-09,Delivered,67251.0
ORD008723,CUST00969,STR005,2025-01-25,Delivered,114093.8
ORD008724,CUST01439,STR042,2025-01-16,Cancelled,230730.8
ORD008725,CUST00155,STR050,2025-03-19,Shipped,140257.2
ORD008726,CUST01531,STR001,2025-02-27,Delivered,162936.2
ORD008727,CUST01580,STR039,2025-01-29,Delivered,88650.95
ORD008728,CUST00180,STR020,2025-04-05,Shipped,117580.4
ORD008729,CUST01414,STR015,2025-01-18,Delivered,4487.8
ORD008730,CUST00764,STR020,2025-02-05,Delivered,161714.5
ORD008731,CUST01618,STR039,2025-05-21,Delivered,68843.2
ORD008732,CUST00778,STR031,2025-03-13,Delivered,268356.15
ORD008733,CUST01832,STR027,2025-06-20,Delivered,55281.0
ORD008734,CUST00976,STR012,2025-03-06,Delivered,29017.8
ORD008735,CUST01755,STR038,2025-04-05,Delivered,88704.1
ORD008736,CUST01782,STR031,2025-01-05,Delivered,283009.8
ORD008737,CUST01710,STR010,2025-01-04,Delivered,185294.7
ORD008738,CUST00047,STR036,2025-06-12,Shipped,67669.95
ORD008739,CUST00580,STR026,2025-03-13,Delivered,43543.0
ORD008740,CUST01194,STR030,2025-06-21,Processing,136444.4
ORD008741,CUST00961,STR035,2025-01-01,Delivered,42343.2
ORD008742,CUST00167,STR039,2025-06-29,Processing,84462.2
ORD008743,CUST00171,STR023,2025-01-21,Delivered,85876.2
ORD008744,CUST00714,STR022,2025-01-31,Processing,27934.0
ORD008745,CUST01399,STR016,2025-03-28,Delivered,47422.4
ORD008746,CUST01126,STR043,2025-05-14,Delivered,89679.4
ORD008747,CUST01522,STR046,2025-01-26,Cancelled,27952.0
ORD008748,CUST00685,STR032,2025-01-12,Processing,35037.0
ORD008749,CUST01121,STR044,2025-02-21,Delivered,108288.0
ORD008750,CUST01122,STR033,2025-06-30,Delivered,92920.0
ORD008751,CUST01512,STR030,2025-04-10,Cancelled,143905.8
ORD008752,CUST01627,STR038,2025-01-28,Delivered,135515.2
ORD008753,CUST01317,STR023,2025-02-17,Delivered,175450.5
ORD008754,CUST01054,STR013,2025-02-12,Delivered,195019.7
ORD008755,CUST01884,STR031,2025-05-24,Cancelled,89020.6
ORD008756,CUST00984,STR013,2025-04-25,Delivered,20558.4
ORD008757,CUST00754,STR003,2025-03-11,Delivered,116453.4
ORD008758,CUST00158,STR006,2025-02-09,Shipped,124344.9
ORD008759,CUST00815,STR038,2025-05-03,Pending,65241.85
ORD008760,CUST00871,STR026,2025-06-29,Delivered,92176.0
ORD008761,CUST00088,STR008,2025-06-14,Delivered,59378.4
ORD008762,CUST01806,STR047,2025-04-26,Delivered,121799.4
ORD008763,CUST00331,STR044,2025-03-26,Delivered,29510.3
ORD008764,CUST01029,STR032,2025-04-09,Delivered,245952.0
ORD008765,CUST01780,STR032,2025-02-11,Shipped,78863.8
ORD008766,CUST01823,STR026,2025-01-10,Delivered,64740.95
ORD008767,CUST00918,STR044,2025-02-24,Delivered,64887.8
ORD008768,CUST01896,STR024,2025-02-01,Processing,55093.65
ORD008769,CUST01175,STR005,2025-02-16,Delivered,311908.2
ORD008770,CUST00447,STR010,2025-05-21,Cancelled,13732.6
ORD008771,CUST01912,STR024,2025-01-18,Delivered,101134.15
ORD008772,CUST01055,STR050,2025-02-01,Delivered,59946.4
ORD008773,CUST01427,STR043,2025-04-05,Delivered,94129.35
ORD008774,CUST01648,STR011,2025-04-26,Shipped,105376.85
ORD008775,CUST00938,STR010,2025-01-11,Pending,26536.9
ORD008776,CUST01103,STR018,2025-01-20,Delivered,5521.4
ORD008777,CUST01841,STR031,2025-02-06,Shipped,75317.65
ORD008778,CUST00183,STR010,2025-02-06,Delivered,43445.7
ORD008779,CUST01943,STR042,2025-02-19,Delivered,183599.45
ORD008780,CUST01299,STR002,2025-06-23,Delivered,159553.25
ORD008781,CUST00808,STR018,2025-03-14,Delivered,63617.2
ORD008782,CUST00857,STR046,2025-03-09,Delivered,141043.25
ORD008783,CUST01842,STR020,2025-01-03,Delivered,201587.4
ORD008784,CUST00076,STR009,2025-05-07,Delivered,53397.65
ORD008785,CUST01537,STR021,2025-06-06,Delivered,228129.2
ORD008786,CUST00986,STR024,2025-06-13,Delivered,185202.6
ORD008787,CUST00954,STR034,2025-05-15,Delivered,85546.2
ORD008788,CUST01634,STR048,2025-02-16,Processing,39543.85
ORD008789,CUST00903,STR042,2025-01-29,Returned,209104.5
ORD008790,CUST00162,STR045,2025-06-05,Delivered,77331.45
ORD008791,CUST01791,STR034,2025-05-17,Delivered,55684.3
ORD008792,CUST00399,STR042,2025-04-15,Processing,30396.2
ORD008793,CUST01357,STR013,2025-02-16,Processing,143866.3
ORD008794,CUST01991,STR013,2025-03-09,Delivered,103918.8
ORD008795,CUST01608,STR027,2025-02-02,Delivered,171151.8
ORD008796,CUST00229,STR031,2025-06-17,Pending,222009.7
ORD008797,CUST00805,STR019,2025-06-27,Pending,181127.85
ORD008798,CUST00393,STR013,2025-03-17,Delivered,145265.4
ORD008799,CUST01121,STR019,2025-03-07,Processing,31632.4
ORD008800,CUST01039,STR005,2025-05-01,Delivered,214336.7
ORD008801,CUST01180,STR007,2025-03-08,Delivered,473894.25
ORD008802,CUST01087,STR032,2025-06-14,Delivered,171804.0
ORD008803,CUST01632,STR021,2025-06-15,Delivered,176965.2
ORD008804,CUST01695,STR032,2025-05-21,Delivered,125623.2
ORD008805,CUST01826,STR021,2025-06-15,Processing,235359.55
ORD008806,CUST00291,STR030,2025-03-30,Delivered,103070.2
ORD008807,CUST01348,STR027,2025-02-27,Delivered,34427.7
ORD008808,CUST01307,STR011,2025-04-29,Shipped,79995.05
ORD008809,CUST00755,STR044,2025-02-14,Delivered,21856.0
ORD008810,CUST01579,STR050,2025-05-11,Delivered,69806.0
ORD008811,CUST01859,STR045,2025-06-04,Cancelled,92815.2
ORD008812,CUST00529,STR018,2025-03-07,Pending,54925.2
ORD008813,CUST00619,STR040,2025-06-08,Shipped,40934.3
ORD008814,CUST00626,STR011,2025-05-27,Delivered,216945.9
ORD008815,CUST01790,STR041,2025-06-02,Delivered,40149.0
ORD008816,CUST00244,STR019,2025-02-16,Shipped,31498.0
ORD008817,CUST00546,STR039,2025-06-26,Delivered,153092.85
ORD008818,CUST01324,STR012,2025-06-05,Delivered,75997.9
ORD008819,CUST01341,STR004,2025-04-10,Delivered,23775.45
ORD008820,CUST00082,STR009,2025-01-31,Delivered,163055.85
ORD008821,CUST00201,STR040,2025-06-28,Delivered,121613.3
ORD008822,CUST00529,STR023,2025-01-15,Cancelled,21604.6
ORD008823,CUST01116,STR016,2025-05-28,Shipped,198209.8
ORD008824,CUST01423,STR005,2025-04-14,Delivered,139515.6
ORD008825,CUST00875,STR049,2025-01-20,Delivered,169372.5
ORD008826,CUST00418,STR045,2025-04-18,Cancelled,83688.0
ORD008827,CUST01498,STR035,2025-05-21,Delivered,84759.85
ORD008828,CUST01236,STR005,2025-02-08,Cancelled,86500.4
ORD008829,CUST01592,STR044,2025-04-07,Delivered,72648.9
ORD008830,CUST01994,STR044,2025-01-10,Processing,7309.6
ORD008831,CUST01392,STR043,2025-04-19,Pending,42222.9
ORD008832,CUST01958,STR010,2025-06-04,Delivered,204491.1
ORD008833,CUST00776,STR036,2025-06-10,Delivered,122102.55
ORD008834,CUST00178,STR022,2025-03-12,Delivered,59405.8
ORD008835,CUST01040,STR012,2025-02-26,Delivered,183190.2
ORD008836,CUST00503,STR003,2025-02-13,Delivered,52815.2
ORD008837,CUST00952,STR008,2025-05-23,Processing,142987.6
ORD008838,CUST01744,STR012,2025-06-07,Delivered,56708.75
ORD008839,CUST01642,STR015,2025-02-11,Delivered,142415.6
ORD008840,CUST01263,STR015,2025-06-21,Delivered,96900.0
ORD008841,CUST01142,STR001,2025-03-02,Delivered,149151.7
ORD008842,CUST01194,STR010,2025-02-10,Pending,45966.3
ORD008843,CUST00354,STR016,2025-03-14,Processing,52577.7
ORD008844,CUST00200,STR041,2025-06-20,Delivered,65029.1
ORD008845,CUST01555,STR004,2025-04-16,Delivered,188671.4
ORD008846,CUST01795,STR007,2025-03-06,Pending,51258.1
ORD008847,CUST01211,STR050,2025-02-26,Shipped,208203.2
ORD008848,CUST00164,STR048,2025-03-06,Delivered,12750.0
ORD008849,CUST00936,STR049,2025-01-25,Delivered,81679.5
ORD008850,CUST01862,STR034,2025-06-19,Delivered,282420.6
ORD008851,CUST00063,STR050,2025-03-28,Cancelled,92431.2
ORD008852,CUST01419,STR035,2025-01-27,Delivered,233236.05
ORD008853,CUST01897,STR004,2025-06-12,Delivered,322118.6
ORD008854,CUST00283,STR039,2025-03-01,Delivered,58968.0
ORD008855,CUST01000,STR017,2025-05-31,Shipped,132714.7
ORD008856,CUST00828,STR028,2025-05-11,Cancelled,144684.9
ORD008857,CUST01725,STR010,2025-05-10,Delivered,205782.85
ORD008858,CUST01275,STR033,2025-05-22,Shipped,186027.2
ORD008859,CUST00133,STR020,2025-02-22,Delivered,70452.8
ORD008860,CUST00504,STR006,2025-05-22,Processing,218407.25
ORD008861,CUST01195,STR036,2025-04-23,Delivered,131211.2
ORD008862,CUST01310,STR017,2025-06-14,Pending,2009.25
ORD008863,CUST01433,STR026,2025-04-20,Processing,22526.7
ORD008864,CUST00930,STR018,2025-03-06,Delivered,196361.05
ORD008865,CUST00908,STR049,2025-05-25,Delivered,105396.0
ORD008866,CUST01149,STR007,2025-02-02,Shipped,198793.25
ORD008867,CUST00001,STR036,2025-03-21,Shipped,115693.5
ORD008868,CUST00873,STR007,2025-01-07,Delivered,145940.2
ORD008869,CUST00653,STR039,2025-01-08,Delivered,121843.2
ORD008870,CUST00924,STR050,2025-05-05,Delivered,74784.9
ORD008871,CUST00621,STR021,2025-03-24,Delivered,11923.2
ORD008872,CUST01451,STR021,2025-04-03,Pending,111085.7
ORD008873,CUST00280,STR001,2025-05-17,Processing,115820.2
ORD008874,CUST01048,STR005,2025-03-16,Delivered,118416.6
ORD008875,CUST01234,STR015,2025-03-16,Processing,19172.6
ORD008876,CUST00397,STR004,2025-03-22,Delivered,93297.1
ORD008877,CUST01262,STR017,2025-05-04,Delivered,135751.1
ORD008878,CUST01453,STR008,2025-06-16,Pending,201188.9
ORD008879,CUST01836,STR014,2025-04-12,Delivered,108983.9
ORD008880,CUST01152,STR038,2025-03-30,Delivered,30050.4
ORD008881,CUST01630,STR020,2025-01-22,Pending,143546.35
ORD008882,CUST00088,STR038,2025-04-07,Processing,114230.0
ORD008883,CUST01194,STR035,2025-03-06,Delivered,295836.4
ORD008884,CUST01976,STR023,2025-04-28,Delivered,16797.0
ORD008885,CUST00214,STR032,2025-03-14,Delivered,115540.5
ORD008886,CUST01456,STR023,2025-02-08,Delivered,103893.8
ORD008887,CUST00291,STR037,2025-01-07,Delivered,129819.2
ORD008888,CUST01895,STR035,2025-06-18,Delivered,52935.7
ORD008889,CUST00909,STR017,2025-06-10,Returned,92707.2
ORD008890,CUST00066,STR049,2025-04-04,Delivered,60957.1
ORD008891,CUST01150,STR034,2025-03-25,Delivered,96129.5
ORD008892,CUST01559,STR049,2025-06-16,Delivered,39369.6
ORD008893,CUST00048,STR036,2025-04-07,Delivered,143967.6
ORD008894,CUST00101,STR011,2025-04-01,Cancelled,112646.0
ORD008895,CUST01682,STR017,2025-05-04,Delivered,249707.4
ORD008896,CUST00019,STR050,2025-04-30,Delivered,94878.7
ORD008897,CUST00483,STR003,2025-02-21,Returned,40167.0
ORD008898,CUST00286,STR016,2025-04-08,Delivered,155481.6
ORD008899,CUST01854,STR039,2025-01-03,Delivered,145728.65
ORD008900,CUST01833,STR002,2025-04-18,Delivered,24831.1
ORD008901,CUST01343,STR037,2025-04-03,Delivered,246124.7
ORD008902,CUST01117,STR001,2025-01-01,Processing,191017.05
ORD008903,CUST01486,STR030,2025-02-14,Delivered,183649.4
ORD008904,CUST01503,STR045,2025-05-03,Delivered,12664.45
ORD008905,CUST01447,STR018,2025-05-14,Delivered,27202.0
ORD008906,CUST01559,STR036,2025-01-28,Delivered,192791.6
ORD008907,CUST00084,STR032,2025-04-22,Delivered,22163.5
ORD008908,CUST00302,STR041,2025-05-25,Delivered,15413.75
ORD008909,CUST01490,STR032,2025-01-29,Delivered,206844.55
ORD008910,CUST01515,STR047,2025-06-17,Pending,146282.3
ORD008911,CUST00270,STR008,2025-04-06,Delivered,55353.45
ORD008912,CUST01318,STR033,2025-05-29,Returned,79650.5
ORD008913,CUST00743,STR008,2025-02-20,Delivered,127545.3
ORD008914,CUST01800,STR035,2025-01-19,Delivered,223002.0
ORD008915,CUST00573,STR024,2025-04-07,Delivered,214085.0
ORD008916,CUST00025,STR027,2025-06-19,Shipped,155533.0
ORD008917,CUST00532,STR030,2025-04-13,Delivered,13735.2
ORD008918,CUST00251,STR001,2025-06-03,Delivered,88806.6
ORD008919,CUST01652,STR029,2025-05-17,Delivered,90504.6
ORD008920,CUST00485,STR040,2025-04-22,Delivered,137955.9
ORD008921,CUST01056,STR010,2025-01-18,Delivered,192363.9
ORD008922,CUST00150,STR013,2025-05-07,Shipped,21364.8
ORD008923,CUST01282,STR009,2025-05-14,Delivered,227570.4
ORD008924,CUST00190,STR005,2025-03-25,Pending,103056.3
ORD008925,CUST01572,STR014,2025-06-21,Delivered,63065.95
ORD008926,CUST00459,STR034,2025-02-27,Delivered,232885.45
ORD008927,CUST00138,STR028,2025-01-29,Delivered,107069.4
ORD008928,CUST00420,STR018,2025-04-01,Delivered,128959.2
ORD008929,CUST00029,STR023,2025-04-13,Delivered,115233.9
ORD008930,CUST00999,STR028,2025-05-20,Delivered,105002.55
ORD008931,CUST00135,STR040,2025-04-19,Delivered,153344.45
ORD008932,CUST00080,STR044,2025-06-23,Cancelled,173494.95
ORD008933,CUST00802,STR004,2025-05-03,Delivered,25676.8
ORD008934,CUST00947,STR004,2025-05-17,Delivered,196263.05
ORD008935,CUST00497,STR029,2025-01-09,Delivered,254472.4
ORD008936,CUST01954,STR022,2025-01-24,Delivered,90806.7
ORD008937,CUST00572,STR015,2025-03-12,Delivered,95034.6
ORD008938,CUST01121,STR017,2025-03-09,Delivered,126729.0
ORD008939,CUST01359,STR038,2025-01-01,Delivered,135640.05
ORD008940,CUST00397,STR049,2025-05-18,Delivered,76747.2
ORD008941,CUST01261,STR006,2025-06-05,Processing,61300.8
ORD008942,CUST01845,STR046,2025-06-28,Delivered,119194.2
ORD008943,CUST00130,STR031,2025-02-03,Returned,57530.4
ORD008944,CUST00144,STR039,2025-01-18,Delivered,180049.8
ORD008945,CUST01386,STR018,2025-04-10,Delivered,258732.75
ORD008946,CUST01684,STR020,2025-04-11,Delivered,12420.2
ORD008947,CUST01120,STR044,2025-05-12,Delivered,84257.1
ORD008948,CUST01742,STR004,2025-01-11,Delivered,111980.45
ORD008949,CUST01956,STR021,2025-04-28,Delivered,63273.8
ORD008950,CUST00160,STR022,2025-05-17,Shipped,79121.15
ORD008951,CUST00891,STR005,2025-05-28,Delivered,249306.0
ORD008952,CUST00336,STR046,2025-03-18,Cancelled,53405.2
ORD008953,CUST00902,STR042,2025-03-04,Cancelled,198855.1
ORD008954,CUST01435,STR015,2025-04-24,Delivered,50709.1
ORD008955,CUST01732,STR013,2025-06-18,Delivered,78512.4
ORD008956,CUST01312,STR002,2025-04-26,Delivered,9258.4
ORD008957,CUST01992,STR019,2025-02-17,Delivered,54665.9
ORD008958,CUST01942,STR009,2025-06-29,Pending,99405.9
ORD008959,CUST00960,STR018,2025-06-07,Delivered,256981.8
ORD008960,CUST01587,STR040,2025-06-21,Delivered,45917.3
ORD008961,CUST00561,STR008,2025-01-18,Delivered,43122.2
ORD008962,CUST01644,STR016,2025-03-14,Delivered,268527.15
ORD008963,CUST00300,STR027,2025-05-09,Delivered,196545.95
ORD008964,CUST01849,STR049,2025-01-06,Delivered,112833.6
ORD008965,CUST00667,STR049,2025-05-24,Shipped,63007.3
ORD008966,CUST00222,STR042,2025-06-16,Delivered,176227.4
ORD008967,CUST00775,STR001,2025-03-04,Delivered,200079.0
ORD008968,CUST00493,STR028,2025-03-05,Delivered,195674.15
ORD008969,CUST01978,STR030,2025-02-23,Delivered,14885.55
ORD008970,CUST00191,STR017,2025-02-25,Delivered,84413.5
ORD008971,CUST01514,STR015,2025-03-27,Cancelled,162628.55
ORD008972,CUST01368,STR018,2025-05-03,Delivered,29095.5
ORD008973,CUST00168,STR022,2025-05-22,Processing,250156.6
ORD008974,CUST00961,STR027,2025-02-08,Delivered,121556.7
ORD008975,CUST01695,STR049,2025-05-08,Delivered,18585.6
ORD008976,CUST00608,STR039,2025-06-06,Delivered,100727.9
ORD008977,CUST00038,STR003,2025-06-16,Delivered,196012.5
ORD008978,CUST00795,STR048,2025-04-14,Pending,115882.7
ORD008979,CUST01781,STR041,2025-05-02,Delivered,322002.2
ORD008980,CUST00676,STR028,2025-05-24,Delivered,113427.45
ORD008981,CUST01454,STR034,2025-06-08,Delivered,102161.2
ORD008982,CUST00846,STR026,2025-04-05,Delivered,36835.3
ORD008983,CUST00148,STR033,2025-02-05,Delivered,63741.6
ORD008984,CUST00726,STR003,2025-06-11,Pending,56532.8
ORD008985,CUST00511,STR029,2025-05-17,Pending,144403.45
ORD008986,CUST00544,STR044,2025-04-19,Delivered,295531.3
ORD008987,CUST01746,STR022,2025-03-09,Delivered,28384.05
ORD008988,CUST01201,STR033,2025-03-20,Delivered,165401.35
ORD008989,CUST01763,STR038,2025-05-05,Shipped,45081.45
ORD008990,CUST01676,STR003,2025-05-11,Delivered,212793.5
ORD008991,CUST00275,STR022,2025-04-29,Delivered,128050.3
ORD008992,CUST01742,STR033,2025-01-31,Delivered,138462.3
ORD008993,CUST01980,STR008,2025-02-16,Pending,63518.4
ORD008994,CUST01718,STR040,2025-05-27,Pending,102354.6
ORD008995,CUST01246,STR038,2025-04-29,Delivered,218528.8
ORD008996,CUST00120,STR005,2025-03-08,Delivered,188455.5
ORD008997,CUST01275,STR039,2025-06-26,Delivered,152066.1
ORD008998,CUST01981,STR016,2025-01-14,Delivered,197892.65
ORD008999,CUST01551,STR008,2025-01-25,Delivered,120352.35
ORD009000,CUST01248,STR006,2025-03-02,Cancelled,90426.0
ORD009001,CUST01201,STR002,2025-03-31,Pending,92576.9
ORD009002,CUST00491,STR014,2025-03-25,Delivered,85522.2
ORD009003,CUST00771,STR011,2025-04-06,Processing,231102.4
ORD009004,CUST01433,STR048,2025-05-10,Shipped,120580.7
ORD009005,CUST00574,STR024,2025-02-08,Delivered,76474.1
ORD009006,CUST00954,STR004,2025-01-19,Delivered,167911.05
ORD009007,CUST01838,STR047,2025-01-01,Delivered,142824.25
ORD009008,CUST01008,STR029,2025-03-21,Shipped,169425.8
ORD009009,CUST01920,STR009,2025-01-22,Delivered,166799.8
ORD009010,CUST01470,STR033,2025-05-18,Returned,127119.0
ORD009011,CUST00838,STR041,2025-02-13,Delivered,152652.25
ORD009012,CUST00700,STR033,2025-05-05,Delivered,11637.6
ORD009013,CUST01437,STR018,2025-06-20,Delivered,50126.3
ORD009014,CUST01146,STR018,2025-06-10,Delivered,104170.2
ORD009015,CUST00891,STR030,2025-03-16,Delivered,207277.7
ORD009016,CUST01750,STR027,2025-03-08,Delivered,157279.65
ORD009017,CUST00080,STR018,2025-01-10,Shipped,205313.65
ORD009018,CUST00371,STR015,2025-05-17,Shipped,147289.05
ORD009019,CUST01645,STR041,2025-04-05,Delivered,596.7
ORD009020,CUST01728,STR026,2025-06-20,Delivered,159979.4
ORD009021,CUST00997,STR004,2025-03-17,Delivered,85935.3
ORD009022,CUST00915,STR035,2025-03-19,Pending,83659.7
ORD009023,CUST01109,STR050,2025-06-12,Shipped,169814.6
ORD009024,CUST00010,STR014,2025-04-08,Delivered,134609.1
ORD009025,CUST01924,STR020,2025-02-25,Delivered,89505.6
ORD009026,CUST01571,STR045,2025-03-19,Delivered,137599.3
ORD009027,CUST00761,STR013,2025-05-23,Delivered,4772.0
ORD009028,CUST01566,STR032,2025-03-03,Returned,111140.0
ORD009029,CUST01453,STR029,2025-04-09,Shipped,15272.1
ORD009030,CUST00420,STR049,2025-02-17,Delivered,1850.0
ORD009031,CUST01401,STR006,2025-05-12,Shipped,98582.8
ORD009032,CUST01353,STR019,2025-01-11,Delivered,145618.75
ORD009033,CUST00625,STR017,2025-03-07,Delivered,94346.0
ORD009034,CUST00754,STR024,2025-04-03,Delivered,115380.35
ORD009035,CUST00273,STR006,2025-03-04,Delivered,199792.2
ORD009036,CUST00674,STR035,2025-06-18,Delivered,292.4
ORD009037,CUST00669,STR008,2025-05-31,Pending,159255.6
ORD009038,CUST01270,STR046,2025-01-07,Delivered,83590.0
ORD009039,CUST01331,STR018,2025-04-02,Shipped,50707.05
ORD009040,CUST00608,STR017,2025-03-29,Processing,194204.15
ORD009041,CUST00648,STR004,2025-01-30,Delivered,136933.4
ORD009042,CUST00604,STR044,2025-06-12,Delivered,90475.4
ORD009043,CUST00027,STR023,2025-04-29,Delivered,53882.1
ORD009044,CUST01789,STR045,2025-01-19,Delivered,4232.0
ORD009045,CUST00672,STR046,2025-06-11,Delivered,52396.8
ORD009046,CUST00874,STR003,2025-06-30,Delivered,63454.35
ORD009047,CUST01102,STR003,2025-05-20,Shipped,72196.2
ORD009048,CUST00014,STR028,2025-05-18,Delivered,49085.5
ORD009049,CUST01439,STR037,2025-06-09,Pending,47422.8
ORD009050,CUST01737,STR016,2025-06-14,Delivered,151835.3
ORD009051,CUST01287,STR045,2025-05-15,Delivered,74853.0
ORD009052,CUST00522,STR049,2025-01-15,Cancelled,90522.9
ORD009053,CUST00582,STR035,2025-04-24,Delivered,252048.35
ORD009054,CUST00851,STR028,2025-05-25,Delivered,24884.1
ORD009055,CUST00587,STR027,2025-01-19,Delivered,98963.1
ORD009056,CUST01623,STR009,2025-03-09,Processing,58672.75
ORD009057,CUST01946,STR005,2025-02-08,Shipped,33972.0
ORD009058,CUST00232,STR024,2025-06-05,Delivered,38407.5
ORD009059,CUST00684,STR046,2025-02-15,Delivered,50201.85
ORD009060,CUST01096,STR013,2025-03-14,Delivered,111640.55
ORD009061,CUST00993,STR038,2025-06-06,Delivered,100363.8
ORD009062,CUST01874,STR044,2025-02-24,Shipped,80846.0
ORD009063,CUST01140,STR019,2025-02-08,Cancelled,31035.55
ORD009064,CUST00433,STR013,2025-02-01,Delivered,169669.8
ORD009065,CUST01002,STR003,2025-03-25,Delivered,63432.45
ORD009066,CUST01320,STR035,2025-03-12,Delivered,10532.8
ORD009067,CUST01572,STR048,2025-03-16,Delivered,289397.7
ORD009068,CUST00747,STR050,2025-06-22,Delivered,38874.75
ORD009069,CUST00828,STR022,2025-01-21,Delivered,24266.4
ORD009070,CUST00004,STR033,2025-04-12,Delivered,86772.0
ORD009071,CUST01250,STR049,2025-06-05,Delivered,272678.9
ORD009072,CUST01795,STR043,2025-01-28,Cancelled,115124.85
ORD009073,CUST01549,STR048,2025-03-25,Shipped,50867.1
ORD009074,CUST00886,STR024,2025-05-31,Delivered,84615.0
ORD009075,CUST00505,STR046,2025-01-28,Delivered,92553.0
ORD009076,CUST01150,STR014,2025-02-14,Processing,47351.4
ORD009077,CUST00855,STR019,2025-03-16,Delivered,260555.55
ORD009078,CUST01746,STR001,2025-04-12,Returned,150968.3
ORD009079,CUST01268,STR049,2025-04-23,Delivered,17948.7
ORD009080,CUST01024,STR005,2025-03-13,Delivered,97324.8
ORD009081,CUST00350,STR045,2025-03-11,Returned,219179.9
ORD009082,CUST01909,STR040,2025-03-05,Delivered,105782.5
ORD009083,CUST00271,STR033,2025-06-22,Delivered,176740.3
ORD009084,CUST00674,STR021,2025-04-07,Delivered,43829.4
ORD009085,CUST00354,STR049,2025-03-22,Delivered,91755.65
ORD009086,CUST01526,STR048,2025-02-01,Delivered,3132.9
ORD009087,CUST00576,STR027,2025-05-08,Shipped,144916.2
ORD009088,CUST01013,STR042,2025-06-29,Delivered,59138.7
ORD009089,CUST00308,STR047,2025-01-15,Delivered,206592.55
ORD009090,CUST00749,STR044,2025-02-25,Delivered,101793.6
ORD009091,CUST00888,STR008,2025-02-26,Delivered,265321.55
ORD009092,CUST01253,STR023,2025-01-29,Processing,58785.75
ORD009093,CUST00620,STR017,2025-03-14,Delivered,77965.5
ORD009094,CUST00224,STR014,2025-05-02,Delivered,34629.0
ORD009095,CUST00435,STR001,2025-01-22,Delivered,134866.05
ORD009096,CUST00794,STR025,2025-01-20,Pending,176205.0
ORD009097,CUST01233,STR009,2025-03-04,Delivered,30129.3
ORD009098,CUST01666,STR035,2025-05-25,Delivered,138239.8
ORD009099,CUST01405,STR008,2025-04-03,Delivered,63962.5
ORD009100,CUST00775,STR018,2025-05-19,Processing,27177.9
ORD009101,CUST00004,STR040,2025-02-27,Delivered,219661.35
ORD009102,CUST00807,STR003,2025-04-18,Returned,18591.2
ORD009103,CUST00456,STR009,2025-02-06,Cancelled,104167.2
ORD009104,CUST00972,STR034,2025-04-16,Delivered,29341.8
ORD009105,CUST00811,STR043,2025-05-30,Delivered,34401.2
ORD009106,CUST01732,STR045,2025-03-15,Delivered,123522.85
ORD009107,CUST00545,STR010,2025-02-07,Returned,104192.6
ORD009108,CUST00609,STR048,2025-06-24,Shipped,71213.0
ORD009109,CUST00287,STR016,2025-02-24,Delivered,24529.3
ORD009110,CUST00951,STR019,2025-03-16,Cancelled,135519.8
ORD009111,CUST00817,STR019,2025-03-29,Delivered,119718.0
ORD009112,CUST00519,STR004,2025-06-06,Delivered,101960.3
ORD009113,CUST01120,STR034,2025-06-03,Delivered,203753.3
ORD009114,CUST01593,STR017,2025-01-15,Delivered,189846.8
ORD009115,CUST00067,STR007,2025-02-24,Delivered,126163.2
ORD009116,CUST00122,STR016,2025-01-18,Delivered,47352.4
ORD009117,CUST00350,STR001,2025-05-15,Delivered,26088.2
ORD009118,CUST00192,STR003,2025-06-06,Delivered,102078.45
ORD009119,CUST01102,STR035,2025-02-26,Delivered,31644.65
ORD009120,CUST01836,STR013,2025-06-20,Pending,63768.0
ORD009121,CUST01940,STR033,2025-01-01,Cancelled,101553.0
ORD009122,CUST00968,STR050,2025-02-20,Delivered,21172.0
ORD009123,CUST00873,STR011,2025-04-13,Delivered,104476.2
ORD009124,CUST00307,STR036,2025-01-14,Delivered,143551.2
ORD009125,CUST00474,STR048,2025-05-12,Delivered,175761.9
ORD009126,CUST01743,STR004,2025-01-06,Delivered,35769.2
ORD009127,CUST01157,STR028,2025-01-10,Delivered,164685.65
ORD009128,CUST00411,STR046,2025-05-13,Delivered,135130.6
ORD009129,CUST01043,STR029,2025-04-29,Delivered,5280.3
ORD009130,CUST01129,STR027,2025-06-30,Delivered,51799.2
ORD009131,CUST01221,STR031,2025-01-12,Shipped,44862.0
ORD009132,CUST01176,STR028,2025-06-26,Delivered,13010.4
ORD009133,CUST01809,STR041,2025-02-28,Returned,91881.9
ORD009134,CUST00877,STR041,2025-03-20,Delivered,1966.4
ORD009135,CUST00285,STR050,2025-05-20,Delivered,185269.6
ORD009136,CUST01271,STR046,2025-05-17,Returned,43089.9
ORD009137,CUST01106,STR007,2025-01-07,Delivered,53583.9
ORD009138,CUST01575,STR014,2025-02-03,Delivered,93713.8
ORD009139,CUST00533,STR010,2025-06-06,Delivered,17374.5
ORD009140,CUST00977,STR024,2025-02-14,Shipped,32094.4
ORD009141,CUST01228,STR031,2025-03-26,Delivered,20484.0
ORD009142,CUST01465,STR031,2025-05-22,Shipped,175024.4
ORD009143,CUST01562,STR041,2025-03-27,Delivered,141465.3
ORD009144,CUST01774,STR002,2025-06-22,Delivered,61650.8
ORD009145,CUST00048,STR004,2025-01-03,Delivered,42875.7
ORD009146,CUST00432,STR019,2025-06-18,Delivered,202782.85
ORD009147,CUST01741,STR041,2025-02-07,Returned,78447.85
ORD009148,CUST00474,STR039,2025-06-22,Processing,30470.2
ORD009149,CUST00946,STR029,2025-03-03,Delivered,98587.2
ORD009150,CUST00573,STR033,2025-06-02,Delivered,79893.0
ORD009151,CUST01494,STR048,2025-02-14,Delivered,24754.5
ORD009152,CUST01788,STR012,2025-03-03,Delivered,104924.7
ORD009153,CUST00564,STR004,2025-01-12,Delivered,45380.4
ORD009154,CUST00396,STR024,2025-04-14,Delivered,99066.1
ORD009155,CUST00274,STR020,2025-01-31,Delivered,165708.3
ORD009156,CUST00779,STR046,2025-02-14,Pending,250351.85
ORD009157,CUST01795,STR025,2025-01-15,Shipped,20976.05
ORD009158,CUST00186,STR040,2025-01-19,Delivered,224703.6
ORD009159,CUST01743,STR009,2025-01-12,Pending,101686.3
ORD009160,CUST01239,STR001,2025-01-28,Shipped,279786.0
ORD009161,CUST01979,STR005,2025-01-06,Delivered,38969.0
ORD009162,CUST00969,STR035,2025-05-11,Pending,69638.4
ORD009163,CUST00015,STR042,2025-06-04,Delivered,178265.2
ORD009164,CUST00165,STR001,2025-03-17,Delivered,171593.8
ORD009165,CUST00004,STR029,2025-03-28,Delivered,196421.95
ORD009166,CUST00282,STR049,2025-03-10,Pending,72170.2
ORD009167,CUST00088,STR048,2025-02-23,Cancelled,124574.05
ORD009168,CUST00971,STR045,2025-01-13,Delivered,150195.0
ORD009169,CUST00312,STR008,2025-05-20,Delivered,311579.5
ORD009170,CUST01956,STR046,2025-04-17,Delivered,70853.5
ORD009171,CUST00856,STR035,2025-02-07,Delivered,134114.9
ORD009172,CUST00048,STR046,2025-06-29,Delivered,143937.55
ORD009173,CUST01801,STR002,2025-02-02,Delivered,75041.15
ORD009174,CUST00294,STR037,2025-06-05,Delivered,102642.7
ORD009175,CUST00364,STR044,2025-06-20,Delivered,193484.2
ORD009176,CUST00531,STR004,2025-06-16,Delivered,132167.95
ORD009177,CUST00874,STR016,2025-03-11,Delivered,173628.45
ORD009178,CUST01471,STR026,2025-04-05,Delivered,178548.0
ORD009179,CUST00272,STR039,2025-03-10,Processing,71282.3
ORD009180,CUST01800,STR018,2025-03-25,Delivered,116912.3
ORD009181,CUST00156,STR011,2025-05-01,Processing,140445.35
ORD009182,CUST00307,STR037,2025-05-02,Shipped,149486.5
ORD009183,CUST01354,STR039,2025-02-01,Shipped,225266.85
ORD009184,CUST00770,STR019,2025-04-03,Delivered,102249.6
ORD009185,CUST01464,STR021,2025-04-11,Delivered,184897.2
ORD009186,CUST01852,STR050,2025-06-22,Delivered,23338.8
ORD009187,CUST00419,STR049,2025-05-18,Delivered,126515.7
ORD009188,CUST01673,STR021,2025-01-04,Shipped,132926.6
ORD009189,CUST01223,STR045,2025-02-20,Delivered,55957.5
ORD009190,CUST00604,STR041,2025-04-13,Processing,148120.15
ORD009191,CUST01437,STR008,2025-06-26,Delivered,30493.1
ORD009192,CUST01881,STR026,2025-06-14,Delivered,46959.1
ORD009193,CUST00808,STR042,2025-04-25,Delivered,3954.4
ORD009194,CUST00989,STR048,2025-01-27,Delivered,179531.0
ORD009195,CUST00762,STR031,2025-03-29,Delivered,331852.8
ORD009196,CUST00312,STR035,2025-01-25,Delivered,22437.45
ORD009197,CUST00845,STR049,2025-03-19,Delivered,41191.05
ORD009198,CUST00873,STR039,2025-01-19,Delivered,41672.1
ORD009199,CUST01384,STR032,2025-03-19,Delivered,60923.55
ORD009200,CUST01899,STR045,2025-06-10,Delivered,24338.65
ORD009201,CUST01906,STR007,2025-01-10,Delivered,222856.9
ORD009202,CUST00446,STR011,2025-04-29,Returned,89878.0
ORD009203,CUST01812,STR007,2025-06-14,Delivered,69749.5
ORD009204,CUST00229,STR029,2025-04-21,Delivered,52326.3
ORD009205,CUST01632,STR038,2025-04-10,Delivered,75761.55
ORD009206,CUST01990,STR004,2025-03-01,Delivered,62247.8
ORD009207,CUST00631,STR037,2025-06-20,Delivered,9225.9
ORD009208,CUST00135,STR049,2025-01-23,Delivered,193823.8
ORD009209,CUST00281,STR013,2025-01-27,Cancelled,26446.5
ORD009210,CUST01670,STR033,2025-01-07,Processing,106934.0
ORD009211,CUST00832,STR028,2025-02-24,Pending,102446.8
ORD009212,CUST01368,STR040,2025-05-20,Delivered,128467.3
ORD009213,CUST01237,STR001,2025-06-19,Shipped,57000.6
ORD009214,CUST00335,STR036,2025-03-14,Shipped,1335.7
ORD009215,CUST01575,STR008,2025-04-26,Delivered,23059.2
ORD009216,CUST01895,STR019,2025-01-05,Delivered,213375.25
ORD009217,CUST00515,STR041,2025-04-12,Delivered,82712.7
ORD009218,CUST00959,STR004,2025-01-10,Delivered,141294.2
ORD009219,CUST01270,STR025,2025-06-29,Delivered,56629.8
ORD009220,CUST01072,STR037,2025-06-30,Delivered,135405.0
ORD009221,CUST01270,STR018,2025-03-25,Shipped,42736.0
ORD009222,CUST00491,STR046,2025-03-24,Delivered,95650.0
ORD009223,CUST00042,STR035,2025-04-09,Pending,228040.25
ORD009224,CUST01597,STR031,2025-04-27,Delivered,183668.7
ORD009225,CUST00641,STR018,2025-02-04,Processing,56654.8
ORD009226,CUST01334,STR003,2025-04-07,Pending,97008.3
ORD009227,CUST01191,STR025,2025-03-09,Processing,196000.05
ORD009228,CUST00888,STR046,2025-04-11,Shipped,54488.0
ORD009229,CUST01873,STR026,2025-03-19,Delivered,39836.95
ORD009230,CUST01415,STR023,2025-03-25,Returned,152960.25
ORD009231,CUST01874,STR050,2025-03-20,Delivered,246342.45
ORD009232,CUST00528,STR026,2025-03-20,Delivered,12755.9
ORD009233,CUST00070,STR012,2025-01-22,Delivered,199754.05
ORD009234,CUST01226,STR021,2025-03-17,Pending,202060.05
ORD009235,CUST00161,STR024,2025-05-10,Delivered,88718.4
ORD009236,CUST01639,STR028,2025-05-08,Processing,242663.6
ORD009237,CUST00041,STR043,2025-03-20,Delivered,166731.15
ORD009238,CUST01864,STR033,2025-02-24,Delivered,40593.6
ORD009239,CUST00068,STR026,2025-04-17,Delivered,122095.6
ORD009240,CUST00504,STR031,2025-02-04,Delivered,130694.8
ORD009241,CUST01843,STR024,2025-02-26,Delivered,199113.0
ORD009242,CUST00291,STR022,2025-06-25,Delivered,68229.35
ORD009243,CUST01552,STR001,2025-05-20,Delivered,41217.3
ORD009244,CUST00366,STR039,2025-03-10,Processing,94127.7
ORD009245,CUST00182,STR024,2025-03-26,Delivered,139245.6
ORD009246,CUST00939,STR023,2025-01-21,Delivered,25955.2
ORD009247,CUST00123,STR031,2025-04-21,Delivered,14364.0
ORD009248,CUST01948,STR047,2025-06-09,Processing,79498.85
ORD009249,CUST01559,STR014,2025-05-09,Delivered,100748.0
ORD009250,CUST01148,STR034,2025-02-06,Delivered,38159.1
ORD009251,CUST01285,STR005,2025-01-03,Delivered,42948.0
ORD009252,CUST01707,STR017,2025-02-19,Delivered,144524.65
ORD009253,CUST00539,STR038,2025-03-23,Processing,159702.2
ORD009254,CUST00192,STR033,2025-03-29,Delivered,78046.85
ORD009255,CUST01649,STR006,2025-06-21,Delivered,48967.2
ORD009256,CUST00726,STR050,2025-01-08,Shipped,161325.15
ORD009257,CUST01989,STR032,2025-03-16,Returned,57305.35
ORD009258,CUST01777,STR032,2025-04-25,Processing,13632.3
ORD009259,CUST00688,STR048,2025-05-15,Delivered,222133.65
ORD009260,CUST01793,STR030,2025-05-24,Delivered,145324.35
ORD009261,CUST01820,STR020,2025-06-16,Delivered,45546.0
ORD009262,CUST00991,STR030,2025-06-10,Delivered,35286.4
ORD009263,CUST01414,STR037,2025-03-30,Delivered,138059.4
ORD009264,CUST00077,STR003,2025-05-03,Delivered,121170.8
ORD009265,CUST01391,STR028,2025-04-28,Processing,206437.25
ORD009266,CUST01611,STR029,2025-04-30,Delivered,163633.8
ORD009267,CUST01830,STR047,2025-02-14,Pending,34884.5
ORD009268,CUST01796,STR048,2025-06-10,Delivered,65772.8
ORD009269,CUST01394,STR016,2025-01-28,Delivered,8401.8
ORD009270,CUST00414,STR021,2025-03-23,Processing,107460.8
ORD009271,CUST00774,STR011,2025-02-16,Delivered,6267.2
ORD009272,CUST01775,STR021,2025-06-29,Delivered,131566.35
ORD009273,CUST00495,STR035,2025-03-10,Delivered,144967.35
ORD009274,CUST00062,STR035,2025-03-17,Shipped,128117.9
ORD009275,CUST00790,STR029,2025-04-13,Delivered,64197.1
ORD009276,CUST00812,STR013,2025-01-26,Shipped,173616.4
ORD009277,CUST01175,STR039,2025-02-07,Delivered,5478.25
ORD009278,CUST01450,STR028,2025-02-22,Delivered,66764.0
ORD009279,CUST01046,STR017,2025-06-27,Delivered,15431.0
ORD009280,CUST01603,STR015,2025-06-01,Delivered,75521.7
ORD009281,CUST01793,STR037,2025-02-16,Delivered,181733.5
ORD009282,CUST01548,STR029,2025-02-25,Processing,241807.9
ORD009283,CUST00209,STR022,2025-01-11,Delivered,45937.7
ORD009284,CUST00448,STR013,2025-05-15,Delivered,172390.75
ORD009285,CUST01269,STR015,2025-06-14,Delivered,8726.1
ORD009286,CUST01273,STR038,2025-02-09,Delivered,114147.7
ORD009287,CUST01130,STR018,2025-04-20,Delivered,24880.5
ORD009288,CUST01208,STR045,2025-05-24,Delivered,253829.55
ORD009289,CUST01166,STR018,2025-02-28,Delivered,66390.0
ORD009290,CUST01493,STR022,2025-02-06,Delivered,14182.4
ORD009291,CUST01494,STR030,2025-03-29,Delivered,157286.1
ORD009292,CUST01718,STR039,2025-06-23,Delivered,64395.15
ORD009293,CUST00875,STR005,2025-04-04,Cancelled,108915.45
ORD009294,CUST01895,STR027,2025-02-19,Shipped,85233.0
ORD009295,CUST00122,STR017,2025-06-23,Delivered,26865.1
ORD009296,CUST01483,STR050,2025-05-29,Delivered,184628.15
ORD009297,CUST01959,STR031,2025-06-29,Pending,164839.8
ORD009298,CUST00879,STR046,2025-06-08,Delivered,152871.4
ORD009299,CUST00014,STR019,2025-03-21,Delivered,181191.7
ORD009300,CUST00648,STR031,2025-04-30,Processing,154222.05
ORD009301,CUST01096,STR012,2025-06-27,Delivered,35555.5
ORD009302,CUST00564,STR046,2025-01-22,Delivered,142310.0
ORD009303,CUST01112,STR037,2025-01-19,Processing,288047.75
ORD009304,CUST01990,STR047,2025-05-05,Delivered,145536.1
ORD009305,CUST00755,STR048,2025-04-02,Delivered,47831.25
ORD009306,CUST00841,STR029,2025-04-24,Processing,81941.25
ORD009307,CUST01808,STR034,2025-03-29,Returned,85295.7
ORD009308,CUST01926,STR006,2025-04-29,Shipped,37464.4
ORD009309,CUST01039,STR042,2025-05-01,Pending,43614.0
ORD009310,CUST01182,STR050,2025-02-13,Returned,267336.7
ORD009311,CUST00549,STR035,2025-05-29,Delivered,119148.0
ORD009312,CUST01599,STR014,2025-04-14,Processing,30784.7
ORD009313,CUST01990,STR018,2025-06-26,Delivered,69516.0
ORD009314,CUST01643,STR042,2025-04-18,Delivered,155740.8
ORD009315,CUST01188,STR015,2025-06-17,Delivered,68338.3
ORD009316,CUST00728,STR004,2025-06-04,Delivered,71447.6
ORD009317,CUST00796,STR002,2025-01-26,Delivered,89363.75
ORD009318,CUST01203,STR041,2025-01-24,Delivered,8800.2
ORD009319,CUST01161,STR027,2025-02-22,Delivered,105592.8
ORD009320,CUST00359,STR005,2025-02-06,Delivered,86508.75
ORD009321,CUST00241,STR026,2025-05-19,Delivered,108804.15
ORD009322,CUST01771,STR030,2025-01-05,Shipped,96792.3
ORD009323,CUST00388,STR021,2025-06-19,Delivered,24668.0
ORD009324,CUST01857,STR006,2025-01-08,Shipped,107794.2
ORD009325,CUST01735,STR033,2025-01-28,Delivered,87941.5
ORD009326,CUST01340,STR014,2025-05-07,Delivered,79519.5
ORD009327,CUST01993,STR048,2025-06-11,Delivered,73852.55
ORD009328,CUST00760,STR046,2025-06-01,Delivered,68559.6
ORD009329,CUST01229,STR001,2025-04-03,Delivered,108175.4
ORD009330,CUST01106,STR033,2025-03-19,Processing,311246.0
ORD009331,CUST00734,STR032,2025-02-10,Delivered,130766.1
ORD009332,CUST00132,STR042,2025-06-27,Pending,126518.7
ORD009333,CUST01494,STR036,2025-04-25,Delivered,252967.8
ORD009334,CUST00599,STR048,2025-06-15,Delivered,177690.85
ORD009335,CUST00039,STR013,2025-04-21,Delivered,62166.4
ORD009336,CUST00516,STR047,2025-01-27,Delivered,87563.2
ORD009337,CUST01817,STR021,2025-01-22,Delivered,124247.55
ORD009338,CUST00668,STR014,2025-03-25,Processing,11507.2
ORD009339,CUST01386,STR031,2025-05-07,Cancelled,131929.2
ORD009340,CUST00731,STR034,2025-01-24,Delivered,334637.8
ORD009341,CUST01819,STR028,2025-01-03,Delivered,88705.8
ORD009342,CUST00210,STR026,2025-04-07,Delivered,129953.8
ORD009343,CUST01357,STR008,2025-06-08,Processing,131512.2
ORD009344,CUST00305,STR039,2025-06-30,Delivered,214411.2
ORD009345,CUST01489,STR019,2025-05-31,Delivered,129377.1
ORD009346,CUST01091,STR044,2025-06-14,Delivered,35713.1
ORD009347,CUST01059,STR036,2025-06-26,Pending,246490.65
ORD009348,CUST00504,STR048,2025-01-04,Delivered,185292.6
ORD009349,CUST01440,STR030,2025-04-30,Delivered,8864.8
ORD009350,CUST00539,STR005,2025-01-27,Shipped,99099.9
ORD009351,CUST00546,STR007,2025-01-12,Delivered,121281.6
ORD009352,CUST00456,STR026,2025-03-23,Delivered,198380.0
ORD009353,CUST00022,STR033,2025-03-23,Delivered,25238.4
ORD009354,CUST01530,STR023,2025-02-26,Returned,89957.0
ORD009355,CUST00035,STR032,2025-06-18,Delivered,137837.4
ORD009356,CUST01678,STR027,2025-02-25,Delivered,91827.2
ORD009357,CUST00770,STR022,2025-06-17,Delivered,44713.1
ORD009358,CUST00302,STR026,2025-03-01,Shipped,38004.35
ORD009359,CUST00623,STR043,2025-02-24,Delivered,79999.5
ORD009360,CUST00641,STR017,2025-01-31,Delivered,149330.9
ORD009361,CUST01939,STR014,2025-02-12,Delivered,36027.6
ORD009362,CUST00551,STR006,2025-01-03,Delivered,36382.95
ORD009363,CUST01310,STR015,2025-05-27,Processing,50489.9
ORD009364,CUST00417,STR033,2025-02-15,Returned,208600.8
ORD009365,CUST01718,STR022,2025-04-14,Delivered,207378.4
ORD009366,CUST00496,STR038,2025-06-06,Delivered,71335.15
ORD009367,CUST01572,STR046,2025-02-21,Delivered,137581.95
ORD009368,CUST01799,STR002,2025-02-27,Processing,55091.45
ORD009369,CUST01887,STR040,2025-05-05,Delivered,41322.15
ORD009370,CUST01413,STR018,2025-02-21,Delivered,97628.95
ORD009371,CUST01086,STR036,2025-03-12,Delivered,121817.2
ORD009372,CUST00481,STR014,2025-05-02,Delivered,7137.0
ORD009373,CUST00942,STR036,2025-01-05,Delivered,18054.9
ORD009374,CUST01255,STR038,2025-04-14,Delivered,228217.6
ORD009375,CUST01426,STR016,2025-01-14,Delivered,36681.4
ORD009376,CUST01372,STR037,2025-02-19,Delivered,201696.55
ORD009377,CUST01995,STR040,2025-01-09,Cancelled,146443.85
ORD009378,CUST00881,STR006,2025-03-18,Delivered,22751.55
ORD009379,CUST00297,STR044,2025-04-19,Shipped,172774.8
ORD009380,CUST01899,STR029,2025-01-20,Delivered,93088.75
ORD009381,CUST00792,STR023,2025-06-04,Delivered,142406.7
ORD009382,CUST00573,STR003,2025-03-20,Delivered,55243.8
ORD009383,CUST01059,STR009,2025-05-15,Delivered,51825.0
ORD009384,CUST01545,STR049,2025-05-29,Delivered,213354.85
ORD009385,CUST00578,STR033,2025-01-17,Delivered,182918.4
ORD009386,CUST01998,STR011,2025-02-25,Delivered,44829.9
ORD009387,CUST00010,STR007,2025-03-12,Delivered,40671.4
ORD009388,CUST01802,STR027,2025-06-27,Delivered,42156.0
ORD009389,CUST00904,STR044,2025-05-15,Shipped,186307.4
ORD009390,CUST00648,STR045,2025-05-05,Delivered,6568.0
ORD009391,CUST01947,STR010,2025-03-17,Delivered,35900.8
ORD009392,CUST00419,STR010,2025-06-17,Pending,259116.8
ORD009393,CUST00745,STR039,2025-01-18,Delivered,88855.6
ORD009394,CUST01743,STR035,2025-06-01,Cancelled,18967.7
ORD009395,CUST01164,STR027,2025-04-09,Processing,127213.6
ORD009396,CUST00143,STR003,2025-02-21,Processing,129901.45
ORD009397,CUST00833,STR048,2025-01-09,Processing,36279.55
ORD009398,CUST01072,STR050,2025-04-29,Delivered,122863.4
ORD009399,CUST00155,STR004,2025-04-14,Delivered,245945.0
ORD009400,CUST01529,STR038,2025-06-01,Shipped,61502.4
ORD009401,CUST00180,STR041,2025-06-19,Processing,80790.95
ORD009402,CUST01270,STR032,2025-03-09,Delivered,67836.3
ORD009403,CUST01241,STR020,2025-06-28,Delivered,202161.6
ORD009404,CUST01135,STR035,2025-03-14,Delivered,121118.2
ORD009405,CUST00070,STR047,2025-02-19,Delivered,47760.9
ORD009406,CUST00211,STR012,2025-05-01,Processing,131606.5
ORD009407,CUST00363,STR039,2025-02-21,Shipped,193738.2
ORD009408,CUST00460,STR001,2025-06-19,Delivered,342378.0
ORD009409,CUST01446,STR045,2025-03-03,Delivered,129453.8
ORD009410,CUST01990,STR044,2025-04-04,Delivered,32438.6
ORD009411,CUST00027,STR033,2025-04-28,Processing,113853.3
ORD009412,CUST00151,STR043,2025-02-16,Delivered,189662.2
ORD009413,CUST00326,STR036,2025-01-11,Delivered,95388.8
ORD009414,CUST00407,STR023,2025-05-27,Shipped,81447.9
ORD009415,CUST01451,STR048,2025-06-30,Delivered,113669.7
ORD009416,CUST00877,STR011,2025-02-08,Delivered,104292.6
ORD009417,CUST01320,STR031,2025-04-17,Delivered,36470.7
ORD009418,CUST00346,STR007,2025-01-31,Delivered,84662.0
ORD009419,CUST01253,STR025,2025-01-21,Delivered,158951.35
ORD009420,CUST00856,STR046,2025-05-22,Delivered,173397.4
ORD009421,CUST01101,STR002,2025-04-16,Delivered,69049.1
ORD009422,CUST01966,STR037,2025-02-12,Delivered,138197.7
ORD009423,CUST00332,STR023,2025-02-14,Returned,42273.0
ORD009424,CUST01411,STR007,2025-06-01,Pending,11775.9
ORD009425,CUST00444,STR023,2025-05-17,Shipped,32359.5
ORD009426,CUST01429,STR024,2025-03-22,Processing,84869.7
ORD009427,CUST01506,STR046,2025-05-06,Delivered,189084.5
ORD009428,CUST00897,STR044,2025-01-16,Cancelled,83788.8
ORD009429,CUST01114,STR004,2025-05-15,Delivered,247946.75
ORD009430,CUST00762,STR044,2025-05-12,Delivered,107050.8
ORD009431,CUST01427,STR012,2025-01-31,Shipped,32333.25
ORD009432,CUST01817,STR026,2025-01-30,Delivered,67867.8
ORD009433,CUST00169,STR041,2025-04-30,Delivered,19563.2
ORD009434,CUST00630,STR036,2025-05-22,Processing,243359.8
ORD009435,CUST01750,STR040,2025-06-07,Processing,201745.2
ORD009436,CUST01913,STR007,2025-02-28,Delivered,46851.15
ORD009437,CUST01386,STR024,2025-01-04,Delivered,125716.0
ORD009438,CUST01011,STR033,2025-02-06,Delivered,105144.3
ORD009439,CUST01795,STR046,2025-01-26,Cancelled,99518.4
ORD009440,CUST00687,STR010,2025-04-03,Delivered,124926.9
ORD009441,CUST01516,STR044,2025-01-23,Delivered,180942.2
ORD009442,CUST00037,STR035,2025-03-21,Processing,153908.65
ORD009443,CUST00806,STR048,2025-02-19,Pending,192323.15
ORD009444,CUST00987,STR008,2025-05-06,Delivered,22021.2
ORD009445,CUST01694,STR028,2025-06-27,Shipped,137098.65
ORD009446,CUST01696,STR037,2025-01-25,Processing,141503.75
ORD009447,CUST01577,STR013,2025-04-04,Delivered,37456.2
ORD009448,CUST01574,STR046,2025-03-06,Shipped,148332.8
ORD009449,CUST01814,STR028,2025-01-21,Delivered,56592.0
ORD009450,CUST00498,STR012,2025-04-25,Cancelled,118015.1
ORD009451,CUST00181,STR048,2025-03-08,Cancelled,194338.6
ORD009452,CUST01912,STR011,2025-02-21,Delivered,76753.0
ORD009453,CUST00124,STR019,2025-05-28,Delivered,80626.8
ORD009454,CUST00365,STR020,2025-02-21,Delivered,44450.0
ORD009455,CUST01541,STR015,2025-05-17,Delivered,55466.75
ORD009456,CUST00054,STR014,2025-01-07,Delivered,199802.05
ORD009457,CUST00493,STR035,2025-04-21,Delivered,139168.0
ORD009458,CUST00585,STR037,2025-06-04,Delivered,201349.5
ORD009459,CUST01313,STR006,2025-03-03,Shipped,195534.2
ORD009460,CUST00647,STR045,2025-02-14,Delivered,70974.8
ORD009461,CUST01876,STR004,2025-02-03,Delivered,8942.85
ORD009462,CUST00481,STR016,2025-05-16,Delivered,59749.95
ORD009463,CUST00370,STR049,2025-06-13,Shipped,156262.85
ORD009464,CUST00924,STR021,2025-01-12,Delivered,42276.45
ORD009465,CUST01997,STR023,2025-01-02,Processing,90024.6
ORD009466,CUST01763,STR038,2025-01-07,Delivered,76374.3
ORD009467,CUST00267,STR042,2025-05-07,Pending,200803.35
ORD009468,CUST01659,STR026,2025-03-30,Processing,101240.55
ORD009469,CUST00036,STR050,2025-04-28,Cancelled,108278.65
ORD009470,CUST01428,STR008,2025-05-09,Delivered,136563.0
ORD009471,CUST01460,STR030,2025-01-18,Delivered,156508.5
ORD009472,CUST01719,STR044,2025-04-27,Delivered,61421.2
ORD009473,CUST01564,STR039,2025-06-23,Delivered,112190.4
ORD009474,CUST00954,STR011,2025-04-08,Delivered,327533.7
ORD009475,CUST00968,STR030,2025-04-16,Delivered,206052.05
ORD009476,CUST00763,STR046,2025-02-14,Delivered,66390.45
ORD009477,CUST00377,STR005,2025-04-28,Delivered,152763.6
ORD009478,CUST01445,STR033,2025-04-13,Delivered,112767.3
ORD009479,CUST00362,STR034,2025-02-25,Delivered,142626.2
ORD009480,CUST01778,STR009,2025-04-18,Returned,72715.4
ORD009481,CUST00234,STR023,2025-06-02,Shipped,79651.8
ORD009482,CUST01945,STR010,2025-03-09,Delivered,58347.6
ORD009483,CUST00650,STR039,2025-04-03,Delivered,86210.0
ORD009484,CUST00300,STR025,2025-01-17,Delivered,264785.1
ORD009485,CUST00695,STR001,2025-03-04,Delivered,199900.5
ORD009486,CUST01669,STR050,2025-06-12,Shipped,126472.2
ORD009487,CUST00985,STR023,2025-05-20,Processing,223792.8
ORD009488,CUST01226,STR022,2025-03-01,Delivered,370153.0
ORD009489,CUST00217,STR026,2025-03-07,Delivered,173104.4
ORD009490,CUST00520,STR046,2025-05-10,Delivered,92218.5
ORD009491,CUST01839,STR040,2025-02-13,Delivered,288228.7
ORD009492,CUST00692,STR028,2025-02-24,Delivered,73126.8
ORD009493,CUST01652,STR040,2025-05-12,Shipped,115926.8
ORD009494,CUST00742,STR041,2025-02-23,Delivered,90621.6
ORD009495,CUST01136,STR032,2025-01-13,Delivered,40661.65
ORD009496,CUST00875,STR045,2025-05-19,Delivered,75639.8
ORD009497,CUST01019,STR025,2025-01-27,Shipped,194992.0
ORD009498,CUST01207,STR040,2025-06-12,Delivered,22154.95
ORD009499,CUST00910,STR043,2025-05-01,Delivered,173742.9
ORD009500,CUST00717,STR017,2025-05-19,Shipped,287980.35
ORD009501,CUST01678,STR004,2025-04-29,Delivered,7722.0
ORD009502,CUST00745,STR002,2025-02-17,Delivered,177652.0
ORD009503,CUST01181,STR047,2025-01-27,Delivered,6568.8
ORD009504,CUST01898,STR002,2025-05-06,Delivered,180687.95
ORD009505,CUST00502,STR036,2025-04-03,Shipped,155381.95
ORD009506,CUST01084,STR045,2025-03-01,Delivered,7730.0
ORD009507,CUST01351,STR029,2025-04-30,Delivered,93681.9
ORD009508,CUST01514,STR017,2025-03-18,Delivered,146317.7
ORD009509,CUST01466,STR017,2025-03-28,Shipped,323943.15
ORD009510,CUST01865,STR050,2025-06-20,Cancelled,97944.0
ORD009511,CUST00972,STR027,2025-05-05,Delivered,44538.6
ORD009512,CUST01338,STR008,2025-03-15,Delivered,48147.8
ORD009513,CUST01166,STR043,2025-01-31,Delivered,28586.4
ORD009514,CUST00753,STR010,2025-04-12,Delivered,44544.6
ORD009515,CUST00739,STR030,2025-02-06,Delivered,107658.0
ORD009516,CUST01199,STR013,2025-06-02,Delivered,22614.1
ORD009517,CUST00594,STR040,2025-01-15,Delivered,220484.4
ORD009518,CUST01428,STR042,2025-05-20,Delivered,66518.1
ORD009519,CUST00125,STR005,2025-04-06,Delivered,148598.55
ORD009520,CUST00159,STR011,2025-06-02,Delivered,88691.5
ORD009521,CUST00689,STR021,2025-03-02,Delivered,59893.55
ORD009522,CUST01776,STR015,2025-02-10,Shipped,157269.2
ORD009523,CUST01159,STR006,2025-01-29,Processing,180634.4
ORD009524,CUST01104,STR011,2025-06-16,Delivered,16158.55
ORD009525,CUST00509,STR044,2025-04-19,Delivered,177507.2
ORD009526,CUST01154,STR019,2025-04-17,Pending,161173.3
ORD009527,CUST01788,STR017,2025-01-18,Pending,47654.0
ORD009528,CUST00565,STR041,2025-02-26,Delivered,250446.6
ORD009529,CUST01235,STR041,2025-06-11,Cancelled,68376.2
ORD009530,CUST00784,STR038,2025-01-09,Cancelled,48294.9
ORD009531,CUST01376,STR043,2025-04-17,Shipped,110850.8
ORD009532,CUST01242,STR010,2025-04-04,Delivered,248082.0
ORD009533,CUST00801,STR025,2025-05-20,Delivered,12728.8
ORD009534,CUST01120,STR013,2025-04-18,Pending,109250.05
ORD009535,CUST00845,STR005,2025-06-15,Cancelled,282063.75
ORD009536,CUST00882,STR048,2025-04-04,Delivered,312977.05
ORD009537,CUST01686,STR004,2025-04-07,Delivered,154408.2
ORD009538,CUST01057,STR044,2025-01-04,Delivered,240109.0
ORD009539,CUST00802,STR040,2025-05-29,Shipped,149237.4
ORD009540,CUST00281,STR034,2025-04-11,Delivered,171543.6
ORD009541,CUST01064,STR031,2025-02-16,Delivered,247215.6
ORD009542,CUST00515,STR046,2025-04-21,Processing,181171.6
ORD009543,CUST01499,STR035,2025-05-22,Delivered,49553.1
ORD009544,CUST01500,STR029,2025-02-23,Delivered,113962.0
ORD009545,CUST01369,STR046,2025-06-13,Returned,118421.0
ORD009546,CUST00907,STR019,2025-01-20,Delivered,80934.95
ORD009547,CUST01962,STR041,2025-01-19,Delivered,36207.0
ORD009548,CUST00304,STR034,2025-04-10,Delivered,38835.0
ORD009549,CUST00357,STR023,2025-03-31,Delivered,32548.3
ORD009550,CUST01853,STR033,2025-03-31,Delivered,129092.55
ORD009551,CUST00498,STR016,2025-04-27,Shipped,75790.8
ORD009552,CUST00677,STR010,2025-02-13,Shipped,48422.7
ORD009553,CUST01634,STR039,2025-01-17,Delivered,150881.6
ORD009554,CUST01623,STR033,2025-03-04,Delivered,30316.1
ORD009555,CUST01755,STR030,2025-03-24,Delivered,103457.85
ORD009556,CUST00152,STR010,2025-02-08,Delivered,186457.45
ORD009557,CUST01561,STR002,2025-01-30,Delivered,103290.0
ORD009558,CUST00779,STR022,2025-01-24,Delivered,153870.6
ORD009559,CUST00807,STR003,2025-05-01,Delivered,134292.5
ORD009560,CUST00628,STR039,2025-04-25,Delivered,55120.8
ORD009561,CUST00830,STR042,2025-06-02,Delivered,86872.25
ORD009562,CUST00822,STR005,2025-01-12,Delivered,26830.2
ORD009563,CUST00742,STR028,2025-06-03,Delivered,29507.4
ORD009564,CUST00130,STR002,2025-05-25,Delivered,147978.5
ORD009565,CUST00194,STR001,2025-05-04,Delivered,186701.45
ORD009566,CUST01575,STR036,2025-06-21,Delivered,289763.2
ORD009567,CUST00395,STR015,2025-01-24,Processing,83933.1
ORD009568,CUST01243,STR021,2025-06-09,Delivered,118061.9
ORD009569,CUST00866,STR007,2025-06-04,Delivered,146826.2
ORD009570,CUST01553,STR021,2025-03-04,Delivered,152267.5
ORD009571,CUST01972,STR050,2025-03-01,Delivered,143015.85
ORD009572,CUST01405,STR042,2025-02-27,Returned,25974.1
ORD009573,CUST00761,STR013,2025-02-23,Delivered,33649.8
ORD009574,CUST00429,STR034,2025-04-18,Pending,78048.2
ORD009575,CUST00649,STR049,2025-06-18,Delivered,115779.3
ORD009576,CUST00512,STR016,2025-03-13,Delivered,22075.15
ORD009577,CUST00911,STR010,2025-01-02,Delivered,182762.45
ORD009578,CUST01257,STR032,2025-01-13,Delivered,161063.2
ORD009579,CUST00088,STR007,2025-06-26,Shipped,23613.2
ORD009580,CUST00568,STR035,2025-03-01,Shipped,97650.6
ORD009581,CUST01539,STR040,2025-06-29,Shipped,35500.1
ORD009582,CUST00421,STR040,2025-02-25,Cancelled,49105.6
ORD009583,CUST01019,STR041,2025-06-19,Delivered,266334.3
ORD009584,CUST00069,STR025,2025-03-12,Delivered,50666.8
ORD009585,CUST01787,STR016,2025-01-15,Delivered,20553.0
ORD009586,CUST00989,STR016,2025-05-09,Delivered,138548.6
ORD009587,CUST00117,STR029,2025-05-03,Delivered,114878.45
ORD009588,CUST01989,STR048,2025-06-05,Delivered,235204.4
ORD009589,CUST01831,STR005,2025-01-12,Delivered,107627.4
ORD009590,CUST01957,STR016,2025-04-06,Delivered,144845.35
ORD009591,CUST00331,STR007,2025-01-27,Processing,12934.8
ORD009592,CUST00465,STR043,2025-03-02,Delivered,138822.6
ORD009593,CUST01149,STR029,2025-06-04,Processing,148692.6
ORD009594,CUST01913,STR035,2025-02-25,Delivered,111923.05
ORD009595,CUST00326,STR011,2025-05-29,Processing,103376.2
ORD009596,CUST00311,STR019,2025-06-17,Delivered,63858.55
ORD009597,CUST00617,STR008,2025-02-24,Delivered,139077.9
ORD009598,CUST01540,STR012,2025-06-02,Delivered,220454.8
ORD009599,CUST00157,STR048,2025-06-26,Delivered,38307.8
ORD009600,CUST00086,STR011,2025-01-01,Processing,100184.8
ORD009601,CUST01294,STR027,2025-01-06,Delivered,148962.6
ORD009602,CUST00111,STR031,2025-05-23,Delivered,61389.9
ORD009603,CUST00451,STR018,2025-03-25,Delivered,47552.4
ORD009604,CUST00320,STR012,2025-03-07,Delivered,177200.4
ORD009605,CUST00951,STR050,2025-03-24,Delivered,11656.05
ORD009606,CUST01397,STR019,2025-05-12,Delivered,206888.75
ORD009607,CUST00032,STR002,2025-05-07,Delivered,29549.75
ORD009608,CUST01173,STR045,2025-04-13,Shipped,129878.5
ORD009609,CUST01289,STR045,2025-04-17,Delivered,76199.1
ORD009610,CUST00635,STR001,2025-03-01,Delivered,16343.1
ORD009611,CUST00516,STR009,2025-04-11,Delivered,55422.0
ORD009612,CUST01100,STR025,2025-04-10,Cancelled,64302.6
ORD009613,CUST01836,STR044,2025-04-15,Delivered,187860.35
ORD009614,CUST01566,STR048,2025-03-16,Delivered,112049.7
ORD009615,CUST01588,STR038,2025-03-31,Delivered,5689.55
ORD009616,CUST01157,STR011,2025-05-18,Pending,154847.1
ORD009617,CUST01787,STR040,2025-04-30,Delivered,317771.85
ORD009618,CUST01365,STR020,2025-06-24,Delivered,200544.4
ORD009619,CUST01673,STR019,2025-01-03,Shipped,71700.8
ORD009620,CUST00855,STR019,2025-03-06,Shipped,28655.1
ORD009621,CUST00856,STR032,2025-01-30,Shipped,111302.6
ORD009622,CUST00734,STR033,2025-06-10,Delivered,236305.65
ORD009623,CUST01355,STR019,2025-02-18,Delivered,102004.1
ORD009624,CUST00588,STR049,2025-03-03,Delivered,85844.4
ORD009625,CUST00514,STR008,2025-05-16,Delivered,161764.0
ORD009626,CUST01422,STR041,2025-06-27,Delivered,108623.7
ORD009627,CUST00078,STR035,2025-01-01,Delivered,83217.6
ORD009628,CUST01996,STR044,2025-01-24,Shipped,72576.4
ORD009629,CUST01450,STR023,2025-03-26,Delivered,186916.35
ORD009630,CUST01101,STR033,2025-06-02,Shipped,23649.3
ORD009631,CUST00189,STR028,2025-03-20,Delivered,56115.2
ORD009632,CUST00869,STR022,2025-01-28,Delivered,76099.2
ORD009633,CUST00336,STR029,2025-04-22,Delivered,95951.8
ORD009634,CUST00944,STR031,2025-03-10,Delivered,84764.6
ORD009635,CUST00430,STR034,2025-01-24,Shipped,72497.8
ORD009636,CUST01122,STR016,2025-05-30,Delivered,92817.3
ORD009637,CUST01450,STR002,2025-01-18,Delivered,3808.0
ORD009638,CUST00894,STR027,2025-04-18,Delivered,100655.9
ORD009639,CUST01926,STR005,2025-04-29,Delivered,261215.5
ORD009640,CUST01431,STR020,2025-04-17,Shipped,72244.8
ORD009641,CUST01726,STR005,2025-06-14,Shipped,106073.4
ORD009642,CUST00568,STR039,2025-01-16,Delivered,158220.45
ORD009643,CUST01561,STR028,2025-02-28,Delivered,32587.15
ORD009644,CUST00848,STR050,2025-06-28,Processing,99258.05
ORD009645,CUST00914,STR047,2025-06-16,Shipped,312442.2
ORD009646,CUST01197,STR019,2025-03-09,Delivered,42137.1
ORD009647,CUST00751,STR005,2025-03-31,Delivered,131395.5
ORD009648,CUST01577,STR022,2025-01-06,Delivered,123438.6
ORD009649,CUST00916,STR038,2025-06-03,Delivered,213338.8
ORD009650,CUST00094,STR034,2025-04-24,Delivered,69478.0
ORD009651,CUST00716,STR005,2025-02-16,Delivered,202745.35
ORD009652,CUST01429,STR042,2025-06-14,Delivered,141130.8
ORD009653,CUST01011,STR050,2025-03-28,Delivered,134929.95
ORD009654,CUST00678,STR030,2025-06-29,Delivered,56539.2
ORD009655,CUST01360,STR004,2025-02-05,Delivered,53476.6
ORD009656,CUST01015,STR042,2025-04-14,Delivered,54213.0
ORD009657,CUST00215,STR002,2025-05-09,Delivered,118047.2
ORD009658,CUST01899,STR013,2025-02-10,Delivered,26203.0
ORD009659,CUST00983,STR014,2025-03-21,Delivered,152520.3
ORD009660,CUST00404,STR026,2025-01-02,Delivered,47905.7
ORD009661,CUST00130,STR011,2025-04-21,Processing,123093.3
ORD009662,CUST01144,STR023,2025-06-24,Delivered,173840.45
ORD009663,CUST01761,STR036,2025-05-22,Delivered,196727.45
ORD009664,CUST01116,STR038,2025-06-23,Processing,250740.0
ORD009665,CUST01540,STR018,2025-05-09,Processing,88857.7
ORD009666,CUST01898,STR036,2025-04-18,Delivered,31310.4
ORD009667,CUST00960,STR049,2025-05-12,Processing,36564.4
ORD009668,CUST01289,STR019,2025-05-02,Delivered,26708.4
ORD009669,CUST01619,STR004,2025-03-07,Delivered,144167.65
ORD009670,CUST00534,STR003,2025-03-27,Processing,2179.3
ORD009671,CUST01946,STR044,2025-02-21,Delivered,96280.4
ORD009672,CUST01648,STR026,2025-02-19,Delivered,128937.6
ORD009673,CUST01003,STR043,2025-06-11,Delivered,10331.2
ORD009674,CUST01112,STR049,2025-01-09,Delivered,63189.9
ORD009675,CUST01153,STR002,2025-04-12,Delivered,332284.5
ORD009676,CUST01883,STR027,2025-04-28,Delivered,199251.95
ORD009677,CUST01480,STR040,2025-04-04,Processing,104328.0
ORD009678,CUST01596,STR005,2025-04-20,Delivered,194967.9
ORD009679,CUST01553,STR002,2025-05-26,Delivered,205253.0
ORD009680,CUST00272,STR045,2025-01-30,Shipped,105840.65
ORD009681,CUST00693,STR043,2025-01-12,Delivered,75718.4
ORD009682,CUST01795,STR047,2025-02-26,Delivered,8811.0
ORD009683,CUST01978,STR024,2025-03-20,Delivered,32525.6
ORD009684,CUST01528,STR026,2025-05-07,Delivered,60957.2
ORD009685,CUST00774,STR041,2025-02-25,Delivered,190919.65
ORD009686,CUST01992,STR048,2025-01-14,Delivered,215231.85
ORD009687,CUST01590,STR050,2025-05-25,Delivered,66312.0
ORD009688,CUST00036,STR048,2025-05-22,Processing,89793.25
ORD009689,CUST00491,STR045,2025-04-23,Delivered,197505.0
ORD009690,CUST00716,STR007,2025-05-21,Shipped,77101.8
ORD009691,CUST00743,STR020,2025-02-24,Delivered,90172.2
ORD009692,CUST00914,STR020,2025-02-17,Delivered,66019.8
ORD009693,CUST00998,STR020,2025-01-29,Shipped,77789.8
ORD009694,CUST00516,STR002,2025-01-23,Delivered,36766.5
ORD009695,CUST01823,STR009,2025-06-26,Delivered,93278.25
ORD009696,CUST00101,STR034,2025-06-28,Delivered,167336.75
ORD009697,CUST00475,STR040,2025-05-30,Delivered,169000.9
ORD009698,CUST01592,STR018,2025-03-27,Delivered,19025.65
ORD009699,CUST00658,STR041,2025-04-02,Cancelled,177996.15
ORD009700,CUST01873,STR046,2025-03-07,Delivered,18573.35
ORD009701,CUST00543,STR030,2025-03-19,Pending,176870.9
ORD009702,CUST01921,STR009,2025-05-12,Delivered,201239.5
ORD009703,CUST00518,STR031,2025-05-05,Cancelled,61207.6
ORD009704,CUST01626,STR030,2025-05-09,Delivered,155010.0
ORD009705,CUST00829,STR039,2025-04-16,Pending,216210.7
ORD009706,CUST01912,STR013,2025-05-28,Processing,60601.0
ORD009707,CUST01385,STR039,2025-06-12,Pending,81736.8
ORD009708,CUST01433,STR022,2025-05-29,Delivered,191433.45
ORD009709,CUST01231,STR040,2025-04-05,Cancelled,170670.5
ORD009710,CUST00908,STR047,2025-02-07,Delivered,122136.9
ORD009711,CUST01723,STR050,2025-04-21,Delivered,41605.7
ORD009712,CUST00200,STR016,2025-02-11,Delivered,240243.6
ORD009713,CUST00391,STR026,2025-03-30,Delivered,215269.5
ORD009714,CUST01690,STR032,2025-04-08,Delivered,228159.9
ORD009715,CUST01077,STR025,2025-01-16,Delivered,64394.0
ORD009716,CUST00962,STR021,2025-03-28,Delivered,128539.45
ORD009717,CUST00574,STR049,2025-01-14,Processing,194463.0
ORD009718,CUST01281,STR011,2025-05-16,Delivered,349948.7
ORD009719,CUST00360,STR010,2025-06-25,Delivered,221921.35
ORD009720,CUST00784,STR011,2025-01-18,Delivered,110163.2
ORD009721,CUST01511,STR003,2025-03-28,Pending,184168.5
ORD009722,CUST00959,STR043,2025-05-14,Delivered,110332.4
ORD009723,CUST00545,STR050,2025-04-30,Delivered,121868.05
ORD009724,CUST01805,STR039,2025-02-11,Delivered,297716.0
ORD009725,CUST00869,STR012,2025-02-23,Delivered,86354.25
ORD009726,CUST00806,STR007,2025-03-04,Delivered,253219.05
ORD009727,CUST01870,STR040,2025-06-01,Delivered,59865.1
ORD009728,CUST01958,STR010,2025-03-01,Delivered,143006.9
ORD009729,CUST01417,STR034,2025-03-09,Cancelled,14926.0
ORD009730,CUST00695,STR032,2025-05-22,Delivered,99861.9
ORD009731,CUST01132,STR044,2025-05-30,Delivered,207533.35
ORD009732,CUST01570,STR045,2025-01-19,Delivered,81449.6
ORD009733,CUST00430,STR010,2025-02-14,Processing,112735.5
ORD009734,CUST00418,STR017,2025-03-22,Delivered,98253.2
ORD009735,CUST00872,STR007,2025-03-15,Delivered,118796.4
ORD009736,CUST00552,STR019,2025-06-22,Processing,194696.25
ORD009737,CUST01858,STR036,2025-06-28,Delivered,100674.0
ORD009738,CUST00131,STR020,2025-05-18,Delivered,143320.8
ORD009739,CUST00809,STR015,2025-02-10,Delivered,66960.75
ORD009740,CUST00480,STR015,2025-05-30,Delivered,125208.2
ORD009741,CUST01074,STR028,2025-04-16,Processing,77746.1
ORD009742,CUST01798,STR014,2025-05-31,Pending,159645.0
ORD009743,CUST00999,STR012,2025-05-09,Processing,98688.6
ORD009744,CUST00347,STR050,2025-03-11,Processing,203232.0
ORD009745,CUST00695,STR016,2025-06-01,Delivered,166778.5
ORD009746,CUST01156,STR021,2025-04-15,Delivered,175561.4
ORD009747,CUST00462,STR022,2025-04-21,Delivered,20654.8
ORD009748,CUST01538,STR050,2025-02-26,Delivered,39294.8
ORD009749,CUST00946,STR027,2025-01-31,Delivered,70533.7
ORD009750,CUST01202,STR022,2025-02-12,Delivered,111234.6
ORD009751,CUST01486,STR011,2025-03-02,Delivered,140629.3
ORD009752,CUST00587,STR028,2025-06-26,Delivered,62928.0
ORD009753,CUST01321,STR005,2025-06-05,Delivered,76592.85
ORD009754,CUST01596,STR013,2025-04-21,Delivered,47201.6
ORD009755,CUST00303,STR025,2025-01-09,Delivered,236667.5
ORD009756,CUST01120,STR047,2025-04-20,Delivered,31618.4
ORD009757,CUST00178,STR020,2025-01-22,Processing,12303.75
ORD009758,CUST01956,STR050,2025-05-15,Processing,106686.0
ORD009759,CUST00993,STR039,2025-04-23,Processing,142106.05
ORD009760,CUST00931,STR010,2025-03-25,Delivered,155709.75
ORD009761,CUST01478,STR032,2025-06-05,Delivered,40120.4
ORD009762,CUST00814,STR017,2025-04-20,Delivered,97753.0
ORD009763,CUST00376,STR033,2025-04-04,Delivered,83263.7
ORD009764,CUST01253,STR028,2025-06-12,Delivered,81583.2
ORD009765,CUST01298,STR021,2025-04-05,Delivered,139069.7
ORD009766,CUST01222,STR033,2025-04-24,Delivered,160617.3
ORD009767,CUST01981,STR021,2025-04-12,Delivered,86622.5
ORD009768,CUST01189,STR010,2025-01-11,Delivered,81436.05
ORD009769,CUST01405,STR027,2025-01-16,Delivered,52587.25
ORD009770,CUST00369,STR031,2025-04-24,Delivered,27382.9
ORD009771,CUST01516,STR045,2025-04-07,Delivered,206820.9
ORD009772,CUST01408,STR045,2025-04-29,Shipped,73463.5
ORD009773,CUST01757,STR034,2025-02-18,Pending,195375.1
ORD009774,CUST00182,STR032,2025-03-23,Delivered,124804.1
ORD009775,CUST01842,STR049,2025-04-21,Delivered,22083.7
ORD009776,CUST01470,STR002,2025-02-20,Delivered,361.0
ORD009777,CUST00634,STR037,2025-05-09,Delivered,35743.2
ORD009778,CUST01641,STR009,2025-03-02,Delivered,89835.6
ORD009779,CUST01256,STR004,2025-06-24,Delivered,80424.0
ORD009780,CUST00398,STR013,2025-02-15,Delivered,60839.6
ORD009781,CUST01668,STR010,2025-01-16,Delivered,8652.0
ORD009782,CUST00079,STR047,2025-02-03,Delivered,103030.3
ORD009783,CUST00662,STR004,2025-06-09,Delivered,21030.4
ORD009784,CUST00096,STR035,2025-04-28,Delivered,29124.8
ORD009785,CUST00698,STR006,2025-03-18,Processing,68932.95
ORD009786,CUST00240,STR044,2025-03-07,Delivered,62382.0
ORD009787,CUST00749,STR037,2025-03-09,Delivered,27446.0
ORD009788,CUST01565,STR014,2025-04-07,Delivered,145513.0
ORD009789,CUST00346,STR016,2025-03-19,Delivered,57053.55
ORD009790,CUST01037,STR012,2025-02-22,Delivered,83091.75
ORD009791,CUST00455,STR023,2025-02-11,Delivered,216331.8
ORD009792,CUST01445,STR050,2025-01-05,Processing,52889.6
ORD009793,CUST00059,STR043,2025-06-16,Delivered,118466.45
ORD009794,CUST01101,STR028,2025-02-25,Delivered,92707.65
ORD009795,CUST01601,STR049,2025-01-03,Delivered,109683.15
ORD009796,CUST01443,STR042,2025-02-04,Delivered,31659.1
ORD009797,CUST01587,STR017,2025-04-30,Delivered,79108.25
ORD009798,CUST00749,STR031,2025-01-07,Delivered,323976.95
ORD009799,CUST01178,STR026,2025-06-30,Delivered,86062.0
ORD009800,CUST00230,STR034,2025-05-02,Delivered,27196.6
ORD009801,CUST00895,STR010,2025-03-17,Delivered,127541.1
ORD009802,CUST00299,STR035,2025-05-31,Delivered,164189.95
ORD009803,CUST00670,STR008,2025-06-17,Delivered,54775.5
ORD009804,CUST00666,STR023,2025-03-10,Processing,117930.15
ORD009805,CUST00878,STR043,2025-03-16,Delivered,39705.3
ORD009806,CUST00937,STR040,2025-01-09,Delivered,72314.1
ORD009807,CUST01379,STR030,2025-06-06,Shipped,115041.4
ORD009808,CUST01071,STR033,2025-02-19,Delivered,79223.4
ORD009809,CUST01508,STR049,2025-03-21,Delivered,21006.0
ORD009810,CUST01033,STR015,2025-02-08,Delivered,106675.25
ORD009811,CUST01054,STR016,2025-06-28,Delivered,96144.0
ORD009812,CUST00605,STR010,2025-01-06,Delivered,121933.5
ORD009813,CUST00959,STR032,2025-04-26,Delivered,63257.3
ORD009814,CUST00606,STR034,2025-04-20,Shipped,116642.2
ORD009815,CUST00988,STR045,2025-05-15,Cancelled,124595.75
ORD009816,CUST01602,STR035,2025-04-18,Delivered,146455.1
ORD009817,CUST00570,STR032,2025-04-18,Delivered,44280.0
ORD009818,CUST00746,STR019,2025-03-12,Delivered,24585.6
ORD009819,CUST01787,STR040,2025-04-12,Delivered,146459.2
ORD009820,CUST00100,STR018,2025-01-29,Delivered,166667.05
ORD009821,CUST01575,STR032,2025-02-16,Delivered,191237.65
ORD009822,CUST00841,STR047,2025-04-28,Delivered,35183.4
ORD009823,CUST00450,STR020,2025-01-18,Delivered,175587.9
ORD009824,CUST01941,STR009,2025-03-22,Delivered,219424.4
ORD009825,CUST01438,STR036,2025-03-02,Delivered,109019.85
ORD009826,CUST01801,STR042,2025-06-09,Delivered,36873.0
ORD009827,CUST00742,STR017,2025-06-30,Shipped,57495.7
ORD009828,CUST01070,STR032,2025-06-11,Delivered,76887.9
ORD009829,CUST01327,STR041,2025-04-09,Delivered,126205.8
ORD009830,CUST01772,STR013,2025-03-05,Delivered,25981.95
ORD009831,CUST00590,STR047,2025-06-13,Returned,143917.15
ORD009832,CUST01751,STR001,2025-02-01,Shipped,124945.25
ORD009833,CUST00015,STR012,2025-03-28,Delivered,161705.65
ORD009834,CUST00784,STR004,2025-06-24,Delivered,177442.4
ORD009835,CUST00684,STR035,2025-01-03,Delivered,71210.4
ORD009836,CUST00473,STR048,2025-03-24,Delivered,71487.3
ORD009837,CUST00242,STR020,2025-01-28,Processing,143328.0
ORD009838,CUST01761,STR019,2025-03-01,Delivered,56710.0
ORD009839,CUST00245,STR044,2025-06-30,Processing,53093.95
ORD009840,CUST00725,STR002,2025-04-17,Delivered,45439.45
ORD009841,CUST00354,STR027,2025-06-19,Delivered,55230.15
ORD009842,CUST00419,STR011,2025-04-26,Shipped,217982.4
ORD009843,CUST01555,STR023,2025-06-02,Delivered,176670.4
ORD009844,CUST00032,STR039,2025-01-12,Delivered,57019.7
ORD009845,CUST00643,STR022,2025-02-18,Delivered,242340.5
ORD009846,CUST01524,STR023,2025-02-21,Cancelled,155322.5
ORD009847,CUST01555,STR024,2025-01-19,Delivered,218976.7
ORD009848,CUST00253,STR034,2025-06-25,Delivered,34179.2
ORD009849,CUST01746,STR009,2025-01-04,Delivered,39022.4
ORD009850,CUST00936,STR050,2025-01-12,Delivered,301598.75
ORD009851,CUST00235,STR006,2025-01-09,Delivered,56606.4
ORD009852,CUST00249,STR033,2025-06-20,Delivered,59013.0
ORD009853,CUST01540,STR027,2025-01-16,Delivered,125109.3
ORD009854,CUST01197,STR012,2025-02-03,Delivered,218428.5
ORD009855,CUST01972,STR008,2025-02-06,Delivered,90415.15
ORD009856,CUST00158,STR045,2025-02-27,Delivered,27145.3
ORD009857,CUST01150,STR020,2025-03-30,Delivered,59283.65
ORD009858,CUST00338,STR034,2025-06-03,Processing,77772.75
ORD009859,CUST01291,STR013,2025-05-04,Pending,186848.45
ORD009860,CUST00054,STR014,2025-01-16,Delivered,131537.75
ORD009861,CUST00647,STR002,2025-02-18,Delivered,97888.4
ORD009862,CUST00983,STR043,2025-02-03,Delivered,110223.7
ORD009863,CUST01031,STR030,2025-04-12,Cancelled,111237.3
ORD009864,CUST00477,STR049,2025-06-16,Delivered,103864.6
ORD009865,CUST01098,STR023,2025-02-16,Pending,160196.5
ORD009866,CUST01954,STR019,2025-06-12,Delivered,125982.75
ORD009867,CUST01638,STR003,2025-01-16,Delivered,21803.45
ORD009868,CUST00385,STR022,2025-06-11,Delivered,125322.85
ORD009869,CUST00488,STR037,2025-02-22,Shipped,386173.75
ORD009870,CUST01470,STR049,2025-04-05,Delivered,180276.7
ORD009871,CUST00319,STR013,2025-02-17,Processing,58261.0
ORD009872,CUST01073,STR028,2025-05-15,Delivered,36131.4
ORD009873,CUST01955,STR031,2025-06-10,Delivered,39652.0
ORD009874,CUST01053,STR010,2025-01-28,Processing,7294.0
ORD009875,CUST01122,STR015,2025-06-07,Delivered,8353.35
ORD009876,CUST00562,STR010,2025-02-01,Shipped,104654.7
ORD009877,CUST01599,STR038,2025-06-17,Shipped,84187.4
ORD009878,CUST01244,STR001,2025-01-26,Returned,50012.3
ORD009879,CUST00261,STR030,2025-03-08,Delivered,83062.9
ORD009880,CUST01075,STR016,2025-04-11,Shipped,92198.7
ORD009881,CUST01075,STR007,2025-04-13,Shipped,79535.2
ORD009882,CUST01163,STR025,2025-04-13,Shipped,109791.0
ORD009883,CUST00656,STR037,2025-03-01,Pending,117123.5
ORD009884,CUST00574,STR038,2025-05-31,Delivered,171687.9
ORD009885,CUST01382,STR041,2025-01-20,Delivered,146918.6
ORD009886,CUST01691,STR035,2025-04-02,Delivered,86138.4
ORD009887,CUST01572,STR024,2025-02-28,Delivered,30296.45
ORD009888,CUST00612,STR002,2025-01-05,Shipped,216500.9
ORD009889,CUST01043,STR003,2025-06-22,Delivered,78596.8
ORD009890,CUST00928,STR046,2025-03-12,Shipped,18878.4
ORD009891,CUST00671,STR050,2025-03-15,Delivered,104598.1
ORD009892,CUST00886,STR015,2025-01-29,Processing,147281.4
ORD009893,CUST00366,STR011,2025-03-17,Delivered,49695.8
ORD009894,CUST00552,STR039,2025-04-27,Shipped,66599.25
ORD009895,CUST00819,STR037,2025-05-11,Shipped,84935.7
ORD009896,CUST00159,STR023,2025-02-05,Processing,18975.0
ORD009897,CUST00781,STR010,2025-04-05,Delivered,131379.9
ORD009898,CUST01280,STR004,2025-01-13,Processing,200007.0
ORD009899,CUST01891,STR006,2025-03-30,Delivered,75101.4
ORD009900,CUST00670,STR012,2025-05-06,Delivered,133713.45
ORD009901,CUST01031,STR009,2025-01-17,Delivered,160174.8
ORD009902,CUST00139,STR011,2025-03-07,Delivered,90978.9
ORD009903,CUST00178,STR024,2025-06-06,Delivered,126140.85
ORD009904,CUST01725,STR015,2025-02-01,Processing,16746.3
ORD009905,CUST00615,STR008,2025-01-23,Delivered,37555.2
ORD009906,CUST00048,STR038,2025-06-17,Shipped,77196.0
ORD009907,CUST01990,STR049,2025-02-24,Delivered,7448.0
ORD009908,CUST01820,STR042,2025-03-22,Delivered,49420.8
ORD009909,CUST00438,STR001,2025-05-31,Delivered,126732.9
ORD009910,CUST00290,STR030,2025-03-19,Delivered,286012.8
ORD009911,CUST00253,STR022,2025-05-02,Processing,27821.25
ORD009912,CUST00367,STR021,2025-01-06,Delivered,154512.6
ORD009913,CUST01279,STR047,2025-04-21,Returned,15552.45
ORD009914,CUST00800,STR017,2025-03-17,Delivered,37136.25
ORD009915,CUST00029,STR033,2025-04-05,Pending,21772.8
ORD009916,CUST00602,STR050,2025-02-07,Delivered,111529.9
ORD009917,CUST00056,STR037,2025-04-24,Delivered,79097.75
ORD009918,CUST02000,STR001,2025-05-13,Delivered,217080.55
ORD009919,CUST01411,STR012,2025-04-24,Delivered,46228.2
ORD009920,CUST00317,STR039,2025-01-12,Shipped,167395.95
ORD009921,CUST00143,STR037,2025-02-03,Delivered,156264.05
ORD009922,CUST00593,STR023,2025-02-18,Delivered,159592.6
ORD009923,CUST01852,STR035,2025-02-03,Delivered,7174.4
ORD009924,CUST00547,STR030,2025-01-13,Pending,184845.65
ORD009925,CUST00060,STR040,2025-04-27,Shipped,16837.2
ORD009926,CUST00094,STR041,2025-02-11,Delivered,117209.7
ORD009927,CUST00220,STR021,2025-06-24,Delivered,57810.85
ORD009928,CUST00354,STR037,2025-05-11,Delivered,200094.85
ORD009929,CUST01672,STR003,2025-01-07,Delivered,63579.1
ORD009930,CUST00669,STR018,2025-03-09,Returned,105076.0
ORD009931,CUST01681,STR050,2025-01-09,Delivered,245237.9
ORD009932,CUST01271,STR030,2025-05-26,Delivered,38717.25
ORD009933,CUST01394,STR028,2025-06-12,Delivered,217656.45
ORD009934,CUST01867,STR030,2025-01-13,Shipped,60415.6
ORD009935,CUST01888,STR030,2025-04-30,Delivered,42553.6
ORD009936,CUST01423,STR048,2025-01-02,Delivered,68945.4
ORD009937,CUST00771,STR036,2025-05-25,Delivered,111142.7
ORD009938,CUST01858,STR025,2025-06-26,Returned,140457.3
ORD009939,CUST00740,STR035,2025-04-11,Delivered,32807.7
ORD009940,CUST00893,STR041,2025-01-19,Delivered,179607.5
ORD009941,CUST00181,STR012,2025-06-09,Delivered,40525.2
ORD009942,CUST01217,STR028,2025-05-24,Delivered,209054.85
ORD009943,CUST01439,STR005,2025-05-04,Processing,28668.6
ORD009944,CUST01408,STR007,2025-05-31,Delivered,47782.0
ORD009945,CUST00154,STR017,2025-04-06,Processing,129786.7
ORD009946,CUST01753,STR014,2025-06-25,Delivered,165522.9
ORD009947,CUST01043,STR047,2025-01-20,Delivered,116051.55
ORD009948,CUST01538,STR046,2025-03-24,Cancelled,92221.05
ORD009949,CUST00857,STR016,2025-01-16,Cancelled,157139.0
ORD009950,CUST00320,STR027,2025-06-13,Delivered,38881.0
ORD009951,CUST00363,STR014,2025-01-24,Delivered,165731.0
ORD009952,CUST00659,STR030,2025-06-22,Delivered,101640.7
ORD009953,CUST01492,STR017,2025-02-02,Processing,69579.7
ORD009954,CUST01791,STR009,2025-05-09,Delivered,169836.6
ORD009955,CUST01345,STR010,2025-01-24,Delivered,143522.9
ORD009956,CUST00590,STR029,2025-05-16,Delivered,256605.7
ORD009957,CUST01763,STR012,2025-03-17,Delivered,41568.0
ORD009958,CUST01646,STR019,2025-05-03,Cancelled,15630.2
ORD009959,CUST01395,STR033,2025-01-15,Delivered,84749.75
ORD009960,CUST00151,STR001,2025-05-18,Shipped,169861.15
ORD009961,CUST01732,STR024,2025-05-19,Delivered,17878.5
ORD009962,CUST00549,STR009,2025-06-02,Delivered,21143.75
ORD009963,CUST01602,STR034,2025-04-09,Shipped,13992.7
ORD009964,CUST01279,STR002,2025-03-26,Delivered,109295.45
ORD009965,CUST01072,STR045,2025-02-20,Delivered,119274.5
ORD009966,CUST00692,STR047,2025-04-22,Delivered,205678.3
ORD009967,CUST01435,STR038,2025-01-12,Delivered,3051.4
ORD009968,CUST01261,STR021,2025-05-14,Delivered,107605.4
ORD009969,CUST01540,STR023,2025-06-10,Delivered,84311.5
ORD009970,CUST01482,STR041,2025-05-11,Delivered,127389.0
ORD009971,CUST01819,STR027,2025-01-22,Processing,110509.7
ORD009972,CUST00083,STR039,2025-03-18,Delivered,265152.3
ORD009973,CUST00814,STR036,2025-06-02,Delivered,22267.8
ORD009974,CUST00439,STR030,2025-02-16,Delivered,227307.5
ORD009975,CUST01918,STR001,2025-01-09,Delivered,120576.0
ORD009976,CUST00303,STR022,2025-06-09,Delivered,115461.0
ORD009977,CUST01394,STR039,2025-02-07,Delivered,63885.1
ORD009978,CUST01623,STR025,2025-06-24,Delivered,64921.3
ORD009979,CUST00962,STR006,2025-03-04,Shipped,40635.0
ORD009980,CUST01479,STR050,2025-06-15,Delivered,218161.8
ORD009981,CUST00449,STR048,2025-04-10,Cancelled,46046.1
ORD009982,CUST00194,STR038,2025-03-20,Delivered,184749.35
ORD009983,CUST00541,STR027,2025-01-08,Delivered,218045.8
ORD009984,CUST01046,STR034,2025-01-20,Delivered,316399.65
ORD009985,CUST01251,STR036,2025-05-01,Delivered,131368.0
ORD009986,CUST01651,STR043,2025-05-15,Delivered,132814.4
ORD009987,CUST00367,STR048,2025-06-03,Delivered,48809.6
ORD009988,CUST01529,STR022,2025-02-07,Delivered,115581.65
ORD009989,CUST01558,STR003,2025-05-13,Pending,153725.6
ORD009990,CUST01786,STR001,2025-04-19,Processing,59923.1
ORD009991,CUST00577,STR034,2025-06-13,Delivered,129895.15
ORD009992,CUST00413,STR020,2025-01-15,Delivered,104953.3
ORD009993,CUST01339,STR009,2025-03-28,Shipped,276265.9
ORD009994,CUST00709,STR030,2025-04-23,Delivered,23317.2
ORD009995,CUST00536,STR028,2025-02-04,Shipped,32567.9
ORD009996,CUST00928,STR010,2025-04-05,Delivered,61897.5
ORD009997,CUST00321,STR022,2025-04-03,Processing,301417.4
ORD009998,CUST00171,STR043,2025-04-04,Delivered,141974.1
ORD009999,CUST01789,STR042,2025-06-22,Delivered,162778.9
ORD010000,CUST00061,STR043,2025-05-26,Delivered,129764.3
