Payment_ID,Order_ID,Payment_Method,Payment_Status,Amount,Payment_Date
PAY000001,ORD000001,Credit Card,Success,177998.0,2025-05-27
PAY000002,ORD000002,Net Banking,Success,78996.6,2025-04-08
PAY000003,ORD000003,Credit Card,Success,138903.0,2025-02-04
PAY000004,ORD000004,Debit Card,Success,241386.1,2025-03-03
PAY000005,ORD000005,Wallet,Success,154391.1,2025-04-25
PAY000006,ORD000006,Wallet,Success,32200.0,2025-04-22
PAY000007,ORD000007,Net Banking,Success,182867.75,2025-04-10
PAY000008,ORD000008,Wallet,Success,59848.6,2025-03-31
PAY000009,ORD000009,Net Banking,Success,148217.15,2025-04-22
PAY000010,ORD000010,UPI,Success,54588.9,2025-05-03
PAY000011,ORD000011,Net Banking,Success,18458.6,2025-05-21
PAY000012,ORD000012,Cash on Delivery,Refunded,73583.7,2025-02-19
PAY000013,ORD000013,Wallet,Success,74242.95,2025-04-19
PAY000014,ORD000014,Debit Card,Success,138668.4,2025-02-21
PAY000015,ORD000015,Net Banking,Success,167440.1,2025-06-13
PAY000016,ORD000016,Debit Card,Success,197170.2,2025-05-25
PAY000017,ORD000017,Net Banking,Success,20424.0,2025-01-14
PAY000018,ORD000018,Debit Card,Success,179118.0,2025-02-21
PAY000019,ORD000019,UPI,Success,149977.8,2025-06-03
PAY000020,ORD000020,Cash on Delivery,Success,79050.0,2025-05-28
PAY000021,ORD000021,Debit Card,Success,155415.1,2025-06-04
PAY000022,ORD000022,Debit Card,Success,36271.2,2025-01-13
PAY000023,ORD000023,Wallet,Success,30799.95,2025-06-03
PAY000024,ORD000024,Wallet,Success,196096.5,2025-01-10
PAY000025,ORD000025,Credit Card,Success,206005.35,2025-01-28
PAY000026,ORD000026,UPI,Success,147378.9,2025-02-28
PAY000027,ORD000027,Net Banking,Success,112750.15,2025-02-15
PAY000028,ORD000028,Cash on Delivery,Success,8273.0,2025-06-02
PAY000029,ORD000029,UPI,Success,92309.6,2025-06-27
PAY000030,ORD000030,UPI,Success,237178.55,2025-01-14
PAY000031,ORD000031,Net Banking,Success,58185.6,2025-01-04
PAY000032,ORD000032,Cash on Delivery,Success,114150.9,2025-06-30
PAY000033,ORD000033,Wallet,Success,118406.6,2025-01-04
PAY000034,ORD000034,Wallet,Success,243727.95,2025-02-06
PAY000035,ORD000035,Wallet,Success,211740.15,2025-02-12
PAY000036,ORD000036,UPI,Failed,16584.0,2025-03-27
PAY000037,ORD000037,Credit Card,Success,237162.9,2025-04-22
PAY000038,ORD000038,Cash on Delivery,Success,173129.25,2025-02-09
PAY000039,ORD000039,Credit Card,Success,67518.05,2025-02-09
PAY000040,ORD000040,UPI,Success,97012.45,2025-04-09
PAY000041,ORD000041,Wallet,Success,47937.45,2025-03-17
PAY000042,ORD000042,Net Banking,Success,70036.0,2025-01-31
PAY000043,ORD000043,Credit Card,Success,42120.9,2025-05-27
PAY000044,ORD000044,Net Banking,Refunded,144577.15,2025-04-24
PAY000045,ORD000045,Debit Card,Success,72902.05,2025-05-20
PAY000046,ORD000046,Debit Card,Success,89679.25,2025-01-08
PAY000047,ORD000047,Debit Card,Success,244447.65,2025-02-09
PAY000048,ORD000048,Credit Card,Success,209150.25,2025-05-22
PAY000049,ORD000049,Credit Card,Success,87351.05,2025-05-21
PAY000050,ORD000050,Wallet,Success,129970.2,2025-05-28
PAY000051,ORD000051,Cash on Delivery,Success,149871.9,2025-02-28
PAY000052,ORD000052,Credit Card,Success,147179.3,2025-06-25
PAY000053,ORD000053,Net Banking,Success,94353.7,2025-03-22
PAY000054,ORD000054,Cash on Delivery,Success,17022.1,2025-01-24
PAY000055,ORD000055,Wallet,Success,120725.55,2025-05-17
PAY000056,ORD000056,Debit Card,Success,31457.1,2025-01-06
PAY000057,ORD000057,Wallet,Success,2031.5,2025-01-15
PAY000058,ORD000058,Cash on Delivery,Success,153864.0,2025-03-21
PAY000059,ORD000059,Credit Card,Failed,205113.45,2025-01-27
PAY000060,ORD000060,Debit Card,Success,139924.55,2025-02-18
PAY000061,ORD000061,Cash on Delivery,Success,122933.4,2025-04-04
PAY000062,ORD000062,Wallet,Success,267865.1,2025-06-09
PAY000063,ORD000063,Cash on Delivery,Success,163424.65,2025-03-06
PAY000064,ORD000064,Credit Card,Success,161871.0,2025-01-02
PAY000065,ORD000065,Cash on Delivery,Success,163473.0,2025-06-02
PAY000066,ORD000066,Cash on Delivery,Failed,192895.9,2025-03-21
PAY000067,ORD000067,Wallet,Success,127445.85,2025-01-08
PAY000068,ORD000068,Wallet,Success,33107.2,2025-03-29
PAY000069,ORD000069,Net Banking,Success,150549.5,2025-01-16
PAY000070,ORD000070,Wallet,Success,103632.3,2025-04-09
PAY000071,ORD000071,UPI,Success,122884.3,2025-04-03
PAY000072,ORD000072,Wallet,Success,148169.85,2025-04-16
PAY000073,ORD000073,Credit Card,Success,170942.4,2025-05-23
PAY000074,ORD000074,Cash on Delivery,Success,39387.6,2025-01-25
PAY000075,ORD000075,Debit Card,Success,18707.2,2025-04-03
PAY000076,ORD000076,UPI,Success,175282.2,2025-04-08
PAY000077,ORD000077,Credit Card,Success,156196.7,2025-02-06
PAY000078,ORD000078,Cash on Delivery,Success,38877.6,2025-01-22
PAY000079,ORD000079,UPI,Success,73054.95,2025-04-16
PAY000080,ORD000080,Debit Card,Success,76581.0,2025-02-20
PAY000081,ORD000081,Credit Card,Success,51393.2,2025-03-18
PAY000082,ORD000082,UPI,Success,157344.6,2025-03-07
PAY000083,ORD000083,UPI,Success,136030.5,2025-02-10
PAY000084,ORD000084,UPI,Success,19146.3,2025-06-27
PAY000085,ORD000085,Net Banking,Success,166710.9,2025-03-22
PAY000086,ORD000086,Wallet,Success,79988.15,2025-06-17
PAY000087,ORD000087,Wallet,Success,159383.4,2025-04-17
PAY000088,ORD000088,Cash on Delivery,Success,127530.0,2025-05-02
PAY000089,ORD000089,Cash on Delivery,Success,68552.5,2025-02-24
PAY000090,ORD000090,UPI,Success,54784.0,2025-01-26
PAY000091,ORD000091,Debit Card,Success,115846.8,2025-04-23
PAY000092,ORD000092,Wallet,Success,269625.6,2025-05-09
PAY000093,ORD000093,UPI,Success,93877.4,2025-04-21
PAY000094,ORD000094,Wallet,Success,47034.0,2025-04-21
PAY000095,ORD000095,Debit Card,Success,45785.45,2025-01-03
PAY000096,ORD000096,Wallet,Failed,91827.8,2025-05-30
PAY000097,ORD000097,Cash on Delivery,Success,153186.2,2025-05-28
PAY000098,ORD000098,Credit Card,Success,60541.25,2025-04-20
PAY000099,ORD000099,Wallet,Success,182005.2,2025-01-11
PAY000100,ORD000100,Wallet,Success,86900.1,2025-03-17
PAY000101,ORD000101,Debit Card,Success,140463.2,2025-04-04
PAY000102,ORD000102,Wallet,Success,66961.9,2025-06-03
PAY000103,ORD000103,UPI,Success,71031.0,2025-04-14
PAY000104,ORD000104,Credit Card,Success,146050.0,2025-02-22
PAY000105,ORD000105,Cash on Delivery,Success,34028.1,2025-04-20
PAY000106,ORD000106,Net Banking,Success,7148.0,2025-05-19
PAY000107,ORD000107,Wallet,Success,165238.4,2025-04-16
PAY000108,ORD000108,UPI,Success,153903.85,2025-04-19
PAY000109,ORD000109,UPI,Success,124886.25,2025-04-26
PAY000110,ORD000110,Debit Card,Success,203096.3,2025-06-21
PAY000111,ORD000111,Credit Card,Success,162174.45,2025-03-27
PAY000112,ORD000112,Cash on Delivery,Success,29750.2,2025-05-10
PAY000113,ORD000113,Cash on Delivery,Success,115515.3,2025-04-18
PAY000114,ORD000114,Wallet,Failed,2592.5,2025-04-14
PAY000115,ORD000115,Net Banking,Success,36290.75,2025-06-27
PAY000116,ORD000116,Credit Card,Success,38147.25,2025-01-11
PAY000117,ORD000117,UPI,Success,99317.8,2025-05-06
PAY000118,ORD000118,Net Banking,Failed,302912.7,2025-04-27
PAY000119,ORD000119,UPI,Success,338157.0,2025-02-22
PAY000120,ORD000120,Net Banking,Success,17569.6,2025-01-07
PAY000121,ORD000121,Wallet,Success,180113.65,2025-01-18
PAY000122,ORD000122,UPI,Success,229955.3,2025-01-24
PAY000123,ORD000123,Wallet,Success,161860.05,2025-03-03
PAY000124,ORD000124,Debit Card,Success,232633.15,2025-06-15
PAY000125,ORD000125,Credit Card,Success,193950.8,2025-03-04
PAY000126,ORD000126,Wallet,Success,38052.0,2025-02-11
PAY000127,ORD000127,Wallet,Success,241176.75,2025-03-24
PAY000128,ORD000128,Credit Card,Success,191327.9,2025-03-20
PAY000129,ORD000129,UPI,Success,96309.9,2025-02-08
PAY000130,ORD000130,UPI,Success,202350.35,2025-02-13
PAY000131,ORD000131,Wallet,Success,145034.0,2025-06-15
PAY000132,ORD000132,Cash on Delivery,Success,33636.8,2025-02-02
PAY000133,ORD000133,Net Banking,Success,227769.0,2025-01-12
PAY000134,ORD000134,Wallet,Success,322998.6,2025-04-06
PAY000135,ORD000135,Cash on Delivery,Success,313386.8,2025-04-09
PAY000136,ORD000136,Credit Card,Success,173157.8,2025-04-12
PAY000137,ORD000137,Debit Card,Success,97514.4,2025-05-13
PAY000138,ORD000138,Wallet,Success,19645.1,2025-01-04
PAY000139,ORD000139,Credit Card,Success,237688.4,2025-05-16
PAY000140,ORD000140,Net Banking,Failed,98526.55,2025-02-01
PAY000141,ORD000141,Debit Card,Success,13551.2,2025-05-14
PAY000142,ORD000142,Credit Card,Success,215182.8,2025-03-02
PAY000143,ORD000143,Net Banking,Success,202137.1,2025-04-29
PAY000144,ORD000144,Cash on Delivery,Success,195427.35,2025-02-07
PAY000145,ORD000145,Credit Card,Success,230770.9,2025-05-08
PAY000146,ORD000146,Credit Card,Success,104172.7,2025-06-09
PAY000147,ORD000147,Net Banking,Success,146457.65,2025-03-01
PAY000148,ORD000148,Wallet,Success,59986.3,2025-05-09
PAY000149,ORD000149,Credit Card,Success,45374.4,2025-06-07
PAY000150,ORD000150,UPI,Success,26407.8,2025-03-16
PAY000151,ORD000151,UPI,Success,149091.9,2025-01-03
PAY000152,ORD000152,Wallet,Success,185691.0,2025-04-07
PAY000153,ORD000153,UPI,Success,157976.4,2025-02-05
PAY000154,ORD000154,UPI,Success,156505.1,2025-04-17
PAY000155,ORD000155,Wallet,Success,37081.8,2025-04-05
PAY000156,ORD000156,Wallet,Success,223749.45,2025-06-12
PAY000157,ORD000157,Credit Card,Success,31345.25,2025-03-14
PAY000158,ORD000158,Wallet,Success,167744.6,2025-01-21
PAY000159,ORD000159,UPI,Success,162980.9,2025-06-14
PAY000160,ORD000160,Credit Card,Success,81992.75,2025-06-18
PAY000161,ORD000161,Debit Card,Success,77469.4,2025-04-22
PAY000162,ORD000162,Debit Card,Failed,108969.8,2025-06-08
PAY000163,ORD000163,Wallet,Success,12174.25,2025-03-07
PAY000164,ORD000164,Debit Card,Failed,172707.2,2025-03-22
PAY000165,ORD000165,UPI,Success,139093.8,2025-01-02
PAY000166,ORD000166,Credit Card,Success,197972.65,2025-06-26
PAY000167,ORD000167,Wallet,Success,172603.2,2025-06-14
PAY000168,ORD000168,Debit Card,Success,24448.5,2025-02-19
PAY000169,ORD000169,Cash on Delivery,Success,184328.45,2025-03-28
PAY000170,ORD000170,Credit Card,Success,224838.65,2025-03-12
PAY000171,ORD000171,Credit Card,Success,52734.5,2025-01-16
PAY000172,ORD000172,UPI,Success,159937.2,2025-05-11
PAY000173,ORD000173,Wallet,Success,184066.85,2025-01-20
PAY000174,ORD000174,Credit Card,Failed,115091.0,2025-05-04
PAY000175,ORD000175,UPI,Success,242750.05,2025-01-21
PAY000176,ORD000176,Debit Card,Success,29712.2,2025-01-11
PAY000177,ORD000177,Debit Card,Success,135552.0,2025-03-24
PAY000178,ORD000178,Cash on Delivery,Success,133631.9,2025-05-21
PAY000179,ORD000179,Credit Card,Success,78879.15,2025-05-05
PAY000180,ORD000180,Debit Card,Success,126694.6,2025-02-12
PAY000181,ORD000181,Credit Card,Success,178349.7,2025-02-03
PAY000182,ORD000182,Wallet,Success,129458.55,2025-02-14
PAY000183,ORD000183,UPI,Success,95139.2,2025-04-04
PAY000184,ORD000184,Wallet,Success,282818.4,2025-03-15
PAY000185,ORD000185,Net Banking,Success,10113.35,2025-01-26
PAY000186,ORD000186,Credit Card,Success,187748.8,2025-05-02
PAY000187,ORD000187,UPI,Success,5668.65,2025-06-30
PAY000188,ORD000188,UPI,Failed,146217.8,2025-03-19
PAY000189,ORD000189,Net Banking,Success,257029.7,2025-01-07
PAY000190,ORD000190,Wallet,Success,34925.0,2025-02-06
PAY000191,ORD000191,Wallet,Success,11544.0,2025-06-26
PAY000192,ORD000192,Net Banking,Success,47552.4,2025-04-22
PAY000193,ORD000193,Credit Card,Success,161101.5,2025-05-13
PAY000194,ORD000194,Wallet,Success,237948.55,2025-04-04
PAY000195,ORD000195,UPI,Success,30863.6,2025-03-30
PAY000196,ORD000196,Net Banking,Success,82671.15,2025-03-03
PAY000197,ORD000197,Wallet,Success,141616.3,2025-03-16
PAY000198,ORD000198,Net Banking,Success,46573.2,2025-04-13
PAY000199,ORD000199,Debit Card,Failed,33688.05,2025-03-24
PAY000200,ORD000200,Net Banking,Success,147304.35,2025-05-02
PAY000201,ORD000201,Cash on Delivery,Success,44190.0,2025-06-06
PAY000202,ORD000202,UPI,Success,8616.0,2025-01-18
PAY000203,ORD000203,Wallet,Success,162344.45,2025-03-27
PAY000204,ORD000204,Credit Card,Success,44034.4,2025-05-04
PAY000205,ORD000205,Credit Card,Success,39418.2,2025-05-21
PAY000206,ORD000206,Wallet,Success,185848.65,2025-03-23
PAY000207,ORD000207,Net Banking,Success,5823.5,2025-06-23
PAY000208,ORD000208,Net Banking,Success,85074.3,2025-05-16
PAY000209,ORD000209,Wallet,Success,155700.0,2025-06-01
PAY000210,ORD000210,Debit Card,Success,96949.4,2025-05-20
PAY000211,ORD000211,Net Banking,Success,44836.4,2025-05-11
PAY000212,ORD000212,Debit Card,Success,99841.85,2025-03-25
PAY000213,ORD000213,Credit Card,Success,105153.8,2025-05-24
PAY000214,ORD000214,Net Banking,Success,69601.75,2025-02-01
PAY000215,ORD000215,Credit Card,Success,204254.3,2025-03-16
PAY000216,ORD000216,Credit Card,Success,173355.85,2025-03-20
PAY000217,ORD000217,Cash on Delivery,Success,142904.9,2025-06-18
PAY000218,ORD000218,Debit Card,Success,239339.7,2025-06-28
PAY000219,ORD000219,UPI,Success,41023.8,2025-01-30
PAY000220,ORD000220,Debit Card,Failed,153398.4,2025-02-28
PAY000221,ORD000221,Credit Card,Success,58473.6,2025-02-10
PAY000222,ORD000222,Wallet,Success,71433.35,2025-01-31
PAY000223,ORD000223,Cash on Delivery,Success,308548.3,2025-04-17
PAY000224,ORD000224,UPI,Success,166061.5,2025-05-03
PAY000225,ORD000225,Wallet,Success,162971.6,2025-05-02
PAY000226,ORD000226,Cash on Delivery,Success,108071.4,2025-06-03
PAY000227,ORD000227,Debit Card,Success,131741.9,2025-05-13
PAY000228,ORD000228,Debit Card,Success,91966.1,2025-05-16
PAY000229,ORD000229,Cash on Delivery,Success,81921.05,2025-03-30
PAY000230,ORD000230,Wallet,Success,212583.6,2025-03-01
PAY000231,ORD000231,UPI,Success,188057.8,2025-06-04
PAY000232,ORD000232,Debit Card,Success,81441.55,2025-04-01
PAY000233,ORD000233,Wallet,Success,194881.2,2025-03-21
PAY000234,ORD000234,Net Banking,Success,68975.8,2025-03-29
PAY000235,ORD000235,Net Banking,Success,172950.9,2025-06-04
PAY000236,ORD000236,Wallet,Success,161490.5,2025-04-05
PAY000237,ORD000237,UPI,Success,119069.15,2025-05-23
PAY000238,ORD000238,Net Banking,Success,225520.4,2025-06-30
PAY000239,ORD000239,Cash on Delivery,Success,49415.4,2025-04-26
PAY000240,ORD000240,Net Banking,Success,80338.5,2025-01-16
PAY000241,ORD000241,Net Banking,Success,123543.85,2025-04-26
PAY000242,ORD000242,Wallet,Success,40687.4,2025-04-08
PAY000243,ORD000243,Credit Card,Success,252220.9,2025-03-04
PAY000244,ORD000244,UPI,Success,114768.7,2025-06-01
PAY000245,ORD000245,Cash on Delivery,Success,105998.9,2025-04-09
PAY000246,ORD000246,Wallet,Success,257053.6,2025-02-12
PAY000247,ORD000247,Net Banking,Success,127602.05,2025-01-27
PAY000248,ORD000248,Cash on Delivery,Success,235086.0,2025-04-22
PAY000249,ORD000249,Debit Card,Success,71714.5,2025-03-10
PAY000250,ORD000250,Credit Card,Success,92660.2,2025-06-07
PAY000251,ORD000251,Debit Card,Success,80715.6,2025-01-31
PAY000252,ORD000252,Cash on Delivery,Success,249577.9,2025-04-15
PAY000253,ORD000253,Cash on Delivery,Success,122682.8,2025-02-24
PAY000254,ORD000254,Debit Card,Success,112128.8,2025-02-01
PAY000255,ORD000255,Debit Card,Success,81672.3,2025-06-25
PAY000256,ORD000256,Cash on Delivery,Success,64630.35,2025-04-12
PAY000257,ORD000257,Debit Card,Success,169443.85,2025-06-09
PAY000258,ORD000258,Net Banking,Success,170117.9,2025-04-09
PAY000259,ORD000259,Cash on Delivery,Success,100345.65,2025-03-11
PAY000260,ORD000260,Wallet,Success,130524.5,2025-04-03
PAY000261,ORD000261,Debit Card,Success,107957.6,2025-04-17
PAY000262,ORD000262,Credit Card,Success,31050.75,2025-02-18
PAY000263,ORD000263,Net Banking,Success,123957.9,2025-04-24
PAY000264,ORD000264,UPI,Success,136435.7,2025-03-31
PAY000265,ORD000265,Wallet,Success,173196.0,2025-01-02
PAY000266,ORD000266,Credit Card,Success,52502.7,2025-06-26
PAY000267,ORD000267,Net Banking,Failed,29692.8,2025-06-17
PAY000268,ORD000268,Cash on Delivery,Success,68437.6,2025-03-08
PAY000269,ORD000269,Net Banking,Success,4926.6,2025-06-02
PAY000270,ORD000270,Cash on Delivery,Success,97359.4,2025-06-01
PAY000271,ORD000271,Debit Card,Success,73855.8,2025-02-05
PAY000272,ORD000272,Cash on Delivery,Success,8313.6,2025-04-18
PAY000273,ORD000273,Cash on Delivery,Success,10765.4,2025-02-07
PAY000274,ORD000274,Cash on Delivery,Success,22399.6,2025-06-26
PAY000275,ORD000275,UPI,Success,6789.6,2025-06-15
PAY000276,ORD000276,UPI,Success,94522.6,2025-01-28
PAY000277,ORD000277,Wallet,Success,14900.8,2025-02-15
PAY000278,ORD000278,Debit Card,Success,22502.6,2025-06-11
PAY000279,ORD000279,Debit Card,Success,67588.0,2025-02-03
PAY000280,ORD000280,Debit Card,Success,215910.15,2025-06-25
PAY000281,ORD000281,Net Banking,Success,60072.0,2025-02-25
PAY000282,ORD000282,Net Banking,Success,137698.35,2025-02-08
PAY000283,ORD000283,Debit Card,Success,53880.6,2025-02-03
PAY000284,ORD000284,Wallet,Success,140289.65,2025-03-23
PAY000285,ORD000285,Cash on Delivery,Success,44904.4,2025-06-13
PAY000286,ORD000286,Cash on Delivery,Success,79544.7,2025-05-20
PAY000287,ORD000287,Debit Card,Failed,144542.9,2025-03-25
PAY000288,ORD000288,Wallet,Success,113961.6,2025-02-12
PAY000289,ORD000289,Credit Card,Success,83188.55,2025-04-11
PAY000290,ORD000290,Credit Card,Success,143621.3,2025-05-14
PAY000291,ORD000291,Debit Card,Success,133611.65,2025-02-08
PAY000292,ORD000292,Cash on Delivery,Success,74800.9,2025-03-16
PAY000293,ORD000293,Wallet,Success,96151.0,2025-06-15
PAY000294,ORD000294,Credit Card,Success,166149.55,2025-03-17
PAY000295,ORD000295,Credit Card,Success,183515.8,2025-06-24
PAY000296,ORD000296,UPI,Success,4322.7,2025-01-08
PAY000297,ORD000297,UPI,Success,86986.4,2025-05-13
PAY000298,ORD000298,Cash on Delivery,Success,157143.35,2025-05-12
PAY000299,ORD000299,UPI,Success,95372.45,2025-04-29
PAY000300,ORD000300,UPI,Success,147621.15,2025-06-07
PAY000301,ORD000301,UPI,Success,64342.8,2025-06-25
PAY000302,ORD000302,Cash on Delivery,Success,230593.2,2025-05-04
PAY000303,ORD000303,Debit Card,Success,34909.8,2025-02-17
PAY000304,ORD000304,Credit Card,Success,58995.9,2025-03-20
PAY000305,ORD000305,Cash on Delivery,Success,103429.6,2025-01-30
PAY000306,ORD000306,Cash on Delivery,Success,71220.0,2025-02-21
PAY000307,ORD000307,Net Banking,Success,59193.15,2025-01-15
PAY000308,ORD000308,Credit Card,Success,115715.7,2025-04-19
PAY000309,ORD000309,UPI,Success,31606.5,2025-04-09
PAY000310,ORD000310,Net Banking,Success,6466.4,2025-01-05
PAY000311,ORD000311,Cash on Delivery,Success,119526.95,2025-01-27
PAY000312,ORD000312,UPI,Success,83627.35,2025-06-11
PAY000313,ORD000313,Credit Card,Success,122698.2,2025-06-30
PAY000314,ORD000314,Wallet,Success,120422.7,2025-03-20
PAY000315,ORD000315,Cash on Delivery,Success,27050.4,2025-06-04
PAY000316,ORD000316,Cash on Delivery,Success,148645.35,2025-01-18
PAY000317,ORD000317,Credit Card,Success,117626.3,2025-04-27
PAY000318,ORD000318,Credit Card,Success,37308.0,2025-04-22
PAY000319,ORD000319,Wallet,Success,191747.8,2025-01-24
PAY000320,ORD000320,Debit Card,Success,113070.15,2025-03-26
PAY000321,ORD000321,UPI,Success,30640.8,2025-05-02
PAY000322,ORD000322,Net Banking,Success,115750.1,2025-02-03
PAY000323,ORD000323,Cash on Delivery,Success,53743.5,2025-04-25
PAY000324,ORD000324,UPI,Success,18471.2,2025-02-16
PAY000325,ORD000325,Cash on Delivery,Success,66646.6,2025-02-10
PAY000326,ORD000326,Credit Card,Success,176885.75,2025-05-23
PAY000327,ORD000327,Debit Card,Success,87252.0,2025-03-05
PAY000328,ORD000328,Net Banking,Success,180645.5,2025-02-26
PAY000329,ORD000329,Credit Card,Success,302687.0,2025-04-07
PAY000330,ORD000330,Net Banking,Failed,84258.55,2025-01-10
PAY000331,ORD000331,UPI,Success,78602.4,2025-02-12
PAY000332,ORD000332,UPI,Failed,48104.0,2025-03-13
PAY000333,ORD000333,Net Banking,Failed,4161.6,2025-02-08
PAY000334,ORD000334,Net Banking,Success,37853.7,2025-04-09
PAY000335,ORD000335,Debit Card,Success,198946.65,2025-04-24
PAY000336,ORD000336,Credit Card,Success,127025.7,2025-04-20
PAY000337,ORD000337,Net Banking,Success,80157.65,2025-06-13
PAY000338,ORD000338,Wallet,Success,78201.3,2025-05-31
PAY000339,ORD000339,Debit Card,Failed,90005.5,2025-02-20
PAY000340,ORD000340,Net Banking,Success,117701.0,2025-06-21
PAY000341,ORD000341,Wallet,Success,46141.5,2025-04-18
PAY000342,ORD000342,Credit Card,Success,189690.2,2025-04-13
PAY000343,ORD000343,Cash on Delivery,Success,73918.05,2025-05-18
PAY000344,ORD000344,Net Banking,Success,29046.2,2025-06-13
PAY000345,ORD000345,Debit Card,Success,89813.55,2025-01-31
PAY000346,ORD000346,Credit Card,Success,147123.6,2025-01-18
PAY000347,ORD000347,Wallet,Success,31339.2,2025-02-26
PAY000348,ORD000348,Credit Card,Success,78144.4,2025-01-05
PAY000349,ORD000349,Debit Card,Success,67191.65,2025-02-25
PAY000350,ORD000350,Net Banking,Failed,47090.4,2025-02-07
PAY000351,ORD000351,UPI,Success,70623.0,2025-03-21
PAY000352,ORD000352,Credit Card,Success,223655.6,2025-02-21
PAY000353,ORD000353,Cash on Delivery,Success,74942.4,2025-03-17
PAY000354,ORD000354,Debit Card,Success,216458.9,2025-06-28
PAY000355,ORD000355,Cash on Delivery,Success,185992.15,2025-06-02
PAY000356,ORD000356,UPI,Success,265330.3,2025-02-22
PAY000357,ORD000357,Wallet,Success,149283.6,2025-05-16
PAY000358,ORD000358,Cash on Delivery,Success,155575.7,2025-06-09
PAY000359,ORD000359,Cash on Delivery,Success,150534.75,2025-02-14
PAY000360,ORD000360,Wallet,Success,1812.6,2025-05-03
PAY000361,ORD000361,Cash on Delivery,Success,184810.7,2025-06-12
PAY000362,ORD000362,UPI,Success,301660.05,2025-04-28
PAY000363,ORD000363,Debit Card,Success,195020.6,2025-05-20
PAY000364,ORD000364,Net Banking,Success,89318.5,2025-03-15
PAY000365,ORD000365,UPI,Success,39491.85,2025-06-05
PAY000366,ORD000366,Credit Card,Success,149570.3,2025-05-19
PAY000367,ORD000367,Debit Card,Failed,77472.9,2025-04-28
PAY000368,ORD000368,Credit Card,Success,213427.2,2025-06-12
PAY000369,ORD000369,Credit Card,Success,212608.4,2025-04-06
PAY000370,ORD000370,UPI,Success,128210.9,2025-06-29
PAY000371,ORD000371,Cash on Delivery,Success,200205.1,2025-05-22
PAY000372,ORD000372,Net Banking,Success,145522.35,2025-01-19
PAY000373,ORD000373,Net Banking,Success,206550.0,2025-01-04
PAY000374,ORD000374,UPI,Success,61901.0,2025-04-25
PAY000375,ORD000375,UPI,Success,241249.6,2025-04-11
PAY000376,ORD000376,Debit Card,Success,4077.9,2025-03-16
PAY000377,ORD000377,Debit Card,Success,176991.0,2025-01-22
PAY000378,ORD000378,Credit Card,Success,154664.1,2025-05-28
PAY000379,ORD000379,Debit Card,Success,302583.9,2025-06-26
PAY000380,ORD000380,Debit Card,Success,216890.45,2025-03-22
PAY000381,ORD000381,Net Banking,Success,51984.8,2025-04-08
PAY000382,ORD000382,Cash on Delivery,Success,61733.1,2025-02-14
PAY000383,ORD000383,Cash on Delivery,Success,58843.8,2025-03-09
PAY000384,ORD000384,UPI,Success,21110.4,2025-04-03
PAY000385,ORD000385,UPI,Success,237468.55,2025-02-15
PAY000386,ORD000386,UPI,Success,135246.9,2025-03-10
PAY000387,ORD000387,Debit Card,Success,41472.0,2025-02-13
PAY000388,ORD000388,UPI,Success,110058.7,2025-02-28
PAY000389,ORD000389,Debit Card,Success,106098.6,2025-02-02
PAY000390,ORD000390,UPI,Success,83993.9,2025-05-24
PAY000391,ORD000391,UPI,Success,169722.9,2025-06-28
PAY000392,ORD000392,Debit Card,Success,4836.6,2025-03-03
PAY000393,ORD000393,Wallet,Success,289930.65,2025-06-29
PAY000394,ORD000394,UPI,Success,72225.5,2025-02-20
PAY000395,ORD000395,Debit Card,Success,35000.45,2025-03-10
PAY000396,ORD000396,Wallet,Success,142212.4,2025-04-28
PAY000397,ORD000397,Debit Card,Success,19848.0,2025-05-30
PAY000398,ORD000398,Wallet,Success,141073.0,2025-05-15
PAY000399,ORD000399,Credit Card,Success,188567.2,2025-01-14
PAY000400,ORD000400,Debit Card,Success,12635.0,2025-01-13
PAY000401,ORD000401,Cash on Delivery,Success,153736.2,2025-02-01
PAY000402,ORD000402,Cash on Delivery,Success,110127.0,2025-01-24
PAY000403,ORD000403,Cash on Delivery,Success,200381.55,2025-03-17
PAY000404,ORD000404,Net Banking,Success,114967.3,2025-01-25
PAY000405,ORD000405,Debit Card,Success,92206.0,2025-04-02
PAY000406,ORD000406,Debit Card,Success,56541.8,2025-04-19
PAY000407,ORD000407,Debit Card,Success,162119.7,2025-04-17
PAY000408,ORD000408,Net Banking,Success,149846.55,2025-01-10
PAY000409,ORD000409,Net Banking,Success,130305.75,2025-06-22
PAY000410,ORD000410,UPI,Success,237936.4,2025-02-06
PAY000411,ORD000411,Net Banking,Success,67872.8,2025-03-10
PAY000412,ORD000412,UPI,Success,80095.2,2025-04-13
PAY000413,ORD000413,Wallet,Success,21172.8,2025-05-12
PAY000414,ORD000414,Debit Card,Success,177884.7,2025-03-10
PAY000415,ORD000415,UPI,Success,61516.85,2025-03-24
PAY000416,ORD000416,Debit Card,Success,142070.35,2025-06-28
PAY000417,ORD000417,Cash on Delivery,Success,77781.6,2025-05-02
PAY000418,ORD000418,Credit Card,Success,119803.2,2025-06-15
PAY000419,ORD000419,Credit Card,Success,80472.05,2025-06-02
PAY000420,ORD000420,Wallet,Success,49256.8,2025-04-02
PAY000421,ORD000421,Net Banking,Success,188115.75,2025-06-29
PAY000422,ORD000422,Debit Card,Success,23395.0,2025-06-15
PAY000423,ORD000423,Credit Card,Success,209603.6,2025-03-15
PAY000424,ORD000424,Cash on Delivery,Success,234114.05,2025-03-21
PAY000425,ORD000425,Cash on Delivery,Success,282522.2,2025-05-09
PAY000426,ORD000426,Debit Card,Success,6860.8,2025-03-10
PAY000427,ORD000427,Credit Card,Success,81115.4,2025-05-26
PAY000428,ORD000428,Net Banking,Success,44665.2,2025-03-25
PAY000429,ORD000429,Debit Card,Success,25182.95,2025-03-29
PAY000430,ORD000430,Credit Card,Success,238139.8,2025-03-27
PAY000431,ORD000431,Cash on Delivery,Success,108897.75,2025-04-18
PAY000432,ORD000432,Credit Card,Success,156352.2,2025-02-02
PAY000433,ORD000433,Debit Card,Success,264775.25,2025-05-14
PAY000434,ORD000434,Net Banking,Success,20066.7,2025-04-25
PAY000435,ORD000435,Credit Card,Success,204260.2,2025-03-24
PAY000436,ORD000436,Net Banking,Success,127327.8,2025-04-01
PAY000437,ORD000437,Debit Card,Success,77256.7,2025-03-03
PAY000438,ORD000438,UPI,Success,95546.55,2025-01-17
PAY000439,ORD000439,Credit Card,Success,115464.0,2025-02-13
PAY000440,ORD000440,Credit Card,Success,100542.3,2025-03-24
PAY000441,ORD000441,Credit Card,Success,189890.6,2025-06-15
PAY000442,ORD000442,Wallet,Success,154502.6,2025-06-29
PAY000443,ORD000443,Credit Card,Success,83220.5,2025-03-08
PAY000444,ORD000444,Wallet,Success,18057.0,2025-03-26
PAY000445,ORD000445,Cash on Delivery,Success,12239.8,2025-05-14
PAY000446,ORD000446,Net Banking,Success,188432.8,2025-03-05
PAY000447,ORD000447,Debit Card,Success,19923.3,2025-03-22
PAY000448,ORD000448,Debit Card,Success,108521.2,2025-02-10
PAY000449,ORD000449,Credit Card,Success,52203.15,2025-02-04
PAY000450,ORD000450,Debit Card,Success,145876.95,2025-03-26
PAY000451,ORD000451,Wallet,Failed,277545.6,2025-04-06
PAY000452,ORD000452,Debit Card,Success,107376.5,2025-06-26
PAY000453,ORD000453,UPI,Success,76876.85,2025-01-23
PAY000454,ORD000454,Debit Card,Success,198308.9,2025-01-02
PAY000455,ORD000455,Wallet,Success,73433.8,2025-05-10
PAY000456,ORD000456,UPI,Success,212055.1,2025-02-28
PAY000457,ORD000457,Credit Card,Success,65422.8,2025-01-04
PAY000458,ORD000458,Net Banking,Success,286342.15,2025-06-21
PAY000459,ORD000459,Debit Card,Success,219299.45,2025-03-27
PAY000460,ORD000460,Wallet,Success,177828.0,2025-03-06
PAY000461,ORD000461,Net Banking,Success,205798.85,2025-06-25
PAY000462,ORD000462,Wallet,Success,91032.2,2025-04-17
PAY000463,ORD000463,Credit Card,Success,202763.7,2025-06-27
PAY000464,ORD000464,UPI,Success,22630.1,2025-04-30
PAY000465,ORD000465,Debit Card,Success,17412.0,2025-06-23
PAY000466,ORD000466,Net Banking,Success,70942.0,2025-02-01
PAY000467,ORD000467,Debit Card,Success,267259.5,2025-06-17
PAY000468,ORD000468,Debit Card,Success,99876.7,2025-06-15
PAY000469,ORD000469,UPI,Success,318246.45,2025-03-26
PAY000470,ORD000470,UPI,Success,118605.05,2025-03-08
PAY000471,ORD000471,Credit Card,Success,118145.7,2025-04-09
PAY000472,ORD000472,Cash on Delivery,Success,101721.45,2025-03-31
PAY000473,ORD000473,Wallet,Success,174964.8,2025-03-25
PAY000474,ORD000474,Cash on Delivery,Success,147504.0,2025-02-14
PAY000475,ORD000475,Debit Card,Success,72318.75,2025-01-31
PAY000476,ORD000476,Wallet,Success,14013.35,2025-03-31
PAY000477,ORD000477,Net Banking,Success,53455.0,2025-06-04
PAY000478,ORD000478,UPI,Success,85466.0,2025-04-30
PAY000479,ORD000479,Cash on Delivery,Success,16843.2,2025-04-20
PAY000480,ORD000480,UPI,Success,123984.4,2025-05-12
PAY000481,ORD000481,Wallet,Failed,204374.2,2025-02-28
PAY000482,ORD000482,Debit Card,Success,58273.2,2025-01-19
PAY000483,ORD000483,Net Banking,Success,171901.2,2025-02-24
PAY000484,ORD000484,UPI,Success,82691.6,2025-02-10
PAY000485,ORD000485,UPI,Success,61271.0,2025-06-23
PAY000486,ORD000486,Debit Card,Success,38550.9,2025-04-22
PAY000487,ORD000487,UPI,Success,51449.1,2025-04-23
PAY000488,ORD000488,Net Banking,Success,93385.2,2025-05-11
PAY000489,ORD000489,Debit Card,Success,4412.7,2025-05-21
PAY000490,ORD000490,Credit Card,Success,73031.4,2025-02-21
PAY000491,ORD000491,UPI,Success,330262.95,2025-02-28
PAY000492,ORD000492,UPI,Success,93549.2,2025-06-21
PAY000493,ORD000493,Credit Card,Success,94916.5,2025-03-31
PAY000494,ORD000494,Credit Card,Success,28174.1,2025-03-06
PAY000495,ORD000495,Debit Card,Success,291385.0,2025-04-17
PAY000496,ORD000496,Cash on Delivery,Success,127990.6,2025-01-11
PAY000497,ORD000497,Credit Card,Success,31948.2,2025-02-09
PAY000498,ORD000498,Wallet,Success,35164.5,2025-02-02
PAY000499,ORD000499,Credit Card,Success,84581.0,2025-06-29
PAY000500,ORD000500,Cash on Delivery,Success,50784.3,2025-02-09
PAY000501,ORD000501,Debit Card,Success,18118.4,2025-03-15
PAY000502,ORD000502,UPI,Success,4935.6,2025-06-23
PAY000503,ORD000503,Net Banking,Success,109093.75,2025-06-21
PAY000504,ORD000504,Debit Card,Success,4977.0,2025-04-25
PAY000505,ORD000505,Credit Card,Success,56953.9,2025-04-20
PAY000506,ORD000506,Credit Card,Success,28213.1,2025-04-02
PAY000507,ORD000507,Cash on Delivery,Success,169441.2,2025-03-23
PAY000508,ORD000508,Debit Card,Success,7820.0,2025-03-09
PAY000509,ORD000509,Debit Card,Success,92074.0,2025-05-09
PAY000510,ORD000510,Net Banking,Success,148794.3,2025-04-16
PAY000511,ORD000511,UPI,Success,92502.0,2025-05-14
PAY000512,ORD000512,Cash on Delivery,Success,99642.0,2025-02-05
PAY000513,ORD000513,Debit Card,Success,158674.95,2025-03-25
PAY000514,ORD000514,Credit Card,Success,58021.7,2025-03-10
PAY000515,ORD000515,Net Banking,Success,68879.7,2025-06-15
PAY000516,ORD000516,Net Banking,Success,62419.65,2025-06-22
PAY000517,ORD000517,UPI,Success,129313.35,2025-04-30
PAY000518,ORD000518,Net Banking,Success,248146.2,2025-04-24
PAY000519,ORD000519,Credit Card,Success,86689.2,2025-01-30
PAY000520,ORD000520,Wallet,Success,195667.65,2025-04-18
PAY000521,ORD000521,Debit Card,Success,92798.3,2025-04-20
PAY000522,ORD000522,Cash on Delivery,Success,111470.0,2025-04-01
PAY000523,ORD000523,Net Banking,Success,31524.0,2025-04-27
PAY000524,ORD000524,Credit Card,Success,268518.1,2025-04-18
PAY000525,ORD000525,UPI,Success,169738.6,2025-02-01
PAY000526,ORD000526,Cash on Delivery,Success,114628.1,2025-06-17
PAY000527,ORD000527,Cash on Delivery,Success,34708.4,2025-01-21
PAY000528,ORD000528,Debit Card,Success,25381.0,2025-06-24
PAY000529,ORD000529,Wallet,Success,37176.0,2025-05-25
PAY000530,ORD000530,Credit Card,Success,84553.8,2025-03-26
PAY000531,ORD000531,Credit Card,Success,19041.25,2025-05-15
PAY000532,ORD000532,Credit Card,Success,196500.7,2025-05-01
PAY000533,ORD000533,Cash on Delivery,Failed,210389.55,2025-04-12
PAY000534,ORD000534,Debit Card,Success,103437.0,2025-06-08
PAY000535,ORD000535,Cash on Delivery,Success,130885.9,2025-01-06
PAY000536,ORD000536,Cash on Delivery,Success,65332.5,2025-03-31
PAY000537,ORD000537,Debit Card,Success,41598.9,2025-03-30
PAY000538,ORD000538,Net Banking,Success,170681.7,2025-01-06
PAY000539,ORD000539,UPI,Success,112270.65,2025-01-21
PAY000540,ORD000540,Wallet,Failed,138667.0,2025-02-12
PAY000541,ORD000541,UPI,Success,24144.35,2025-04-19
PAY000542,ORD000542,Debit Card,Success,174802.05,2025-04-15
PAY000543,ORD000543,Credit Card,Success,33077.7,2025-06-26
PAY000544,ORD000544,Debit Card,Success,242027.8,2025-02-20
PAY000545,ORD000545,Cash on Delivery,Success,171976.95,2025-06-17
PAY000546,ORD000546,Wallet,Success,114090.9,2025-06-12
PAY000547,ORD000547,Cash on Delivery,Success,173909.15,2025-01-19
PAY000548,ORD000548,Wallet,Success,187019.0,2025-03-03
PAY000549,ORD000549,Debit Card,Success,82362.8,2025-01-04
PAY000550,ORD000550,Wallet,Success,106386.6,2025-04-19
PAY000551,ORD000551,UPI,Success,125135.1,2025-06-30
PAY000552,ORD000552,Credit Card,Success,100674.45,2025-01-31
PAY000553,ORD000553,Debit Card,Success,166513.9,2025-06-01
PAY000554,ORD000554,Wallet,Success,263544.1,2025-04-17
PAY000555,ORD000555,Cash on Delivery,Success,49829.1,2025-05-27
PAY000556,ORD000556,Wallet,Success,69184.2,2025-06-29
PAY000557,ORD000557,Net Banking,Success,118521.3,2025-02-02
PAY000558,ORD000558,UPI,Refunded,84548.1,2025-02-21
PAY000559,ORD000559,Cash on Delivery,Success,188154.6,2025-06-13
PAY000560,ORD000560,Net Banking,Success,12901.95,2025-02-06
PAY000561,ORD000561,Wallet,Success,129649.9,2025-06-30
PAY000562,ORD000562,Credit Card,Success,6568.2,2025-04-18
PAY000563,ORD000563,UPI,Failed,148149.2,2025-06-24
PAY000564,ORD000564,UPI,Success,100451.45,2025-05-06
PAY000565,ORD000565,Credit Card,Success,30747.6,2025-01-12
PAY000566,ORD000566,Cash on Delivery,Success,121917.3,2025-05-06
PAY000567,ORD000567,Debit Card,Success,82927.4,2025-01-23
PAY000568,ORD000568,Net Banking,Success,140043.0,2025-01-16
PAY000569,ORD000569,Debit Card,Success,171263.4,2025-01-14
PAY000570,ORD000570,UPI,Success,294046.5,2025-05-21
PAY000571,ORD000571,Wallet,Success,23600.0,2025-02-05
PAY000572,ORD000572,Net Banking,Success,103466.7,2025-01-02
PAY000573,ORD000573,Net Banking,Success,233152.25,2025-04-30
PAY000574,ORD000574,Credit Card,Success,107634.6,2025-06-15
PAY000575,ORD000575,Net Banking,Success,8762.4,2025-02-11
PAY000576,ORD000576,Wallet,Success,235588.3,2025-06-14
PAY000577,ORD000577,Credit Card,Success,137536.7,2025-06-01
PAY000578,ORD000578,Net Banking,Success,261619.85,2025-01-16
PAY000579,ORD000579,Debit Card,Success,25076.6,2025-03-08
PAY000580,ORD000580,UPI,Success,13280.05,2025-02-24
PAY000581,ORD000581,Credit Card,Success,48459.2,2025-04-21
PAY000582,ORD000582,Net Banking,Success,218064.7,2025-06-09
PAY000583,ORD000583,UPI,Success,207553.05,2025-04-21
PAY000584,ORD000584,Debit Card,Success,43146.1,2025-03-14
PAY000585,ORD000585,UPI,Success,243138.6,2025-06-03
PAY000586,ORD000586,Debit Card,Success,3417.6,2025-01-13
PAY000587,ORD000587,Debit Card,Success,113416.2,2025-03-15
PAY000588,ORD000588,Net Banking,Success,39656.4,2025-02-19
PAY000589,ORD000589,UPI,Success,135157.5,2025-04-19
PAY000590,ORD000590,Credit Card,Success,111343.4,2025-03-18
PAY000591,ORD000591,Credit Card,Refunded,12156.4,2025-05-01
PAY000592,ORD000592,Credit Card,Success,119604.3,2025-05-09
PAY000593,ORD000593,UPI,Success,105985.8,2025-02-11
PAY000594,ORD000594,Wallet,Success,371608.05,2025-03-24
PAY000595,ORD000595,Credit Card,Success,259266.3,2025-06-10
PAY000596,ORD000596,Debit Card,Success,49327.8,2025-04-09
PAY000597,ORD000597,Cash on Delivery,Success,83867.2,2025-04-17
PAY000598,ORD000598,Credit Card,Success,108679.9,2025-05-28
PAY000599,ORD000599,UPI,Success,88657.1,2025-03-28
PAY000600,ORD000600,Cash on Delivery,Success,32289.55,2025-02-02
PAY000601,ORD000601,Cash on Delivery,Success,23660.0,2025-01-31
PAY000602,ORD000602,UPI,Success,77521.6,2025-01-06
PAY000603,ORD000603,Credit Card,Success,266574.95,2025-05-10
PAY000604,ORD000604,Debit Card,Success,193957.2,2025-01-28
PAY000605,ORD000605,Net Banking,Success,181974.05,2025-03-03
PAY000606,ORD000606,Cash on Delivery,Success,68135.9,2025-01-18
PAY000607,ORD000607,Net Banking,Success,123685.4,2025-03-25
PAY000608,ORD000608,UPI,Success,84343.3,2025-03-01
PAY000609,ORD000609,Cash on Delivery,Success,44581.6,2025-02-26
PAY000610,ORD000610,Credit Card,Success,30162.0,2025-02-24
PAY000611,ORD000611,Wallet,Success,148022.75,2025-06-15
PAY000612,ORD000612,Credit Card,Success,231240.5,2025-05-06
PAY000613,ORD000613,Credit Card,Success,14417.0,2025-01-27
PAY000614,ORD000614,Net Banking,Success,72550.9,2025-05-18
PAY000615,ORD000615,UPI,Success,100400.0,2025-01-09
PAY000616,ORD000616,Wallet,Success,188151.7,2025-05-08
PAY000617,ORD000617,Wallet,Success,191349.0,2025-01-31
PAY000618,ORD000618,Net Banking,Success,158917.6,2025-04-16
PAY000619,ORD000619,Cash on Delivery,Failed,134334.7,2025-04-24
PAY000620,ORD000620,UPI,Success,157536.45,2025-04-25
PAY000621,ORD000621,Wallet,Success,108812.25,2025-02-01
PAY000622,ORD000622,Debit Card,Success,173437.65,2025-02-13
PAY000623,ORD000623,Wallet,Success,88182.3,2025-03-12
PAY000624,ORD000624,Cash on Delivery,Success,146745.8,2025-03-13
PAY000625,ORD000625,Wallet,Success,183558.05,2025-03-19
PAY000626,ORD000626,Net Banking,Success,70386.4,2025-04-28
PAY000627,ORD000627,Wallet,Success,29489.6,2025-03-03
PAY000628,ORD000628,UPI,Success,205884.6,2025-01-09
PAY000629,ORD000629,Credit Card,Refunded,172191.25,2025-01-18
PAY000630,ORD000630,UPI,Success,191118.6,2025-05-19
PAY000631,ORD000631,UPI,Success,261592.1,2025-01-24
PAY000632,ORD000632,Net Banking,Success,133503.05,2025-06-10
PAY000633,ORD000633,Debit Card,Success,7265.8,2025-05-26
PAY000634,ORD000634,Cash on Delivery,Success,156145.65,2025-02-19
PAY000635,ORD000635,Debit Card,Success,38008.8,2025-06-13
PAY000636,ORD000636,UPI,Success,39959.4,2025-01-23
PAY000637,ORD000637,Credit Card,Success,81850.2,2025-01-11
PAY000638,ORD000638,Wallet,Success,262144.0,2025-05-23
PAY000639,ORD000639,Cash on Delivery,Success,189489.75,2025-05-17
PAY000640,ORD000640,Credit Card,Success,181817.6,2025-06-29
PAY000641,ORD000641,Wallet,Success,49332.8,2025-05-05
PAY000642,ORD000642,Wallet,Success,37574.0,2025-03-27
PAY000643,ORD000643,Cash on Delivery,Success,170417.8,2025-01-04
PAY000644,ORD000644,Wallet,Failed,134168.9,2025-01-21
PAY000645,ORD000645,UPI,Success,200119.9,2025-02-09
PAY000646,ORD000646,UPI,Success,241558.2,2025-03-01
PAY000647,ORD000647,Net Banking,Success,158274.9,2025-05-27
PAY000648,ORD000648,Credit Card,Success,8210.7,2025-03-15
PAY000649,ORD000649,UPI,Success,160772.85,2025-06-14
PAY000650,ORD000650,Credit Card,Success,140041.45,2025-02-10
PAY000651,ORD000651,Net Banking,Success,109119.4,2025-05-28
PAY000652,ORD000652,UPI,Success,91216.8,2025-02-02
PAY000653,ORD000653,Credit Card,Success,175853.6,2025-01-07
PAY000654,ORD000654,Wallet,Success,122787.05,2025-05-29
PAY000655,ORD000655,Cash on Delivery,Success,144853.9,2025-06-03
PAY000656,ORD000656,Wallet,Success,105812.85,2025-04-04
PAY000657,ORD000657,Wallet,Success,97845.8,2025-02-25
PAY000658,ORD000658,Net Banking,Success,225630.9,2025-02-15
PAY000659,ORD000659,Credit Card,Success,178901.35,2025-04-10
PAY000660,ORD000660,Debit Card,Success,30560.05,2025-01-11
PAY000661,ORD000661,Cash on Delivery,Success,98569.2,2025-03-15
PAY000662,ORD000662,Cash on Delivery,Success,44060.2,2025-01-24
PAY000663,ORD000663,Credit Card,Success,58131.5,2025-05-21
PAY000664,ORD000664,Wallet,Success,34153.8,2025-03-30
PAY000665,ORD000665,Wallet,Success,148448.95,2025-04-13
PAY000666,ORD000666,Net Banking,Success,135597.35,2025-02-28
PAY000667,ORD000667,Credit Card,Success,228390.15,2025-04-09
PAY000668,ORD000668,Debit Card,Success,74632.0,2025-05-30
PAY000669,ORD000669,Cash on Delivery,Success,13635.2,2025-06-26
PAY000670,ORD000670,Net Banking,Success,82894.4,2025-03-14
PAY000671,ORD000671,Net Banking,Success,62649.9,2025-03-29
PAY000672,ORD000672,Net Banking,Success,32056.0,2025-05-08
PAY000673,ORD000673,Net Banking,Success,146529.7,2025-01-13
PAY000674,ORD000674,Cash on Delivery,Success,98834.0,2025-02-18
PAY000675,ORD000675,Debit Card,Success,91336.9,2025-06-19
PAY000676,ORD000676,Debit Card,Success,209981.35,2025-04-20
PAY000677,ORD000677,Credit Card,Success,70877.85,2025-05-01
PAY000678,ORD000678,Net Banking,Success,25687.0,2025-01-25
PAY000679,ORD000679,Net Banking,Success,219829.6,2025-06-20
PAY000680,ORD000680,Wallet,Success,18770.1,2025-01-31
PAY000681,ORD000681,UPI,Success,100664.4,2025-01-07
PAY000682,ORD000682,Net Banking,Success,57102.1,2025-01-26
PAY000683,ORD000683,Net Banking,Success,84198.9,2025-03-25
PAY000684,ORD000684,Credit Card,Success,46219.2,2025-01-25
PAY000685,ORD000685,Wallet,Success,81734.0,2025-06-16
PAY000686,ORD000686,Net Banking,Success,160103.05,2025-04-28
PAY000687,ORD000687,UPI,Success,257274.15,2025-02-03
PAY000688,ORD000688,Cash on Delivery,Success,28863.0,2025-06-01
PAY000689,ORD000689,Credit Card,Failed,92614.8,2025-02-11
PAY000690,ORD000690,Cash on Delivery,Success,61114.5,2025-02-01
PAY000691,ORD000691,Cash on Delivery,Success,182589.45,2025-05-24
PAY000692,ORD000692,Net Banking,Success,150533.3,2025-05-06
PAY000693,ORD000693,Cash on Delivery,Success,125478.6,2025-06-10
PAY000694,ORD000694,Wallet,Success,10913.4,2025-01-04
PAY000695,ORD000695,Wallet,Success,152937.6,2025-05-31
PAY000696,ORD000696,Net Banking,Success,71972.15,2025-06-21
PAY000697,ORD000697,Cash on Delivery,Success,51839.65,2025-02-02
PAY000698,ORD000698,Debit Card,Failed,7803.0,2025-05-30
PAY000699,ORD000699,Wallet,Success,29680.8,2025-05-04
PAY000700,ORD000700,Debit Card,Success,145929.4,2025-02-04
PAY000701,ORD000701,UPI,Success,165656.9,2025-06-07
PAY000702,ORD000702,Credit Card,Success,155961.15,2025-06-17
PAY000703,ORD000703,Wallet,Success,142663.4,2025-05-08
PAY000704,ORD000704,Net Banking,Success,90451.8,2025-03-28
PAY000705,ORD000705,Net Banking,Success,140802.2,2025-03-23
PAY000706,ORD000706,Cash on Delivery,Success,42684.4,2025-01-14
PAY000707,ORD000707,Wallet,Success,33303.2,2025-05-24
PAY000708,ORD000708,Wallet,Success,147111.45,2025-02-15
PAY000709,ORD000709,Net Banking,Success,140617.35,2025-04-25
PAY000710,ORD000710,Debit Card,Success,52277.55,2025-03-02
PAY000711,ORD000711,Credit Card,Success,22570.35,2025-06-10
PAY000712,ORD000712,UPI,Success,37559.8,2025-03-20
PAY000713,ORD000713,Wallet,Success,168001.5,2025-03-19
PAY000714,ORD000714,UPI,Success,89824.6,2025-01-05
PAY000715,ORD000715,Net Banking,Success,124072.35,2025-04-25
PAY000716,ORD000716,UPI,Failed,36166.5,2025-05-29
PAY000717,ORD000717,Cash on Delivery,Success,161058.35,2025-02-27
PAY000718,ORD000718,Net Banking,Success,58282.1,2025-03-20
PAY000719,ORD000719,Credit Card,Success,35591.5,2025-04-12
PAY000720,ORD000720,Debit Card,Success,113619.4,2025-01-14
PAY000721,ORD000721,Net Banking,Success,282917.7,2025-04-01
PAY000722,ORD000722,Wallet,Success,47404.05,2025-01-13
PAY000723,ORD000723,Wallet,Success,202800.3,2025-05-06
PAY000724,ORD000724,Credit Card,Success,75529.5,2025-04-08
PAY000725,ORD000725,Net Banking,Success,117568.5,2025-06-12
PAY000726,ORD000726,Debit Card,Success,115715.5,2025-02-21
PAY000727,ORD000727,Cash on Delivery,Success,172789.7,2025-01-15
PAY000728,ORD000728,Net Banking,Success,184432.35,2025-02-25
PAY000729,ORD000729,Debit Card,Refunded,80821.6,2025-01-26
PAY000730,ORD000730,Wallet,Success,239535.7,2025-04-20
PAY000731,ORD000731,Wallet,Success,203989.9,2025-05-26
PAY000732,ORD000732,Debit Card,Success,148511.5,2025-05-28
PAY000733,ORD000733,UPI,Success,127173.0,2025-04-05
PAY000734,ORD000734,UPI,Success,92217.95,2025-06-10
PAY000735,ORD000735,UPI,Success,37075.65,2025-05-20
PAY000736,ORD000736,UPI,Success,14691.0,2025-04-20
PAY000737,ORD000737,UPI,Success,230377.15,2025-01-06
PAY000738,ORD000738,UPI,Success,227315.4,2025-01-27
PAY000739,ORD000739,Credit Card,Success,125535.2,2025-06-24
PAY000740,ORD000740,Cash on Delivery,Success,172741.05,2025-02-28
PAY000741,ORD000741,Debit Card,Success,104154.45,2025-01-21
PAY000742,ORD000742,UPI,Success,77098.65,2025-02-21
PAY000743,ORD000743,Debit Card,Success,115716.0,2025-06-03
PAY000744,ORD000744,Wallet,Success,132483.55,2025-01-16
PAY000745,ORD000745,Net Banking,Success,83547.45,2025-06-16
PAY000746,ORD000746,Credit Card,Success,98005.5,2025-01-14
PAY000747,ORD000747,Credit Card,Success,5766.0,2025-04-13
PAY000748,ORD000748,Debit Card,Success,75145.95,2025-06-11
PAY000749,ORD000749,Credit Card,Success,151435.0,2025-02-17
PAY000750,ORD000750,Net Banking,Success,159488.45,2025-06-28
PAY000751,ORD000751,Debit Card,Success,31463.7,2025-01-13
PAY000752,ORD000752,Credit Card,Success,104635.65,2025-02-15
PAY000753,ORD000753,Net Banking,Success,29945.7,2025-06-14
PAY000754,ORD000754,Cash on Delivery,Success,68188.7,2025-04-02
PAY000755,ORD000755,Net Banking,Failed,205249.0,2025-05-17
PAY000756,ORD000756,Credit Card,Success,238370.95,2025-06-12
PAY000757,ORD000757,Wallet,Success,96192.0,2025-06-04
PAY000758,ORD000758,Credit Card,Success,95600.0,2025-06-30
PAY000759,ORD000759,UPI,Refunded,23738.4,2025-05-26
PAY000760,ORD000760,Cash on Delivery,Success,47630.3,2025-01-22
PAY000761,ORD000761,Cash on Delivery,Success,28069.6,2025-04-13
PAY000762,ORD000762,Net Banking,Success,246357.6,2025-03-10
PAY000763,ORD000763,Net Banking,Success,76984.2,2025-05-04
PAY000764,ORD000764,Net Banking,Success,121746.3,2025-05-30
PAY000765,ORD000765,Cash on Delivery,Success,40023.35,2025-02-04
PAY000766,ORD000766,Net Banking,Refunded,107735.0,2025-06-22
PAY000767,ORD000767,Debit Card,Success,10037.7,2025-05-03
PAY000768,ORD000768,Wallet,Success,140016.5,2025-04-12
PAY000769,ORD000769,Cash on Delivery,Success,74142.1,2025-02-11
PAY000770,ORD000770,Net Banking,Success,113644.7,2025-05-27
PAY000771,ORD000771,Wallet,Success,278505.0,2025-01-04
PAY000772,ORD000772,Cash on Delivery,Success,214768.9,2025-05-30
PAY000773,ORD000773,Cash on Delivery,Success,121269.0,2025-05-11
PAY000774,ORD000774,Cash on Delivery,Success,58665.6,2025-03-09
PAY000775,ORD000775,Net Banking,Success,67391.7,2025-03-25
PAY000776,ORD000776,Debit Card,Success,30224.65,2025-03-03
PAY000777,ORD000777,Cash on Delivery,Failed,164117.1,2025-05-06
PAY000778,ORD000778,Cash on Delivery,Success,184218.7,2025-06-29
PAY000779,ORD000779,Credit Card,Success,41269.2,2025-06-30
PAY000780,ORD000780,Cash on Delivery,Success,147947.75,2025-02-04
PAY000781,ORD000781,Wallet,Success,209276.65,2025-05-11
PAY000782,ORD000782,Cash on Delivery,Success,108886.2,2025-02-18
PAY000783,ORD000783,Debit Card,Success,50295.3,2025-05-04
PAY000784,ORD000784,UPI,Success,139180.3,2025-06-06
PAY000785,ORD000785,Net Banking,Success,11173.6,2025-05-01
PAY000786,ORD000786,Credit Card,Success,108363.45,2025-01-15
PAY000787,ORD000787,Wallet,Success,127383.0,2025-05-26
PAY000788,ORD000788,Wallet,Success,71650.95,2025-02-02
PAY000789,ORD000789,Wallet,Success,103513.0,2025-02-07
PAY000790,ORD000790,Wallet,Success,83897.8,2025-05-06
PAY000791,ORD000791,Credit Card,Success,202036.6,2025-02-20
PAY000792,ORD000792,Cash on Delivery,Success,178058.4,2025-06-21
PAY000793,ORD000793,UPI,Success,72392.7,2025-06-30
PAY000794,ORD000794,Credit Card,Success,71557.8,2025-04-12
PAY000795,ORD000795,Credit Card,Success,131256.6,2025-04-29
PAY000796,ORD000796,Credit Card,Success,85053.6,2025-03-18
PAY000797,ORD000797,Wallet,Success,209644.6,2025-02-23
PAY000798,ORD000798,Credit Card,Success,27453.1,2025-01-23
PAY000799,ORD000799,Wallet,Failed,116159.1,2025-06-15
PAY000800,ORD000800,Debit Card,Success,100283.85,2025-03-13
PAY000801,ORD000801,UPI,Success,61264.3,2025-06-14
PAY000802,ORD000802,Net Banking,Success,140676.0,2025-05-30
PAY000803,ORD000803,Cash on Delivery,Success,230203.45,2025-05-03
PAY000804,ORD000804,Credit Card,Success,18226.4,2025-06-12
PAY000805,ORD000805,Cash on Delivery,Success,162547.45,2025-04-16
PAY000806,ORD000806,Debit Card,Success,165065.4,2025-03-24
PAY000807,ORD000807,Cash on Delivery,Success,117739.9,2025-02-16
PAY000808,ORD000808,Debit Card,Refunded,170566.6,2025-02-19
PAY000809,ORD000809,Cash on Delivery,Success,108332.35,2025-01-13
PAY000810,ORD000810,Credit Card,Success,91237.0,2025-04-03
PAY000811,ORD000811,Wallet,Success,61954.35,2025-03-03
PAY000812,ORD000812,UPI,Success,81045.4,2025-03-31
PAY000813,ORD000813,Wallet,Success,139529.5,2025-04-09
PAY000814,ORD000814,Cash on Delivery,Success,38114.4,2025-01-12
PAY000815,ORD000815,Cash on Delivery,Success,206952.0,2025-04-24
PAY000816,ORD000816,UPI,Success,83254.8,2025-04-01
PAY000817,ORD000817,Cash on Delivery,Success,269008.0,2025-02-16
PAY000818,ORD000818,Debit Card,Success,142778.45,2025-05-21
PAY000819,ORD000819,Wallet,Success,162999.4,2025-05-31
PAY000820,ORD000820,Wallet,Success,181306.5,2025-05-09
PAY000821,ORD000821,UPI,Success,104883.7,2025-04-30
PAY000822,ORD000822,Credit Card,Success,191188.95,2025-01-28
PAY000823,ORD000823,Net Banking,Success,90657.3,2025-04-14
PAY000824,ORD000824,Debit Card,Success,8088.0,2025-03-24
PAY000825,ORD000825,UPI,Success,4867.2,2025-05-15
PAY000826,ORD000826,Cash on Delivery,Success,249051.0,2025-03-17
PAY000827,ORD000827,Debit Card,Success,19536.0,2025-04-11
PAY000828,ORD000828,Credit Card,Success,25474.05,2025-05-07
PAY000829,ORD000829,UPI,Success,105276.75,2025-04-12
PAY000830,ORD000830,Debit Card,Success,39187.8,2025-06-22
PAY000831,ORD000831,UPI,Success,205659.3,2025-05-28
PAY000832,ORD000832,Credit Card,Success,171996.3,2025-06-22
PAY000833,ORD000833,Wallet,Success,132534.0,2025-03-28
PAY000834,ORD000834,Debit Card,Success,80876.0,2025-06-03
PAY000835,ORD000835,Wallet,Success,49236.0,2025-04-01
PAY000836,ORD000836,Debit Card,Success,105936.4,2025-03-31
PAY000837,ORD000837,UPI,Success,129981.05,2025-02-06
PAY000838,ORD000838,Net Banking,Success,38092.65,2025-05-11
PAY000839,ORD000839,Debit Card,Success,74931.4,2025-03-21
PAY000840,ORD000840,Credit Card,Success,83018.8,2025-03-14
PAY000841,ORD000841,UPI,Success,223526.85,2025-03-16
PAY000842,ORD000842,Net Banking,Success,86878.4,2025-01-13
PAY000843,ORD000843,Credit Card,Success,48897.0,2025-06-03
PAY000844,ORD000844,Credit Card,Success,230935.8,2025-04-17
PAY000845,ORD000845,Cash on Delivery,Success,19490.5,2025-06-15
PAY000846,ORD000846,Cash on Delivery,Success,137274.2,2025-02-28
PAY000847,ORD000847,Cash on Delivery,Success,190531.5,2025-06-26
PAY000848,ORD000848,Wallet,Success,36948.1,2025-04-28
PAY000849,ORD000849,Net Banking,Success,195509.05,2025-04-25
PAY000850,ORD000850,Credit Card,Success,63451.2,2025-02-18
PAY000851,ORD000851,Cash on Delivery,Success,52092.8,2025-04-11
PAY000852,ORD000852,Net Banking,Success,9057.5,2025-06-18
PAY000853,ORD000853,UPI,Success,132436.0,2025-06-23
PAY000854,ORD000854,Net Banking,Success,197207.7,2025-03-29
PAY000855,ORD000855,Credit Card,Success,155455.2,2025-04-07
PAY000856,ORD000856,Debit Card,Success,184563.45,2025-06-27
PAY000857,ORD000857,Cash on Delivery,Success,119133.0,2025-06-25
PAY000858,ORD000858,Cash on Delivery,Refunded,33903.6,2025-01-15
PAY000859,ORD000859,Cash on Delivery,Success,135936.25,2025-04-28
PAY000860,ORD000860,Credit Card,Success,5454.9,2025-02-22
PAY000861,ORD000861,Net Banking,Success,103267.8,2025-06-20
PAY000862,ORD000862,UPI,Failed,80781.6,2025-05-04
PAY000863,ORD000863,Debit Card,Failed,95652.5,2025-06-28
PAY000864,ORD000864,Net Banking,Success,130417.2,2025-02-12
PAY000865,ORD000865,Wallet,Failed,150870.2,2025-02-21
PAY000866,ORD000866,Wallet,Success,86229.6,2025-01-27
PAY000867,ORD000867,Net Banking,Success,101457.6,2025-06-26
PAY000868,ORD000868,Wallet,Success,98704.0,2025-01-25
PAY000869,ORD000869,Net Banking,Success,31427.0,2025-02-06
PAY000870,ORD000870,UPI,Success,77765.05,2025-02-04
PAY000871,ORD000871,Credit Card,Success,148411.85,2025-03-27
PAY000872,ORD000872,Credit Card,Success,232618.7,2025-02-22
PAY000873,ORD000873,Wallet,Success,76575.0,2025-05-20
PAY000874,ORD000874,Credit Card,Success,297347.25,2025-01-21
PAY000875,ORD000875,UPI,Success,76385.8,2025-04-14
PAY000876,ORD000876,Net Banking,Success,117221.55,2025-01-04
PAY000877,ORD000877,UPI,Refunded,125308.0,2025-02-02
PAY000878,ORD000878,UPI,Success,1170.45,2025-02-26
PAY000879,ORD000879,Net Banking,Failed,2028.0,2025-05-27
PAY000880,ORD000880,Net Banking,Success,141274.2,2025-04-10
PAY000881,ORD000881,Cash on Delivery,Success,94611.9,2025-05-15
PAY000882,ORD000882,Cash on Delivery,Success,200969.1,2025-01-16
PAY000883,ORD000883,UPI,Success,108323.95,2025-05-06
PAY000884,ORD000884,Net Banking,Success,286238.25,2025-06-05
PAY000885,ORD000885,Cash on Delivery,Success,54302.4,2025-06-21
PAY000886,ORD000886,UPI,Success,29254.4,2025-05-18
PAY000887,ORD000887,Cash on Delivery,Success,94051.65,2025-01-14
PAY000888,ORD000888,Debit Card,Success,46764.4,2025-01-25
PAY000889,ORD000889,Debit Card,Failed,208277.3,2025-04-30
PAY000890,ORD000890,Cash on Delivery,Failed,162955.8,2025-03-07
PAY000891,ORD000891,Debit Card,Success,47222.6,2025-01-21
PAY000892,ORD000892,UPI,Success,67576.0,2025-05-08
PAY000893,ORD000893,Cash on Delivery,Success,88768.1,2025-03-22
PAY000894,ORD000894,Cash on Delivery,Success,147271.4,2025-03-23
PAY000895,ORD000895,Debit Card,Success,41752.0,2025-03-14
PAY000896,ORD000896,Credit Card,Success,60008.2,2025-01-19
PAY000897,ORD000897,Net Banking,Failed,4482.1,2025-02-19
PAY000898,ORD000898,Debit Card,Success,136467.4,2025-06-25
PAY000899,ORD000899,Cash on Delivery,Success,35150.4,2025-06-04
PAY000900,ORD000900,UPI,Success,87425.1,2025-03-28
PAY000901,ORD000901,Net Banking,Success,195061.45,2025-03-28
PAY000902,ORD000902,Net Banking,Success,1850.0,2025-05-24
PAY000903,ORD000903,Credit Card,Success,43676.8,2025-05-05
PAY000904,ORD000904,Credit Card,Success,123931.85,2025-04-19
PAY000905,ORD000905,Net Banking,Success,88330.0,2025-06-24
PAY000906,ORD000906,Debit Card,Success,20565.6,2025-02-18
PAY000907,ORD000907,UPI,Refunded,3717.9,2025-01-18
PAY000908,ORD000908,Credit Card,Success,164456.7,2025-04-01
PAY000909,ORD000909,UPI,Success,52650.9,2025-04-21
PAY000910,ORD000910,Net Banking,Success,174846.15,2025-05-11
PAY000911,ORD000911,Net Banking,Success,15555.0,2025-06-22
PAY000912,ORD000912,UPI,Success,2928.0,2025-03-13
PAY000913,ORD000913,Cash on Delivery,Success,60299.2,2025-04-10
PAY000914,ORD000914,Cash on Delivery,Failed,137359.55,2025-03-20
PAY000915,ORD000915,Net Banking,Success,38736.0,2025-06-18
PAY000916,ORD000916,Net Banking,Success,97899.45,2025-01-31
PAY000917,ORD000917,Wallet,Success,87396.0,2025-04-13
PAY000918,ORD000918,UPI,Failed,40004.5,2025-06-12
PAY000919,ORD000919,Credit Card,Success,159513.6,2025-05-07
PAY000920,ORD000920,Cash on Delivery,Success,3136.8,2025-03-13
PAY000921,ORD000921,Credit Card,Success,13353.3,2025-02-04
PAY000922,ORD000922,Cash on Delivery,Refunded,53862.3,2025-03-28
PAY000923,ORD000923,Debit Card,Success,127173.4,2025-05-08
PAY000924,ORD000924,Wallet,Success,36028.1,2025-05-02
PAY000925,ORD000925,Credit Card,Success,158416.2,2025-02-21
PAY000926,ORD000926,UPI,Success,175476.0,2025-04-14
PAY000927,ORD000927,Debit Card,Success,78650.4,2025-05-17
PAY000928,ORD000928,UPI,Success,148013.45,2025-03-27
PAY000929,ORD000929,Debit Card,Success,9910.15,2025-03-19
PAY000930,ORD000930,Net Banking,Success,188839.9,2025-02-03
PAY000931,ORD000931,UPI,Success,77515.2,2025-04-27
PAY000932,ORD000932,Wallet,Success,26783.7,2025-03-04
PAY000933,ORD000933,Net Banking,Refunded,111860.3,2025-06-18
PAY000934,ORD000934,Wallet,Success,45145.8,2025-04-19
PAY000935,ORD000935,Credit Card,Success,129340.8,2025-03-19
PAY000936,ORD000936,Net Banking,Success,35944.8,2025-04-25
PAY000937,ORD000937,Cash on Delivery,Failed,9420.8,2025-04-28
PAY000938,ORD000938,Credit Card,Success,158114.7,2025-05-19
PAY000939,ORD000939,Debit Card,Success,167995.7,2025-05-26
PAY000940,ORD000940,Credit Card,Success,46432.0,2025-06-30
PAY000941,ORD000941,Cash on Delivery,Success,17768.8,2025-06-11
PAY000942,ORD000942,Debit Card,Success,85326.0,2025-01-04
PAY000943,ORD000943,Cash on Delivery,Success,70986.0,2025-01-23
PAY000944,ORD000944,Net Banking,Success,198395.8,2025-01-27
PAY000945,ORD000945,Cash on Delivery,Success,66861.6,2025-01-15
PAY000946,ORD000946,Debit Card,Success,70038.3,2025-01-21
PAY000947,ORD000947,Net Banking,Success,33252.0,2025-03-21
PAY000948,ORD000948,Net Banking,Refunded,134775.0,2025-02-09
PAY000949,ORD000949,Credit Card,Success,84215.45,2025-01-01
PAY000950,ORD000950,UPI,Success,41085.6,2025-06-14
PAY000951,ORD000951,UPI,Success,109820.85,2025-06-25
PAY000952,ORD000952,Debit Card,Success,111283.4,2025-06-22
PAY000953,ORD000953,Wallet,Success,166107.15,2025-06-01
PAY000954,ORD000954,Wallet,Success,25005.3,2025-04-23
PAY000955,ORD000955,UPI,Success,43475.4,2025-06-15
PAY000956,ORD000956,UPI,Refunded,237411.65,2025-06-12
PAY000957,ORD000957,Net Banking,Success,219785.3,2025-02-22
PAY000958,ORD000958,Wallet,Success,155117.95,2025-01-25
PAY000959,ORD000959,Cash on Delivery,Success,115177.7,2025-04-26
PAY000960,ORD000960,Credit Card,Success,203596.5,2025-03-17
PAY000961,ORD000961,Net Banking,Success,209501.0,2025-03-09
PAY000962,ORD000962,Debit Card,Success,144414.0,2025-06-03
PAY000963,ORD000963,UPI,Success,202815.2,2025-01-12
PAY000964,ORD000964,Wallet,Success,242096.0,2025-06-18
PAY000965,ORD000965,Wallet,Success,156614.25,2025-03-22
PAY000966,ORD000966,Cash on Delivery,Success,51774.25,2025-04-09
PAY000967,ORD000967,Credit Card,Success,137117.2,2025-03-20
PAY000968,ORD000968,Wallet,Success,198749.4,2025-06-08
PAY000969,ORD000969,UPI,Success,226019.95,2025-01-13
PAY000970,ORD000970,Cash on Delivery,Success,255755.3,2025-03-14
PAY000971,ORD000971,UPI,Success,164782.55,2025-03-13
PAY000972,ORD000972,Credit Card,Success,164358.3,2025-04-04
PAY000973,ORD000973,Wallet,Success,135848.1,2025-04-25
PAY000974,ORD000974,Debit Card,Success,31999.95,2025-05-08
PAY000975,ORD000975,Wallet,Success,149621.25,2025-05-04
PAY000976,ORD000976,Credit Card,Success,45382.0,2025-02-16
PAY000977,ORD000977,Wallet,Success,115236.0,2025-05-20
PAY000978,ORD000978,Cash on Delivery,Success,167134.8,2025-05-08
PAY000979,ORD000979,Credit Card,Success,162485.5,2025-03-22
PAY000980,ORD000980,Net Banking,Failed,113486.3,2025-02-23
PAY000981,ORD000981,Wallet,Success,238877.75,2025-04-30
PAY000982,ORD000982,Debit Card,Success,211364.7,2025-05-19
PAY000983,ORD000983,UPI,Success,40035.0,2025-05-30
PAY000984,ORD000984,UPI,Success,5073.1,2025-04-29
PAY000985,ORD000985,Cash on Delivery,Success,118164.3,2025-04-01
PAY000986,ORD000986,Credit Card,Success,78180.4,2025-02-19
PAY000987,ORD000987,Credit Card,Failed,210121.3,2025-03-05
PAY000988,ORD000988,Credit Card,Success,21410.15,2025-05-26
PAY000989,ORD000989,UPI,Success,96025.2,2025-02-11
PAY000990,ORD000990,Net Banking,Success,75085.2,2025-04-28
PAY000991,ORD000991,Debit Card,Success,58808.7,2025-02-21
PAY000992,ORD000992,Cash on Delivery,Success,96719.8,2025-04-28
PAY000993,ORD000993,Debit Card,Success,212199.7,2025-02-11
PAY000994,ORD000994,Cash on Delivery,Success,147808.7,2025-04-28
PAY000995,ORD000995,Cash on Delivery,Success,248234.05,2025-02-13
PAY000996,ORD000996,UPI,Success,74855.05,2025-05-28
PAY000997,ORD000997,Wallet,Success,144607.8,2025-06-06
PAY000998,ORD000998,Wallet,Success,51884.8,2025-05-02
PAY000999,ORD000999,Credit Card,Success,33653.25,2025-03-13
PAY001000,ORD001000,Debit Card,Success,74582.4,2025-04-28
PAY001001,ORD001001,Cash on Delivery,Success,107255.35,2025-06-21
PAY001002,ORD001002,UPI,Success,48282.05,2025-03-13
PAY001003,ORD001003,Wallet,Success,202396.85,2025-03-27
PAY001004,ORD001004,UPI,Success,10348.25,2025-05-07
PAY001005,ORD001005,Wallet,Success,43342.3,2025-03-23
PAY001006,ORD001006,Credit Card,Success,27275.4,2025-01-23
PAY001007,ORD001007,Debit Card,Success,37010.4,2025-01-28
PAY001008,ORD001008,Wallet,Success,107930.55,2025-02-28
PAY001009,ORD001009,UPI,Success,122060.85,2025-04-14
PAY001010,ORD001010,Net Banking,Success,1728.0,2025-04-01
PAY001011,ORD001011,Debit Card,Success,152282.35,2025-03-29
PAY001012,ORD001012,Wallet,Success,59963.4,2025-03-23
PAY001013,ORD001013,UPI,Success,113503.9,2025-06-22
PAY001014,ORD001014,Net Banking,Success,133477.85,2025-04-23
PAY001015,ORD001015,Debit Card,Success,38995.0,2025-06-25
PAY001016,ORD001016,Net Banking,Success,86657.1,2025-05-07
PAY001017,ORD001017,Debit Card,Success,38489.15,2025-02-22
PAY001018,ORD001018,Net Banking,Success,65777.05,2025-06-15
PAY001019,ORD001019,Debit Card,Success,303445.2,2025-05-06
PAY001020,ORD001020,Credit Card,Success,56101.15,2025-01-25
PAY001021,ORD001021,Cash on Delivery,Success,145753.05,2025-04-16
PAY001022,ORD001022,Wallet,Success,81367.2,2025-02-18
PAY001023,ORD001023,Debit Card,Failed,230693.5,2025-06-28
PAY001024,ORD001024,Credit Card,Success,19687.8,2025-05-29
PAY001025,ORD001025,Wallet,Success,138848.6,2025-05-26
PAY001026,ORD001026,Net Banking,Failed,197830.2,2025-03-05
PAY001027,ORD001027,Wallet,Success,110591.2,2025-02-25
PAY001028,ORD001028,Debit Card,Failed,142253.4,2025-04-06
PAY001029,ORD001029,Credit Card,Success,31243.6,2025-02-06
PAY001030,ORD001030,Wallet,Success,186664.7,2025-03-27
PAY001031,ORD001031,UPI,Success,98370.4,2025-02-25
PAY001032,ORD001032,Debit Card,Success,116462.3,2025-06-29
PAY001033,ORD001033,Debit Card,Success,54705.75,2025-05-31
PAY001034,ORD001034,Credit Card,Success,133977.15,2025-03-25
PAY001035,ORD001035,UPI,Success,58032.65,2025-02-23
PAY001036,ORD001036,Debit Card,Success,18579.2,2025-05-08
PAY001037,ORD001037,UPI,Success,112656.65,2025-06-25
PAY001038,ORD001038,UPI,Success,299749.3,2025-06-22
PAY001039,ORD001039,Credit Card,Failed,239250.1,2025-03-04
PAY001040,ORD001040,UPI,Success,182110.0,2025-06-24
PAY001041,ORD001041,UPI,Success,56407.8,2025-05-09
PAY001042,ORD001042,Cash on Delivery,Success,143343.75,2025-01-26
PAY001043,ORD001043,Cash on Delivery,Success,19498.4,2025-05-18
PAY001044,ORD001044,Net Banking,Success,113448.55,2025-06-24
PAY001045,ORD001045,Credit Card,Success,89377.8,2025-04-13
PAY001046,ORD001046,Credit Card,Success,169247.85,2025-05-28
PAY001047,ORD001047,Cash on Delivery,Success,45694.4,2025-05-21
PAY001048,ORD001048,Cash on Delivery,Success,96913.6,2025-05-04
PAY001049,ORD001049,Wallet,Success,40707.9,2025-05-10
PAY001050,ORD001050,Wallet,Success,181886.75,2025-01-13
PAY001051,ORD001051,Wallet,Success,146051.35,2025-02-23
PAY001052,ORD001052,Credit Card,Success,114118.4,2025-05-11
PAY001053,ORD001053,Credit Card,Refunded,158132.4,2025-03-09
PAY001054,ORD001054,Net Banking,Success,2205.9,2025-05-31
PAY001055,ORD001055,Credit Card,Success,110525.7,2025-05-27
PAY001056,ORD001056,Wallet,Success,82943.65,2025-06-04
PAY001057,ORD001057,Net Banking,Failed,59628.0,2025-01-15
PAY001058,ORD001058,Net Banking,Success,78753.6,2025-04-28
PAY001059,ORD001059,Credit Card,Success,132894.0,2025-02-23
PAY001060,ORD001060,Net Banking,Success,50583.75,2025-03-30
PAY001061,ORD001061,Wallet,Success,197597.4,2025-04-20
PAY001062,ORD001062,Credit Card,Success,54071.4,2025-06-14
PAY001063,ORD001063,UPI,Success,62571.0,2025-02-01
PAY001064,ORD001064,Wallet,Success,5080.6,2025-05-22
PAY001065,ORD001065,Debit Card,Success,58607.4,2025-03-18
PAY001066,ORD001066,Debit Card,Success,52567.25,2025-05-12
PAY001067,ORD001067,Wallet,Success,129716.8,2025-05-08
PAY001068,ORD001068,Cash on Delivery,Success,144545.0,2025-06-10
PAY001069,ORD001069,Credit Card,Success,157491.9,2025-04-03
PAY001070,ORD001070,Cash on Delivery,Success,40454.0,2025-02-05
PAY001071,ORD001071,Net Banking,Success,243587.4,2025-03-25
PAY001072,ORD001072,Wallet,Failed,23432.7,2025-05-23
PAY001073,ORD001073,Wallet,Refunded,33760.8,2025-03-02
PAY001074,ORD001074,Debit Card,Success,24117.0,2025-06-15
PAY001075,ORD001075,UPI,Success,107767.0,2025-04-22
PAY001076,ORD001076,Wallet,Success,292763.7,2025-06-27
PAY001077,ORD001077,Debit Card,Failed,107059.8,2025-05-12
PAY001078,ORD001078,Credit Card,Success,133092.7,2025-05-19
PAY001079,ORD001079,Cash on Delivery,Success,107268.0,2025-01-22
PAY001080,ORD001080,Net Banking,Success,12326.0,2025-05-28
PAY001081,ORD001081,Cash on Delivery,Success,81088.2,2025-01-22
PAY001082,ORD001082,Net Banking,Success,123462.0,2025-01-03
PAY001083,ORD001083,Net Banking,Success,141207.0,2025-01-04
PAY001084,ORD001084,Debit Card,Success,134151.5,2025-04-06
PAY001085,ORD001085,Credit Card,Success,18211.2,2025-01-07
PAY001086,ORD001086,Debit Card,Success,130832.1,2025-02-08
PAY001087,ORD001087,Wallet,Success,250617.2,2025-02-18
PAY001088,ORD001088,Debit Card,Success,88682.2,2025-06-23
PAY001089,ORD001089,Wallet,Success,105042.0,2025-01-10
PAY001090,ORD001090,Credit Card,Success,90456.0,2025-05-05
PAY001091,ORD001091,UPI,Success,21012.2,2025-03-08
PAY001092,ORD001092,Debit Card,Success,177403.1,2025-06-08
PAY001093,ORD001093,Net Banking,Success,37281.0,2025-01-01
PAY001094,ORD001094,Net Banking,Success,205856.2,2025-03-17
PAY001095,ORD001095,Debit Card,Success,77404.2,2025-05-03
PAY001096,ORD001096,UPI,Success,35436.5,2025-01-29
PAY001097,ORD001097,Net Banking,Success,21517.5,2025-04-01
PAY001098,ORD001098,Credit Card,Refunded,235006.95,2025-01-03
PAY001099,ORD001099,Cash on Delivery,Refunded,163117.65,2025-06-11
PAY001100,ORD001100,UPI,Success,126767.2,2025-04-14
PAY001101,ORD001101,Wallet,Failed,113042.55,2025-04-08
PAY001102,ORD001102,Wallet,Failed,59672.55,2025-03-28
PAY001103,ORD001103,Wallet,Success,195367.1,2025-03-09
PAY001104,ORD001104,Debit Card,Success,96768.0,2025-03-08
PAY001105,ORD001105,Wallet,Success,153176.75,2025-06-16
PAY001106,ORD001106,Cash on Delivery,Success,35403.0,2025-01-29
PAY001107,ORD001107,Credit Card,Success,122698.7,2025-03-13
PAY001108,ORD001108,Wallet,Failed,139973.1,2025-01-13
PAY001109,ORD001109,Net Banking,Success,6863.4,2025-03-31
PAY001110,ORD001110,Debit Card,Success,146030.8,2025-05-10
PAY001111,ORD001111,Credit Card,Success,270116.35,2025-01-08
PAY001112,ORD001112,Wallet,Success,34362.9,2025-03-08
PAY001113,ORD001113,Wallet,Success,210246.95,2025-06-09
PAY001114,ORD001114,UPI,Success,46248.0,2025-01-30
PAY001115,ORD001115,Credit Card,Success,13578.4,2025-01-10
PAY001116,ORD001116,Wallet,Failed,205728.55,2025-03-25
PAY001117,ORD001117,Wallet,Success,331513.8,2025-06-24
PAY001118,ORD001118,Credit Card,Success,162403.9,2025-01-10
PAY001119,ORD001119,UPI,Success,55329.9,2025-01-16
PAY001120,ORD001120,Debit Card,Success,145288.7,2025-05-20
PAY001121,ORD001121,Wallet,Success,113110.8,2025-04-09
PAY001122,ORD001122,Wallet,Success,95187.5,2025-03-17
PAY001123,ORD001123,Wallet,Success,163004.55,2025-04-13
PAY001124,ORD001124,Wallet,Success,114883.9,2025-06-13
PAY001125,ORD001125,Wallet,Refunded,179303.2,2025-05-04
PAY001126,ORD001126,UPI,Success,263839.8,2025-02-25
PAY001127,ORD001127,Cash on Delivery,Success,124788.6,2025-02-07
PAY001128,ORD001128,Net Banking,Success,80676.8,2025-06-17
PAY001129,ORD001129,UPI,Success,139319.0,2025-03-20
PAY001130,ORD001130,Cash on Delivery,Success,17448.85,2025-06-05
PAY001131,ORD001131,Cash on Delivery,Success,207371.0,2025-04-30
PAY001132,ORD001132,Cash on Delivery,Success,165067.95,2025-06-04
PAY001133,ORD001133,Debit Card,Failed,86973.4,2025-02-10
PAY001134,ORD001134,Debit Card,Success,179906.1,2025-03-18
PAY001135,ORD001135,Cash on Delivery,Success,38018.8,2025-05-11
PAY001136,ORD001136,Credit Card,Success,69864.8,2025-06-26
PAY001137,ORD001137,Debit Card,Success,15986.4,2025-02-13
PAY001138,ORD001138,Wallet,Success,164438.8,2025-02-11
PAY001139,ORD001139,Cash on Delivery,Success,71568.0,2025-04-11
PAY001140,ORD001140,Debit Card,Success,6874.2,2025-05-16
PAY001141,ORD001141,Debit Card,Success,81609.4,2025-05-18
PAY001142,ORD001142,Cash on Delivery,Failed,230098.8,2025-04-25
PAY001143,ORD001143,Net Banking,Success,2141.15,2025-06-05
PAY001144,ORD001144,Wallet,Success,66377.1,2025-05-04
PAY001145,ORD001145,Wallet,Success,131306.4,2025-04-14
PAY001146,ORD001146,Wallet,Success,188285.0,2025-02-23
PAY001147,ORD001147,Credit Card,Success,192255.2,2025-05-28
PAY001148,ORD001148,Cash on Delivery,Success,52815.45,2025-02-08
PAY001149,ORD001149,Cash on Delivery,Success,28518.05,2025-03-30
PAY001150,ORD001150,Credit Card,Success,44804.7,2025-06-06
PAY001151,ORD001151,Cash on Delivery,Success,178842.0,2025-06-01
PAY001152,ORD001152,Net Banking,Success,48360.0,2025-06-03
PAY001153,ORD001153,UPI,Success,79576.1,2025-03-04
PAY001154,ORD001154,UPI,Success,120721.15,2025-05-02
PAY001155,ORD001155,Credit Card,Failed,59101.35,2025-06-05
PAY001156,ORD001156,UPI,Success,76775.2,2025-02-23
PAY001157,ORD001157,UPI,Failed,61107.8,2025-05-02
PAY001158,ORD001158,UPI,Success,134327.2,2025-03-24
PAY001159,ORD001159,Debit Card,Success,238818.0,2025-03-19
PAY001160,ORD001160,Debit Card,Success,268647.8,2025-03-17
PAY001161,ORD001161,Net Banking,Success,216876.75,2025-01-06
PAY001162,ORD001162,Debit Card,Success,156049.0,2025-03-05
PAY001163,ORD001163,Wallet,Failed,54947.85,2025-05-17
PAY001164,ORD001164,Wallet,Success,139540.3,2025-02-21
PAY001165,ORD001165,Cash on Delivery,Success,166658.9,2025-05-09
PAY001166,ORD001166,Wallet,Success,125958.0,2025-01-02
PAY001167,ORD001167,Net Banking,Success,108711.15,2025-02-10
PAY001168,ORD001168,UPI,Success,10102.0,2025-01-19
PAY001169,ORD001169,Wallet,Success,144889.2,2025-01-13
PAY001170,ORD001170,UPI,Success,258960.1,2025-05-29
PAY001171,ORD001171,UPI,Success,104003.7,2025-03-13
PAY001172,ORD001172,Credit Card,Success,130682.6,2025-06-08
PAY001173,ORD001173,UPI,Success,148653.05,2025-01-18
PAY001174,ORD001174,Debit Card,Success,50712.0,2025-02-12
PAY001175,ORD001175,Debit Card,Success,62655.35,2025-05-08
PAY001176,ORD001176,Credit Card,Success,161259.4,2025-01-06
PAY001177,ORD001177,Credit Card,Success,83850.4,2025-05-16
PAY001178,ORD001178,Net Banking,Success,4975.2,2025-04-12
PAY001179,ORD001179,Credit Card,Success,4238.4,2025-04-20
PAY001180,ORD001180,Credit Card,Success,146818.25,2025-05-13
PAY001181,ORD001181,UPI,Success,87167.2,2025-02-09
PAY001182,ORD001182,UPI,Success,56408.4,2025-01-14
PAY001183,ORD001183,Cash on Delivery,Success,94856.5,2025-01-08
PAY001184,ORD001184,Credit Card,Success,95120.55,2025-02-13
PAY001185,ORD001185,Wallet,Success,79088.0,2025-03-04
PAY001186,ORD001186,Debit Card,Success,45823.2,2025-05-23
PAY001187,ORD001187,Cash on Delivery,Success,117991.9,2025-04-05
PAY001188,ORD001188,Credit Card,Success,1351.8,2025-04-27
PAY001189,ORD001189,Net Banking,Success,169558.5,2025-02-26
PAY001190,ORD001190,UPI,Success,34005.6,2025-06-16
PAY001191,ORD001191,Net Banking,Success,127411.4,2025-02-21
PAY001192,ORD001192,Cash on Delivery,Success,244640.8,2025-04-21
PAY001193,ORD001193,Credit Card,Refunded,159699.3,2025-05-19
PAY001194,ORD001194,Wallet,Success,233201.8,2025-03-28
PAY001195,ORD001195,Debit Card,Success,98713.05,2025-03-01
PAY001196,ORD001196,Cash on Delivery,Success,55391.15,2025-04-06
PAY001197,ORD001197,Net Banking,Success,154362.2,2025-01-07
PAY001198,ORD001198,Cash on Delivery,Success,156340.1,2025-06-03
PAY001199,ORD001199,UPI,Success,45315.2,2025-04-05
PAY001200,ORD001200,Cash on Delivery,Refunded,132886.4,2025-01-24
PAY001201,ORD001201,Credit Card,Failed,77369.4,2025-01-10
PAY001202,ORD001202,Cash on Delivery,Success,113674.45,2025-02-05
PAY001203,ORD001203,Net Banking,Success,45307.6,2025-01-21
PAY001204,ORD001204,Debit Card,Success,203378.5,2025-03-21
PAY001205,ORD001205,Net Banking,Success,88816.75,2025-02-22
PAY001206,ORD001206,Wallet,Success,332691.15,2025-02-17
PAY001207,ORD001207,UPI,Success,28062.0,2025-04-05
PAY001208,ORD001208,Net Banking,Success,7609.6,2025-01-30
PAY001209,ORD001209,Credit Card,Success,160931.6,2025-04-17
PAY001210,ORD001210,Cash on Delivery,Success,109928.65,2025-05-10
PAY001211,ORD001211,Credit Card,Failed,68327.25,2025-05-09
PAY001212,ORD001212,UPI,Success,99652.3,2025-01-01
PAY001213,ORD001213,Net Banking,Success,7968.9,2025-04-27
PAY001214,ORD001214,Credit Card,Success,186330.25,2025-03-30
PAY001215,ORD001215,Net Banking,Success,3591.0,2025-04-19
PAY001216,ORD001216,UPI,Success,55982.2,2025-05-19
PAY001217,ORD001217,Wallet,Success,78024.0,2025-05-13
PAY001218,ORD001218,Cash on Delivery,Success,232863.9,2025-05-18
PAY001219,ORD001219,Debit Card,Success,145811.1,2025-03-29
PAY001220,ORD001220,Net Banking,Failed,63093.6,2025-02-19
PAY001221,ORD001221,Wallet,Success,112520.4,2025-01-30
PAY001222,ORD001222,Cash on Delivery,Success,132332.6,2025-01-19
PAY001223,ORD001223,Wallet,Failed,141550.15,2025-05-20
PAY001224,ORD001224,Cash on Delivery,Success,198712.0,2025-01-25
PAY001225,ORD001225,Net Banking,Success,99864.0,2025-02-09
PAY001226,ORD001226,Credit Card,Success,51562.8,2025-02-10
PAY001227,ORD001227,Debit Card,Success,128083.55,2025-06-28
PAY001228,ORD001228,Net Banking,Success,155800.1,2025-02-07
PAY001229,ORD001229,Credit Card,Success,57258.9,2025-03-25
PAY001230,ORD001230,Credit Card,Success,151222.35,2025-02-21
PAY001231,ORD001231,Credit Card,Success,178413.6,2025-03-22
PAY001232,ORD001232,UPI,Success,297755.1,2025-02-19
PAY001233,ORD001233,Debit Card,Success,4046.0,2025-02-11
PAY001234,ORD001234,Cash on Delivery,Success,6469.5,2025-04-07
PAY001235,ORD001235,Credit Card,Success,56070.2,2025-01-29
PAY001236,ORD001236,UPI,Success,153413.5,2025-06-22
PAY001237,ORD001237,Credit Card,Success,143221.6,2025-03-20
PAY001238,ORD001238,Debit Card,Success,55738.4,2025-02-05
PAY001239,ORD001239,UPI,Success,110961.4,2025-05-05
PAY001240,ORD001240,Wallet,Success,39802.95,2025-04-13
PAY001241,ORD001241,UPI,Success,39111.05,2025-03-13
PAY001242,ORD001242,Debit Card,Success,69448.8,2025-06-02
PAY001243,ORD001243,Cash on Delivery,Success,51244.05,2025-05-11
PAY001244,ORD001244,Credit Card,Success,15112.0,2025-05-26
PAY001245,ORD001245,UPI,Success,62170.0,2025-06-09
PAY001246,ORD001246,Cash on Delivery,Success,165571.2,2025-04-30
PAY001247,ORD001247,Wallet,Success,134619.4,2025-03-03
PAY001248,ORD001248,Net Banking,Failed,108434.2,2025-01-22
PAY001249,ORD001249,Wallet,Success,46069.3,2025-02-28
PAY001250,ORD001250,Debit Card,Success,38783.0,2025-03-08
PAY001251,ORD001251,Net Banking,Success,156683.45,2025-04-09
PAY001252,ORD001252,Net Banking,Success,53364.6,2025-05-08
PAY001253,ORD001253,Cash on Delivery,Success,94457.85,2025-05-01
PAY001254,ORD001254,Credit Card,Success,212796.0,2025-04-13
PAY001255,ORD001255,Cash on Delivery,Success,44793.0,2025-05-17
PAY001256,ORD001256,Debit Card,Success,104839.2,2025-06-12
PAY001257,ORD001257,UPI,Success,271021.25,2025-02-05
PAY001258,ORD001258,Debit Card,Success,1977.95,2025-05-21
PAY001259,ORD001259,Cash on Delivery,Success,50829.9,2025-06-09
PAY001260,ORD001260,Cash on Delivery,Success,38565.1,2025-06-01
PAY001261,ORD001261,Credit Card,Refunded,110530.45,2025-06-08
PAY001262,ORD001262,Debit Card,Success,9593.1,2025-04-21
PAY001263,ORD001263,UPI,Success,79776.9,2025-04-01
PAY001264,ORD001264,Debit Card,Success,77677.1,2025-03-07
PAY001265,ORD001265,Debit Card,Success,154512.4,2025-05-01
PAY001266,ORD001266,Debit Card,Success,76836.0,2025-01-19
PAY001267,ORD001267,Net Banking,Success,140456.4,2025-05-24
PAY001268,ORD001268,Cash on Delivery,Success,170236.3,2025-05-18
PAY001269,ORD001269,Net Banking,Success,138845.8,2025-05-17
PAY001270,ORD001270,Net Banking,Success,235190.6,2025-05-22
PAY001271,ORD001271,Wallet,Success,39929.0,2025-04-07
PAY001272,ORD001272,UPI,Success,68822.4,2025-02-26
PAY001273,ORD001273,Net Banking,Success,17317.8,2025-01-29
PAY001274,ORD001274,Credit Card,Success,172889.55,2025-01-21
PAY001275,ORD001275,Credit Card,Success,276311.6,2025-04-23
PAY001276,ORD001276,UPI,Success,86498.75,2025-03-17
PAY001277,ORD001277,Wallet,Success,257147.2,2025-04-20
PAY001278,ORD001278,Credit Card,Success,140638.95,2025-02-14
PAY001279,ORD001279,Debit Card,Success,117939.6,2025-05-10
PAY001280,ORD001280,Cash on Delivery,Success,272515.7,2025-01-15
PAY001281,ORD001281,UPI,Success,75069.6,2025-01-28
PAY001282,ORD001282,Debit Card,Success,86063.85,2025-04-22
PAY001283,ORD001283,Net Banking,Success,59792.0,2025-06-13
PAY001284,ORD001284,Cash on Delivery,Success,29848.6,2025-04-13
PAY001285,ORD001285,Net Banking,Success,262392.0,2025-01-04
PAY001286,ORD001286,Wallet,Success,17616.0,2025-03-29
PAY001287,ORD001287,Debit Card,Success,144334.45,2025-01-07
PAY001288,ORD001288,Net Banking,Refunded,81429.15,2025-04-18
PAY001289,ORD001289,Cash on Delivery,Success,310412.15,2025-01-25
PAY001290,ORD001290,UPI,Success,154885.0,2025-06-20
PAY001291,ORD001291,Cash on Delivery,Success,54983.9,2025-03-06
PAY001292,ORD001292,Credit Card,Success,45645.3,2025-06-28
PAY001293,ORD001293,Wallet,Success,355993.6,2025-05-15
PAY001294,ORD001294,Credit Card,Success,1364.4,2025-05-30
PAY001295,ORD001295,Cash on Delivery,Success,198458.85,2025-04-19
PAY001296,ORD001296,Credit Card,Success,33877.8,2025-01-04
PAY001297,ORD001297,Credit Card,Success,93702.45,2025-04-04
PAY001298,ORD001298,Cash on Delivery,Success,183241.25,2025-02-05
PAY001299,ORD001299,Cash on Delivery,Success,19663.0,2025-04-16
PAY001300,ORD001300,Credit Card,Success,41051.8,2025-06-28
PAY001301,ORD001301,Cash on Delivery,Success,24162.3,2025-04-13
PAY001302,ORD001302,Wallet,Success,108376.5,2025-06-25
PAY001303,ORD001303,Debit Card,Success,133239.45,2025-02-25
PAY001304,ORD001304,Credit Card,Success,20174.0,2025-05-19
PAY001305,ORD001305,Wallet,Success,76190.7,2025-04-14
PAY001306,ORD001306,Cash on Delivery,Success,145306.85,2025-05-29
PAY001307,ORD001307,Debit Card,Success,228467.95,2025-03-07
PAY001308,ORD001308,Net Banking,Success,21340.8,2025-06-16
PAY001309,ORD001309,Wallet,Success,152282.9,2025-05-04
PAY001310,ORD001310,Net Banking,Success,40770.2,2025-04-14
PAY001311,ORD001311,Debit Card,Success,61064.55,2025-01-11
PAY001312,ORD001312,Wallet,Success,116964.75,2025-04-12
PAY001313,ORD001313,Debit Card,Success,34239.6,2025-06-24
PAY001314,ORD001314,Credit Card,Success,16613.1,2025-01-06
PAY001315,ORD001315,Credit Card,Success,22832.0,2025-02-25
PAY001316,ORD001316,Wallet,Success,264056.9,2025-04-16
PAY001317,ORD001317,Debit Card,Success,137229.35,2025-04-13
PAY001318,ORD001318,Net Banking,Success,8280.0,2025-02-26
PAY001319,ORD001319,Debit Card,Success,41606.75,2025-04-25
PAY001320,ORD001320,Wallet,Success,181842.65,2025-01-23
PAY001321,ORD001321,Cash on Delivery,Success,101302.95,2025-05-23
PAY001322,ORD001322,Wallet,Success,234699.4,2025-03-04
PAY001323,ORD001323,Credit Card,Success,73866.8,2025-02-26
PAY001324,ORD001324,Wallet,Success,33739.3,2025-04-14
PAY001325,ORD001325,UPI,Success,67458.4,2025-03-05
PAY001326,ORD001326,Credit Card,Success,73955.85,2025-06-22
PAY001327,ORD001327,UPI,Success,48418.75,2025-06-06
PAY001328,ORD001328,Net Banking,Success,112543.6,2025-02-19
PAY001329,ORD001329,Debit Card,Success,295214.85,2025-05-07
PAY001330,ORD001330,Wallet,Success,33957.75,2025-06-14
PAY001331,ORD001331,Wallet,Success,81348.6,2025-04-17
PAY001332,ORD001332,Net Banking,Success,40189.75,2025-01-31
PAY001333,ORD001333,UPI,Failed,107085.0,2025-06-14
PAY001334,ORD001334,UPI,Success,214213.95,2025-03-15
PAY001335,ORD001335,Credit Card,Success,19592.5,2025-02-02
PAY001336,ORD001336,Debit Card,Success,89859.75,2025-01-05
PAY001337,ORD001337,Cash on Delivery,Success,103146.8,2025-01-25
PAY001338,ORD001338,Credit Card,Success,130506.7,2025-01-02
PAY001339,ORD001339,Net Banking,Success,103997.6,2025-03-29
PAY001340,ORD001340,Cash on Delivery,Success,169234.1,2025-01-09
PAY001341,ORD001341,Cash on Delivery,Success,137686.9,2025-06-29
PAY001342,ORD001342,Credit Card,Success,194563.9,2025-03-02
PAY001343,ORD001343,Net Banking,Success,74964.6,2025-03-20
PAY001344,ORD001344,Cash on Delivery,Success,127044.45,2025-06-11
PAY001345,ORD001345,UPI,Success,283063.1,2025-05-28
PAY001346,ORD001346,UPI,Success,173947.75,2025-06-05
PAY001347,ORD001347,Net Banking,Success,249353.15,2025-05-02
PAY001348,ORD001348,Wallet,Success,171102.6,2025-02-26
PAY001349,ORD001349,Cash on Delivery,Refunded,70205.75,2025-06-13
PAY001350,ORD001350,Credit Card,Success,22394.65,2025-04-24
PAY001351,ORD001351,UPI,Success,122638.5,2025-02-17
PAY001352,ORD001352,Net Banking,Success,183086.85,2025-01-21
PAY001353,ORD001353,Debit Card,Success,27231.75,2025-01-08
PAY001354,ORD001354,Debit Card,Success,111074.4,2025-05-03
PAY001355,ORD001355,Net Banking,Success,236810.5,2025-01-25
PAY001356,ORD001356,Wallet,Success,132536.4,2025-06-26
PAY001357,ORD001357,Cash on Delivery,Success,164972.75,2025-04-03
PAY001358,ORD001358,Debit Card,Success,93559.85,2025-05-29
PAY001359,ORD001359,Net Banking,Success,106925.95,2025-02-25
PAY001360,ORD001360,Cash on Delivery,Success,57348.0,2025-06-09
PAY001361,ORD001361,Debit Card,Success,58069.8,2025-02-05
PAY001362,ORD001362,UPI,Success,112729.3,2025-03-29
PAY001363,ORD001363,Wallet,Success,109202.45,2025-04-20
PAY001364,ORD001364,Debit Card,Success,87615.0,2025-03-13
PAY001365,ORD001365,UPI,Success,153674.2,2025-01-14
PAY001366,ORD001366,Cash on Delivery,Success,38028.4,2025-06-18
PAY001367,ORD001367,UPI,Success,79340.1,2025-02-16
PAY001368,ORD001368,Wallet,Failed,109543.6,2025-04-07
PAY001369,ORD001369,UPI,Refunded,25484.2,2025-01-17
PAY001370,ORD001370,UPI,Success,32126.4,2025-06-02
PAY001371,ORD001371,UPI,Success,182335.8,2025-03-02
PAY001372,ORD001372,UPI,Success,13938.4,2025-04-26
PAY001373,ORD001373,Net Banking,Success,50225.4,2025-05-28
PAY001374,ORD001374,Debit Card,Success,174421.8,2025-04-03
PAY001375,ORD001375,Debit Card,Success,130546.6,2025-03-09
PAY001376,ORD001376,UPI,Success,146074.85,2025-04-04
PAY001377,ORD001377,Debit Card,Success,36606.8,2025-05-15
PAY001378,ORD001378,Net Banking,Success,18781.45,2025-03-22
PAY001379,ORD001379,Debit Card,Success,180292.05,2025-06-29
PAY001380,ORD001380,Wallet,Success,104439.3,2025-04-19
PAY001381,ORD001381,Cash on Delivery,Success,21109.75,2025-01-03
PAY001382,ORD001382,Cash on Delivery,Success,79740.0,2025-01-16
PAY001383,ORD001383,Net Banking,Success,100749.65,2025-04-12
PAY001384,ORD001384,Net Banking,Success,101905.0,2025-05-05
PAY001385,ORD001385,UPI,Success,54618.3,2025-05-01
PAY001386,ORD001386,UPI,Failed,310552.8,2025-05-07
PAY001387,ORD001387,Cash on Delivery,Success,205008.75,2025-03-30
PAY001388,ORD001388,Cash on Delivery,Success,161110.2,2025-01-19
PAY001389,ORD001389,Net Banking,Success,94733.75,2025-01-18
PAY001390,ORD001390,Credit Card,Success,120384.0,2025-04-05
PAY001391,ORD001391,Credit Card,Success,74258.0,2025-03-24
PAY001392,ORD001392,Cash on Delivery,Success,61920.2,2025-03-09
PAY001393,ORD001393,Credit Card,Success,91132.8,2025-06-12
PAY001394,ORD001394,Cash on Delivery,Success,180799.95,2025-01-18
PAY001395,ORD001395,Credit Card,Success,155783.8,2025-02-13
PAY001396,ORD001396,Debit Card,Success,71909.0,2025-02-19
PAY001397,ORD001397,Credit Card,Success,152898.2,2025-01-27
PAY001398,ORD001398,UPI,Success,228426.45,2025-02-10
PAY001399,ORD001399,UPI,Success,8378.45,2025-02-21
PAY001400,ORD001400,Credit Card,Success,76648.4,2025-06-08
PAY001401,ORD001401,UPI,Success,79468.9,2025-01-14
PAY001402,ORD001402,Debit Card,Success,62957.8,2025-04-10
PAY001403,ORD001403,Debit Card,Success,231845.3,2025-02-10
PAY001404,ORD001404,Cash on Delivery,Success,114076.0,2025-01-14
PAY001405,ORD001405,Cash on Delivery,Success,56509.6,2025-04-08
PAY001406,ORD001406,Cash on Delivery,Success,128064.9,2025-03-04
PAY001407,ORD001407,Debit Card,Success,89592.6,2025-02-23
PAY001408,ORD001408,Credit Card,Success,66496.8,2025-03-16
PAY001409,ORD001409,Wallet,Success,202077.6,2025-03-30
PAY001410,ORD001410,Net Banking,Success,13472.9,2025-01-27
PAY001411,ORD001411,Wallet,Success,89781.6,2025-01-20
PAY001412,ORD001412,Cash on Delivery,Success,10841.4,2025-02-02
PAY001413,ORD001413,Credit Card,Success,163846.0,2025-06-19
PAY001414,ORD001414,UPI,Success,181844.0,2025-03-21
PAY001415,ORD001415,Net Banking,Success,174239.5,2025-03-23
PAY001416,ORD001416,Credit Card,Success,19996.9,2025-03-21
PAY001417,ORD001417,Cash on Delivery,Success,67851.85,2025-06-14
PAY001418,ORD001418,Debit Card,Success,239027.0,2025-05-03
PAY001419,ORD001419,Wallet,Success,213646.7,2025-06-18
PAY001420,ORD001420,Debit Card,Success,140264.8,2025-01-19
PAY001421,ORD001421,Cash on Delivery,Success,78897.6,2025-01-11
PAY001422,ORD001422,Credit Card,Success,5431.2,2025-03-27
PAY001423,ORD001423,Net Banking,Success,160900.6,2025-01-16
PAY001424,ORD001424,Cash on Delivery,Success,120178.7,2025-01-14
PAY001425,ORD001425,Debit Card,Success,21913.0,2025-01-02
PAY001426,ORD001426,Debit Card,Refunded,153633.25,2025-04-13
PAY001427,ORD001427,Credit Card,Success,155347.35,2025-02-09
PAY001428,ORD001428,Debit Card,Success,40101.3,2025-06-02
PAY001429,ORD001429,Net Banking,Failed,218828.1,2025-03-07
PAY001430,ORD001430,Net Banking,Success,16473.0,2025-03-16
PAY001431,ORD001431,Net Banking,Success,23182.4,2025-06-11
PAY001432,ORD001432,Net Banking,Success,103918.5,2025-03-03
PAY001433,ORD001433,Debit Card,Success,73980.25,2025-03-13
PAY001434,ORD001434,UPI,Success,225988.75,2025-01-02
PAY001435,ORD001435,UPI,Success,65084.0,2025-01-09
PAY001436,ORD001436,Credit Card,Success,108125.3,2025-04-24
PAY001437,ORD001437,Net Banking,Success,235376.2,2025-03-23
PAY001438,ORD001438,Credit Card,Success,165550.5,2025-06-05
PAY001439,ORD001439,Wallet,Success,17871.3,2025-03-05
PAY001440,ORD001440,Wallet,Success,270618.0,2025-04-23
PAY001441,ORD001441,Cash on Delivery,Success,13113.05,2025-01-07
PAY001442,ORD001442,Wallet,Success,205308.7,2025-05-22
PAY001443,ORD001443,UPI,Success,208296.15,2025-05-18
PAY001444,ORD001444,Cash on Delivery,Success,110270.2,2025-05-19
PAY001445,ORD001445,Cash on Delivery,Success,38583.3,2025-05-26
PAY001446,ORD001446,UPI,Success,17560.0,2025-02-19
PAY001447,ORD001447,Net Banking,Success,106172.95,2025-05-16
PAY001448,ORD001448,UPI,Success,184344.6,2025-01-04
PAY001449,ORD001449,UPI,Success,4075.2,2025-03-08
PAY001450,ORD001450,Net Banking,Success,26156.2,2025-04-27
PAY001451,ORD001451,Debit Card,Success,241239.2,2025-04-22
PAY001452,ORD001452,Credit Card,Success,13725.0,2025-06-12
PAY001453,ORD001453,UPI,Refunded,117576.1,2025-03-21
PAY001454,ORD001454,Debit Card,Success,107826.15,2025-03-10
PAY001455,ORD001455,Debit Card,Success,123605.85,2025-01-05
PAY001456,ORD001456,Credit Card,Success,41389.1,2025-01-26
PAY001457,ORD001457,Wallet,Success,246414.9,2025-04-16
PAY001458,ORD001458,Wallet,Success,14647.0,2025-04-12
PAY001459,ORD001459,Wallet,Success,49372.8,2025-01-29
PAY001460,ORD001460,Cash on Delivery,Success,105069.35,2025-05-21
PAY001461,ORD001461,Net Banking,Success,177893.1,2025-05-09
PAY001462,ORD001462,Wallet,Success,27899.25,2025-06-16
PAY001463,ORD001463,Debit Card,Success,49932.8,2025-04-22
PAY001464,ORD001464,UPI,Success,118177.4,2025-06-14
PAY001465,ORD001465,Wallet,Success,63941.55,2025-04-28
PAY001466,ORD001466,Debit Card,Success,135999.2,2025-03-19
PAY001467,ORD001467,Debit Card,Success,161100.0,2025-02-04
PAY001468,ORD001468,Credit Card,Success,41133.8,2025-01-08
PAY001469,ORD001469,Credit Card,Success,6621.6,2025-03-07
PAY001470,ORD001470,Credit Card,Success,119584.8,2025-01-22
PAY001471,ORD001471,Debit Card,Success,136874.05,2025-03-19
PAY001472,ORD001472,Wallet,Success,91874.75,2025-01-11
PAY001473,ORD001473,Wallet,Failed,160088.3,2025-05-03
PAY001474,ORD001474,UPI,Failed,141761.6,2025-03-22
PAY001475,ORD001475,Net Banking,Success,66024.6,2025-06-25
PAY001476,ORD001476,Debit Card,Success,56808.0,2025-06-11
PAY001477,ORD001477,Cash on Delivery,Success,200485.65,2025-02-02
PAY001478,ORD001478,Cash on Delivery,Success,222283.0,2025-04-13
PAY001479,ORD001479,Credit Card,Success,113668.0,2025-04-15
PAY001480,ORD001480,Credit Card,Refunded,31885.1,2025-06-24
PAY001481,ORD001481,Cash on Delivery,Refunded,171129.0,2025-05-25
PAY001482,ORD001482,Credit Card,Success,34031.8,2025-03-03
PAY001483,ORD001483,Debit Card,Success,157696.6,2025-01-14
PAY001484,ORD001484,Wallet,Success,127518.3,2025-02-25
PAY001485,ORD001485,Wallet,Success,120748.8,2025-01-31
PAY001486,ORD001486,Debit Card,Success,11535.0,2025-05-23
PAY001487,ORD001487,Wallet,Success,143983.5,2025-04-05
PAY001488,ORD001488,UPI,Success,30112.2,2025-06-17
PAY001489,ORD001489,Debit Card,Success,56707.2,2025-06-25
PAY001490,ORD001490,Wallet,Success,67243.5,2025-01-08
PAY001491,ORD001491,Net Banking,Success,101076.25,2025-01-19
PAY001492,ORD001492,Debit Card,Success,85718.8,2025-01-08
PAY001493,ORD001493,Wallet,Success,105440.5,2025-06-03
PAY001494,ORD001494,Debit Card,Success,147321.6,2025-03-31
PAY001495,ORD001495,Net Banking,Success,62680.5,2025-05-19
PAY001496,ORD001496,UPI,Success,82610.1,2025-06-13
PAY001497,ORD001497,Wallet,Success,136158.6,2025-03-24
PAY001498,ORD001498,Wallet,Success,78459.1,2025-06-10
PAY001499,ORD001499,Net Banking,Success,124629.0,2025-01-08
PAY001500,ORD001500,Debit Card,Success,42407.45,2025-05-21
PAY001501,ORD001501,Net Banking,Success,42645.5,2025-02-19
PAY001502,ORD001502,Credit Card,Success,256721.8,2025-01-24
PAY001503,ORD001503,Wallet,Success,115448.3,2025-02-14
PAY001504,ORD001504,Cash on Delivery,Success,21194.0,2025-04-08
PAY001505,ORD001505,Net Banking,Success,114147.2,2025-02-01
PAY001506,ORD001506,Credit Card,Success,187057.25,2025-02-03
PAY001507,ORD001507,Net Banking,Success,227365.9,2025-04-02
PAY001508,ORD001508,Cash on Delivery,Refunded,33607.2,2025-06-12
PAY001509,ORD001509,Credit Card,Success,230374.65,2025-01-22
PAY001510,ORD001510,Net Banking,Success,248479.3,2025-06-14
PAY001511,ORD001511,Cash on Delivery,Success,34877.2,2025-02-12
PAY001512,ORD001512,Wallet,Success,15573.7,2025-05-23
PAY001513,ORD001513,Credit Card,Success,129917.75,2025-04-13
PAY001514,ORD001514,Wallet,Success,100124.7,2025-05-16
PAY001515,ORD001515,UPI,Success,127856.7,2025-02-26
PAY001516,ORD001516,Credit Card,Success,126119.7,2025-06-30
PAY001517,ORD001517,Credit Card,Success,70455.4,2025-03-29
PAY001518,ORD001518,UPI,Success,28809.6,2025-06-23
PAY001519,ORD001519,UPI,Success,108354.15,2025-05-26
PAY001520,ORD001520,UPI,Success,51675.0,2025-05-18
PAY001521,ORD001521,Net Banking,Success,208353.5,2025-05-07
PAY001522,ORD001522,Debit Card,Success,83198.95,2025-02-24
PAY001523,ORD001523,Cash on Delivery,Success,39285.3,2025-04-25
PAY001524,ORD001524,Debit Card,Success,73038.05,2025-06-24
PAY001525,ORD001525,Wallet,Success,138361.65,2025-04-21
PAY001526,ORD001526,Cash on Delivery,Success,100485.6,2025-03-24
PAY001527,ORD001527,UPI,Success,129095.7,2025-01-06
PAY001528,ORD001528,Debit Card,Success,36626.3,2025-03-12
PAY001529,ORD001529,Cash on Delivery,Success,200753.85,2025-01-10
PAY001530,ORD001530,Cash on Delivery,Success,42834.55,2025-06-14
PAY001531,ORD001531,Debit Card,Success,99433.7,2025-02-14
PAY001532,ORD001532,Debit Card,Success,56425.8,2025-01-12
PAY001533,ORD001533,Net Banking,Success,52324.2,2025-01-03
PAY001534,ORD001534,Wallet,Success,9133.25,2025-04-19
PAY001535,ORD001535,Wallet,Success,154206.8,2025-05-09
PAY001536,ORD001536,Debit Card,Success,141929.4,2025-06-13
PAY001537,ORD001537,Net Banking,Failed,93815.0,2025-06-11
PAY001538,ORD001538,Wallet,Success,108306.8,2025-04-24
PAY001539,ORD001539,UPI,Success,146694.45,2025-06-29
PAY001540,ORD001540,Cash on Delivery,Success,18373.6,2025-05-14
PAY001541,ORD001541,Cash on Delivery,Success,94684.1,2025-05-20
PAY001542,ORD001542,UPI,Success,257680.05,2025-05-12
PAY001543,ORD001543,Debit Card,Success,114791.4,2025-05-01
PAY001544,ORD001544,Credit Card,Success,54053.6,2025-01-31
PAY001545,ORD001545,Credit Card,Success,64687.35,2025-04-16
PAY001546,ORD001546,Credit Card,Success,4166.4,2025-02-22
PAY001547,ORD001547,Net Banking,Failed,32676.8,2025-06-24
PAY001548,ORD001548,Debit Card,Success,13552.4,2025-05-10
PAY001549,ORD001549,Net Banking,Success,49967.8,2025-05-25
PAY001550,ORD001550,Net Banking,Success,18575.35,2025-04-14
PAY001551,ORD001551,Cash on Delivery,Success,41968.6,2025-05-09
PAY001552,ORD001552,Debit Card,Failed,133611.2,2025-05-12
PAY001553,ORD001553,Debit Card,Success,141930.75,2025-02-19
PAY001554,ORD001554,Credit Card,Success,128274.9,2025-03-07
PAY001555,ORD001555,Cash on Delivery,Success,22424.7,2025-02-26
PAY001556,ORD001556,UPI,Success,51556.0,2025-06-12
PAY001557,ORD001557,Net Banking,Success,195763.2,2025-06-15
PAY001558,ORD001558,Net Banking,Success,115040.8,2025-02-03
PAY001559,ORD001559,Wallet,Success,60904.0,2025-04-05
PAY001560,ORD001560,Credit Card,Success,35277.55,2025-02-14
PAY001561,ORD001561,Cash on Delivery,Success,167206.6,2025-04-25
PAY001562,ORD001562,Net Banking,Success,158283.15,2025-06-23
PAY001563,ORD001563,Cash on Delivery,Success,96450.0,2025-06-22
PAY001564,ORD001564,Net Banking,Success,5457.0,2025-04-15
PAY001565,ORD001565,Net Banking,Success,42967.8,2025-02-12
PAY001566,ORD001566,Debit Card,Success,18823.0,2025-04-02
PAY001567,ORD001567,UPI,Refunded,220529.4,2025-03-27
PAY001568,ORD001568,Cash on Delivery,Success,145041.55,2025-06-19
PAY001569,ORD001569,Debit Card,Success,91484.8,2025-05-09
PAY001570,ORD001570,Net Banking,Success,176198.9,2025-06-02
PAY001571,ORD001571,UPI,Success,18080.4,2025-01-31
PAY001572,ORD001572,Debit Card,Success,37806.0,2025-06-28
PAY001573,ORD001573,Net Banking,Success,103873.7,2025-06-08
PAY001574,ORD001574,Debit Card,Success,181047.8,2025-04-12
PAY001575,ORD001575,Net Banking,Success,8092.0,2025-02-22
PAY001576,ORD001576,Net Banking,Success,265467.25,2025-05-17
PAY001577,ORD001577,Cash on Delivery,Success,77188.8,2025-02-20
PAY001578,ORD001578,Credit Card,Success,183692.55,2025-04-22
PAY001579,ORD001579,Net Banking,Success,181375.0,2025-01-19
PAY001580,ORD001580,Cash on Delivery,Success,55330.2,2025-06-04
PAY001581,ORD001581,Debit Card,Success,157953.45,2025-05-31
PAY001582,ORD001582,Debit Card,Success,129050.3,2025-01-12
PAY001583,ORD001583,Net Banking,Success,187041.7,2025-06-23
PAY001584,ORD001584,Credit Card,Success,27118.55,2025-04-23
PAY001585,ORD001585,Net Banking,Failed,21348.4,2025-04-01
PAY001586,ORD001586,Net Banking,Success,196274.3,2025-05-16
PAY001587,ORD001587,Cash on Delivery,Success,132839.5,2025-06-04
PAY001588,ORD001588,Wallet,Success,92495.05,2025-01-18
PAY001589,ORD001589,Net Banking,Success,147993.3,2025-01-27
PAY001590,ORD001590,Net Banking,Success,264885.0,2025-04-22
PAY001591,ORD001591,UPI,Success,20547.9,2025-04-23
PAY001592,ORD001592,Net Banking,Success,4017.0,2025-01-22
PAY001593,ORD001593,UPI,Success,74319.15,2025-06-12
PAY001594,ORD001594,UPI,Success,57130.2,2025-03-10
PAY001595,ORD001595,Debit Card,Success,17293.8,2025-02-01
PAY001596,ORD001596,Debit Card,Success,81469.9,2025-03-16
PAY001597,ORD001597,Wallet,Success,51250.6,2025-03-01
PAY001598,ORD001598,Debit Card,Success,81790.4,2025-02-20
PAY001599,ORD001599,Cash on Delivery,Failed,245535.6,2025-03-26
PAY001600,ORD001600,UPI,Success,114288.9,2025-03-15
PAY001601,ORD001601,Cash on Delivery,Success,11038.1,2025-02-17
PAY001602,ORD001602,Cash on Delivery,Success,173340.7,2025-06-26
PAY001603,ORD001603,Credit Card,Success,111516.0,2025-02-22
PAY001604,ORD001604,Net Banking,Success,150251.7,2025-01-14
PAY001605,ORD001605,Wallet,Success,68766.4,2025-02-19
PAY001606,ORD001606,Credit Card,Success,88447.45,2025-06-29
PAY001607,ORD001607,UPI,Success,23612.4,2025-02-05
PAY001608,ORD001608,Cash on Delivery,Success,44460.7,2025-04-21
PAY001609,ORD001609,Net Banking,Success,171759.6,2025-06-28
PAY001610,ORD001610,Cash on Delivery,Success,27936.9,2025-05-19
PAY001611,ORD001611,UPI,Success,126679.8,2025-03-24
PAY001612,ORD001612,Credit Card,Success,32053.5,2025-03-18
PAY001613,ORD001613,Credit Card,Failed,36729.95,2025-04-14
PAY001614,ORD001614,Wallet,Success,17182.0,2025-05-27
PAY001615,ORD001615,Debit Card,Success,202887.05,2025-04-16
PAY001616,ORD001616,Debit Card,Success,83085.6,2025-05-23
PAY001617,ORD001617,Wallet,Success,285908.65,2025-01-15
PAY001618,ORD001618,Wallet,Success,97355.4,2025-02-11
PAY001619,ORD001619,Cash on Delivery,Success,41489.9,2025-06-13
PAY001620,ORD001620,Net Banking,Success,29537.4,2025-02-12
PAY001621,ORD001621,Cash on Delivery,Success,94748.4,2025-04-11
PAY001622,ORD001622,UPI,Success,118613.3,2025-04-21
PAY001623,ORD001623,Credit Card,Success,249464.1,2025-05-29
PAY001624,ORD001624,Debit Card,Success,169641.8,2025-04-22
PAY001625,ORD001625,Debit Card,Success,27332.45,2025-06-03
PAY001626,ORD001626,Net Banking,Success,101938.8,2025-05-25
PAY001627,ORD001627,UPI,Success,53892.2,2025-06-27
PAY001628,ORD001628,Debit Card,Success,84092.95,2025-04-15
PAY001629,ORD001629,Credit Card,Refunded,124326.9,2025-06-10
PAY001630,ORD001630,Wallet,Success,86385.1,2025-01-13
PAY001631,ORD001631,Net Banking,Success,112158.7,2025-05-11
PAY001632,ORD001632,Wallet,Success,12434.55,2025-02-04
PAY001633,ORD001633,Wallet,Success,54238.7,2025-06-17
PAY001634,ORD001634,Debit Card,Success,236831.0,2025-04-18
PAY001635,ORD001635,Debit Card,Success,75894.4,2025-05-26
PAY001636,ORD001636,Cash on Delivery,Success,147591.6,2025-03-24
PAY001637,ORD001637,UPI,Success,169610.3,2025-06-03
PAY001638,ORD001638,Net Banking,Success,43048.8,2025-02-13
PAY001639,ORD001639,Debit Card,Success,55303.25,2025-06-17
PAY001640,ORD001640,Net Banking,Success,20844.9,2025-02-19
PAY001641,ORD001641,Wallet,Success,120071.4,2025-06-20
PAY001642,ORD001642,Net Banking,Success,75637.5,2025-05-03
PAY001643,ORD001643,Credit Card,Success,165261.55,2025-05-18
PAY001644,ORD001644,Debit Card,Success,78628.0,2025-04-19
PAY001645,ORD001645,Debit Card,Success,11896.2,2025-01-16
PAY001646,ORD001646,Cash on Delivery,Success,119185.8,2025-04-04
PAY001647,ORD001647,Wallet,Success,134321.25,2025-02-26
PAY001648,ORD001648,Cash on Delivery,Success,62908.6,2025-04-22
PAY001649,ORD001649,Wallet,Success,37869.2,2025-05-12
PAY001650,ORD001650,Debit Card,Success,39503.25,2025-05-22
PAY001651,ORD001651,UPI,Success,30220.0,2025-05-28
PAY001652,ORD001652,UPI,Success,19665.0,2025-05-16
PAY001653,ORD001653,Credit Card,Success,141657.6,2025-03-15
PAY001654,ORD001654,Credit Card,Success,88711.2,2025-02-26
PAY001655,ORD001655,Net Banking,Success,210766.75,2025-05-17
PAY001656,ORD001656,Credit Card,Success,108230.25,2025-06-06
PAY001657,ORD001657,Wallet,Success,112146.75,2025-02-25
PAY001658,ORD001658,Wallet,Success,46491.1,2025-06-20
PAY001659,ORD001659,Credit Card,Success,125348.1,2025-06-26
PAY001660,ORD001660,Wallet,Failed,293566.05,2025-03-29
PAY001661,ORD001661,Net Banking,Success,36116.8,2025-04-30
PAY001662,ORD001662,UPI,Success,315305.0,2025-03-17
PAY001663,ORD001663,Wallet,Success,82130.9,2025-04-07
PAY001664,ORD001664,Wallet,Success,114902.4,2025-03-08
PAY001665,ORD001665,Debit Card,Success,176399.45,2025-01-13
PAY001666,ORD001666,UPI,Success,47084.8,2025-06-26
PAY001667,ORD001667,Debit Card,Success,15860.7,2025-02-09
PAY001668,ORD001668,Cash on Delivery,Success,2348.0,2025-02-17
PAY001669,ORD001669,Cash on Delivery,Success,145438.4,2025-04-02
PAY001670,ORD001670,UPI,Success,224948.7,2025-04-11
PAY001671,ORD001671,Credit Card,Success,133884.1,2025-01-26
PAY001672,ORD001672,Debit Card,Success,216869.9,2025-03-01
PAY001673,ORD001673,Debit Card,Success,118770.0,2025-06-28
PAY001674,ORD001674,Credit Card,Success,124489.1,2025-04-01
PAY001675,ORD001675,Net Banking,Success,41099.4,2025-02-13
PAY001676,ORD001676,Debit Card,Success,71888.0,2025-03-21
PAY001677,ORD001677,Wallet,Success,165744.6,2025-02-11
PAY001678,ORD001678,Wallet,Success,45052.8,2025-02-05
PAY001679,ORD001679,Wallet,Success,202565.4,2025-02-11
PAY001680,ORD001680,Cash on Delivery,Success,127456.6,2025-03-19
PAY001681,ORD001681,Credit Card,Success,45695.6,2025-06-12
PAY001682,ORD001682,UPI,Success,115217.1,2025-02-11
PAY001683,ORD001683,Wallet,Success,18739.95,2025-01-18
PAY001684,ORD001684,Debit Card,Success,98636.0,2025-01-05
PAY001685,ORD001685,Credit Card,Success,17400.9,2025-04-19
PAY001686,ORD001686,UPI,Success,107655.7,2025-05-31
PAY001687,ORD001687,UPI,Success,119447.4,2025-01-17
PAY001688,ORD001688,Cash on Delivery,Success,14226.3,2025-01-28
PAY001689,ORD001689,Cash on Delivery,Success,20182.5,2025-02-05
PAY001690,ORD001690,UPI,Success,96017.95,2025-01-29
PAY001691,ORD001691,Wallet,Success,146525.55,2025-04-16
PAY001692,ORD001692,Credit Card,Success,97780.4,2025-05-14
PAY001693,ORD001693,Wallet,Success,83755.0,2025-05-16
PAY001694,ORD001694,Net Banking,Success,127167.8,2025-03-10
PAY001695,ORD001695,Net Banking,Success,164761.2,2025-03-27
PAY001696,ORD001696,UPI,Success,97269.95,2025-03-18
PAY001697,ORD001697,Credit Card,Success,163451.8,2025-03-05
PAY001698,ORD001698,Debit Card,Success,98876.2,2025-01-21
PAY001699,ORD001699,Net Banking,Success,32836.8,2025-01-27
PAY001700,ORD001700,Cash on Delivery,Success,92132.1,2025-05-08
PAY001701,ORD001701,UPI,Success,51196.7,2025-01-11
PAY001702,ORD001702,UPI,Success,46833.65,2025-05-30
PAY001703,ORD001703,UPI,Success,213189.8,2025-02-22
PAY001704,ORD001704,UPI,Success,230159.1,2025-03-13
PAY001705,ORD001705,Credit Card,Success,37434.4,2025-05-24
PAY001706,ORD001706,Debit Card,Success,83704.65,2025-01-31
PAY001707,ORD001707,Wallet,Success,148528.6,2025-03-18
PAY001708,ORD001708,Wallet,Success,82514.0,2025-05-19
PAY001709,ORD001709,Debit Card,Success,159793.7,2025-03-25
PAY001710,ORD001710,Credit Card,Success,74745.0,2025-06-04
PAY001711,ORD001711,Cash on Delivery,Success,88225.75,2025-04-03
PAY001712,ORD001712,Cash on Delivery,Success,89906.6,2025-06-18
PAY001713,ORD001713,UPI,Success,98790.9,2025-06-11
PAY001714,ORD001714,Credit Card,Success,142141.9,2025-02-20
PAY001715,ORD001715,Wallet,Success,67236.55,2025-06-11
PAY001716,ORD001716,Cash on Delivery,Failed,208783.95,2025-01-01
PAY001717,ORD001717,Net Banking,Success,194360.4,2025-04-20
PAY001718,ORD001718,Credit Card,Success,225795.2,2025-06-01
PAY001719,ORD001719,Credit Card,Success,129000.7,2025-05-16
PAY001720,ORD001720,UPI,Success,75367.3,2025-04-22
PAY001721,ORD001721,Credit Card,Success,98692.1,2025-03-24
PAY001722,ORD001722,Cash on Delivery,Success,139096.55,2025-05-10
PAY001723,ORD001723,Debit Card,Success,280207.05,2025-01-19
PAY001724,ORD001724,Wallet,Failed,89068.2,2025-06-22
PAY001725,ORD001725,Net Banking,Failed,36109.7,2025-04-03
PAY001726,ORD001726,Cash on Delivery,Success,139134.5,2025-03-26
PAY001727,ORD001727,Credit Card,Failed,191312.7,2025-06-11
PAY001728,ORD001728,Credit Card,Success,152813.4,2025-06-10
PAY001729,ORD001729,Cash on Delivery,Success,56292.2,2025-05-07
PAY001730,ORD001730,Cash on Delivery,Success,77148.6,2025-02-20
PAY001731,ORD001731,Credit Card,Success,85511.0,2025-06-16
PAY001732,ORD001732,Net Banking,Success,69526.6,2025-02-05
PAY001733,ORD001733,UPI,Success,85915.2,2025-06-21
PAY001734,ORD001734,Net Banking,Success,53585.0,2025-03-05
PAY001735,ORD001735,Debit Card,Success,135148.2,2025-06-19
PAY001736,ORD001736,Debit Card,Success,109688.15,2025-06-18
PAY001737,ORD001737,Wallet,Success,73564.1,2025-05-22
PAY001738,ORD001738,Cash on Delivery,Refunded,131581.35,2025-03-27
PAY001739,ORD001739,Net Banking,Success,42979.5,2025-06-28
PAY001740,ORD001740,Wallet,Success,152222.25,2025-04-30
PAY001741,ORD001741,Credit Card,Success,80865.0,2025-02-13
PAY001742,ORD001742,Credit Card,Success,131050.2,2025-02-06
PAY001743,ORD001743,UPI,Success,107167.45,2025-02-25
PAY001744,ORD001744,Wallet,Success,46187.1,2025-02-11
PAY001745,ORD001745,Wallet,Success,159092.3,2025-04-04
PAY001746,ORD001746,Wallet,Success,143902.25,2025-04-17
PAY001747,ORD001747,UPI,Success,144578.6,2025-06-01
PAY001748,ORD001748,Wallet,Success,7342.4,2025-06-02
PAY001749,ORD001749,Debit Card,Success,178633.05,2025-01-28
PAY001750,ORD001750,Wallet,Success,250485.5,2025-06-12
PAY001751,ORD001751,UPI,Success,68912.0,2025-04-15
PAY001752,ORD001752,Wallet,Success,46082.4,2025-04-13
PAY001753,ORD001753,Cash on Delivery,Success,60846.8,2025-01-03
PAY001754,ORD001754,Net Banking,Success,258335.65,2025-02-28
PAY001755,ORD001755,Wallet,Success,260567.15,2025-04-12
PAY001756,ORD001756,Cash on Delivery,Success,90339.4,2025-05-28
PAY001757,ORD001757,UPI,Success,106611.4,2025-05-16
PAY001758,ORD001758,Wallet,Success,88805.05,2025-06-03
PAY001759,ORD001759,Debit Card,Success,143270.8,2025-06-19
PAY001760,ORD001760,Credit Card,Success,114618.65,2025-01-24
PAY001761,ORD001761,Wallet,Success,190384.6,2025-05-24
PAY001762,ORD001762,UPI,Success,28615.0,2025-02-17
PAY001763,ORD001763,Debit Card,Success,42201.5,2025-03-03
PAY001764,ORD001764,Credit Card,Success,119749.6,2025-01-11
PAY001765,ORD001765,UPI,Success,61948.1,2025-02-20
PAY001766,ORD001766,Cash on Delivery,Success,170944.55,2025-02-08
PAY001767,ORD001767,Debit Card,Success,230158.0,2025-05-02
PAY001768,ORD001768,Wallet,Success,52834.95,2025-04-23
PAY001769,ORD001769,UPI,Success,198927.8,2025-05-10
PAY001770,ORD001770,UPI,Success,62645.7,2025-02-11
PAY001771,ORD001771,Debit Card,Success,176461.3,2025-06-16
PAY001772,ORD001772,Credit Card,Success,28541.7,2025-06-28
PAY001773,ORD001773,Cash on Delivery,Success,78274.8,2025-05-15
PAY001774,ORD001774,Credit Card,Success,229787.4,2025-02-18
PAY001775,ORD001775,Cash on Delivery,Success,46022.5,2025-01-01
PAY001776,ORD001776,UPI,Failed,83836.7,2025-01-18
PAY001777,ORD001777,UPI,Success,139494.5,2025-05-04
PAY001778,ORD001778,Debit Card,Success,61782.6,2025-04-27
PAY001779,ORD001779,UPI,Success,137623.65,2025-01-13
PAY001780,ORD001780,Debit Card,Success,270462.6,2025-04-06
PAY001781,ORD001781,Credit Card,Success,39510.55,2025-04-03
PAY001782,ORD001782,Net Banking,Success,53512.75,2025-02-26
PAY001783,ORD001783,Wallet,Success,164164.3,2025-06-19
PAY001784,ORD001784,Net Banking,Success,194356.6,2025-02-01
PAY001785,ORD001785,UPI,Success,187211.6,2025-06-28
PAY001786,ORD001786,Debit Card,Success,184822.3,2025-02-10
PAY001787,ORD001787,UPI,Failed,153387.4,2025-05-31
PAY001788,ORD001788,Wallet,Success,202864.0,2025-05-09
PAY001789,ORD001789,Debit Card,Success,118735.0,2025-06-02
PAY001790,ORD001790,Wallet,Success,47024.0,2025-03-07
PAY001791,ORD001791,UPI,Success,32536.8,2025-03-27
PAY001792,ORD001792,Cash on Delivery,Success,200043.7,2025-05-08
PAY001793,ORD001793,Debit Card,Success,78234.0,2025-06-21
PAY001794,ORD001794,Net Banking,Success,141300.65,2025-02-18
PAY001795,ORD001795,Cash on Delivery,Success,211213.6,2025-05-31
PAY001796,ORD001796,UPI,Success,264491.7,2025-04-23
PAY001797,ORD001797,Cash on Delivery,Success,274281.35,2025-06-13
PAY001798,ORD001798,UPI,Success,131654.3,2025-04-24
PAY001799,ORD001799,Credit Card,Failed,116445.15,2025-06-15
PAY001800,ORD001800,UPI,Success,216290.7,2025-03-16
PAY001801,ORD001801,UPI,Success,184531.75,2025-04-16
PAY001802,ORD001802,Wallet,Success,69843.2,2025-06-21
PAY001803,ORD001803,UPI,Success,54868.0,2025-04-14
PAY001804,ORD001804,Cash on Delivery,Success,72677.85,2025-03-17
PAY001805,ORD001805,Credit Card,Success,82195.95,2025-01-26
PAY001806,ORD001806,Credit Card,Success,146478.6,2025-05-06
PAY001807,ORD001807,UPI,Success,140720.1,2025-05-22
PAY001808,ORD001808,Debit Card,Success,179764.1,2025-02-22
PAY001809,ORD001809,Cash on Delivery,Success,213520.8,2025-02-11
PAY001810,ORD001810,Debit Card,Success,173904.5,2025-06-24
PAY001811,ORD001811,Credit Card,Success,115952.1,2025-02-17
PAY001812,ORD001812,Debit Card,Success,182745.0,2025-01-23
PAY001813,ORD001813,Cash on Delivery,Success,73591.0,2025-02-19
PAY001814,ORD001814,Wallet,Success,17106.3,2025-06-14
PAY001815,ORD001815,Cash on Delivery,Success,93465.75,2025-06-19
PAY001816,ORD001816,Net Banking,Success,173870.2,2025-01-10
PAY001817,ORD001817,Debit Card,Success,91504.2,2025-02-07
PAY001818,ORD001818,UPI,Success,99432.0,2025-04-29
PAY001819,ORD001819,Wallet,Success,77460.0,2025-01-17
PAY001820,ORD001820,Cash on Delivery,Success,116784.95,2025-01-26
PAY001821,ORD001821,Wallet,Success,94574.4,2025-01-25
PAY001822,ORD001822,UPI,Success,141975.0,2025-01-24
PAY001823,ORD001823,Credit Card,Success,324175.2,2025-01-27
PAY001824,ORD001824,UPI,Refunded,245443.8,2025-04-19
PAY001825,ORD001825,Wallet,Success,79123.6,2025-01-10
PAY001826,ORD001826,UPI,Success,103492.05,2025-04-09
PAY001827,ORD001827,UPI,Success,39733.2,2025-05-15
PAY001828,ORD001828,Debit Card,Success,170378.55,2025-04-26
PAY001829,ORD001829,Credit Card,Success,34213.15,2025-06-03
PAY001830,ORD001830,Net Banking,Success,96984.0,2025-04-12
PAY001831,ORD001831,UPI,Success,182979.0,2025-06-27
PAY001832,ORD001832,Wallet,Success,57960.1,2025-02-22
PAY001833,ORD001833,Credit Card,Success,65940.0,2025-05-03
PAY001834,ORD001834,Wallet,Success,151042.2,2025-03-05
PAY001835,ORD001835,Cash on Delivery,Success,6609.0,2025-05-14
PAY001836,ORD001836,Wallet,Success,174410.6,2025-01-06
PAY001837,ORD001837,Cash on Delivery,Success,151071.3,2025-03-21
PAY001838,ORD001838,Cash on Delivery,Success,143371.5,2025-02-07
PAY001839,ORD001839,Cash on Delivery,Success,22155.9,2025-05-27
PAY001840,ORD001840,Credit Card,Success,164791.5,2025-03-25
PAY001841,ORD001841,Cash on Delivery,Success,353960.6,2025-04-23
PAY001842,ORD001842,Debit Card,Success,13894.2,2025-04-10
PAY001843,ORD001843,Net Banking,Success,111812.4,2025-02-07
PAY001844,ORD001844,UPI,Success,285393.7,2025-06-26
PAY001845,ORD001845,UPI,Success,196535.3,2025-02-26
PAY001846,ORD001846,Cash on Delivery,Success,145372.2,2025-04-27
PAY001847,ORD001847,Cash on Delivery,Success,7045.95,2025-03-23
PAY001848,ORD001848,Wallet,Success,199539.3,2025-01-31
PAY001849,ORD001849,UPI,Success,14812.2,2025-06-11
PAY001850,ORD001850,Wallet,Success,36321.6,2025-05-09
PAY001851,ORD001851,Wallet,Success,76088.7,2025-05-18
PAY001852,ORD001852,Cash on Delivery,Success,67755.4,2025-03-22
PAY001853,ORD001853,Credit Card,Success,276910.65,2025-03-06
PAY001854,ORD001854,Debit Card,Success,144804.65,2025-01-11
PAY001855,ORD001855,Wallet,Success,46350.0,2025-05-13
PAY001856,ORD001856,Wallet,Success,351785.7,2025-05-21
PAY001857,ORD001857,Cash on Delivery,Success,132345.1,2025-01-16
PAY001858,ORD001858,UPI,Success,39165.9,2025-06-24
PAY001859,ORD001859,Wallet,Success,86443.3,2025-05-26
PAY001860,ORD001860,UPI,Success,142307.25,2025-03-13
PAY001861,ORD001861,Wallet,Success,188259.2,2025-06-23
PAY001862,ORD001862,UPI,Success,39406.95,2025-04-04
PAY001863,ORD001863,Net Banking,Failed,217597.9,2025-04-23
PAY001864,ORD001864,Debit Card,Success,92559.05,2025-05-07
PAY001865,ORD001865,Cash on Delivery,Success,31513.6,2025-05-23
PAY001866,ORD001866,Cash on Delivery,Success,159641.3,2025-01-29
PAY001867,ORD001867,Net Banking,Success,138364.9,2025-02-03
PAY001868,ORD001868,Wallet,Success,190325.8,2025-05-17
PAY001869,ORD001869,Net Banking,Success,124060.45,2025-06-20
PAY001870,ORD001870,Cash on Delivery,Success,172207.7,2025-03-23
PAY001871,ORD001871,Credit Card,Success,81972.5,2025-01-21
PAY001872,ORD001872,UPI,Refunded,220815.55,2025-04-19
PAY001873,ORD001873,Wallet,Success,49948.0,2025-01-02
PAY001874,ORD001874,Net Banking,Success,139378.0,2025-05-08
PAY001875,ORD001875,Credit Card,Success,62951.0,2025-03-06
PAY001876,ORD001876,Wallet,Success,190490.9,2025-03-30
PAY001877,ORD001877,Debit Card,Failed,3932.0,2025-05-13
PAY001878,ORD001878,UPI,Success,80729.0,2025-01-04
PAY001879,ORD001879,Debit Card,Success,80730.45,2025-04-01
PAY001880,ORD001880,Debit Card,Success,59991.3,2025-05-02
PAY001881,ORD001881,UPI,Success,39099.15,2025-01-13
PAY001882,ORD001882,Cash on Delivery,Failed,104670.45,2025-06-19
PAY001883,ORD001883,Debit Card,Success,119356.1,2025-06-04
PAY001884,ORD001884,Debit Card,Success,223803.0,2025-04-16
PAY001885,ORD001885,Net Banking,Success,127878.0,2025-04-23
PAY001886,ORD001886,Credit Card,Success,145868.7,2025-01-21
PAY001887,ORD001887,Debit Card,Success,236315.5,2025-05-06
PAY001888,ORD001888,UPI,Success,61648.0,2025-05-23
PAY001889,ORD001889,Net Banking,Success,122217.6,2025-03-17
PAY001890,ORD001890,Debit Card,Success,224657.3,2025-02-02
PAY001891,ORD001891,Credit Card,Success,112869.9,2025-06-16
PAY001892,ORD001892,Cash on Delivery,Success,75384.7,2025-03-30
PAY001893,ORD001893,Credit Card,Success,118951.2,2025-05-27
PAY001894,ORD001894,Debit Card,Success,128147.4,2025-02-16
PAY001895,ORD001895,UPI,Success,151006.5,2025-02-11
PAY001896,ORD001896,Debit Card,Success,129435.9,2025-05-24
PAY001897,ORD001897,UPI,Success,41402.4,2025-02-06
PAY001898,ORD001898,Wallet,Success,164012.85,2025-03-22
PAY001899,ORD001899,Wallet,Success,75052.0,2025-04-07
PAY001900,ORD001900,Debit Card,Success,141492.1,2025-01-27
PAY001901,ORD001901,Cash on Delivery,Success,179303.5,2025-05-29
PAY001902,ORD001902,Net Banking,Success,116880.1,2025-04-15
PAY001903,ORD001903,Wallet,Success,207310.85,2025-01-25
PAY001904,ORD001904,UPI,Success,196302.0,2025-02-19
PAY001905,ORD001905,Wallet,Success,89579.7,2025-04-27
PAY001906,ORD001906,Debit Card,Failed,207407.6,2025-02-01
PAY001907,ORD001907,UPI,Success,80644.5,2025-01-28
PAY001908,ORD001908,Net Banking,Success,105094.4,2025-02-19
PAY001909,ORD001909,UPI,Success,42051.2,2025-06-11
PAY001910,ORD001910,Net Banking,Success,1493.45,2025-03-20
PAY001911,ORD001911,Debit Card,Success,85216.15,2025-02-03
PAY001912,ORD001912,UPI,Success,141014.9,2025-02-27
PAY001913,ORD001913,UPI,Success,53496.1,2025-06-03
PAY001914,ORD001914,Wallet,Success,44091.0,2025-04-20
PAY001915,ORD001915,Debit Card,Success,61200.4,2025-05-03
PAY001916,ORD001916,Debit Card,Success,28798.4,2025-02-04
PAY001917,ORD001917,UPI,Failed,19251.0,2025-06-29
PAY001918,ORD001918,Net Banking,Success,229466.1,2025-02-03
PAY001919,ORD001919,Credit Card,Success,80824.5,2025-01-01
PAY001920,ORD001920,Debit Card,Success,49570.05,2025-01-06
PAY001921,ORD001921,UPI,Success,34014.45,2025-04-29
PAY001922,ORD001922,Net Banking,Success,145417.3,2025-05-05
PAY001923,ORD001923,Wallet,Success,167567.9,2025-06-01
PAY001924,ORD001924,Cash on Delivery,Success,129355.5,2025-02-17
PAY001925,ORD001925,Cash on Delivery,Success,223877.55,2025-03-07
PAY001926,ORD001926,Net Banking,Failed,64460.7,2025-04-11
PAY001927,ORD001927,Credit Card,Success,32654.4,2025-04-23
PAY001928,ORD001928,Debit Card,Success,69478.0,2025-05-10
PAY001929,ORD001929,Debit Card,Success,157030.0,2025-03-19
PAY001930,ORD001930,Wallet,Success,17975.3,2025-02-05
PAY001931,ORD001931,Debit Card,Success,92332.75,2025-06-12
PAY001932,ORD001932,Wallet,Success,111015.0,2025-06-16
PAY001933,ORD001933,UPI,Success,55606.2,2025-06-25
PAY001934,ORD001934,Credit Card,Success,35940.2,2025-03-09
PAY001935,ORD001935,Credit Card,Success,110774.7,2025-05-06
PAY001936,ORD001936,Credit Card,Refunded,163918.2,2025-01-18
PAY001937,ORD001937,Cash on Delivery,Success,187337.6,2025-01-12
PAY001938,ORD001938,Net Banking,Success,44271.0,2025-03-25
PAY001939,ORD001939,Cash on Delivery,Success,87496.8,2025-04-04
PAY001940,ORD001940,Net Banking,Success,131981.2,2025-04-03
PAY001941,ORD001941,Cash on Delivery,Success,78631.35,2025-06-08
PAY001942,ORD001942,UPI,Success,174883.5,2025-04-10
PAY001943,ORD001943,Net Banking,Success,124723.0,2025-05-24
PAY001944,ORD001944,Cash on Delivery,Success,105471.95,2025-06-01
PAY001945,ORD001945,Net Banking,Success,67237.8,2025-02-22
PAY001946,ORD001946,Credit Card,Success,127102.5,2025-05-09
PAY001947,ORD001947,Credit Card,Success,107334.0,2025-01-11
PAY001948,ORD001948,Wallet,Success,68314.5,2025-04-17
PAY001949,ORD001949,Wallet,Success,19302.85,2025-01-03
PAY001950,ORD001950,Debit Card,Success,48800.35,2025-01-16
PAY001951,ORD001951,Debit Card,Success,28001.25,2025-05-23
PAY001952,ORD001952,Wallet,Success,92989.6,2025-06-27
PAY001953,ORD001953,Credit Card,Success,26970.3,2025-01-05
PAY001954,ORD001954,Credit Card,Success,288386.85,2025-01-11
PAY001955,ORD001955,UPI,Success,104779.2,2025-04-21
PAY001956,ORD001956,UPI,Success,3583.05,2025-05-07
PAY001957,ORD001957,Net Banking,Success,78235.2,2025-06-05
PAY001958,ORD001958,Wallet,Success,144342.9,2025-01-21
PAY001959,ORD001959,Net Banking,Failed,91060.0,2025-02-10
PAY001960,ORD001960,Debit Card,Success,197019.45,2025-04-18
PAY001961,ORD001961,Debit Card,Success,123189.8,2025-03-22
PAY001962,ORD001962,Net Banking,Success,82974.45,2025-02-18
PAY001963,ORD001963,Credit Card,Success,184823.8,2025-02-05
PAY001964,ORD001964,Cash on Delivery,Success,145741.1,2025-04-25
PAY001965,ORD001965,Wallet,Success,120884.8,2025-01-10
PAY001966,ORD001966,Net Banking,Success,109353.0,2025-02-06
PAY001967,ORD001967,Credit Card,Success,113957.75,2025-06-20
PAY001968,ORD001968,Debit Card,Success,50519.0,2025-03-17
PAY001969,ORD001969,Debit Card,Success,154846.95,2025-04-15
PAY001970,ORD001970,Debit Card,Success,44850.45,2025-03-23
PAY001971,ORD001971,Cash on Delivery,Success,70397.75,2025-05-18
PAY001972,ORD001972,Cash on Delivery,Failed,162929.9,2025-03-22
PAY001973,ORD001973,UPI,Success,33520.5,2025-04-10
PAY001974,ORD001974,Credit Card,Success,242375.35,2025-04-16
PAY001975,ORD001975,Wallet,Success,102516.0,2025-05-09
PAY001976,ORD001976,Net Banking,Success,6794.4,2025-01-14
PAY001977,ORD001977,UPI,Success,74979.6,2025-05-28
PAY001978,ORD001978,Debit Card,Success,120467.1,2025-05-08
PAY001979,ORD001979,Debit Card,Success,32679.0,2025-02-15
PAY001980,ORD001980,Net Banking,Success,111447.0,2025-01-22
PAY001981,ORD001981,Net Banking,Success,223332.3,2025-02-09
PAY001982,ORD001982,Credit Card,Success,246353.2,2025-04-02
PAY001983,ORD001983,Cash on Delivery,Success,139840.2,2025-02-26
PAY001984,ORD001984,Debit Card,Success,37350.0,2025-02-14
PAY001985,ORD001985,UPI,Success,108117.0,2025-04-14
PAY001986,ORD001986,Net Banking,Success,32792.1,2025-04-09
PAY001987,ORD001987,Cash on Delivery,Refunded,107223.4,2025-01-27
PAY001988,ORD001988,Net Banking,Success,48916.4,2025-06-29
PAY001989,ORD001989,Wallet,Success,41293.8,2025-05-01
PAY001990,ORD001990,Cash on Delivery,Success,31642.1,2025-05-11
PAY001991,ORD001991,Net Banking,Success,151337.2,2025-01-09
PAY001992,ORD001992,Cash on Delivery,Success,153268.8,2025-01-06
PAY001993,ORD001993,Cash on Delivery,Success,127436.25,2025-04-17
PAY001994,ORD001994,Debit Card,Success,209553.4,2025-02-25
PAY001995,ORD001995,Debit Card,Failed,14210.4,2025-05-25
PAY001996,ORD001996,Debit Card,Success,164594.35,2025-04-09
PAY001997,ORD001997,Net Banking,Success,49097.9,2025-04-15
PAY001998,ORD001998,Net Banking,Success,74021.2,2025-06-10
PAY001999,ORD001999,Credit Card,Failed,96198.75,2025-06-25
PAY002000,ORD002000,UPI,Success,250335.0,2025-05-16
PAY002001,ORD002001,Credit Card,Success,110310.8,2025-04-03
PAY002002,ORD002002,Cash on Delivery,Success,87988.0,2025-03-31
PAY002003,ORD002003,Net Banking,Success,57375.55,2025-01-02
PAY002004,ORD002004,Cash on Delivery,Success,60078.75,2025-03-01
PAY002005,ORD002005,Debit Card,Success,77815.5,2025-01-23
PAY002006,ORD002006,Net Banking,Success,61091.25,2025-05-01
PAY002007,ORD002007,Cash on Delivery,Success,79454.2,2025-01-12
PAY002008,ORD002008,UPI,Success,79855.8,2025-05-27
PAY002009,ORD002009,UPI,Success,54602.85,2025-02-25
PAY002010,ORD002010,Debit Card,Success,62278.2,2025-05-31
PAY002011,ORD002011,Debit Card,Success,263955.65,2025-04-27
PAY002012,ORD002012,Credit Card,Success,64771.9,2025-02-04
PAY002013,ORD002013,Debit Card,Success,67511.25,2025-05-04
PAY002014,ORD002014,UPI,Success,125015.8,2025-03-18
PAY002015,ORD002015,Cash on Delivery,Success,153308.2,2025-04-25
PAY002016,ORD002016,Debit Card,Success,113776.8,2025-01-26
PAY002017,ORD002017,Wallet,Success,156211.8,2025-02-25
PAY002018,ORD002018,Wallet,Success,78156.4,2025-02-16
PAY002019,ORD002019,Net Banking,Success,4981.0,2025-01-03
PAY002020,ORD002020,Wallet,Success,53006.85,2025-03-04
PAY002021,ORD002021,UPI,Success,49631.5,2025-01-26
PAY002022,ORD002022,Net Banking,Success,85993.05,2025-06-16
PAY002023,ORD002023,UPI,Success,177176.3,2025-04-20
PAY002024,ORD002024,Net Banking,Success,35169.65,2025-05-25
PAY002025,ORD002025,Net Banking,Success,152248.3,2025-05-28
PAY002026,ORD002026,Cash on Delivery,Success,5100.3,2025-02-22
PAY002027,ORD002027,UPI,Success,248539.8,2025-05-09
PAY002028,ORD002028,UPI,Success,93202.4,2025-02-02
PAY002029,ORD002029,Credit Card,Success,97053.75,2025-01-31
PAY002030,ORD002030,Credit Card,Success,62089.6,2025-05-18
PAY002031,ORD002031,Credit Card,Success,76468.4,2025-02-15
PAY002032,ORD002032,Wallet,Success,66883.8,2025-04-27
PAY002033,ORD002033,Debit Card,Success,125307.2,2025-06-19
PAY002034,ORD002034,Debit Card,Success,73804.5,2025-06-11
PAY002035,ORD002035,Net Banking,Success,50093.6,2025-01-28
PAY002036,ORD002036,Credit Card,Success,159777.15,2025-04-26
PAY002037,ORD002037,Net Banking,Success,227422.65,2025-05-22
PAY002038,ORD002038,Cash on Delivery,Success,11033.0,2025-05-27
PAY002039,ORD002039,Cash on Delivery,Success,106762.0,2025-01-20
PAY002040,ORD002040,UPI,Success,210424.55,2025-05-02
PAY002041,ORD002041,Debit Card,Success,209139.25,2025-02-19
PAY002042,ORD002042,Credit Card,Success,120478.85,2025-04-09
PAY002043,ORD002043,Credit Card,Success,33936.0,2025-01-23
PAY002044,ORD002044,UPI,Success,104857.9,2025-02-21
PAY002045,ORD002045,Cash on Delivery,Success,96129.7,2025-02-22
PAY002046,ORD002046,Debit Card,Success,104380.3,2025-03-23
PAY002047,ORD002047,Cash on Delivery,Success,82271.3,2025-03-30
PAY002048,ORD002048,Credit Card,Success,60144.0,2025-02-12
PAY002049,ORD002049,Wallet,Success,95750.0,2025-03-15
PAY002050,ORD002050,Cash on Delivery,Success,137262.55,2025-06-22
PAY002051,ORD002051,Cash on Delivery,Success,64105.35,2025-05-09
PAY002052,ORD002052,Wallet,Success,84052.2,2025-04-19
PAY002053,ORD002053,Net Banking,Success,18516.4,2025-01-20
PAY002054,ORD002054,Debit Card,Success,149053.4,2025-06-20
PAY002055,ORD002055,UPI,Success,288172.15,2025-02-11
PAY002056,ORD002056,Cash on Delivery,Success,280408.35,2025-05-17
PAY002057,ORD002057,Credit Card,Success,129463.6,2025-06-07
PAY002058,ORD002058,Wallet,Success,53811.05,2025-05-29
PAY002059,ORD002059,Net Banking,Success,33178.0,2025-04-09
PAY002060,ORD002060,Cash on Delivery,Success,1792.65,2025-04-18
PAY002061,ORD002061,UPI,Success,93780.2,2025-04-10
PAY002062,ORD002062,Credit Card,Success,45195.5,2025-01-06
PAY002063,ORD002063,Cash on Delivery,Failed,135138.5,2025-06-20
PAY002064,ORD002064,Credit Card,Success,197455.5,2025-05-30
PAY002065,ORD002065,Debit Card,Success,72341.3,2025-04-27
PAY002066,ORD002066,Cash on Delivery,Failed,89665.1,2025-05-27
PAY002067,ORD002067,Cash on Delivery,Success,290351.6,2025-03-24
PAY002068,ORD002068,Cash on Delivery,Success,102199.7,2025-02-10
PAY002069,ORD002069,Wallet,Success,6942.4,2025-05-08
PAY002070,ORD002070,Wallet,Success,101826.4,2025-01-24
PAY002071,ORD002071,Wallet,Success,28827.2,2025-05-08
PAY002072,ORD002072,Wallet,Success,102781.8,2025-02-04
PAY002073,ORD002073,Net Banking,Success,293488.15,2025-03-14
PAY002074,ORD002074,UPI,Success,229393.8,2025-01-05
PAY002075,ORD002075,Net Banking,Success,99847.9,2025-04-30
PAY002076,ORD002076,Net Banking,Success,129141.6,2025-02-17
PAY002077,ORD002077,UPI,Success,66501.75,2025-06-25
PAY002078,ORD002078,Credit Card,Success,184633.1,2025-03-15
PAY002079,ORD002079,Credit Card,Success,126299.8,2025-03-29
PAY002080,ORD002080,Debit Card,Success,145017.6,2025-04-27
PAY002081,ORD002081,Credit Card,Success,110287.5,2025-06-10
PAY002082,ORD002082,UPI,Success,188914.8,2025-05-09
PAY002083,ORD002083,Wallet,Success,145748.3,2025-04-06
PAY002084,ORD002084,Credit Card,Success,6666.4,2025-04-23
PAY002085,ORD002085,Wallet,Success,279086.15,2025-03-02
PAY002086,ORD002086,Net Banking,Success,134169.45,2025-05-14
PAY002087,ORD002087,Debit Card,Success,100959.9,2025-02-07
PAY002088,ORD002088,UPI,Failed,54444.5,2025-02-25
PAY002089,ORD002089,Debit Card,Success,27736.8,2025-05-14
PAY002090,ORD002090,Wallet,Success,58353.6,2025-03-29
PAY002091,ORD002091,Net Banking,Success,219088.8,2025-01-26
PAY002092,ORD002092,UPI,Success,72516.6,2025-05-05
PAY002093,ORD002093,Cash on Delivery,Success,94634.15,2025-06-28
PAY002094,ORD002094,Debit Card,Success,86237.9,2025-04-21
PAY002095,ORD002095,Debit Card,Failed,25699.0,2025-02-17
PAY002096,ORD002096,Net Banking,Success,126158.4,2025-02-26
PAY002097,ORD002097,UPI,Success,120693.0,2025-02-14
PAY002098,ORD002098,UPI,Success,93210.5,2025-02-17
PAY002099,ORD002099,Wallet,Success,111645.3,2025-03-01
PAY002100,ORD002100,Debit Card,Success,172659.8,2025-05-28
PAY002101,ORD002101,Cash on Delivery,Success,59494.9,2025-02-19
PAY002102,ORD002102,Cash on Delivery,Success,65927.15,2025-03-28
PAY002103,ORD002103,UPI,Success,63774.35,2025-02-16
PAY002104,ORD002104,Credit Card,Success,76616.5,2025-02-26
PAY002105,ORD002105,Wallet,Success,212669.7,2025-06-25
PAY002106,ORD002106,Debit Card,Success,176423.9,2025-02-22
PAY002107,ORD002107,Credit Card,Success,128834.05,2025-02-03
PAY002108,ORD002108,Debit Card,Success,126051.25,2025-02-24
PAY002109,ORD002109,Cash on Delivery,Refunded,109082.9,2025-06-05
PAY002110,ORD002110,Debit Card,Success,120292.7,2025-01-05
PAY002111,ORD002111,Credit Card,Success,143661.0,2025-05-13
PAY002112,ORD002112,Net Banking,Success,7018.45,2025-01-19
PAY002113,ORD002113,Net Banking,Success,136605.05,2025-04-20
PAY002114,ORD002114,Cash on Delivery,Success,166646.9,2025-05-12
PAY002115,ORD002115,Wallet,Success,135345.7,2025-05-11
PAY002116,ORD002116,Debit Card,Failed,77465.85,2025-02-13
PAY002117,ORD002117,Cash on Delivery,Success,17976.6,2025-02-08
PAY002118,ORD002118,Cash on Delivery,Success,57022.8,2025-01-15
PAY002119,ORD002119,Wallet,Success,181754.3,2025-03-18
PAY002120,ORD002120,UPI,Success,36938.45,2025-04-17
PAY002121,ORD002121,Cash on Delivery,Success,8560.45,2025-05-21
PAY002122,ORD002122,Wallet,Success,41360.0,2025-04-02
PAY002123,ORD002123,UPI,Success,4267.8,2025-04-05
PAY002124,ORD002124,Credit Card,Success,13487.8,2025-05-15
PAY002125,ORD002125,Cash on Delivery,Success,242038.8,2025-06-07
PAY002126,ORD002126,Cash on Delivery,Success,154388.8,2025-01-21
PAY002127,ORD002127,Debit Card,Success,12108.6,2025-06-26
PAY002128,ORD002128,UPI,Success,105794.15,2025-03-15
PAY002129,ORD002129,Debit Card,Success,66141.6,2025-04-05
PAY002130,ORD002130,Cash on Delivery,Success,75227.2,2025-05-07
PAY002131,ORD002131,Cash on Delivery,Success,70708.8,2025-06-28
PAY002132,ORD002132,Debit Card,Success,1953.0,2025-06-13
PAY002133,ORD002133,Credit Card,Success,138234.5,2025-03-24
PAY002134,ORD002134,UPI,Success,178877.0,2025-04-24
PAY002135,ORD002135,Cash on Delivery,Success,123153.4,2025-01-01
PAY002136,ORD002136,UPI,Success,22125.6,2025-05-11
PAY002137,ORD002137,Wallet,Success,183797.3,2025-05-14
PAY002138,ORD002138,Net Banking,Success,35953.2,2025-03-01
PAY002139,ORD002139,Wallet,Success,85716.6,2025-05-31
PAY002140,ORD002140,Wallet,Success,183768.6,2025-03-24
PAY002141,ORD002141,Wallet,Success,54233.6,2025-06-29
PAY002142,ORD002142,Credit Card,Success,131812.5,2025-05-18
PAY002143,ORD002143,Cash on Delivery,Success,28669.65,2025-06-25
PAY002144,ORD002144,Net Banking,Success,748.8,2025-04-28
PAY002145,ORD002145,Credit Card,Success,193207.75,2025-03-16
PAY002146,ORD002146,UPI,Success,82476.75,2025-01-19
PAY002147,ORD002147,UPI,Success,98599.8,2025-01-01
PAY002148,ORD002148,Cash on Delivery,Success,112970.2,2025-01-13
PAY002149,ORD002149,Wallet,Success,127862.3,2025-03-18
PAY002150,ORD002150,Credit Card,Success,61602.0,2025-01-11
PAY002151,ORD002151,Cash on Delivery,Success,185945.45,2025-03-14
PAY002152,ORD002152,Credit Card,Failed,4160.0,2025-01-27
PAY002153,ORD002153,Cash on Delivery,Success,295510.8,2025-06-28
PAY002154,ORD002154,Credit Card,Success,212497.3,2025-04-26
PAY002155,ORD002155,Debit Card,Success,79719.8,2025-05-15
PAY002156,ORD002156,Credit Card,Success,89960.3,2025-05-02
PAY002157,ORD002157,Cash on Delivery,Success,128348.75,2025-03-07
PAY002158,ORD002158,UPI,Success,31720.5,2025-04-01
PAY002159,ORD002159,UPI,Success,240034.4,2025-02-18
PAY002160,ORD002160,Wallet,Success,165968.15,2025-01-11
PAY002161,ORD002161,UPI,Success,113082.6,2025-05-11
PAY002162,ORD002162,Cash on Delivery,Success,100230.6,2025-01-23
PAY002163,ORD002163,UPI,Success,2797.2,2025-05-11
PAY002164,ORD002164,Credit Card,Success,33815.0,2025-06-20
PAY002165,ORD002165,Cash on Delivery,Success,145628.2,2025-04-16
PAY002166,ORD002166,Debit Card,Success,93434.8,2025-01-08
PAY002167,ORD002167,Cash on Delivery,Success,192279.45,2025-02-09
PAY002168,ORD002168,Net Banking,Success,193957.8,2025-01-01
PAY002169,ORD002169,UPI,Success,78609.0,2025-05-05
PAY002170,ORD002170,UPI,Success,149963.3,2025-01-15
PAY002171,ORD002171,Debit Card,Success,100655.7,2025-05-26
PAY002172,ORD002172,Debit Card,Success,4003.2,2025-06-26
PAY002173,ORD002173,UPI,Success,213514.35,2025-04-15
PAY002174,ORD002174,Cash on Delivery,Success,80162.9,2025-03-26
PAY002175,ORD002175,Debit Card,Success,220546.85,2025-04-16
PAY002176,ORD002176,Wallet,Success,194501.7,2025-03-13
PAY002177,ORD002177,Net Banking,Success,203483.3,2025-05-05
PAY002178,ORD002178,Credit Card,Success,113278.3,2025-06-30
PAY002179,ORD002179,UPI,Success,94846.3,2025-05-14
PAY002180,ORD002180,UPI,Success,138551.65,2025-01-28
PAY002181,ORD002181,Net Banking,Success,31624.25,2025-01-20
PAY002182,ORD002182,Wallet,Success,44218.0,2025-04-07
PAY002183,ORD002183,Credit Card,Success,75408.6,2025-03-21
PAY002184,ORD002184,Credit Card,Success,42842.3,2025-01-26
PAY002185,ORD002185,Debit Card,Success,165359.85,2025-02-28
PAY002186,ORD002186,Credit Card,Failed,200740.6,2025-04-02
PAY002187,ORD002187,Debit Card,Refunded,99694.0,2025-05-07
PAY002188,ORD002188,Wallet,Success,116173.75,2025-04-25
PAY002189,ORD002189,Credit Card,Success,131644.7,2025-05-10
PAY002190,ORD002190,UPI,Success,60972.8,2025-01-18
PAY002191,ORD002191,Wallet,Success,14448.3,2025-04-28
PAY002192,ORD002192,Wallet,Success,28498.4,2025-05-25
PAY002193,ORD002193,UPI,Success,69201.6,2025-05-16
PAY002194,ORD002194,UPI,Success,85715.9,2025-04-13
PAY002195,ORD002195,Cash on Delivery,Success,131199.95,2025-01-14
PAY002196,ORD002196,Wallet,Success,127587.85,2025-06-10
PAY002197,ORD002197,Cash on Delivery,Success,120004.1,2025-01-28
PAY002198,ORD002198,Wallet,Success,52759.5,2025-03-20
PAY002199,ORD002199,UPI,Success,16451.75,2025-06-28
PAY002200,ORD002200,UPI,Success,5371.3,2025-03-24
PAY002201,ORD002201,Net Banking,Success,114158.7,2025-05-24
PAY002202,ORD002202,Wallet,Success,32475.95,2025-01-29
PAY002203,ORD002203,Net Banking,Success,128817.15,2025-04-22
PAY002204,ORD002204,Net Banking,Failed,269011.95,2025-03-27
PAY002205,ORD002205,Credit Card,Success,63435.05,2025-03-10
PAY002206,ORD002206,Credit Card,Success,78760.0,2025-01-16
PAY002207,ORD002207,Debit Card,Success,179520.0,2025-05-05
PAY002208,ORD002208,Cash on Delivery,Success,161447.7,2025-05-22
PAY002209,ORD002209,Credit Card,Success,165754.4,2025-04-21
PAY002210,ORD002210,Cash on Delivery,Success,168541.85,2025-03-14
PAY002211,ORD002211,Wallet,Success,287366.65,2025-03-28
PAY002212,ORD002212,UPI,Success,115870.5,2025-02-22
PAY002213,ORD002213,Credit Card,Success,262558.8,2025-02-18
PAY002214,ORD002214,Debit Card,Success,57412.8,2025-04-23
PAY002215,ORD002215,UPI,Success,209895.85,2025-05-07
PAY002216,ORD002216,Net Banking,Success,212174.5,2025-01-28
PAY002217,ORD002217,Wallet,Success,42798.8,2025-01-06
PAY002218,ORD002218,Cash on Delivery,Success,151875.1,2025-01-20
PAY002219,ORD002219,Wallet,Success,249542.1,2025-03-18
PAY002220,ORD002220,Credit Card,Success,152674.0,2025-01-31
PAY002221,ORD002221,Credit Card,Success,97623.5,2025-06-11
PAY002222,ORD002222,Cash on Delivery,Success,209667.0,2025-01-08
PAY002223,ORD002223,Net Banking,Success,20027.9,2025-01-10
PAY002224,ORD002224,Net Banking,Failed,34384.5,2025-06-19
PAY002225,ORD002225,UPI,Success,99490.15,2025-05-31
PAY002226,ORD002226,Net Banking,Success,47022.3,2025-02-16
PAY002227,ORD002227,Debit Card,Success,156274.8,2025-01-09
PAY002228,ORD002228,UPI,Success,60059.7,2025-04-12
PAY002229,ORD002229,Credit Card,Success,104167.25,2025-05-03
PAY002230,ORD002230,Debit Card,Success,70696.7,2025-03-13
PAY002231,ORD002231,Wallet,Failed,98884.95,2025-06-24
PAY002232,ORD002232,Debit Card,Refunded,19997.95,2025-04-02
PAY002233,ORD002233,Cash on Delivery,Success,2274.0,2025-02-15
PAY002234,ORD002234,Cash on Delivery,Success,5284.0,2025-05-15
PAY002235,ORD002235,Credit Card,Success,166279.05,2025-03-07
PAY002236,ORD002236,Debit Card,Success,169487.1,2025-05-03
PAY002237,ORD002237,Credit Card,Success,140899.65,2025-03-27
PAY002238,ORD002238,UPI,Success,212071.95,2025-03-21
PAY002239,ORD002239,Wallet,Success,177796.8,2025-05-20
PAY002240,ORD002240,Cash on Delivery,Success,100605.0,2025-03-10
PAY002241,ORD002241,Net Banking,Success,301831.65,2025-03-12
PAY002242,ORD002242,Cash on Delivery,Success,27374.4,2025-04-21
PAY002243,ORD002243,Credit Card,Success,40956.0,2025-04-20
PAY002244,ORD002244,Net Banking,Failed,107379.9,2025-05-15
PAY002245,ORD002245,Credit Card,Success,80492.2,2025-03-02
PAY002246,ORD002246,Wallet,Success,148540.4,2025-05-06
PAY002247,ORD002247,Credit Card,Failed,50108.8,2025-01-17
PAY002248,ORD002248,Wallet,Success,90340.8,2025-01-25
PAY002249,ORD002249,Net Banking,Success,155296.8,2025-04-28
PAY002250,ORD002250,UPI,Success,79216.7,2025-06-20
PAY002251,ORD002251,Credit Card,Success,111771.3,2025-02-03
PAY002252,ORD002252,Wallet,Success,60566.3,2025-04-12
PAY002253,ORD002253,UPI,Success,34774.35,2025-02-11
PAY002254,ORD002254,Cash on Delivery,Success,40627.8,2025-04-16
PAY002255,ORD002255,Wallet,Success,29673.0,2025-01-14
PAY002256,ORD002256,UPI,Success,50044.9,2025-06-22
PAY002257,ORD002257,Net Banking,Refunded,137034.5,2025-02-09
PAY002258,ORD002258,Net Banking,Success,36713.7,2025-02-28
PAY002259,ORD002259,Net Banking,Success,95187.9,2025-02-08
PAY002260,ORD002260,UPI,Success,146310.5,2025-06-28
PAY002261,ORD002261,Credit Card,Failed,48408.0,2025-01-03
PAY002262,ORD002262,Debit Card,Success,18094.8,2025-03-29
PAY002263,ORD002263,Wallet,Success,2006.0,2025-04-03
PAY002264,ORD002264,Cash on Delivery,Success,38900.6,2025-03-07
PAY002265,ORD002265,UPI,Success,30763.1,2025-06-06
PAY002266,ORD002266,Credit Card,Success,36722.55,2025-01-15
PAY002267,ORD002267,Credit Card,Success,136321.3,2025-02-28
PAY002268,ORD002268,Debit Card,Success,88381.8,2025-03-04
PAY002269,ORD002269,UPI,Success,25146.5,2025-01-04
PAY002270,ORD002270,Cash on Delivery,Success,161792.95,2025-06-07
PAY002271,ORD002271,Debit Card,Success,159403.95,2025-02-12
PAY002272,ORD002272,Net Banking,Success,32996.8,2025-02-19
PAY002273,ORD002273,Wallet,Success,110400.0,2025-01-27
PAY002274,ORD002274,Cash on Delivery,Success,74193.0,2025-05-23
PAY002275,ORD002275,Net Banking,Success,91431.75,2025-05-24
PAY002276,ORD002276,UPI,Success,119815.55,2025-05-13
PAY002277,ORD002277,Cash on Delivery,Success,16284.0,2025-06-01
PAY002278,ORD002278,Debit Card,Success,132654.35,2025-03-12
PAY002279,ORD002279,Net Banking,Success,125769.9,2025-04-21
PAY002280,ORD002280,UPI,Failed,171908.1,2025-02-03
PAY002281,ORD002281,UPI,Success,296876.1,2025-03-24
PAY002282,ORD002282,UPI,Success,127162.45,2025-02-08
PAY002283,ORD002283,Credit Card,Success,220481.45,2025-02-11
PAY002284,ORD002284,Credit Card,Success,66208.0,2025-05-17
PAY002285,ORD002285,UPI,Success,173799.25,2025-02-01
PAY002286,ORD002286,Wallet,Success,210986.55,2025-06-07
PAY002287,ORD002287,Cash on Delivery,Success,78363.6,2025-03-02
PAY002288,ORD002288,Debit Card,Success,166938.1,2025-06-27
PAY002289,ORD002289,Net Banking,Success,64237.9,2025-01-21
PAY002290,ORD002290,Wallet,Success,175790.85,2025-05-03
PAY002291,ORD002291,Credit Card,Success,263319.75,2025-04-06
PAY002292,ORD002292,Debit Card,Success,34042.0,2025-05-09
PAY002293,ORD002293,Net Banking,Success,91289.8,2025-05-30
PAY002294,ORD002294,Debit Card,Success,91482.15,2025-03-24
PAY002295,ORD002295,Debit Card,Success,81693.0,2025-01-01
PAY002296,ORD002296,Wallet,Success,158673.6,2025-03-09
PAY002297,ORD002297,Debit Card,Success,270818.3,2025-06-07
PAY002298,ORD002298,Debit Card,Success,45762.5,2025-04-01
PAY002299,ORD002299,Credit Card,Success,85810.0,2025-03-23
PAY002300,ORD002300,Credit Card,Success,74264.35,2025-04-21
PAY002301,ORD002301,Credit Card,Success,172427.6,2025-03-14
PAY002302,ORD002302,UPI,Success,38940.2,2025-06-25
PAY002303,ORD002303,UPI,Success,143681.2,2025-02-12
PAY002304,ORD002304,Wallet,Success,99674.0,2025-06-24
PAY002305,ORD002305,Net Banking,Success,74899.8,2025-04-29
PAY002306,ORD002306,Net Banking,Success,21456.0,2025-02-03
PAY002307,ORD002307,Wallet,Success,127175.45,2025-01-28
PAY002308,ORD002308,UPI,Success,103043.55,2025-05-03
PAY002309,ORD002309,UPI,Success,149540.6,2025-04-05
PAY002310,ORD002310,Cash on Delivery,Success,122838.2,2025-06-04
PAY002311,ORD002311,Credit Card,Success,115767.9,2025-04-26
PAY002312,ORD002312,Debit Card,Failed,51310.4,2025-05-21
PAY002313,ORD002313,Net Banking,Success,81455.1,2025-03-30
PAY002314,ORD002314,UPI,Success,118403.1,2025-01-29
PAY002315,ORD002315,UPI,Success,89428.2,2025-01-02
PAY002316,ORD002316,UPI,Success,80773.0,2025-04-26
PAY002317,ORD002317,Debit Card,Success,123657.15,2025-01-14
PAY002318,ORD002318,Cash on Delivery,Success,61366.0,2025-06-03
PAY002319,ORD002319,UPI,Success,252381.3,2025-02-25
PAY002320,ORD002320,Cash on Delivery,Success,107701.7,2025-01-14
PAY002321,ORD002321,Debit Card,Success,245991.0,2025-03-03
PAY002322,ORD002322,UPI,Success,153869.85,2025-05-05
PAY002323,ORD002323,Wallet,Success,89445.2,2025-04-05
PAY002324,ORD002324,Credit Card,Success,114407.8,2025-02-09
PAY002325,ORD002325,Cash on Delivery,Success,43934.4,2025-03-07
PAY002326,ORD002326,Credit Card,Failed,182026.0,2025-01-08
PAY002327,ORD002327,Cash on Delivery,Success,97458.3,2025-01-04
PAY002328,ORD002328,Cash on Delivery,Success,97559.45,2025-05-01
PAY002329,ORD002329,Wallet,Success,78483.3,2025-03-23
PAY002330,ORD002330,Wallet,Success,45398.5,2025-05-28
PAY002331,ORD002331,UPI,Success,183711.2,2025-05-08
PAY002332,ORD002332,Credit Card,Success,138157.15,2025-03-10
PAY002333,ORD002333,UPI,Success,145869.3,2025-01-10
PAY002334,ORD002334,Cash on Delivery,Success,62739.9,2025-03-06
PAY002335,ORD002335,Cash on Delivery,Success,104460.5,2025-06-07
PAY002336,ORD002336,Debit Card,Success,1988.0,2025-04-20
PAY002337,ORD002337,Debit Card,Success,89352.5,2025-06-01
PAY002338,ORD002338,Wallet,Success,12690.0,2025-01-27
PAY002339,ORD002339,Wallet,Success,27030.4,2025-01-23
PAY002340,ORD002340,Wallet,Success,38988.0,2025-01-15
PAY002341,ORD002341,Wallet,Success,178040.5,2025-02-16
PAY002342,ORD002342,Wallet,Success,235781.1,2025-04-24
PAY002343,ORD002343,Cash on Delivery,Success,30953.85,2025-04-04
PAY002344,ORD002344,UPI,Failed,106349.6,2025-04-13
PAY002345,ORD002345,Wallet,Success,20049.75,2025-04-28
PAY002346,ORD002346,Credit Card,Success,231111.25,2025-01-17
PAY002347,ORD002347,Wallet,Success,122157.15,2025-01-26
PAY002348,ORD002348,Wallet,Success,79464.6,2025-05-19
PAY002349,ORD002349,Net Banking,Success,100397.25,2025-05-06
PAY002350,ORD002350,Cash on Delivery,Success,86916.45,2025-03-26
PAY002351,ORD002351,Credit Card,Success,190261.5,2025-04-04
PAY002352,ORD002352,UPI,Refunded,73415.0,2025-01-16
PAY002353,ORD002353,Debit Card,Success,100058.1,2025-03-26
PAY002354,ORD002354,Net Banking,Success,33919.2,2025-01-31
PAY002355,ORD002355,Debit Card,Success,13977.4,2025-01-20
PAY002356,ORD002356,Net Banking,Success,187166.05,2025-02-08
PAY002357,ORD002357,Net Banking,Success,98443.65,2025-04-22
PAY002358,ORD002358,UPI,Success,78844.65,2025-03-11
PAY002359,ORD002359,Credit Card,Success,194318.75,2025-04-14
PAY002360,ORD002360,UPI,Success,111692.7,2025-01-31
PAY002361,ORD002361,UPI,Success,2542.35,2025-01-14
PAY002362,ORD002362,Credit Card,Success,13046.4,2025-06-07
PAY002363,ORD002363,Debit Card,Success,72308.45,2025-06-11
PAY002364,ORD002364,Credit Card,Success,92489.85,2025-03-28
PAY002365,ORD002365,Credit Card,Success,106313.55,2025-01-15
PAY002366,ORD002366,UPI,Success,195009.9,2025-05-16
PAY002367,ORD002367,UPI,Success,10162.0,2025-06-24
PAY002368,ORD002368,Debit Card,Failed,24018.9,2025-05-31
PAY002369,ORD002369,Credit Card,Success,201778.15,2025-03-12
PAY002370,ORD002370,Net Banking,Success,36729.0,2025-02-12
PAY002371,ORD002371,Cash on Delivery,Success,217660.05,2025-05-05
PAY002372,ORD002372,UPI,Success,133330.4,2025-04-02
PAY002373,ORD002373,Net Banking,Success,120853.6,2025-05-04
PAY002374,ORD002374,Cash on Delivery,Success,188406.85,2025-06-03
PAY002375,ORD002375,Debit Card,Success,22706.0,2025-05-19
PAY002376,ORD002376,Wallet,Success,176872.9,2025-03-24
PAY002377,ORD002377,Wallet,Success,59784.9,2025-05-15
PAY002378,ORD002378,Wallet,Success,550.8,2025-03-26
PAY002379,ORD002379,Wallet,Success,40976.45,2025-04-22
PAY002380,ORD002380,Cash on Delivery,Success,72342.2,2025-01-15
PAY002381,ORD002381,Debit Card,Success,64317.6,2025-03-05
PAY002382,ORD002382,Debit Card,Success,41351.0,2025-03-15
PAY002383,ORD002383,UPI,Success,68295.0,2025-03-08
PAY002384,ORD002384,Cash on Delivery,Success,218559.5,2025-04-19
PAY002385,ORD002385,Credit Card,Success,11828.0,2025-05-22
PAY002386,ORD002386,Debit Card,Success,217543.55,2025-04-18
PAY002387,ORD002387,UPI,Success,128694.6,2025-01-24
PAY002388,ORD002388,Net Banking,Success,58993.0,2025-02-16
PAY002389,ORD002389,Wallet,Success,30526.9,2025-01-04
PAY002390,ORD002390,Wallet,Success,24087.05,2025-06-13
PAY002391,ORD002391,Credit Card,Success,154415.85,2025-02-12
PAY002392,ORD002392,Debit Card,Success,216984.7,2025-01-23
PAY002393,ORD002393,Credit Card,Success,22655.0,2025-02-27
PAY002394,ORD002394,Cash on Delivery,Success,8475.2,2025-03-31
PAY002395,ORD002395,UPI,Failed,122530.0,2025-06-22
PAY002396,ORD002396,Cash on Delivery,Success,149836.65,2025-06-19
PAY002397,ORD002397,UPI,Success,126022.4,2025-01-30
PAY002398,ORD002398,Net Banking,Success,76323.8,2025-01-26
PAY002399,ORD002399,Net Banking,Success,59576.4,2025-04-14
PAY002400,ORD002400,Credit Card,Success,80199.5,2025-01-10
PAY002401,ORD002401,Net Banking,Success,128914.05,2025-03-09
PAY002402,ORD002402,Debit Card,Success,41264.8,2025-04-18
PAY002403,ORD002403,Cash on Delivery,Refunded,116132.4,2025-04-01
PAY002404,ORD002404,Net Banking,Success,161180.1,2025-04-14
PAY002405,ORD002405,Debit Card,Success,129825.1,2025-01-18
PAY002406,ORD002406,UPI,Success,83240.0,2025-06-29
PAY002407,ORD002407,Wallet,Success,90891.0,2025-01-22
PAY002408,ORD002408,Debit Card,Success,115908.6,2025-04-08
PAY002409,ORD002409,Cash on Delivery,Success,66843.25,2025-01-09
PAY002410,ORD002410,Cash on Delivery,Refunded,100945.0,2025-04-16
PAY002411,ORD002411,Wallet,Success,81285.4,2025-01-16
PAY002412,ORD002412,Debit Card,Success,130221.0,2025-03-20
PAY002413,ORD002413,Wallet,Success,111021.15,2025-01-28
PAY002414,ORD002414,Net Banking,Success,184168.1,2025-01-08
PAY002415,ORD002415,Credit Card,Success,39176.85,2025-05-17
PAY002416,ORD002416,UPI,Success,16767.1,2025-03-08
PAY002417,ORD002417,Net Banking,Success,64872.9,2025-04-12
PAY002418,ORD002418,Cash on Delivery,Success,199242.95,2025-05-31
PAY002419,ORD002419,UPI,Success,17776.4,2025-03-06
PAY002420,ORD002420,Cash on Delivery,Success,120225.4,2025-03-20
PAY002421,ORD002421,Wallet,Success,14064.6,2025-03-13
PAY002422,ORD002422,Net Banking,Failed,91018.8,2025-04-06
PAY002423,ORD002423,Debit Card,Success,60915.8,2025-03-02
PAY002424,ORD002424,Debit Card,Success,25293.25,2025-05-24
PAY002425,ORD002425,Debit Card,Success,113800.8,2025-05-31
PAY002426,ORD002426,Wallet,Success,50034.2,2025-04-29
PAY002427,ORD002427,UPI,Success,100478.9,2025-06-08
PAY002428,ORD002428,Net Banking,Success,33881.55,2025-01-10
PAY002429,ORD002429,Net Banking,Success,79283.6,2025-03-12
PAY002430,ORD002430,Wallet,Success,341493.9,2025-02-21
PAY002431,ORD002431,Cash on Delivery,Success,130274.8,2025-02-10
PAY002432,ORD002432,Debit Card,Success,144752.45,2025-03-14
PAY002433,ORD002433,Credit Card,Success,214706.85,2025-06-09
PAY002434,ORD002434,Cash on Delivery,Success,100866.75,2025-06-29
PAY002435,ORD002435,Net Banking,Success,9833.4,2025-06-09
PAY002436,ORD002436,Credit Card,Success,4206.0,2025-06-11
PAY002437,ORD002437,UPI,Success,194550.75,2025-06-02
PAY002438,ORD002438,UPI,Success,35048.35,2025-02-02
PAY002439,ORD002439,Credit Card,Success,85608.3,2025-06-02
PAY002440,ORD002440,Cash on Delivery,Failed,22376.25,2025-03-07
PAY002441,ORD002441,Wallet,Success,102638.0,2025-02-08
PAY002442,ORD002442,Cash on Delivery,Success,34532.1,2025-06-22
PAY002443,ORD002443,UPI,Success,93225.4,2025-01-10
PAY002444,ORD002444,UPI,Success,217772.25,2025-02-06
PAY002445,ORD002445,Wallet,Success,45626.4,2025-05-25
PAY002446,ORD002446,Wallet,Success,111376.8,2025-01-26
PAY002447,ORD002447,Debit Card,Success,96595.2,2025-05-25
PAY002448,ORD002448,UPI,Success,188824.3,2025-03-14
PAY002449,ORD002449,Debit Card,Success,281750.95,2025-02-22
PAY002450,ORD002450,Wallet,Success,176597.6,2025-05-22
PAY002451,ORD002451,Net Banking,Success,112803.65,2025-01-13
PAY002452,ORD002452,Net Banking,Success,44895.6,2025-01-31
PAY002453,ORD002453,Debit Card,Success,131012.55,2025-03-10
PAY002454,ORD002454,Wallet,Failed,155038.8,2025-01-29
PAY002455,ORD002455,Credit Card,Success,20257.6,2025-03-05
PAY002456,ORD002456,Net Banking,Success,170582.35,2025-01-28
PAY002457,ORD002457,Wallet,Success,25364.0,2025-01-01
PAY002458,ORD002458,Cash on Delivery,Success,14003.1,2025-01-04
PAY002459,ORD002459,Cash on Delivery,Success,27281.0,2025-06-08
PAY002460,ORD002460,Debit Card,Success,158185.45,2025-03-11
PAY002461,ORD002461,Net Banking,Success,76262.4,2025-02-10
PAY002462,ORD002462,Net Banking,Success,150522.8,2025-02-17
PAY002463,ORD002463,Debit Card,Success,163118.45,2025-04-30
PAY002464,ORD002464,UPI,Success,96977.2,2025-06-13
PAY002465,ORD002465,UPI,Success,1616.0,2025-06-29
PAY002466,ORD002466,Cash on Delivery,Success,155617.0,2025-05-25
PAY002467,ORD002467,Debit Card,Success,60203.1,2025-03-25
PAY002468,ORD002468,Net Banking,Success,153868.0,2025-06-05
PAY002469,ORD002469,Cash on Delivery,Success,185064.45,2025-03-16
PAY002470,ORD002470,Credit Card,Success,191012.6,2025-03-25
PAY002471,ORD002471,Cash on Delivery,Success,118348.85,2025-03-15
PAY002472,ORD002472,UPI,Success,53645.4,2025-01-20
PAY002473,ORD002473,Credit Card,Success,182693.2,2025-06-05
PAY002474,ORD002474,Net Banking,Success,147448.3,2025-06-19
PAY002475,ORD002475,Net Banking,Success,90978.3,2025-04-01
PAY002476,ORD002476,Net Banking,Success,268269.2,2025-01-16
PAY002477,ORD002477,UPI,Failed,170732.0,2025-03-22
PAY002478,ORD002478,UPI,Success,93114.2,2025-06-02
PAY002479,ORD002479,Cash on Delivery,Success,220040.05,2025-01-27
PAY002480,ORD002480,Net Banking,Success,59877.4,2025-05-18
PAY002481,ORD002481,Net Banking,Success,218648.8,2025-01-21
PAY002482,ORD002482,Cash on Delivery,Success,223049.4,2025-02-24
PAY002483,ORD002483,Debit Card,Success,116741.35,2025-03-05
PAY002484,ORD002484,Cash on Delivery,Success,33833.3,2025-03-07
PAY002485,ORD002485,Net Banking,Success,253152.65,2025-03-06
PAY002486,ORD002486,Wallet,Success,157175.45,2025-04-30
PAY002487,ORD002487,Cash on Delivery,Success,175505.3,2025-05-18
PAY002488,ORD002488,Net Banking,Success,18649.85,2025-05-17
PAY002489,ORD002489,UPI,Success,71234.8,2025-05-22
PAY002490,ORD002490,Cash on Delivery,Success,87227.0,2025-04-20
PAY002491,ORD002491,Wallet,Success,157348.0,2025-01-01
PAY002492,ORD002492,Debit Card,Success,104394.0,2025-04-20
PAY002493,ORD002493,Cash on Delivery,Success,199116.8,2025-02-26
PAY002494,ORD002494,Debit Card,Success,13960.4,2025-03-18
PAY002495,ORD002495,Cash on Delivery,Success,65840.0,2025-02-07
PAY002496,ORD002496,Cash on Delivery,Success,218884.75,2025-01-04
PAY002497,ORD002497,Net Banking,Success,104824.75,2025-04-24
PAY002498,ORD002498,Credit Card,Success,32643.9,2025-06-15
PAY002499,ORD002499,Credit Card,Success,42970.4,2025-01-10
PAY002500,ORD002500,Cash on Delivery,Success,179915.65,2025-05-03
PAY002501,ORD002501,Cash on Delivery,Success,232380.85,2025-01-25
PAY002502,ORD002502,Debit Card,Success,130201.15,2025-04-18
PAY002503,ORD002503,Cash on Delivery,Success,156971.1,2025-03-05
PAY002504,ORD002504,Cash on Delivery,Success,47451.2,2025-06-03
PAY002505,ORD002505,Credit Card,Success,1729.75,2025-06-17
PAY002506,ORD002506,Cash on Delivery,Success,37251.3,2025-04-22
PAY002507,ORD002507,UPI,Success,121664.7,2025-01-15
PAY002508,ORD002508,UPI,Success,123446.1,2025-03-16
PAY002509,ORD002509,Wallet,Success,126616.0,2025-02-08
PAY002510,ORD002510,Net Banking,Success,187158.95,2025-06-04
PAY002511,ORD002511,Debit Card,Success,220201.2,2025-06-22
PAY002512,ORD002512,UPI,Success,197319.1,2025-02-07
PAY002513,ORD002513,Credit Card,Success,165596.4,2025-03-23
PAY002514,ORD002514,Net Banking,Success,150103.3,2025-02-24
PAY002515,ORD002515,Net Banking,Success,174087.95,2025-05-14
PAY002516,ORD002516,Credit Card,Success,245377.2,2025-05-31
PAY002517,ORD002517,Credit Card,Success,167280.15,2025-06-13
PAY002518,ORD002518,Wallet,Success,162717.5,2025-06-06
PAY002519,ORD002519,Debit Card,Success,239735.85,2025-05-21
PAY002520,ORD002520,Wallet,Success,97353.75,2025-04-05
PAY002521,ORD002521,Credit Card,Success,134228.7,2025-05-03
PAY002522,ORD002522,Credit Card,Success,52070.6,2025-01-24
PAY002523,ORD002523,Credit Card,Success,118816.5,2025-06-15
PAY002524,ORD002524,UPI,Failed,99039.0,2025-02-08
PAY002525,ORD002525,Credit Card,Failed,90569.7,2025-04-29
PAY002526,ORD002526,UPI,Refunded,11388.8,2025-01-19
PAY002527,ORD002527,Wallet,Success,195627.4,2025-01-04
PAY002528,ORD002528,Net Banking,Success,55917.0,2025-03-27
PAY002529,ORD002529,Credit Card,Success,134912.0,2025-05-28
PAY002530,ORD002530,Cash on Delivery,Success,64163.5,2025-03-08
PAY002531,ORD002531,Cash on Delivery,Success,121835.25,2025-05-17
PAY002532,ORD002532,Debit Card,Success,19864.45,2025-03-13
PAY002533,ORD002533,Credit Card,Success,208753.2,2025-05-04
PAY002534,ORD002534,UPI,Success,164759.85,2025-03-29
PAY002535,ORD002535,Debit Card,Success,81532.0,2025-04-14
PAY002536,ORD002536,Credit Card,Failed,54755.65,2025-04-14
PAY002537,ORD002537,Wallet,Success,131772.0,2025-02-13
PAY002538,ORD002538,Net Banking,Success,121809.0,2025-04-07
PAY002539,ORD002539,Wallet,Success,152224.95,2025-01-28
PAY002540,ORD002540,UPI,Success,111878.4,2025-04-05
PAY002541,ORD002541,Wallet,Success,47690.1,2025-04-06
PAY002542,ORD002542,Cash on Delivery,Success,142739.05,2025-02-12
PAY002543,ORD002543,Cash on Delivery,Success,53327.0,2025-03-23
PAY002544,ORD002544,Debit Card,Success,155287.7,2025-02-02
PAY002545,ORD002545,Net Banking,Success,89403.85,2025-01-10
PAY002546,ORD002546,Credit Card,Refunded,195555.5,2025-03-18
PAY002547,ORD002547,Credit Card,Success,13587.2,2025-04-21
PAY002548,ORD002548,Credit Card,Success,68346.7,2025-03-12
PAY002549,ORD002549,Credit Card,Success,208503.3,2025-04-16
PAY002550,ORD002550,UPI,Success,170205.0,2025-03-01
PAY002551,ORD002551,UPI,Success,53919.7,2025-04-27
PAY002552,ORD002552,Net Banking,Success,37336.0,2025-01-01
PAY002553,ORD002553,UPI,Refunded,65773.0,2025-02-27
PAY002554,ORD002554,Wallet,Success,225870.5,2025-03-20
PAY002555,ORD002555,Wallet,Success,6205.0,2025-06-15
PAY002556,ORD002556,UPI,Success,181908.2,2025-06-29
PAY002557,ORD002557,Cash on Delivery,Failed,137162.45,2025-05-26
PAY002558,ORD002558,Credit Card,Success,204781.1,2025-02-03
PAY002559,ORD002559,Wallet,Success,118674.3,2025-01-22
PAY002560,ORD002560,Wallet,Success,161662.5,2025-06-25
PAY002561,ORD002561,Credit Card,Success,83266.0,2025-06-16
PAY002562,ORD002562,Cash on Delivery,Success,187434.95,2025-06-05
PAY002563,ORD002563,Credit Card,Refunded,158757.55,2025-04-19
PAY002564,ORD002564,Cash on Delivery,Success,191625.5,2025-04-18
PAY002565,ORD002565,Cash on Delivery,Success,88033.55,2025-02-22
PAY002566,ORD002566,Net Banking,Success,222043.6,2025-04-19
PAY002567,ORD002567,Debit Card,Success,78203.1,2025-05-17
PAY002568,ORD002568,Debit Card,Success,17906.1,2025-02-10
PAY002569,ORD002569,Cash on Delivery,Success,116307.0,2025-05-24
PAY002570,ORD002570,UPI,Success,121997.15,2025-02-25
PAY002571,ORD002571,Wallet,Success,110358.0,2025-02-05
PAY002572,ORD002572,Debit Card,Success,10977.6,2025-05-31
PAY002573,ORD002573,Debit Card,Success,42877.55,2025-02-09
PAY002574,ORD002574,Cash on Delivery,Success,131030.9,2025-01-17
PAY002575,ORD002575,Net Banking,Success,126167.6,2025-05-28
PAY002576,ORD002576,UPI,Success,11205.25,2025-03-31
PAY002577,ORD002577,Debit Card,Success,81345.0,2025-05-27
PAY002578,ORD002578,Cash on Delivery,Success,6499.1,2025-03-11
PAY002579,ORD002579,Net Banking,Success,132278.4,2025-01-28
PAY002580,ORD002580,Credit Card,Success,56098.3,2025-05-15
PAY002581,ORD002581,UPI,Success,115746.5,2025-03-19
PAY002582,ORD002582,Credit Card,Success,36119.05,2025-03-07
PAY002583,ORD002583,Cash on Delivery,Success,96949.2,2025-06-15
PAY002584,ORD002584,UPI,Success,49176.75,2025-01-19
PAY002585,ORD002585,Wallet,Success,204884.8,2025-04-05
PAY002586,ORD002586,Credit Card,Success,165908.6,2025-02-18
PAY002587,ORD002587,Wallet,Success,67462.2,2025-06-12
PAY002588,ORD002588,UPI,Success,58872.7,2025-05-13
PAY002589,ORD002589,UPI,Success,263408.9,2025-03-03
PAY002590,ORD002590,Cash on Delivery,Success,89295.6,2025-06-01
PAY002591,ORD002591,Debit Card,Success,82137.6,2025-06-19
PAY002592,ORD002592,Wallet,Success,119734.8,2025-03-02
PAY002593,ORD002593,Debit Card,Success,142016.85,2025-02-17
PAY002594,ORD002594,UPI,Success,158836.35,2025-01-01
PAY002595,ORD002595,Cash on Delivery,Success,240435.8,2025-03-04
PAY002596,ORD002596,Cash on Delivery,Success,52226.6,2025-03-10
PAY002597,ORD002597,Credit Card,Success,167564.25,2025-01-27
PAY002598,ORD002598,UPI,Success,17198.9,2025-04-23
PAY002599,ORD002599,UPI,Success,225015.9,2025-01-19
PAY002600,ORD002600,Credit Card,Success,49142.4,2025-06-23
PAY002601,ORD002601,Credit Card,Success,129118.55,2025-04-02
PAY002602,ORD002602,UPI,Success,129903.0,2025-02-02
PAY002603,ORD002603,Net Banking,Success,218952.8,2025-04-03
PAY002604,ORD002604,UPI,Success,130198.8,2025-04-15
PAY002605,ORD002605,Net Banking,Success,69928.0,2025-04-27
PAY002606,ORD002606,UPI,Success,171394.45,2025-01-25
PAY002607,ORD002607,Credit Card,Success,174500.25,2025-06-16
PAY002608,ORD002608,Credit Card,Success,178642.2,2025-03-25
PAY002609,ORD002609,Wallet,Success,202971.8,2025-01-18
PAY002610,ORD002610,UPI,Success,9514.25,2025-05-16
PAY002611,ORD002611,UPI,Failed,173736.2,2025-03-30
PAY002612,ORD002612,Cash on Delivery,Success,244651.7,2025-05-21
PAY002613,ORD002613,Debit Card,Failed,95855.75,2025-03-29
PAY002614,ORD002614,Wallet,Success,174537.3,2025-04-08
PAY002615,ORD002615,Credit Card,Success,130742.95,2025-01-29
PAY002616,ORD002616,Cash on Delivery,Success,88778.45,2025-03-29
PAY002617,ORD002617,UPI,Success,148946.65,2025-01-09
PAY002618,ORD002618,Cash on Delivery,Success,305999.85,2025-04-21
PAY002619,ORD002619,Wallet,Failed,209882.9,2025-04-05
PAY002620,ORD002620,Net Banking,Success,190253.2,2025-04-11
PAY002621,ORD002621,Cash on Delivery,Success,132110.45,2025-06-12
PAY002622,ORD002622,Net Banking,Success,173479.5,2025-04-14
PAY002623,ORD002623,Net Banking,Failed,83010.0,2025-02-17
PAY002624,ORD002624,UPI,Success,94618.4,2025-02-24
PAY002625,ORD002625,Cash on Delivery,Success,51833.6,2025-02-21
PAY002626,ORD002626,Wallet,Success,186208.8,2025-01-28
PAY002627,ORD002627,Net Banking,Success,128199.35,2025-01-24
PAY002628,ORD002628,Net Banking,Success,307015.5,2025-01-16
PAY002629,ORD002629,Debit Card,Success,65655.0,2025-03-15
PAY002630,ORD002630,Cash on Delivery,Failed,161899.3,2025-02-16
PAY002631,ORD002631,Net Banking,Success,117355.5,2025-02-10
PAY002632,ORD002632,Wallet,Success,169000.35,2025-03-12
PAY002633,ORD002633,Net Banking,Success,94780.0,2025-06-17
PAY002634,ORD002634,Cash on Delivery,Success,79943.2,2025-01-08
PAY002635,ORD002635,Credit Card,Success,10985.6,2025-02-04
PAY002636,ORD002636,Wallet,Success,211377.65,2025-05-23
PAY002637,ORD002637,UPI,Success,148620.5,2025-06-28
PAY002638,ORD002638,Wallet,Success,217927.4,2025-02-07
PAY002639,ORD002639,Credit Card,Success,87168.65,2025-02-24
PAY002640,ORD002640,UPI,Success,168690.2,2025-04-28
PAY002641,ORD002641,Debit Card,Success,94981.65,2025-02-19
PAY002642,ORD002642,Cash on Delivery,Success,155670.9,2025-04-25
PAY002643,ORD002643,Credit Card,Success,216163.5,2025-02-25
PAY002644,ORD002644,Net Banking,Success,137517.0,2025-05-12
PAY002645,ORD002645,Credit Card,Success,73595.25,2025-01-28
PAY002646,ORD002646,Wallet,Failed,113895.75,2025-04-12
PAY002647,ORD002647,Debit Card,Success,42425.2,2025-05-18
PAY002648,ORD002648,Debit Card,Success,203576.3,2025-01-07
PAY002649,ORD002649,Credit Card,Success,39360.9,2025-01-04
PAY002650,ORD002650,Cash on Delivery,Success,85405.85,2025-01-25
PAY002651,ORD002651,Credit Card,Success,45243.9,2025-05-21
PAY002652,ORD002652,Wallet,Success,3220.2,2025-02-02
PAY002653,ORD002653,Net Banking,Success,102531.0,2025-03-10
PAY002654,ORD002654,Cash on Delivery,Success,158414.45,2025-06-04
PAY002655,ORD002655,Wallet,Success,86889.3,2025-01-16
PAY002656,ORD002656,Net Banking,Success,102660.5,2025-03-03
PAY002657,ORD002657,Cash on Delivery,Success,142516.2,2025-06-11
PAY002658,ORD002658,Net Banking,Success,334606.3,2025-01-16
PAY002659,ORD002659,Wallet,Success,140545.3,2025-03-04
PAY002660,ORD002660,Net Banking,Success,70568.0,2025-04-19
PAY002661,ORD002661,Credit Card,Success,75312.9,2025-04-01
PAY002662,ORD002662,Cash on Delivery,Success,82031.55,2025-05-27
PAY002663,ORD002663,Credit Card,Success,78705.1,2025-06-27
PAY002664,ORD002664,Net Banking,Failed,183047.2,2025-04-07
PAY002665,ORD002665,Cash on Delivery,Success,116873.1,2025-02-04
PAY002666,ORD002666,Wallet,Success,139592.4,2025-01-25
PAY002667,ORD002667,Wallet,Success,6986.4,2025-01-23
PAY002668,ORD002668,Net Banking,Success,33582.0,2025-04-30
PAY002669,ORD002669,Debit Card,Success,154154.65,2025-03-29
PAY002670,ORD002670,Cash on Delivery,Success,81375.0,2025-02-06
PAY002671,ORD002671,Cash on Delivery,Success,6330.0,2025-05-31
PAY002672,ORD002672,Credit Card,Success,206838.6,2025-06-29
PAY002673,ORD002673,UPI,Success,122981.5,2025-05-17
PAY002674,ORD002674,Credit Card,Success,84267.3,2025-04-13
PAY002675,ORD002675,Cash on Delivery,Success,117631.15,2025-06-03
PAY002676,ORD002676,Debit Card,Success,135947.8,2025-01-13
PAY002677,ORD002677,UPI,Success,42476.3,2025-01-27
PAY002678,ORD002678,Credit Card,Success,76661.8,2025-05-01
PAY002679,ORD002679,Net Banking,Success,4562.1,2025-02-20
PAY002680,ORD002680,Credit Card,Success,39075.95,2025-06-23
PAY002681,ORD002681,Credit Card,Success,213445.3,2025-03-01
PAY002682,ORD002682,Wallet,Failed,224984.25,2025-01-20
PAY002683,ORD002683,Cash on Delivery,Success,133136.0,2025-05-23
PAY002684,ORD002684,Net Banking,Success,118445.3,2025-05-20
PAY002685,ORD002685,UPI,Success,125081.25,2025-05-27
PAY002686,ORD002686,Debit Card,Success,32004.5,2025-02-22
PAY002687,ORD002687,Credit Card,Success,180970.2,2025-06-28
PAY002688,ORD002688,Cash on Delivery,Success,109298.65,2025-01-13
PAY002689,ORD002689,Debit Card,Success,130478.85,2025-01-02
PAY002690,ORD002690,Wallet,Success,180031.0,2025-04-04
PAY002691,ORD002691,Credit Card,Success,47316.9,2025-05-16
PAY002692,ORD002692,Net Banking,Success,105645.6,2025-02-01
PAY002693,ORD002693,Wallet,Success,272158.1,2025-02-26
PAY002694,ORD002694,Cash on Delivery,Success,175974.65,2025-05-28
PAY002695,ORD002695,Wallet,Success,20432.6,2025-04-29
PAY002696,ORD002696,Credit Card,Success,114664.35,2025-03-02
PAY002697,ORD002697,UPI,Success,22450.0,2025-06-13
PAY002698,ORD002698,Credit Card,Success,58371.8,2025-03-04
PAY002699,ORD002699,UPI,Success,75368.3,2025-05-23
PAY002700,ORD002700,Credit Card,Success,61010.1,2025-04-26
PAY002701,ORD002701,Net Banking,Success,87552.0,2025-01-29
PAY002702,ORD002702,Credit Card,Success,257663.05,2025-05-01
PAY002703,ORD002703,Credit Card,Success,203094.0,2025-05-14
PAY002704,ORD002704,Net Banking,Success,115287.45,2025-05-09
PAY002705,ORD002705,Wallet,Success,45554.0,2025-06-30
PAY002706,ORD002706,Credit Card,Success,98377.3,2025-05-22
PAY002707,ORD002707,Cash on Delivery,Success,25896.6,2025-03-26
PAY002708,ORD002708,Net Banking,Success,115260.85,2025-02-02
PAY002709,ORD002709,Credit Card,Success,189804.1,2025-04-22
PAY002710,ORD002710,Debit Card,Success,4039.2,2025-06-09
PAY002711,ORD002711,Debit Card,Success,249109.35,2025-02-23
PAY002712,ORD002712,Wallet,Success,200011.25,2025-06-14
PAY002713,ORD002713,Debit Card,Success,253048.1,2025-04-27
PAY002714,ORD002714,UPI,Success,198197.4,2025-01-19
PAY002715,ORD002715,Wallet,Success,39195.0,2025-04-21
PAY002716,ORD002716,Debit Card,Success,188302.2,2025-05-01
PAY002717,ORD002717,Wallet,Success,95829.45,2025-01-16
PAY002718,ORD002718,Wallet,Success,82484.7,2025-05-18
PAY002719,ORD002719,Debit Card,Success,237081.7,2025-04-15
PAY002720,ORD002720,Wallet,Success,13288.15,2025-04-09
PAY002721,ORD002721,Wallet,Success,114631.3,2025-05-25
PAY002722,ORD002722,Cash on Delivery,Success,123082.05,2025-04-07
PAY002723,ORD002723,Net Banking,Success,69952.4,2025-03-04
PAY002724,ORD002724,Credit Card,Success,15618.0,2025-01-03
PAY002725,ORD002725,Wallet,Success,32670.9,2025-04-03
PAY002726,ORD002726,Net Banking,Success,275280.9,2025-04-04
PAY002727,ORD002727,UPI,Success,246764.8,2025-01-27
PAY002728,ORD002728,Wallet,Success,13051.1,2025-03-25
PAY002729,ORD002729,Net Banking,Success,144726.7,2025-02-11
PAY002730,ORD002730,Cash on Delivery,Refunded,95418.5,2025-03-06
PAY002731,ORD002731,Cash on Delivery,Failed,125686.4,2025-06-07
PAY002732,ORD002732,Wallet,Success,192997.75,2025-04-14
PAY002733,ORD002733,Debit Card,Success,40776.3,2025-04-14
PAY002734,ORD002734,UPI,Success,71987.1,2025-05-02
PAY002735,ORD002735,Credit Card,Success,97628.1,2025-05-05
PAY002736,ORD002736,Credit Card,Success,162138.85,2025-06-29
PAY002737,ORD002737,Net Banking,Success,81980.9,2025-05-14
PAY002738,ORD002738,Credit Card,Success,170450.9,2025-04-06
PAY002739,ORD002739,Net Banking,Success,215694.95,2025-06-30
PAY002740,ORD002740,Credit Card,Success,205001.5,2025-02-01
PAY002741,ORD002741,Wallet,Success,56559.1,2025-01-19
PAY002742,ORD002742,Debit Card,Success,191659.25,2025-04-10
PAY002743,ORD002743,Wallet,Failed,108280.35,2025-04-11
PAY002744,ORD002744,Credit Card,Success,88190.6,2025-01-11
PAY002745,ORD002745,Cash on Delivery,Success,142861.2,2025-05-10
PAY002746,ORD002746,Net Banking,Success,43971.0,2025-06-23
PAY002747,ORD002747,Net Banking,Success,70987.7,2025-04-13
PAY002748,ORD002748,Net Banking,Success,91464.3,2025-03-22
PAY002749,ORD002749,Credit Card,Success,31464.0,2025-06-08
PAY002750,ORD002750,Net Banking,Success,128229.95,2025-06-30
PAY002751,ORD002751,Cash on Delivery,Success,95731.8,2025-05-13
PAY002752,ORD002752,Debit Card,Success,79630.4,2025-01-25
PAY002753,ORD002753,Cash on Delivery,Success,73650.5,2025-05-28
PAY002754,ORD002754,Credit Card,Success,144072.2,2025-06-02
PAY002755,ORD002755,Wallet,Success,41778.45,2025-04-11
PAY002756,ORD002756,Net Banking,Success,173083.5,2025-05-04
PAY002757,ORD002757,UPI,Success,168716.9,2025-02-18
PAY002758,ORD002758,Cash on Delivery,Success,98883.75,2025-01-22
PAY002759,ORD002759,Debit Card,Success,196467.7,2025-01-29
PAY002760,ORD002760,Wallet,Success,156445.0,2025-05-25
PAY002761,ORD002761,Credit Card,Success,137896.05,2025-03-02
PAY002762,ORD002762,Wallet,Success,147718.25,2025-04-04
PAY002763,ORD002763,Debit Card,Success,179785.65,2025-03-19
PAY002764,ORD002764,Net Banking,Success,171491.8,2025-01-29
PAY002765,ORD002765,Cash on Delivery,Success,3724.95,2025-05-14
PAY002766,ORD002766,Debit Card,Success,152878.1,2025-05-07
PAY002767,ORD002767,Net Banking,Success,67062.0,2025-03-31
PAY002768,ORD002768,UPI,Success,25576.65,2025-03-28
PAY002769,ORD002769,Debit Card,Success,72526.0,2025-01-09
PAY002770,ORD002770,Cash on Delivery,Success,116371.25,2025-06-06
PAY002771,ORD002771,UPI,Success,102742.5,2025-05-18
PAY002772,ORD002772,Debit Card,Success,81175.0,2025-01-14
PAY002773,ORD002773,Net Banking,Success,173892.25,2025-02-21
PAY002774,ORD002774,Debit Card,Success,77930.8,2025-04-01
PAY002775,ORD002775,Cash on Delivery,Success,131054.55,2025-06-16
PAY002776,ORD002776,Debit Card,Success,77827.75,2025-05-05
PAY002777,ORD002777,Wallet,Success,104100.0,2025-06-14
PAY002778,ORD002778,Cash on Delivery,Success,168181.65,2025-05-02
PAY002779,ORD002779,Net Banking,Success,4027.2,2025-04-28
PAY002780,ORD002780,Credit Card,Success,102795.3,2025-02-16
PAY002781,ORD002781,Wallet,Success,114725.4,2025-06-13
PAY002782,ORD002782,Wallet,Success,65982.4,2025-05-06
PAY002783,ORD002783,UPI,Success,38417.4,2025-01-28
PAY002784,ORD002784,Cash on Delivery,Success,149099.1,2025-06-03
PAY002785,ORD002785,Wallet,Success,278538.0,2025-03-21
PAY002786,ORD002786,Wallet,Success,89498.45,2025-01-31
PAY002787,ORD002787,Credit Card,Success,166597.6,2025-05-20
PAY002788,ORD002788,Wallet,Success,47301.8,2025-02-24
PAY002789,ORD002789,Cash on Delivery,Success,111689.2,2025-06-21
PAY002790,ORD002790,Credit Card,Success,14218.4,2025-01-11
PAY002791,ORD002791,Wallet,Success,142001.4,2025-06-25
PAY002792,ORD002792,Net Banking,Success,117325.0,2025-02-16
PAY002793,ORD002793,Cash on Delivery,Success,79366.2,2025-02-26
PAY002794,ORD002794,Net Banking,Success,122178.4,2025-03-05
PAY002795,ORD002795,Debit Card,Success,162139.8,2025-02-16
PAY002796,ORD002796,Net Banking,Success,187220.55,2025-01-10
PAY002797,ORD002797,UPI,Success,53553.35,2025-01-12
PAY002798,ORD002798,Cash on Delivery,Success,180744.75,2025-06-01
PAY002799,ORD002799,UPI,Refunded,172940.9,2025-03-15
PAY002800,ORD002800,Cash on Delivery,Success,155583.55,2025-01-14
PAY002801,ORD002801,Credit Card,Success,52219.2,2025-03-03
PAY002802,ORD002802,Debit Card,Success,31851.8,2025-06-28
PAY002803,ORD002803,Wallet,Success,245595.4,2025-02-14
PAY002804,ORD002804,Net Banking,Success,3006.45,2025-03-09
PAY002805,ORD002805,UPI,Failed,115572.65,2025-06-02
PAY002806,ORD002806,Net Banking,Success,93327.05,2025-03-15
PAY002807,ORD002807,Net Banking,Success,57782.0,2025-04-21
PAY002808,ORD002808,Cash on Delivery,Success,221668.8,2025-01-25
PAY002809,ORD002809,Cash on Delivery,Success,33386.8,2025-03-05
PAY002810,ORD002810,Cash on Delivery,Refunded,82307.35,2025-06-03
PAY002811,ORD002811,Cash on Delivery,Success,38976.6,2025-03-20
PAY002812,ORD002812,Credit Card,Success,174224.4,2025-06-25
PAY002813,ORD002813,Debit Card,Success,122428.65,2025-03-22
PAY002814,ORD002814,Debit Card,Success,156568.05,2025-05-14
PAY002815,ORD002815,Net Banking,Success,288728.65,2025-05-20
PAY002816,ORD002816,Wallet,Success,221086.45,2025-06-06
PAY002817,ORD002817,UPI,Success,54857.6,2025-02-05
PAY002818,ORD002818,Cash on Delivery,Success,121057.0,2025-03-28
PAY002819,ORD002819,Credit Card,Success,165148.05,2025-01-17
PAY002820,ORD002820,Cash on Delivery,Success,18414.4,2025-03-11
PAY002821,ORD002821,Wallet,Success,149634.1,2025-02-21
PAY002822,ORD002822,Debit Card,Success,151973.9,2025-05-19
PAY002823,ORD002823,Credit Card,Success,109403.35,2025-06-28
PAY002824,ORD002824,Wallet,Success,140281.2,2025-02-05
PAY002825,ORD002825,Net Banking,Success,59054.4,2025-03-02
PAY002826,ORD002826,Wallet,Success,113649.3,2025-03-26
PAY002827,ORD002827,Cash on Delivery,Success,16751.8,2025-01-28
PAY002828,ORD002828,Debit Card,Success,191060.45,2025-03-22
PAY002829,ORD002829,Cash on Delivery,Refunded,81275.8,2025-05-28
PAY002830,ORD002830,Debit Card,Success,228218.7,2025-06-08
PAY002831,ORD002831,Net Banking,Success,135661.0,2025-02-22
PAY002832,ORD002832,Cash on Delivery,Success,25319.4,2025-02-06
PAY002833,ORD002833,Cash on Delivery,Failed,171670.6,2025-02-19
PAY002834,ORD002834,Cash on Delivery,Success,85368.2,2025-03-19
PAY002835,ORD002835,Net Banking,Success,77354.0,2025-05-27
PAY002836,ORD002836,Cash on Delivery,Success,38011.4,2025-01-14
PAY002837,ORD002837,Cash on Delivery,Success,142047.0,2025-05-12
PAY002838,ORD002838,Wallet,Success,107558.0,2025-02-04
PAY002839,ORD002839,UPI,Success,105583.6,2025-04-10
PAY002840,ORD002840,Cash on Delivery,Failed,61929.6,2025-05-10
PAY002841,ORD002841,Net Banking,Success,149080.15,2025-02-21
PAY002842,ORD002842,Credit Card,Success,171437.4,2025-03-20
PAY002843,ORD002843,UPI,Success,216320.85,2025-05-15
PAY002844,ORD002844,Wallet,Success,107346.55,2025-03-30
PAY002845,ORD002845,Credit Card,Success,82041.0,2025-02-01
PAY002846,ORD002846,Credit Card,Success,67591.9,2025-01-12
PAY002847,ORD002847,Cash on Delivery,Success,100587.7,2025-02-16
PAY002848,ORD002848,Wallet,Success,5361.6,2025-04-07
PAY002849,ORD002849,Cash on Delivery,Success,44891.95,2025-03-10
PAY002850,ORD002850,UPI,Success,206792.5,2025-02-03
PAY002851,ORD002851,UPI,Success,98681.25,2025-01-10
PAY002852,ORD002852,Wallet,Failed,39069.5,2025-02-06
PAY002853,ORD002853,Wallet,Success,68542.25,2025-02-27
PAY002854,ORD002854,Wallet,Success,73407.95,2025-03-25
PAY002855,ORD002855,Debit Card,Success,59682.8,2025-06-27
PAY002856,ORD002856,Wallet,Success,16160.2,2025-01-11
PAY002857,ORD002857,Net Banking,Failed,171638.95,2025-02-25
PAY002858,ORD002858,Net Banking,Success,47784.45,2025-01-09
PAY002859,ORD002859,Cash on Delivery,Success,102472.35,2025-02-04
PAY002860,ORD002860,Net Banking,Success,263471.0,2025-02-28
PAY002861,ORD002861,Debit Card,Success,32853.6,2025-04-14
PAY002862,ORD002862,Wallet,Success,174977.1,2025-06-16
PAY002863,ORD002863,Debit Card,Success,191584.85,2025-02-14
PAY002864,ORD002864,Net Banking,Success,46360.85,2025-06-02
PAY002865,ORD002865,UPI,Success,16953.7,2025-02-08
PAY002866,ORD002866,Wallet,Success,206087.3,2025-03-02
PAY002867,ORD002867,UPI,Success,118225.05,2025-01-12
PAY002868,ORD002868,Wallet,Success,110624.1,2025-03-01
PAY002869,ORD002869,Cash on Delivery,Success,82724.6,2025-05-17
PAY002870,ORD002870,Credit Card,Success,126603.5,2025-03-14
PAY002871,ORD002871,UPI,Success,46446.8,2025-02-24
PAY002872,ORD002872,UPI,Success,27067.5,2025-05-20
PAY002873,ORD002873,Debit Card,Success,231786.9,2025-04-02
PAY002874,ORD002874,Wallet,Refunded,44346.0,2025-02-25
PAY002875,ORD002875,Net Banking,Success,24588.0,2025-01-25
PAY002876,ORD002876,Cash on Delivery,Success,74720.3,2025-01-01
PAY002877,ORD002877,UPI,Success,202553.9,2025-03-27
PAY002878,ORD002878,Net Banking,Success,201452.45,2025-05-12
PAY002879,ORD002879,Debit Card,Failed,166594.1,2025-01-15
PAY002880,ORD002880,Cash on Delivery,Success,73694.4,2025-02-16
PAY002881,ORD002881,Wallet,Success,110313.8,2025-01-12
PAY002882,ORD002882,Debit Card,Success,23236.05,2025-05-31
PAY002883,ORD002883,Debit Card,Success,210283.8,2025-04-09
PAY002884,ORD002884,Cash on Delivery,Refunded,84000.5,2025-05-24
PAY002885,ORD002885,Cash on Delivery,Success,150770.8,2025-02-07
PAY002886,ORD002886,Debit Card,Success,261234.7,2025-06-20
PAY002887,ORD002887,Wallet,Success,39483.0,2025-05-02
PAY002888,ORD002888,Net Banking,Success,56982.3,2025-01-04
PAY002889,ORD002889,Debit Card,Success,139305.8,2025-04-15
PAY002890,ORD002890,Cash on Delivery,Success,216472.2,2025-05-24
PAY002891,ORD002891,Net Banking,Success,179412.45,2025-02-26
PAY002892,ORD002892,Cash on Delivery,Success,148513.2,2025-03-17
PAY002893,ORD002893,Cash on Delivery,Success,116945.5,2025-05-29
PAY002894,ORD002894,Net Banking,Success,116260.7,2025-06-09
PAY002895,ORD002895,Net Banking,Success,225637.4,2025-02-06
PAY002896,ORD002896,Debit Card,Failed,285211.65,2025-05-31
PAY002897,ORD002897,Cash on Delivery,Success,13905.0,2025-05-09
PAY002898,ORD002898,Net Banking,Success,239289.45,2025-02-01
PAY002899,ORD002899,UPI,Success,160608.6,2025-01-21
PAY002900,ORD002900,Wallet,Success,132871.15,2025-02-06
PAY002901,ORD002901,Wallet,Failed,27644.95,2025-06-08
PAY002902,ORD002902,Debit Card,Success,60224.7,2025-02-20
PAY002903,ORD002903,Wallet,Success,25483.75,2025-05-07
PAY002904,ORD002904,Cash on Delivery,Success,267966.9,2025-05-26
PAY002905,ORD002905,Cash on Delivery,Success,179950.6,2025-02-21
PAY002906,ORD002906,Wallet,Success,126962.8,2025-04-22
PAY002907,ORD002907,Debit Card,Success,28167.65,2025-06-18
PAY002908,ORD002908,Net Banking,Success,270348.8,2025-01-18
PAY002909,ORD002909,Wallet,Success,79716.65,2025-01-13
PAY002910,ORD002910,Cash on Delivery,Success,39589.6,2025-04-11
PAY002911,ORD002911,Wallet,Success,163153.8,2025-03-22
PAY002912,ORD002912,Debit Card,Success,7378.0,2025-04-14
PAY002913,ORD002913,Debit Card,Success,61926.4,2025-01-05
PAY002914,ORD002914,Cash on Delivery,Success,37143.3,2025-02-16
PAY002915,ORD002915,Net Banking,Success,104439.95,2025-05-11
PAY002916,ORD002916,Cash on Delivery,Success,207070.65,2025-04-11
PAY002917,ORD002917,Credit Card,Success,157401.8,2025-04-28
PAY002918,ORD002918,Net Banking,Success,19510.2,2025-02-26
PAY002919,ORD002919,Wallet,Success,54482.7,2025-04-26
PAY002920,ORD002920,Cash on Delivery,Success,60301.8,2025-04-19
PAY002921,ORD002921,Wallet,Success,89347.1,2025-02-23
PAY002922,ORD002922,UPI,Success,148142.55,2025-04-17
PAY002923,ORD002923,Credit Card,Success,50720.4,2025-01-27
PAY002924,ORD002924,Credit Card,Success,157541.05,2025-02-07
PAY002925,ORD002925,Credit Card,Success,35450.1,2025-02-26
PAY002926,ORD002926,Net Banking,Success,86956.6,2025-06-25
PAY002927,ORD002927,Credit Card,Success,106137.25,2025-03-16
PAY002928,ORD002928,Debit Card,Success,306735.05,2025-03-12
PAY002929,ORD002929,Debit Card,Success,148909.1,2025-05-23
PAY002930,ORD002930,Cash on Delivery,Success,82654.0,2025-04-10
PAY002931,ORD002931,Cash on Delivery,Success,203916.15,2025-02-09
PAY002932,ORD002932,Wallet,Success,131342.0,2025-04-03
PAY002933,ORD002933,Credit Card,Success,85214.4,2025-02-17
PAY002934,ORD002934,UPI,Success,77950.95,2025-06-17
PAY002935,ORD002935,Net Banking,Success,43755.2,2025-04-17
PAY002936,ORD002936,Debit Card,Success,49780.8,2025-02-02
PAY002937,ORD002937,Net Banking,Success,232302.7,2025-04-20
PAY002938,ORD002938,Wallet,Success,7196.25,2025-03-16
PAY002939,ORD002939,Wallet,Failed,268461.4,2025-04-21
PAY002940,ORD002940,Net Banking,Success,213321.1,2025-05-26
PAY002941,ORD002941,UPI,Success,38121.1,2025-03-06
PAY002942,ORD002942,Net Banking,Success,88778.7,2025-05-14
PAY002943,ORD002943,Debit Card,Success,86296.1,2025-01-15
PAY002944,ORD002944,Cash on Delivery,Success,155142.6,2025-04-22
PAY002945,ORD002945,Net Banking,Success,40536.0,2025-03-29
PAY002946,ORD002946,Debit Card,Success,149535.8,2025-05-27
PAY002947,ORD002947,Wallet,Success,76547.2,2025-02-18
PAY002948,ORD002948,UPI,Success,68122.35,2025-02-22
PAY002949,ORD002949,Debit Card,Success,330916.7,2025-06-13
PAY002950,ORD002950,Net Banking,Success,14919.75,2025-04-06
PAY002951,ORD002951,Wallet,Success,108235.3,2025-05-09
PAY002952,ORD002952,Debit Card,Success,38294.4,2025-06-25
PAY002953,ORD002953,Credit Card,Success,83382.45,2025-02-10
PAY002954,ORD002954,Cash on Delivery,Success,140472.4,2025-02-22
PAY002955,ORD002955,Net Banking,Success,12443.0,2025-05-12
PAY002956,ORD002956,Credit Card,Success,51740.0,2025-05-16
PAY002957,ORD002957,Debit Card,Success,113151.55,2025-01-20
PAY002958,ORD002958,Credit Card,Success,124329.8,2025-05-18
PAY002959,ORD002959,Wallet,Success,719.95,2025-06-04
PAY002960,ORD002960,UPI,Success,53042.55,2025-04-09
PAY002961,ORD002961,Debit Card,Success,9649.2,2025-01-15
PAY002962,ORD002962,Debit Card,Success,57009.0,2025-02-11
PAY002963,ORD002963,Net Banking,Success,47213.1,2025-04-18
PAY002964,ORD002964,UPI,Success,182418.2,2025-03-10
PAY002965,ORD002965,UPI,Success,174503.5,2025-05-13
PAY002966,ORD002966,Net Banking,Success,157970.2,2025-03-07
PAY002967,ORD002967,Wallet,Success,8133.6,2025-05-06
PAY002968,ORD002968,UPI,Success,268412.8,2025-04-04
PAY002969,ORD002969,Credit Card,Success,137013.65,2025-01-25
PAY002970,ORD002970,UPI,Success,86657.4,2025-06-16
PAY002971,ORD002971,Cash on Delivery,Failed,62919.6,2025-03-17
PAY002972,ORD002972,UPI,Success,41654.7,2025-06-13
PAY002973,ORD002973,Net Banking,Success,14784.85,2025-04-15
PAY002974,ORD002974,Net Banking,Success,222818.0,2025-06-24
PAY002975,ORD002975,Debit Card,Success,79115.2,2025-03-15
PAY002976,ORD002976,UPI,Failed,44847.25,2025-05-16
PAY002977,ORD002977,Debit Card,Success,225620.85,2025-06-13
PAY002978,ORD002978,Credit Card,Success,107361.1,2025-05-22
PAY002979,ORD002979,Net Banking,Success,38001.9,2025-02-01
PAY002980,ORD002980,Credit Card,Success,105210.1,2025-05-25
PAY002981,ORD002981,UPI,Success,190869.8,2025-04-14
PAY002982,ORD002982,Wallet,Success,171467.65,2025-06-14
PAY002983,ORD002983,Debit Card,Success,236266.55,2025-06-29
PAY002984,ORD002984,Wallet,Failed,58906.8,2025-03-22
PAY002985,ORD002985,Cash on Delivery,Success,196789.25,2025-03-19
PAY002986,ORD002986,Credit Card,Success,95205.3,2025-05-31
PAY002987,ORD002987,Debit Card,Success,142950.6,2025-04-11
PAY002988,ORD002988,Credit Card,Success,1239.0,2025-06-07
PAY002989,ORD002989,Cash on Delivery,Success,25876.8,2025-03-13
PAY002990,ORD002990,Debit Card,Success,108571.2,2025-04-03
PAY002991,ORD002991,Net Banking,Success,138690.15,2025-05-30
PAY002992,ORD002992,Cash on Delivery,Success,99809.1,2025-05-21
PAY002993,ORD002993,Wallet,Success,189435.8,2025-04-20
PAY002994,ORD002994,Wallet,Success,108091.1,2025-01-26
PAY002995,ORD002995,Debit Card,Success,216642.65,2025-04-30
PAY002996,ORD002996,Credit Card,Success,217613.6,2025-03-14
PAY002997,ORD002997,Net Banking,Success,228492.65,2025-06-29
PAY002998,ORD002998,Cash on Delivery,Success,85399.7,2025-01-12
PAY002999,ORD002999,Credit Card,Success,1903.5,2025-02-28
PAY003000,ORD003000,Wallet,Success,10976.4,2025-02-07
PAY003001,ORD003001,Cash on Delivery,Success,142932.5,2025-01-18
PAY003002,ORD003002,Net Banking,Success,138405.4,2025-02-01
PAY003003,ORD003003,Credit Card,Success,61864.7,2025-05-15
PAY003004,ORD003004,Net Banking,Success,93679.5,2025-06-21
PAY003005,ORD003005,Credit Card,Success,85816.8,2025-06-08
PAY003006,ORD003006,Credit Card,Success,134180.8,2025-01-20
PAY003007,ORD003007,Net Banking,Success,3491.0,2025-06-10
PAY003008,ORD003008,Wallet,Success,313090.15,2025-03-11
PAY003009,ORD003009,Credit Card,Success,40532.8,2025-05-29
PAY003010,ORD003010,Cash on Delivery,Success,82400.4,2025-06-09
PAY003011,ORD003011,Wallet,Success,223730.4,2025-02-08
PAY003012,ORD003012,Wallet,Success,37881.0,2025-06-18
PAY003013,ORD003013,UPI,Success,188169.4,2025-03-26
PAY003014,ORD003014,Cash on Delivery,Success,182833.0,2025-05-14
PAY003015,ORD003015,Net Banking,Success,166662.7,2025-01-31
PAY003016,ORD003016,Debit Card,Success,80745.25,2025-02-14
PAY003017,ORD003017,Cash on Delivery,Success,128106.7,2025-02-18
PAY003018,ORD003018,Cash on Delivery,Success,15024.6,2025-06-04
PAY003019,ORD003019,UPI,Success,24820.8,2025-02-01
PAY003020,ORD003020,Wallet,Failed,317977.15,2025-01-01
PAY003021,ORD003021,Net Banking,Success,180293.4,2025-01-31
PAY003022,ORD003022,UPI,Success,32905.2,2025-05-08
PAY003023,ORD003023,Net Banking,Success,72657.15,2025-03-06
PAY003024,ORD003024,Cash on Delivery,Success,53283.1,2025-06-19
PAY003025,ORD003025,Wallet,Success,54296.4,2025-03-15
PAY003026,ORD003026,Net Banking,Success,256998.65,2025-05-15
PAY003027,ORD003027,Debit Card,Success,70497.6,2025-02-02
PAY003028,ORD003028,Debit Card,Success,170875.6,2025-06-23
PAY003029,ORD003029,Cash on Delivery,Success,130626.6,2025-05-11
PAY003030,ORD003030,UPI,Success,200903.95,2025-03-28
PAY003031,ORD003031,UPI,Success,343597.15,2025-01-22
PAY003032,ORD003032,Cash on Delivery,Success,101770.0,2025-01-06
PAY003033,ORD003033,Wallet,Success,47763.7,2025-01-01
PAY003034,ORD003034,Wallet,Success,29904.75,2025-03-24
PAY003035,ORD003035,Wallet,Success,228116.5,2025-06-07
PAY003036,ORD003036,Cash on Delivery,Success,123733.35,2025-02-08
PAY003037,ORD003037,Debit Card,Success,173868.0,2025-02-24
PAY003038,ORD003038,Cash on Delivery,Failed,44010.2,2025-06-12
PAY003039,ORD003039,Credit Card,Success,149968.8,2025-03-07
PAY003040,ORD003040,Cash on Delivery,Success,43407.8,2025-02-28
PAY003041,ORD003041,Net Banking,Success,95763.5,2025-03-14
PAY003042,ORD003042,Net Banking,Success,72468.6,2025-01-18
PAY003043,ORD003043,Wallet,Success,216243.95,2025-01-12
PAY003044,ORD003044,Cash on Delivery,Success,117689.4,2025-03-13
PAY003045,ORD003045,Wallet,Success,27737.6,2025-03-04
PAY003046,ORD003046,Credit Card,Success,28681.2,2025-03-28
PAY003047,ORD003047,Cash on Delivery,Success,33384.6,2025-02-19
PAY003048,ORD003048,Debit Card,Success,51165.3,2025-05-06
PAY003049,ORD003049,Debit Card,Success,94109.5,2025-03-23
PAY003050,ORD003050,Credit Card,Success,18888.3,2025-03-18
PAY003051,ORD003051,UPI,Success,76389.1,2025-04-04
PAY003052,ORD003052,Debit Card,Failed,81486.35,2025-02-21
PAY003053,ORD003053,Net Banking,Success,98753.0,2025-06-10
PAY003054,ORD003054,Cash on Delivery,Success,105748.35,2025-06-18
PAY003055,ORD003055,Cash on Delivery,Success,92832.85,2025-06-27
PAY003056,ORD003056,Net Banking,Success,26730.6,2025-02-03
PAY003057,ORD003057,Cash on Delivery,Success,210673.25,2025-05-16
PAY003058,ORD003058,Credit Card,Success,66265.3,2025-04-09
PAY003059,ORD003059,Net Banking,Success,70307.4,2025-04-23
PAY003060,ORD003060,Credit Card,Success,207150.35,2025-03-04
PAY003061,ORD003061,Net Banking,Success,235285.4,2025-02-08
PAY003062,ORD003062,Debit Card,Success,40233.6,2025-01-24
PAY003063,ORD003063,Debit Card,Success,2203.2,2025-01-24
PAY003064,ORD003064,Credit Card,Success,198556.05,2025-02-05
PAY003065,ORD003065,Cash on Delivery,Success,14637.6,2025-03-01
PAY003066,ORD003066,Net Banking,Success,128823.0,2025-01-31
PAY003067,ORD003067,Debit Card,Success,199312.65,2025-05-21
PAY003068,ORD003068,UPI,Success,137347.0,2025-06-07
PAY003069,ORD003069,Net Banking,Success,141531.15,2025-05-06
PAY003070,ORD003070,Credit Card,Success,154561.5,2025-02-21
PAY003071,ORD003071,Cash on Delivery,Success,199377.2,2025-06-02
PAY003072,ORD003072,Cash on Delivery,Success,51920.95,2025-03-10
PAY003073,ORD003073,Net Banking,Success,75262.4,2025-04-22
PAY003074,ORD003074,UPI,Success,139479.6,2025-04-24
PAY003075,ORD003075,UPI,Failed,97368.4,2025-05-19
PAY003076,ORD003076,Credit Card,Success,216141.0,2025-05-15
PAY003077,ORD003077,Cash on Delivery,Success,287890.05,2025-04-29
PAY003078,ORD003078,Debit Card,Success,108888.05,2025-06-09
PAY003079,ORD003079,Credit Card,Success,152978.6,2025-02-09
PAY003080,ORD003080,Net Banking,Success,26836.3,2025-03-02
PAY003081,ORD003081,UPI,Success,252593.55,2025-06-30
PAY003082,ORD003082,Wallet,Success,163507.95,2025-06-25
PAY003083,ORD003083,Debit Card,Success,161034.35,2025-01-03
PAY003084,ORD003084,Credit Card,Success,183482.45,2025-05-01
PAY003085,ORD003085,UPI,Success,3825.6,2025-04-17
PAY003086,ORD003086,Net Banking,Success,46262.4,2025-04-28
PAY003087,ORD003087,Debit Card,Success,317282.85,2025-05-24
PAY003088,ORD003088,Cash on Delivery,Success,133913.15,2025-02-03
PAY003089,ORD003089,Cash on Delivery,Success,160221.25,2025-06-25
PAY003090,ORD003090,Credit Card,Success,116274.15,2025-06-26
PAY003091,ORD003091,Net Banking,Success,66192.65,2025-05-25
PAY003092,ORD003092,UPI,Success,47089.6,2025-01-19
PAY003093,ORD003093,Debit Card,Success,174871.1,2025-05-03
PAY003094,ORD003094,Cash on Delivery,Failed,170853.9,2025-03-08
PAY003095,ORD003095,UPI,Success,308345.1,2025-04-27
PAY003096,ORD003096,UPI,Success,115499.0,2025-04-04
PAY003097,ORD003097,UPI,Success,126025.2,2025-03-03
PAY003098,ORD003098,UPI,Success,93606.3,2025-06-22
PAY003099,ORD003099,Credit Card,Success,27596.55,2025-05-10
PAY003100,ORD003100,Net Banking,Success,224471.25,2025-02-17
PAY003101,ORD003101,Net Banking,Success,157458.15,2025-04-25
PAY003102,ORD003102,Net Banking,Success,67653.3,2025-03-21
PAY003103,ORD003103,Credit Card,Success,99745.9,2025-01-20
PAY003104,ORD003104,UPI,Success,182382.95,2025-05-10
PAY003105,ORD003105,Wallet,Success,60453.4,2025-06-19
PAY003106,ORD003106,Credit Card,Failed,131220.5,2025-04-26
PAY003107,ORD003107,Debit Card,Success,10017.0,2025-01-23
PAY003108,ORD003108,Wallet,Success,81466.0,2025-03-27
PAY003109,ORD003109,Cash on Delivery,Success,75648.6,2025-06-20
PAY003110,ORD003110,Debit Card,Success,70474.75,2025-01-25
PAY003111,ORD003111,Cash on Delivery,Success,87561.5,2025-02-01
PAY003112,ORD003112,Wallet,Success,131088.45,2025-04-22
PAY003113,ORD003113,UPI,Success,127365.2,2025-01-16
PAY003114,ORD003114,Debit Card,Success,263624.8,2025-03-08
PAY003115,ORD003115,Debit Card,Success,13222.1,2025-05-06
PAY003116,ORD003116,Credit Card,Success,153700.3,2025-06-27
PAY003117,ORD003117,UPI,Success,86698.9,2025-01-13
PAY003118,ORD003118,Cash on Delivery,Success,224002.2,2025-04-27
PAY003119,ORD003119,Net Banking,Success,58275.5,2025-06-30
PAY003120,ORD003120,Wallet,Success,68747.55,2025-04-17
PAY003121,ORD003121,Wallet,Success,76219.2,2025-02-18
PAY003122,ORD003122,Debit Card,Success,87171.3,2025-05-15
PAY003123,ORD003123,Net Banking,Failed,33577.55,2025-05-09
PAY003124,ORD003124,Wallet,Success,103301.5,2025-02-12
PAY003125,ORD003125,Debit Card,Success,142301.3,2025-01-31
PAY003126,ORD003126,Wallet,Success,282906.15,2025-04-27
PAY003127,ORD003127,Wallet,Success,152264.9,2025-04-06
PAY003128,ORD003128,UPI,Success,18933.0,2025-03-30
PAY003129,ORD003129,Wallet,Success,83976.6,2025-03-14
PAY003130,ORD003130,Cash on Delivery,Success,142662.45,2025-05-27
PAY003131,ORD003131,UPI,Success,23217.3,2025-03-29
PAY003132,ORD003132,Net Banking,Refunded,123572.6,2025-04-24
PAY003133,ORD003133,UPI,Success,141309.7,2025-03-28
PAY003134,ORD003134,Credit Card,Success,74883.35,2025-04-06
PAY003135,ORD003135,Credit Card,Success,84253.15,2025-01-07
PAY003136,ORD003136,UPI,Success,206245.5,2025-05-28
PAY003137,ORD003137,Credit Card,Success,162136.3,2025-02-20
PAY003138,ORD003138,Net Banking,Success,177494.3,2025-06-30
PAY003139,ORD003139,Cash on Delivery,Success,57402.1,2025-01-10
PAY003140,ORD003140,Net Banking,Success,65715.0,2025-03-01
PAY003141,ORD003141,UPI,Success,187960.25,2025-03-29
PAY003142,ORD003142,Cash on Delivery,Success,111998.7,2025-02-15
PAY003143,ORD003143,Wallet,Success,88501.8,2025-06-21
PAY003144,ORD003144,Net Banking,Success,32794.3,2025-06-12
PAY003145,ORD003145,Wallet,Success,2500.0,2025-05-10
PAY003146,ORD003146,UPI,Success,76818.9,2025-03-03
PAY003147,ORD003147,Net Banking,Success,76359.0,2025-05-23
PAY003148,ORD003148,Debit Card,Success,235661.4,2025-02-10
PAY003149,ORD003149,Credit Card,Success,141756.6,2025-02-17
PAY003150,ORD003150,Credit Card,Failed,186816.4,2025-01-19
PAY003151,ORD003151,Credit Card,Success,34579.2,2025-02-22
PAY003152,ORD003152,UPI,Success,94822.4,2025-01-01
PAY003153,ORD003153,Net Banking,Success,93478.0,2025-02-12
PAY003154,ORD003154,Debit Card,Success,137120.8,2025-02-25
PAY003155,ORD003155,UPI,Success,167103.45,2025-01-16
PAY003156,ORD003156,Debit Card,Success,135359.4,2025-04-01
PAY003157,ORD003157,Wallet,Success,52825.25,2025-01-27
PAY003158,ORD003158,UPI,Success,210418.2,2025-06-23
PAY003159,ORD003159,Credit Card,Success,9864.9,2025-06-23
PAY003160,ORD003160,Credit Card,Failed,216644.25,2025-03-28
PAY003161,ORD003161,UPI,Success,186105.1,2025-05-01
PAY003162,ORD003162,Cash on Delivery,Success,40636.8,2025-05-15
PAY003163,ORD003163,Credit Card,Success,71121.3,2025-05-21
PAY003164,ORD003164,Wallet,Success,105578.4,2025-01-11
PAY003165,ORD003165,Net Banking,Success,79612.6,2025-03-09
PAY003166,ORD003166,UPI,Success,81762.7,2025-02-27
PAY003167,ORD003167,Net Banking,Failed,118585.35,2025-06-05
PAY003168,ORD003168,UPI,Success,68164.2,2025-06-03
PAY003169,ORD003169,Wallet,Success,83524.0,2025-06-22
PAY003170,ORD003170,UPI,Success,157290.8,2025-06-08
PAY003171,ORD003171,Net Banking,Success,132990.0,2025-01-05
PAY003172,ORD003172,UPI,Success,97383.0,2025-06-29
PAY003173,ORD003173,Net Banking,Success,5358.4,2025-01-25
PAY003174,ORD003174,Net Banking,Refunded,60676.8,2025-03-24
PAY003175,ORD003175,Net Banking,Success,201675.15,2025-05-11
PAY003176,ORD003176,Debit Card,Success,73411.2,2025-04-08
PAY003177,ORD003177,Credit Card,Success,72624.0,2025-01-27
PAY003178,ORD003178,Debit Card,Success,187284.0,2025-06-08
PAY003179,ORD003179,UPI,Success,147107.1,2025-06-21
PAY003180,ORD003180,Cash on Delivery,Success,391346.05,2025-03-04
PAY003181,ORD003181,Net Banking,Success,246840.15,2025-03-03
PAY003182,ORD003182,Wallet,Success,27741.6,2025-06-24
PAY003183,ORD003183,Debit Card,Success,2406.6,2025-03-02
PAY003184,ORD003184,Cash on Delivery,Success,54142.4,2025-01-16
PAY003185,ORD003185,Cash on Delivery,Success,208999.7,2025-01-26
PAY003186,ORD003186,Debit Card,Success,71578.15,2025-03-16
PAY003187,ORD003187,Credit Card,Success,78292.8,2025-01-06
PAY003188,ORD003188,Wallet,Success,81109.6,2025-02-13
PAY003189,ORD003189,UPI,Success,92153.7,2025-06-24
PAY003190,ORD003190,Wallet,Success,743.85,2025-02-13
PAY003191,ORD003191,Credit Card,Success,47919.1,2025-05-01
PAY003192,ORD003192,Net Banking,Success,75968.4,2025-06-26
PAY003193,ORD003193,Debit Card,Success,251561.1,2025-03-08
PAY003194,ORD003194,Wallet,Success,9183.4,2025-02-13
PAY003195,ORD003195,Debit Card,Success,142558.15,2025-02-14
PAY003196,ORD003196,Wallet,Success,71223.3,2025-06-21
PAY003197,ORD003197,Wallet,Success,150159.6,2025-03-10
PAY003198,ORD003198,Wallet,Success,58316.7,2025-05-05
PAY003199,ORD003199,UPI,Failed,142662.6,2025-02-16
PAY003200,ORD003200,Net Banking,Success,14131.2,2025-03-19
PAY003201,ORD003201,Debit Card,Success,37319.8,2025-04-09
PAY003202,ORD003202,Wallet,Success,102698.8,2025-02-17
PAY003203,ORD003203,UPI,Success,140900.8,2025-04-03
PAY003204,ORD003204,Wallet,Success,123342.45,2025-05-09
PAY003205,ORD003205,Debit Card,Success,82091.55,2025-01-05
PAY003206,ORD003206,Cash on Delivery,Success,167886.8,2025-03-15
PAY003207,ORD003207,Wallet,Success,143944.95,2025-05-08
PAY003208,ORD003208,Cash on Delivery,Success,89462.0,2025-04-03
PAY003209,ORD003209,Net Banking,Success,143524.75,2025-04-05
PAY003210,ORD003210,Wallet,Success,183849.0,2025-02-02
PAY003211,ORD003211,UPI,Success,150658.0,2025-05-30
PAY003212,ORD003212,Debit Card,Success,188677.8,2025-05-24
PAY003213,ORD003213,Cash on Delivery,Success,140906.4,2025-04-23
PAY003214,ORD003214,Cash on Delivery,Success,95733.8,2025-01-16
PAY003215,ORD003215,UPI,Success,66372.85,2025-03-23
PAY003216,ORD003216,Credit Card,Success,90857.45,2025-06-29
PAY003217,ORD003217,Credit Card,Success,153470.7,2025-01-07
PAY003218,ORD003218,Cash on Delivery,Success,144756.75,2025-04-04
PAY003219,ORD003219,Net Banking,Success,38394.25,2025-04-27
PAY003220,ORD003220,Credit Card,Success,17850.6,2025-05-04
PAY003221,ORD003221,UPI,Success,180663.2,2025-06-10
PAY003222,ORD003222,Wallet,Success,150269.35,2025-04-22
PAY003223,ORD003223,Net Banking,Success,152731.2,2025-06-12
PAY003224,ORD003224,Cash on Delivery,Success,22540.5,2025-01-26
PAY003225,ORD003225,Wallet,Success,35371.2,2025-02-14
PAY003226,ORD003226,Net Banking,Success,138146.1,2025-02-06
PAY003227,ORD003227,UPI,Success,59440.5,2025-05-12
PAY003228,ORD003228,Wallet,Success,19648.0,2025-04-05
PAY003229,ORD003229,Debit Card,Success,96024.0,2025-03-15
PAY003230,ORD003230,Credit Card,Success,38321.0,2025-04-09
PAY003231,ORD003231,UPI,Success,69061.65,2025-03-05
PAY003232,ORD003232,Cash on Delivery,Success,46152.1,2025-02-01
PAY003233,ORD003233,Cash on Delivery,Success,193229.1,2025-02-22
PAY003234,ORD003234,Cash on Delivery,Failed,37169.0,2025-06-14
PAY003235,ORD003235,Wallet,Success,247540.3,2025-05-10
PAY003236,ORD003236,Net Banking,Success,46402.35,2025-02-20
PAY003237,ORD003237,Wallet,Success,217815.9,2025-03-19
PAY003238,ORD003238,UPI,Success,217318.2,2025-01-17
PAY003239,ORD003239,Cash on Delivery,Success,99997.2,2025-06-25
PAY003240,ORD003240,Debit Card,Success,138431.5,2025-03-18
PAY003241,ORD003241,Debit Card,Success,193481.9,2025-05-18
PAY003242,ORD003242,UPI,Success,186818.8,2025-04-14
PAY003243,ORD003243,Cash on Delivery,Success,8600.35,2025-04-09
PAY003244,ORD003244,UPI,Success,235836.75,2025-06-13
PAY003245,ORD003245,Net Banking,Success,94030.1,2025-01-30
PAY003246,ORD003246,Net Banking,Success,220340.6,2025-06-22
PAY003247,ORD003247,Credit Card,Success,105977.8,2025-01-02
PAY003248,ORD003248,Cash on Delivery,Success,41199.3,2025-04-27
PAY003249,ORD003249,Cash on Delivery,Success,153346.2,2025-05-05
PAY003250,ORD003250,Credit Card,Success,63036.4,2025-04-30
PAY003251,ORD003251,UPI,Success,99020.3,2025-05-22
PAY003252,ORD003252,Net Banking,Success,6432.8,2025-05-10
PAY003253,ORD003253,Net Banking,Success,90461.85,2025-03-28
PAY003254,ORD003254,Credit Card,Success,185630.4,2025-06-21
PAY003255,ORD003255,Credit Card,Success,26932.0,2025-02-14
PAY003256,ORD003256,Cash on Delivery,Success,50622.15,2025-02-11
PAY003257,ORD003257,Credit Card,Success,335398.4,2025-03-26
PAY003258,ORD003258,Debit Card,Success,75879.8,2025-06-14
PAY003259,ORD003259,Cash on Delivery,Success,191024.9,2025-04-11
PAY003260,ORD003260,Wallet,Success,269734.2,2025-06-08
PAY003261,ORD003261,Cash on Delivery,Refunded,35052.3,2025-03-26
PAY003262,ORD003262,Net Banking,Success,11271.75,2025-03-30
PAY003263,ORD003263,UPI,Success,107421.95,2025-05-24
PAY003264,ORD003264,Credit Card,Success,43079.4,2025-05-04
PAY003265,ORD003265,UPI,Success,70977.7,2025-06-24
PAY003266,ORD003266,Debit Card,Success,262706.3,2025-06-23
PAY003267,ORD003267,Wallet,Success,22417.05,2025-03-01
PAY003268,ORD003268,Cash on Delivery,Success,89693.3,2025-02-11
PAY003269,ORD003269,Net Banking,Success,131825.0,2025-04-01
PAY003270,ORD003270,Cash on Delivery,Success,114207.6,2025-05-15
PAY003271,ORD003271,Credit Card,Success,189131.95,2025-06-13
PAY003272,ORD003272,Cash on Delivery,Success,218406.95,2025-01-08
PAY003273,ORD003273,Cash on Delivery,Success,148964.8,2025-05-03
PAY003274,ORD003274,Debit Card,Refunded,143977.1,2025-02-06
PAY003275,ORD003275,Wallet,Success,157669.0,2025-03-22
PAY003276,ORD003276,Debit Card,Success,115002.1,2025-03-26
PAY003277,ORD003277,Cash on Delivery,Failed,229624.7,2025-05-04
PAY003278,ORD003278,Debit Card,Success,277229.25,2025-02-06
PAY003279,ORD003279,Wallet,Success,70510.9,2025-01-10
PAY003280,ORD003280,Net Banking,Success,113033.85,2025-05-30
PAY003281,ORD003281,Debit Card,Success,86825.6,2025-06-17
PAY003282,ORD003282,UPI,Success,85389.3,2025-01-27
PAY003283,ORD003283,Net Banking,Success,150220.9,2025-01-25
PAY003284,ORD003284,Debit Card,Success,223999.7,2025-03-18
PAY003285,ORD003285,Cash on Delivery,Success,228658.85,2025-03-22
PAY003286,ORD003286,Debit Card,Failed,152346.9,2025-01-17
PAY003287,ORD003287,UPI,Success,107366.7,2025-01-23
PAY003288,ORD003288,Net Banking,Success,74829.6,2025-02-26
PAY003289,ORD003289,Wallet,Success,133169.65,2025-01-19
PAY003290,ORD003290,Debit Card,Success,92071.25,2025-05-17
PAY003291,ORD003291,Cash on Delivery,Success,125598.2,2025-01-04
PAY003292,ORD003292,Wallet,Success,79426.4,2025-02-02
PAY003293,ORD003293,Debit Card,Success,121050.3,2025-03-04
PAY003294,ORD003294,Credit Card,Success,23679.9,2025-02-27
PAY003295,ORD003295,Cash on Delivery,Success,208165.6,2025-02-18
PAY003296,ORD003296,Wallet,Success,124966.25,2025-04-15
PAY003297,ORD003297,Net Banking,Success,117382.8,2025-01-13
PAY003298,ORD003298,Net Banking,Success,109328.65,2025-01-28
PAY003299,ORD003299,Credit Card,Success,7366.1,2025-03-17
PAY003300,ORD003300,Wallet,Success,133774.6,2025-06-17
PAY003301,ORD003301,Wallet,Success,176385.2,2025-05-30
PAY003302,ORD003302,Debit Card,Success,165822.5,2025-05-18
PAY003303,ORD003303,Net Banking,Success,191926.95,2025-06-28
PAY003304,ORD003304,Wallet,Success,86416.05,2025-02-10
PAY003305,ORD003305,Cash on Delivery,Success,229197.2,2025-04-01
PAY003306,ORD003306,Cash on Delivery,Success,186946.75,2025-03-22
PAY003307,ORD003307,Credit Card,Success,35284.9,2025-01-04
PAY003308,ORD003308,Wallet,Success,240283.8,2025-05-27
PAY003309,ORD003309,Net Banking,Success,179060.45,2025-01-08
PAY003310,ORD003310,UPI,Success,281066.25,2025-03-30
PAY003311,ORD003311,Cash on Delivery,Success,95090.35,2025-05-20
PAY003312,ORD003312,Net Banking,Success,126429.25,2025-06-23
PAY003313,ORD003313,Debit Card,Success,80060.0,2025-03-02
PAY003314,ORD003314,Net Banking,Failed,55472.4,2025-05-14
PAY003315,ORD003315,Net Banking,Success,19457.9,2025-01-09
PAY003316,ORD003316,Cash on Delivery,Success,219139.75,2025-03-09
PAY003317,ORD003317,Wallet,Success,115941.7,2025-03-18
PAY003318,ORD003318,Net Banking,Success,217804.8,2025-05-23
PAY003319,ORD003319,UPI,Failed,47647.6,2025-04-05
PAY003320,ORD003320,Net Banking,Success,12795.0,2025-05-19
PAY003321,ORD003321,Credit Card,Success,300780.0,2025-05-21
PAY003322,ORD003322,Wallet,Success,177209.25,2025-05-06
PAY003323,ORD003323,Net Banking,Success,98011.0,2025-05-19
PAY003324,ORD003324,UPI,Success,74365.2,2025-03-03
PAY003325,ORD003325,Wallet,Success,128008.8,2025-06-19
PAY003326,ORD003326,Credit Card,Success,136047.7,2025-01-06
PAY003327,ORD003327,UPI,Success,18279.0,2025-04-15
PAY003328,ORD003328,Wallet,Success,43140.6,2025-01-08
PAY003329,ORD003329,Debit Card,Success,211008.8,2025-05-05
PAY003330,ORD003330,Net Banking,Success,31465.9,2025-05-16
PAY003331,ORD003331,UPI,Success,13417.25,2025-01-22
PAY003332,ORD003332,Wallet,Failed,94239.5,2025-04-09
PAY003333,ORD003333,Debit Card,Success,187842.1,2025-05-01
PAY003334,ORD003334,Cash on Delivery,Success,63328.9,2025-02-15
PAY003335,ORD003335,Cash on Delivery,Success,176663.5,2025-03-15
PAY003336,ORD003336,Credit Card,Success,2634.35,2025-05-14
PAY003337,ORD003337,Net Banking,Success,122798.7,2025-03-08
PAY003338,ORD003338,Wallet,Success,28628.1,2025-04-06
PAY003339,ORD003339,UPI,Success,93349.9,2025-03-04
PAY003340,ORD003340,Debit Card,Success,105314.4,2025-03-18
PAY003341,ORD003341,Credit Card,Success,39441.6,2025-03-24
PAY003342,ORD003342,Cash on Delivery,Failed,82204.0,2025-06-09
PAY003343,ORD003343,Debit Card,Success,226829.0,2025-06-10
PAY003344,ORD003344,Debit Card,Success,169479.65,2025-04-02
PAY003345,ORD003345,Credit Card,Success,20312.0,2025-01-05
PAY003346,ORD003346,Debit Card,Failed,100316.45,2025-03-29
PAY003347,ORD003347,Wallet,Success,38760.8,2025-06-11
PAY003348,ORD003348,Net Banking,Success,239981.75,2025-04-12
PAY003349,ORD003349,Debit Card,Success,68447.5,2025-03-20
PAY003350,ORD003350,Wallet,Success,39776.9,2025-01-22
PAY003351,ORD003351,Credit Card,Success,281692.2,2025-05-08
PAY003352,ORD003352,Credit Card,Success,85028.4,2025-01-02
PAY003353,ORD003353,Wallet,Success,114155.85,2025-02-15
PAY003354,ORD003354,Debit Card,Success,45249.45,2025-06-02
PAY003355,ORD003355,Wallet,Success,97337.6,2025-06-01
PAY003356,ORD003356,Credit Card,Success,37388.6,2025-03-22
PAY003357,ORD003357,Wallet,Refunded,82002.5,2025-02-01
PAY003358,ORD003358,Cash on Delivery,Success,100611.3,2025-01-24
PAY003359,ORD003359,UPI,Success,61728.0,2025-02-25
PAY003360,ORD003360,Net Banking,Success,110152.8,2025-02-06
PAY003361,ORD003361,Cash on Delivery,Success,94076.8,2025-06-27
PAY003362,ORD003362,Credit Card,Success,141803.1,2025-01-21
PAY003363,ORD003363,Cash on Delivery,Success,101868.6,2025-01-16
PAY003364,ORD003364,Wallet,Success,243015.9,2025-04-09
PAY003365,ORD003365,Net Banking,Success,166778.9,2025-05-28
PAY003366,ORD003366,Wallet,Success,79200.2,2025-02-28
PAY003367,ORD003367,Debit Card,Success,23393.7,2025-03-12
PAY003368,ORD003368,Debit Card,Success,111967.1,2025-05-29
PAY003369,ORD003369,Cash on Delivery,Failed,47584.8,2025-04-22
PAY003370,ORD003370,Credit Card,Success,11568.8,2025-05-20
PAY003371,ORD003371,UPI,Success,9964.55,2025-03-08
PAY003372,ORD003372,Cash on Delivery,Success,194789.5,2025-04-14
PAY003373,ORD003373,Net Banking,Success,69733.8,2025-01-07
PAY003374,ORD003374,Cash on Delivery,Success,146217.05,2025-03-02
PAY003375,ORD003375,Debit Card,Success,53577.6,2025-04-25
PAY003376,ORD003376,Net Banking,Success,46889.4,2025-04-10
PAY003377,ORD003377,Net Banking,Success,203920.4,2025-01-17
PAY003378,ORD003378,Credit Card,Success,38990.9,2025-06-25
PAY003379,ORD003379,Cash on Delivery,Success,88100.4,2025-01-11
PAY003380,ORD003380,Wallet,Failed,198496.55,2025-05-19
PAY003381,ORD003381,Debit Card,Success,166737.75,2025-05-16
PAY003382,ORD003382,Net Banking,Success,52542.9,2025-06-07
PAY003383,ORD003383,Debit Card,Success,149103.55,2025-01-31
PAY003384,ORD003384,Cash on Delivery,Success,76423.5,2025-04-03
PAY003385,ORD003385,Credit Card,Success,38530.1,2025-03-28
PAY003386,ORD003386,Wallet,Success,79743.3,2025-04-19
PAY003387,ORD003387,Cash on Delivery,Success,27461.8,2025-05-30
PAY003388,ORD003388,Wallet,Refunded,380219.6,2025-05-16
PAY003389,ORD003389,UPI,Success,29486.5,2025-03-11
PAY003390,ORD003390,Credit Card,Success,91329.1,2025-05-09
PAY003391,ORD003391,Cash on Delivery,Success,43286.75,2025-03-19
PAY003392,ORD003392,Net Banking,Success,66068.8,2025-04-20
PAY003393,ORD003393,UPI,Failed,50951.0,2025-06-21
PAY003394,ORD003394,UPI,Success,138955.1,2025-02-28
PAY003395,ORD003395,Cash on Delivery,Success,88807.2,2025-06-02
PAY003396,ORD003396,Cash on Delivery,Success,93065.05,2025-04-20
PAY003397,ORD003397,Net Banking,Success,298316.7,2025-03-10
PAY003398,ORD003398,UPI,Success,8302.05,2025-06-08
PAY003399,ORD003399,Net Banking,Success,52854.4,2025-04-21
PAY003400,ORD003400,Wallet,Success,206739.0,2025-06-04
PAY003401,ORD003401,Credit Card,Success,40470.0,2025-05-11
PAY003402,ORD003402,Debit Card,Success,109892.05,2025-03-25
PAY003403,ORD003403,Net Banking,Success,48525.2,2025-02-08
PAY003404,ORD003404,Debit Card,Success,74600.65,2025-06-01
PAY003405,ORD003405,Credit Card,Success,212730.55,2025-06-10
PAY003406,ORD003406,Debit Card,Success,77740.8,2025-01-25
PAY003407,ORD003407,Cash on Delivery,Success,36803.7,2025-06-10
PAY003408,ORD003408,Debit Card,Success,28318.5,2025-05-04
PAY003409,ORD003409,Wallet,Success,160945.5,2025-03-16
PAY003410,ORD003410,Credit Card,Success,36523.0,2025-05-24
PAY003411,ORD003411,Net Banking,Success,27427.2,2025-01-07
PAY003412,ORD003412,Credit Card,Success,324818.7,2025-04-07
PAY003413,ORD003413,Credit Card,Success,117019.35,2025-05-03
PAY003414,ORD003414,Net Banking,Success,45961.0,2025-04-30
PAY003415,ORD003415,Debit Card,Success,214663.8,2025-02-11
PAY003416,ORD003416,Cash on Delivery,Success,119490.1,2025-03-22
PAY003417,ORD003417,Net Banking,Success,64286.5,2025-04-09
PAY003418,ORD003418,UPI,Success,254891.85,2025-01-09
PAY003419,ORD003419,Wallet,Refunded,209679.8,2025-05-29
PAY003420,ORD003420,Debit Card,Success,11340.8,2025-05-09
PAY003421,ORD003421,Net Banking,Success,190372.95,2025-04-16
PAY003422,ORD003422,Debit Card,Success,184778.2,2025-01-07
PAY003423,ORD003423,Cash on Delivery,Failed,218723.55,2025-04-11
PAY003424,ORD003424,UPI,Success,51457.2,2025-04-05
PAY003425,ORD003425,Credit Card,Success,137240.25,2025-01-04
PAY003426,ORD003426,UPI,Success,106378.35,2025-03-01
PAY003427,ORD003427,Net Banking,Success,172898.65,2025-02-13
PAY003428,ORD003428,Debit Card,Failed,52281.6,2025-04-11
PAY003429,ORD003429,Wallet,Success,59500.8,2025-06-19
PAY003430,ORD003430,Debit Card,Success,331675.25,2025-04-05
PAY003431,ORD003431,Cash on Delivery,Success,70908.0,2025-01-20
PAY003432,ORD003432,Credit Card,Success,95188.0,2025-03-26
PAY003433,ORD003433,Cash on Delivery,Success,118770.45,2025-01-17
PAY003434,ORD003434,Net Banking,Success,20368.8,2025-02-25
PAY003435,ORD003435,Wallet,Success,208251.9,2025-02-16
PAY003436,ORD003436,UPI,Success,167110.0,2025-06-29
PAY003437,ORD003437,UPI,Success,24512.85,2025-01-20
PAY003438,ORD003438,Credit Card,Success,136297.45,2025-06-11
PAY003439,ORD003439,Net Banking,Success,88036.4,2025-05-25
PAY003440,ORD003440,Wallet,Success,45508.5,2025-05-23
PAY003441,ORD003441,Credit Card,Failed,170582.95,2025-03-01
PAY003442,ORD003442,Wallet,Success,139544.25,2025-02-02
PAY003443,ORD003443,Debit Card,Success,39123.0,2025-03-28
PAY003444,ORD003444,UPI,Success,121622.6,2025-03-11
PAY003445,ORD003445,Debit Card,Success,128597.1,2025-05-08
PAY003446,ORD003446,Cash on Delivery,Failed,58472.55,2025-05-16
PAY003447,ORD003447,Net Banking,Success,208061.5,2025-04-25
PAY003448,ORD003448,Credit Card,Success,226357.15,2025-03-11
PAY003449,ORD003449,Wallet,Success,27408.8,2025-06-29
PAY003450,ORD003450,Net Banking,Success,154630.45,2025-05-13
PAY003451,ORD003451,Debit Card,Success,8606.4,2025-02-04
PAY003452,ORD003452,Wallet,Success,352541.8,2025-06-05
PAY003453,ORD003453,UPI,Success,117138.2,2025-02-04
PAY003454,ORD003454,Cash on Delivery,Success,143705.15,2025-04-28
PAY003455,ORD003455,UPI,Success,119134.9,2025-01-09
PAY003456,ORD003456,Debit Card,Refunded,80560.75,2025-04-16
PAY003457,ORD003457,Wallet,Success,44413.75,2025-04-13
PAY003458,ORD003458,Net Banking,Success,168509.4,2025-02-13
PAY003459,ORD003459,UPI,Success,60147.85,2025-06-07
PAY003460,ORD003460,Debit Card,Success,178982.1,2025-03-25
PAY003461,ORD003461,Cash on Delivery,Success,117646.9,2025-01-02
PAY003462,ORD003462,Cash on Delivery,Success,202497.45,2025-05-29
PAY003463,ORD003463,Cash on Delivery,Success,159716.3,2025-05-06
PAY003464,ORD003464,Credit Card,Success,87708.3,2025-05-04
PAY003465,ORD003465,Debit Card,Success,10987.7,2025-03-02
PAY003466,ORD003466,Wallet,Success,28807.75,2025-04-18
PAY003467,ORD003467,Credit Card,Success,76612.5,2025-02-04
PAY003468,ORD003468,Net Banking,Success,82929.0,2025-03-06
PAY003469,ORD003469,UPI,Success,118203.8,2025-02-28
PAY003470,ORD003470,Cash on Delivery,Success,140930.85,2025-04-28
PAY003471,ORD003471,Debit Card,Success,200943.3,2025-06-20
PAY003472,ORD003472,Cash on Delivery,Success,21975.9,2025-06-03
PAY003473,ORD003473,Net Banking,Success,37590.4,2025-04-13
PAY003474,ORD003474,Cash on Delivery,Success,97790.4,2025-04-17
PAY003475,ORD003475,Net Banking,Success,182238.7,2025-02-03
PAY003476,ORD003476,Wallet,Success,82418.95,2025-06-19
PAY003477,ORD003477,Net Banking,Success,120525.3,2025-02-03
PAY003478,ORD003478,Debit Card,Success,31704.35,2025-03-13
PAY003479,ORD003479,Cash on Delivery,Failed,111291.25,2025-03-24
PAY003480,ORD003480,Credit Card,Success,108147.7,2025-03-24
PAY003481,ORD003481,Cash on Delivery,Success,135174.75,2025-05-21
PAY003482,ORD003482,Net Banking,Success,226150.0,2025-05-05
PAY003483,ORD003483,Wallet,Success,120197.4,2025-01-25
PAY003484,ORD003484,Debit Card,Success,30471.2,2025-05-20
PAY003485,ORD003485,Net Banking,Success,147841.45,2025-01-01
PAY003486,ORD003486,Credit Card,Success,8306.8,2025-06-05
PAY003487,ORD003487,Net Banking,Success,127806.25,2025-06-25
PAY003488,ORD003488,Net Banking,Failed,69117.75,2025-01-29
PAY003489,ORD003489,Net Banking,Success,336444.2,2025-06-09
PAY003490,ORD003490,Debit Card,Success,232478.4,2025-02-16
PAY003491,ORD003491,Cash on Delivery,Success,42696.0,2025-04-13
PAY003492,ORD003492,Debit Card,Success,70461.6,2025-02-27
PAY003493,ORD003493,Net Banking,Success,60001.2,2025-02-26
PAY003494,ORD003494,Credit Card,Success,250561.95,2025-01-22
PAY003495,ORD003495,Credit Card,Success,163829.85,2025-01-05
PAY003496,ORD003496,Wallet,Success,125857.5,2025-02-10
PAY003497,ORD003497,UPI,Success,42244.6,2025-05-02
PAY003498,ORD003498,Wallet,Success,140731.1,2025-04-05
PAY003499,ORD003499,Net Banking,Success,209902.15,2025-05-03
PAY003500,ORD003500,Debit Card,Success,26259.9,2025-01-31
PAY003501,ORD003501,Net Banking,Success,125872.4,2025-03-09
PAY003502,ORD003502,Debit Card,Failed,41147.1,2025-01-13
PAY003503,ORD003503,Credit Card,Success,159648.5,2025-05-17
PAY003504,ORD003504,Net Banking,Refunded,5245.9,2025-01-24
PAY003505,ORD003505,Net Banking,Success,166989.1,2025-04-30
PAY003506,ORD003506,Cash on Delivery,Success,75218.0,2025-04-05
PAY003507,ORD003507,Cash on Delivery,Success,148350.5,2025-05-13
PAY003508,ORD003508,Cash on Delivery,Success,130577.4,2025-04-16
PAY003509,ORD003509,Net Banking,Success,181062.25,2025-03-31
PAY003510,ORD003510,UPI,Success,57591.75,2025-06-06
PAY003511,ORD003511,Wallet,Success,43456.5,2025-04-17
PAY003512,ORD003512,Cash on Delivery,Success,208101.15,2025-06-09
PAY003513,ORD003513,UPI,Success,77725.6,2025-04-21
PAY003514,ORD003514,Cash on Delivery,Success,173638.3,2025-05-03
PAY003515,ORD003515,Net Banking,Success,41668.7,2025-03-12
PAY003516,ORD003516,Debit Card,Success,25742.2,2025-06-25
PAY003517,ORD003517,Debit Card,Success,51671.4,2025-03-24
PAY003518,ORD003518,Wallet,Success,118972.25,2025-03-11
PAY003519,ORD003519,UPI,Success,231006.8,2025-01-27
PAY003520,ORD003520,UPI,Success,51553.8,2025-04-20
PAY003521,ORD003521,Debit Card,Success,77601.6,2025-02-09
PAY003522,ORD003522,UPI,Success,8535.75,2025-01-11
PAY003523,ORD003523,Credit Card,Success,154163.8,2025-04-07
PAY003524,ORD003524,Net Banking,Success,172229.3,2025-05-25
PAY003525,ORD003525,Credit Card,Success,129244.45,2025-05-31
PAY003526,ORD003526,Wallet,Success,40717.85,2025-06-01
PAY003527,ORD003527,UPI,Success,153539.75,2025-01-01
PAY003528,ORD003528,Net Banking,Success,144102.2,2025-02-13
PAY003529,ORD003529,Debit Card,Success,51275.4,2025-02-18
PAY003530,ORD003530,UPI,Success,89877.75,2025-03-06
PAY003531,ORD003531,Debit Card,Success,51814.35,2025-06-08
PAY003532,ORD003532,Net Banking,Success,33559.35,2025-03-20
PAY003533,ORD003533,Net Banking,Success,29097.2,2025-06-07
PAY003534,ORD003534,Credit Card,Success,74750.25,2025-04-09
PAY003535,ORD003535,UPI,Success,146379.3,2025-03-18
PAY003536,ORD003536,Credit Card,Success,224370.6,2025-03-29
PAY003537,ORD003537,Credit Card,Success,91380.0,2025-03-28
PAY003538,ORD003538,Debit Card,Success,52184.6,2025-02-15
PAY003539,ORD003539,Debit Card,Success,82183.1,2025-05-14
PAY003540,ORD003540,UPI,Success,69344.7,2025-03-24
PAY003541,ORD003541,Wallet,Success,37911.65,2025-04-27
PAY003542,ORD003542,Cash on Delivery,Refunded,81026.4,2025-02-06
PAY003543,ORD003543,Wallet,Success,64632.0,2025-06-28
PAY003544,ORD003544,UPI,Success,118264.2,2025-03-24
PAY003545,ORD003545,Net Banking,Success,309733.7,2025-02-11
PAY003546,ORD003546,Cash on Delivery,Success,88727.7,2025-06-01
PAY003547,ORD003547,Net Banking,Success,67584.9,2025-05-22
PAY003548,ORD003548,UPI,Success,42187.2,2025-01-11
PAY003549,ORD003549,Credit Card,Success,45299.2,2025-01-24
PAY003550,ORD003550,Cash on Delivery,Success,3515.4,2025-04-23
PAY003551,ORD003551,Wallet,Success,64581.3,2025-06-12
PAY003552,ORD003552,Debit Card,Success,104105.2,2025-03-12
PAY003553,ORD003553,Credit Card,Success,106777.7,2025-01-28
PAY003554,ORD003554,UPI,Success,218763.9,2025-04-06
PAY003555,ORD003555,Credit Card,Success,97180.5,2025-06-21
PAY003556,ORD003556,Wallet,Success,33929.45,2025-05-05
PAY003557,ORD003557,Net Banking,Success,47314.6,2025-01-26
PAY003558,ORD003558,Credit Card,Failed,148643.25,2025-02-19
PAY003559,ORD003559,Net Banking,Success,31425.0,2025-03-26
PAY003560,ORD003560,Net Banking,Success,71434.0,2025-05-23
PAY003561,ORD003561,Cash on Delivery,Success,147069.8,2025-03-11
PAY003562,ORD003562,Cash on Delivery,Refunded,118936.0,2025-04-17
PAY003563,ORD003563,Wallet,Success,148628.75,2025-06-13
PAY003564,ORD003564,Wallet,Success,145989.0,2025-06-01
PAY003565,ORD003565,Debit Card,Success,110151.9,2025-06-05
PAY003566,ORD003566,UPI,Success,11208.1,2025-05-23
PAY003567,ORD003567,Credit Card,Success,247333.75,2025-05-20
PAY003568,ORD003568,Debit Card,Success,33024.8,2025-01-10
PAY003569,ORD003569,Cash on Delivery,Success,72150.25,2025-06-11
PAY003570,ORD003570,Wallet,Success,38731.6,2025-06-12
PAY003571,ORD003571,UPI,Success,56644.8,2025-05-28
PAY003572,ORD003572,Cash on Delivery,Success,257678.2,2025-02-13
PAY003573,ORD003573,Debit Card,Success,196303.3,2025-01-21
PAY003574,ORD003574,Net Banking,Success,95030.0,2025-04-22
PAY003575,ORD003575,Credit Card,Success,199382.25,2025-04-27
PAY003576,ORD003576,Credit Card,Success,12730.0,2025-03-30
PAY003577,ORD003577,Debit Card,Success,61970.9,2025-04-06
PAY003578,ORD003578,Wallet,Success,63540.0,2025-06-10
PAY003579,ORD003579,Credit Card,Failed,33130.6,2025-05-10
PAY003580,ORD003580,Wallet,Success,82477.05,2025-02-14
PAY003581,ORD003581,Cash on Delivery,Success,43265.85,2025-06-18
PAY003582,ORD003582,Debit Card,Success,23318.2,2025-02-10
PAY003583,ORD003583,Debit Card,Success,209924.5,2025-05-15
PAY003584,ORD003584,Net Banking,Success,188061.25,2025-03-01
PAY003585,ORD003585,Wallet,Failed,133258.8,2025-03-01
PAY003586,ORD003586,Wallet,Success,17376.45,2025-04-25
PAY003587,ORD003587,Wallet,Success,1686.2,2025-05-25
PAY003588,ORD003588,Credit Card,Success,11214.9,2025-02-16
PAY003589,ORD003589,Net Banking,Success,23602.5,2025-02-22
PAY003590,ORD003590,UPI,Success,59994.6,2025-03-27
PAY003591,ORD003591,UPI,Success,125919.0,2025-04-05
PAY003592,ORD003592,Cash on Delivery,Success,134268.75,2025-02-06
PAY003593,ORD003593,Cash on Delivery,Success,176053.2,2025-01-18
PAY003594,ORD003594,Net Banking,Success,40324.65,2025-02-17
PAY003595,ORD003595,Cash on Delivery,Success,138327.4,2025-04-11
PAY003596,ORD003596,Debit Card,Success,200194.55,2025-03-29
PAY003597,ORD003597,Debit Card,Success,94082.4,2025-01-03
PAY003598,ORD003598,Debit Card,Success,57858.0,2025-05-24
PAY003599,ORD003599,Debit Card,Success,94802.4,2025-06-11
PAY003600,ORD003600,Net Banking,Success,275607.95,2025-04-25
PAY003601,ORD003601,UPI,Success,100710.4,2025-02-26
PAY003602,ORD003602,Credit Card,Success,44474.4,2025-03-17
PAY003603,ORD003603,UPI,Success,5985.0,2025-06-29
PAY003604,ORD003604,Wallet,Success,42114.6,2025-05-14
PAY003605,ORD003605,Credit Card,Success,277543.6,2025-01-07
PAY003606,ORD003606,Wallet,Success,9925.2,2025-05-23
PAY003607,ORD003607,Credit Card,Success,98128.5,2025-04-26
PAY003608,ORD003608,Net Banking,Success,21807.6,2025-01-20
PAY003609,ORD003609,Net Banking,Success,128601.1,2025-04-29
PAY003610,ORD003610,Debit Card,Success,153943.75,2025-02-09
PAY003611,ORD003611,Cash on Delivery,Success,99193.25,2025-04-21
PAY003612,ORD003612,Wallet,Success,28974.0,2025-04-06
PAY003613,ORD003613,Debit Card,Success,157865.0,2025-01-20
PAY003614,ORD003614,Cash on Delivery,Success,196337.4,2025-05-25
PAY003615,ORD003615,UPI,Success,183728.0,2025-03-09
PAY003616,ORD003616,Debit Card,Success,47460.6,2025-05-03
PAY003617,ORD003617,Wallet,Success,44684.2,2025-02-06
PAY003618,ORD003618,Debit Card,Success,50804.1,2025-05-03
PAY003619,ORD003619,Net Banking,Success,194888.5,2025-01-02
PAY003620,ORD003620,Net Banking,Success,89713.8,2025-02-24
PAY003621,ORD003621,Net Banking,Success,4389.0,2025-04-22
PAY003622,ORD003622,Net Banking,Refunded,27337.2,2025-05-03
PAY003623,ORD003623,Net Banking,Success,131184.55,2025-02-26
PAY003624,ORD003624,Debit Card,Success,208403.0,2025-06-28
PAY003625,ORD003625,Net Banking,Failed,38034.1,2025-04-25
PAY003626,ORD003626,Net Banking,Success,22431.5,2025-02-25
PAY003627,ORD003627,Net Banking,Success,80643.75,2025-04-26
PAY003628,ORD003628,Debit Card,Success,206239.5,2025-01-21
PAY003629,ORD003629,Net Banking,Failed,342278.7,2025-05-14
PAY003630,ORD003630,Debit Card,Success,27878.45,2025-04-27
PAY003631,ORD003631,UPI,Success,50953.4,2025-06-04
PAY003632,ORD003632,Cash on Delivery,Success,125802.3,2025-01-08
PAY003633,ORD003633,Net Banking,Success,51423.2,2025-05-30
PAY003634,ORD003634,Wallet,Success,144636.3,2025-03-15
PAY003635,ORD003635,Credit Card,Success,118861.0,2025-05-12
PAY003636,ORD003636,Credit Card,Success,166157.85,2025-05-16
PAY003637,ORD003637,Credit Card,Success,136151.9,2025-01-08
PAY003638,ORD003638,UPI,Success,129134.1,2025-05-12
PAY003639,ORD003639,Debit Card,Success,117291.7,2025-05-26
PAY003640,ORD003640,Net Banking,Success,119409.6,2025-02-12
PAY003641,ORD003641,Net Banking,Success,238239.4,2025-06-04
PAY003642,ORD003642,Wallet,Success,112203.9,2025-05-05
PAY003643,ORD003643,Credit Card,Success,160636.8,2025-05-08
PAY003644,ORD003644,Net Banking,Success,225558.75,2025-03-30
PAY003645,ORD003645,Wallet,Refunded,160338.2,2025-06-21
PAY003646,ORD003646,Net Banking,Success,4100.4,2025-01-13
PAY003647,ORD003647,Wallet,Success,67217.7,2025-01-14
PAY003648,ORD003648,Wallet,Success,108026.4,2025-06-23
PAY003649,ORD003649,Credit Card,Success,112880.7,2025-03-18
PAY003650,ORD003650,UPI,Success,16140.65,2025-06-14
PAY003651,ORD003651,Credit Card,Success,178244.8,2025-02-05
PAY003652,ORD003652,UPI,Success,183528.85,2025-06-16
PAY003653,ORD003653,Net Banking,Success,106184.7,2025-05-13
PAY003654,ORD003654,Net Banking,Success,47807.4,2025-04-09
PAY003655,ORD003655,Net Banking,Success,23261.1,2025-03-18
PAY003656,ORD003656,UPI,Success,74783.0,2025-03-23
PAY003657,ORD003657,Net Banking,Success,263433.7,2025-02-18
PAY003658,ORD003658,Credit Card,Refunded,118581.3,2025-04-02
PAY003659,ORD003659,Wallet,Success,13336.1,2025-02-15
PAY003660,ORD003660,UPI,Success,203523.4,2025-06-07
PAY003661,ORD003661,Cash on Delivery,Success,194687.5,2025-03-15
PAY003662,ORD003662,Net Banking,Success,218611.85,2025-02-24
PAY003663,ORD003663,Net Banking,Success,180445.85,2025-01-30
PAY003664,ORD003664,Net Banking,Failed,34914.0,2025-06-12
PAY003665,ORD003665,Debit Card,Success,121994.5,2025-05-22
PAY003666,ORD003666,Credit Card,Success,176496.85,2025-05-26
PAY003667,ORD003667,Debit Card,Success,34119.0,2025-05-07
PAY003668,ORD003668,Net Banking,Success,104103.2,2025-04-22
PAY003669,ORD003669,Debit Card,Success,125906.3,2025-06-04
PAY003670,ORD003670,Net Banking,Success,65517.0,2025-04-16
PAY003671,ORD003671,UPI,Success,25788.0,2025-06-10
PAY003672,ORD003672,Debit Card,Success,241527.75,2025-06-03
PAY003673,ORD003673,Net Banking,Success,131211.1,2025-04-18
PAY003674,ORD003674,Debit Card,Success,125941.5,2025-02-02
PAY003675,ORD003675,Cash on Delivery,Success,16083.7,2025-06-21
PAY003676,ORD003676,Wallet,Success,250288.4,2025-02-15
PAY003677,ORD003677,UPI,Success,225391.2,2025-03-13
PAY003678,ORD003678,Wallet,Success,164916.15,2025-03-28
PAY003679,ORD003679,Cash on Delivery,Success,129147.75,2025-03-09
PAY003680,ORD003680,UPI,Success,163257.85,2025-01-13
PAY003681,ORD003681,UPI,Success,4757.6,2025-01-13
PAY003682,ORD003682,Net Banking,Success,50378.2,2025-06-20
PAY003683,ORD003683,UPI,Success,14116.8,2025-06-16
PAY003684,ORD003684,Cash on Delivery,Success,18538.2,2025-01-22
PAY003685,ORD003685,UPI,Success,139654.6,2025-05-09
PAY003686,ORD003686,Net Banking,Success,81022.05,2025-05-06
PAY003687,ORD003687,Wallet,Success,94323.0,2025-04-26
PAY003688,ORD003688,Net Banking,Success,229232.4,2025-05-25
PAY003689,ORD003689,UPI,Success,78977.6,2025-02-03
PAY003690,ORD003690,Wallet,Success,73332.0,2025-03-16
PAY003691,ORD003691,Debit Card,Success,203225.65,2025-04-10
PAY003692,ORD003692,Credit Card,Success,2646.0,2025-02-24
PAY003693,ORD003693,Wallet,Success,218201.85,2025-03-24
PAY003694,ORD003694,Wallet,Success,302662.9,2025-04-15
PAY003695,ORD003695,Debit Card,Success,185665.2,2025-02-11
PAY003696,ORD003696,Credit Card,Success,48640.8,2025-03-25
PAY003697,ORD003697,UPI,Success,299615.9,2025-05-31
PAY003698,ORD003698,Cash on Delivery,Success,171119.2,2025-01-13
PAY003699,ORD003699,Net Banking,Success,113690.5,2025-04-26
PAY003700,ORD003700,Credit Card,Success,134663.05,2025-02-13
PAY003701,ORD003701,Credit Card,Refunded,25748.0,2025-03-01
PAY003702,ORD003702,Net Banking,Success,146402.1,2025-05-05
PAY003703,ORD003703,Net Banking,Success,81269.0,2025-06-01
PAY003704,ORD003704,Debit Card,Success,106254.35,2025-05-27
PAY003705,ORD003705,Debit Card,Success,97298.55,2025-05-22
PAY003706,ORD003706,Credit Card,Success,83721.6,2025-03-28
PAY003707,ORD003707,Cash on Delivery,Success,29822.1,2025-06-06
PAY003708,ORD003708,Credit Card,Success,150750.75,2025-03-20
PAY003709,ORD003709,UPI,Success,10519.35,2025-01-24
PAY003710,ORD003710,Credit Card,Success,6358.35,2025-02-27
PAY003711,ORD003711,Debit Card,Success,128916.0,2025-05-11
PAY003712,ORD003712,Wallet,Success,126538.45,2025-02-26
PAY003713,ORD003713,Wallet,Failed,66407.7,2025-02-04
PAY003714,ORD003714,Debit Card,Success,136717.15,2025-04-18
PAY003715,ORD003715,Wallet,Success,98959.3,2025-03-27
PAY003716,ORD003716,Net Banking,Success,142765.8,2025-01-06
PAY003717,ORD003717,Debit Card,Success,173759.8,2025-02-28
PAY003718,ORD003718,Net Banking,Success,49905.95,2025-03-30
PAY003719,ORD003719,Cash on Delivery,Success,9820.05,2025-04-03
PAY003720,ORD003720,UPI,Success,35554.7,2025-01-17
PAY003721,ORD003721,UPI,Success,111101.7,2025-03-13
PAY003722,ORD003722,Net Banking,Success,88051.2,2025-02-03
PAY003723,ORD003723,Net Banking,Success,93043.6,2025-02-22
PAY003724,ORD003724,UPI,Success,147676.45,2025-03-07
PAY003725,ORD003725,Wallet,Success,132300.0,2025-06-15
PAY003726,ORD003726,UPI,Failed,172433.4,2025-04-09
PAY003727,ORD003727,Cash on Delivery,Success,73692.65,2025-04-30
PAY003728,ORD003728,Net Banking,Success,134798.4,2025-01-23
PAY003729,ORD003729,Wallet,Success,7673.4,2025-06-18
PAY003730,ORD003730,UPI,Success,148106.2,2025-01-20
PAY003731,ORD003731,Credit Card,Success,72866.25,2025-04-06
PAY003732,ORD003732,Net Banking,Success,26086.5,2025-05-07
PAY003733,ORD003733,Debit Card,Success,169902.3,2025-03-18
PAY003734,ORD003734,Debit Card,Success,111124.95,2025-06-01
PAY003735,ORD003735,UPI,Success,144014.4,2025-02-13
PAY003736,ORD003736,UPI,Success,972.0,2025-03-19
PAY003737,ORD003737,Net Banking,Success,140767.5,2025-05-29
PAY003738,ORD003738,Net Banking,Success,83538.0,2025-06-28
PAY003739,ORD003739,Cash on Delivery,Failed,93768.3,2025-06-23
PAY003740,ORD003740,Debit Card,Failed,86930.7,2025-05-16
PAY003741,ORD003741,Net Banking,Success,55384.7,2025-06-19
PAY003742,ORD003742,UPI,Success,134517.15,2025-04-13
PAY003743,ORD003743,Net Banking,Success,21020.0,2025-02-08
PAY003744,ORD003744,Debit Card,Success,94460.5,2025-05-24
PAY003745,ORD003745,UPI,Success,31593.65,2025-05-21
PAY003746,ORD003746,UPI,Success,184138.5,2025-02-02
PAY003747,ORD003747,Net Banking,Success,254949.6,2025-05-24
PAY003748,ORD003748,Wallet,Success,62138.5,2025-02-27
PAY003749,ORD003749,UPI,Refunded,149765.1,2025-03-09
PAY003750,ORD003750,Cash on Delivery,Refunded,173827.1,2025-03-14
PAY003751,ORD003751,Net Banking,Success,145897.05,2025-05-15
PAY003752,ORD003752,Debit Card,Success,309789.4,2025-06-20
PAY003753,ORD003753,Cash on Delivery,Success,7387.2,2025-01-06
PAY003754,ORD003754,Wallet,Success,29924.8,2025-02-18
PAY003755,ORD003755,Credit Card,Success,166391.1,2025-05-05
PAY003756,ORD003756,Credit Card,Success,78326.4,2025-04-18
PAY003757,ORD003757,Credit Card,Success,46036.0,2025-05-05
PAY003758,ORD003758,Wallet,Success,261951.4,2025-03-03
PAY003759,ORD003759,Cash on Delivery,Success,103557.8,2025-06-26
PAY003760,ORD003760,Cash on Delivery,Failed,839.7,2025-01-16
PAY003761,ORD003761,Credit Card,Failed,191864.25,2025-02-19
PAY003762,ORD003762,Net Banking,Success,143873.55,2025-01-06
PAY003763,ORD003763,Cash on Delivery,Success,171339.15,2025-01-21
PAY003764,ORD003764,Cash on Delivery,Success,191455.0,2025-05-12
PAY003765,ORD003765,Net Banking,Success,117029.4,2025-03-10
PAY003766,ORD003766,Debit Card,Success,75647.9,2025-01-30
PAY003767,ORD003767,Credit Card,Success,225982.25,2025-04-24
PAY003768,ORD003768,Wallet,Success,167401.4,2025-02-12
PAY003769,ORD003769,Net Banking,Success,58240.15,2025-01-10
PAY003770,ORD003770,Wallet,Success,188110.15,2025-04-25
PAY003771,ORD003771,Wallet,Success,65912.6,2025-01-19
PAY003772,ORD003772,UPI,Success,120225.0,2025-05-16
PAY003773,ORD003773,Wallet,Success,6878.0,2025-02-28
PAY003774,ORD003774,Cash on Delivery,Success,10252.0,2025-03-04
PAY003775,ORD003775,Net Banking,Success,301203.6,2025-06-12
PAY003776,ORD003776,UPI,Success,76017.5,2025-04-12
PAY003777,ORD003777,Net Banking,Success,79318.6,2025-04-05
PAY003778,ORD003778,Wallet,Success,35867.25,2025-06-30
PAY003779,ORD003779,Credit Card,Success,113780.8,2025-01-16
PAY003780,ORD003780,Net Banking,Success,64953.6,2025-01-12
PAY003781,ORD003781,Credit Card,Success,166706.8,2025-05-17
PAY003782,ORD003782,Credit Card,Success,40161.1,2025-05-03
PAY003783,ORD003783,UPI,Success,156369.8,2025-04-06
PAY003784,ORD003784,Debit Card,Success,198837.6,2025-01-27
PAY003785,ORD003785,Credit Card,Success,32788.3,2025-06-28
PAY003786,ORD003786,Net Banking,Success,238355.4,2025-06-18
PAY003787,ORD003787,Credit Card,Success,149756.2,2025-01-05
PAY003788,ORD003788,UPI,Success,140229.9,2025-06-07
PAY003789,ORD003789,UPI,Success,177123.2,2025-03-15
PAY003790,ORD003790,Cash on Delivery,Success,198620.7,2025-01-10
PAY003791,ORD003791,Debit Card,Success,115159.05,2025-01-09
PAY003792,ORD003792,Net Banking,Success,188008.5,2025-02-16
PAY003793,ORD003793,Debit Card,Success,45080.8,2025-04-22
PAY003794,ORD003794,Net Banking,Success,165304.85,2025-01-28
PAY003795,ORD003795,Credit Card,Success,101482.6,2025-05-06
PAY003796,ORD003796,Cash on Delivery,Success,68223.7,2025-02-13
PAY003797,ORD003797,Net Banking,Failed,89859.45,2025-03-18
PAY003798,ORD003798,Credit Card,Success,23751.8,2025-05-30
PAY003799,ORD003799,Debit Card,Success,119526.05,2025-01-13
PAY003800,ORD003800,UPI,Success,56151.6,2025-01-04
PAY003801,ORD003801,Net Banking,Success,246678.0,2025-06-09
PAY003802,ORD003802,Debit Card,Success,65297.75,2025-04-24
PAY003803,ORD003803,Wallet,Success,191653.2,2025-05-13
PAY003804,ORD003804,UPI,Success,22203.4,2025-04-08
PAY003805,ORD003805,Credit Card,Refunded,48895.2,2025-02-25
PAY003806,ORD003806,Wallet,Success,21277.6,2025-06-22
PAY003807,ORD003807,Credit Card,Success,207963.6,2025-02-23
PAY003808,ORD003808,Credit Card,Success,83584.65,2025-05-16
PAY003809,ORD003809,Net Banking,Success,180351.2,2025-04-29
PAY003810,ORD003810,Wallet,Success,230015.3,2025-01-11
PAY003811,ORD003811,Cash on Delivery,Success,83010.0,2025-06-09
PAY003812,ORD003812,Wallet,Success,224125.1,2025-04-18
PAY003813,ORD003813,Net Banking,Success,90196.0,2025-05-30
PAY003814,ORD003814,Wallet,Success,158680.1,2025-04-06
PAY003815,ORD003815,UPI,Success,97757.85,2025-06-03
PAY003816,ORD003816,Wallet,Success,9083.1,2025-03-27
PAY003817,ORD003817,Debit Card,Success,132111.0,2025-04-01
PAY003818,ORD003818,Wallet,Success,78160.8,2025-06-08
PAY003819,ORD003819,Credit Card,Success,153268.9,2025-04-13
PAY003820,ORD003820,Credit Card,Success,79898.9,2025-05-17
PAY003821,ORD003821,Net Banking,Failed,166675.4,2025-04-11
PAY003822,ORD003822,Wallet,Success,165319.7,2025-06-09
PAY003823,ORD003823,Cash on Delivery,Success,109701.75,2025-05-03
PAY003824,ORD003824,Debit Card,Success,74352.8,2025-04-05
PAY003825,ORD003825,Cash on Delivery,Success,167929.6,2025-04-11
PAY003826,ORD003826,Net Banking,Success,97844.4,2025-06-28
PAY003827,ORD003827,Wallet,Success,44947.1,2025-04-23
PAY003828,ORD003828,Cash on Delivery,Success,77973.2,2025-05-28
PAY003829,ORD003829,UPI,Success,227937.75,2025-06-29
PAY003830,ORD003830,Cash on Delivery,Success,141585.3,2025-06-15
PAY003831,ORD003831,Net Banking,Success,3253.8,2025-01-21
PAY003832,ORD003832,Net Banking,Success,14407.0,2025-04-27
PAY003833,ORD003833,Wallet,Success,32365.35,2025-05-26
PAY003834,ORD003834,Cash on Delivery,Success,39652.0,2025-04-08
PAY003835,ORD003835,Credit Card,Failed,73181.7,2025-04-10
PAY003836,ORD003836,Net Banking,Success,92059.3,2025-04-20
PAY003837,ORD003837,Wallet,Success,51127.5,2025-05-03
PAY003838,ORD003838,Cash on Delivery,Success,54417.0,2025-03-25
PAY003839,ORD003839,Net Banking,Success,159126.1,2025-04-05
PAY003840,ORD003840,Credit Card,Success,89953.95,2025-02-27
PAY003841,ORD003841,Credit Card,Refunded,205333.35,2025-02-24
PAY003842,ORD003842,Debit Card,Success,37597.2,2025-01-26
PAY003843,ORD003843,Wallet,Success,219412.95,2025-03-10
PAY003844,ORD003844,UPI,Success,194539.95,2025-01-05
PAY003845,ORD003845,UPI,Success,17858.1,2025-03-26
PAY003846,ORD003846,UPI,Success,190401.0,2025-04-03
PAY003847,ORD003847,Debit Card,Success,157110.1,2025-03-28
PAY003848,ORD003848,Credit Card,Success,97871.4,2025-06-16
PAY003849,ORD003849,UPI,Refunded,118872.6,2025-03-22
PAY003850,ORD003850,Net Banking,Success,13846.0,2025-06-26
PAY003851,ORD003851,Credit Card,Success,32095.9,2025-02-10
PAY003852,ORD003852,Wallet,Success,31388.0,2025-05-15
PAY003853,ORD003853,Debit Card,Success,256570.95,2025-05-09
PAY003854,ORD003854,Cash on Delivery,Success,194020.9,2025-06-14
PAY003855,ORD003855,Wallet,Success,55337.1,2025-06-03
PAY003856,ORD003856,Cash on Delivery,Success,70459.1,2025-06-27
PAY003857,ORD003857,UPI,Success,131661.0,2025-03-03
PAY003858,ORD003858,UPI,Success,38355.3,2025-02-04
PAY003859,ORD003859,Credit Card,Success,228407.3,2025-01-19
PAY003860,ORD003860,Wallet,Success,136109.1,2025-01-18
PAY003861,ORD003861,Cash on Delivery,Success,91981.8,2025-04-05
PAY003862,ORD003862,Cash on Delivery,Success,65586.95,2025-02-27
PAY003863,ORD003863,UPI,Success,151872.6,2025-05-26
PAY003864,ORD003864,Credit Card,Success,63856.0,2025-06-28
PAY003865,ORD003865,UPI,Success,134880.0,2025-02-21
PAY003866,ORD003866,Debit Card,Success,32786.4,2025-05-08
PAY003867,ORD003867,UPI,Success,91188.95,2025-05-15
PAY003868,ORD003868,Net Banking,Success,40723.2,2025-06-23
PAY003869,ORD003869,Credit Card,Success,82195.0,2025-05-08
PAY003870,ORD003870,Debit Card,Success,148018.2,2025-02-13
PAY003871,ORD003871,Debit Card,Success,144714.4,2025-01-06
PAY003872,ORD003872,Credit Card,Success,270228.15,2025-04-15
PAY003873,ORD003873,Wallet,Success,91388.65,2025-06-30
PAY003874,ORD003874,Debit Card,Success,159751.65,2025-04-08
PAY003875,ORD003875,Wallet,Success,6162.3,2025-01-26
PAY003876,ORD003876,Wallet,Success,209907.5,2025-03-30
PAY003877,ORD003877,UPI,Success,64552.5,2025-01-21
PAY003878,ORD003878,Credit Card,Failed,144059.5,2025-01-10
PAY003879,ORD003879,Net Banking,Success,57805.6,2025-06-23
PAY003880,ORD003880,Credit Card,Success,17983.45,2025-05-13
PAY003881,ORD003881,Credit Card,Success,205006.2,2025-05-27
PAY003882,ORD003882,Net Banking,Success,57606.0,2025-02-23
PAY003883,ORD003883,UPI,Success,29914.05,2025-06-03
PAY003884,ORD003884,Net Banking,Success,57045.6,2025-04-02
PAY003885,ORD003885,Wallet,Success,60083.1,2025-06-03
PAY003886,ORD003886,Credit Card,Success,4978.95,2025-04-13
PAY003887,ORD003887,UPI,Success,97707.8,2025-04-29
PAY003888,ORD003888,Cash on Delivery,Success,211256.6,2025-05-21
PAY003889,ORD003889,Debit Card,Success,120414.0,2025-01-20
PAY003890,ORD003890,Cash on Delivery,Success,304677.05,2025-06-26
PAY003891,ORD003891,Wallet,Success,111734.4,2025-05-26
PAY003892,ORD003892,Debit Card,Success,55635.9,2025-03-18
PAY003893,ORD003893,Wallet,Success,30858.0,2025-01-21
PAY003894,ORD003894,Debit Card,Success,123218.75,2025-02-24
PAY003895,ORD003895,Credit Card,Success,113367.6,2025-06-11
PAY003896,ORD003896,Credit Card,Failed,81596.1,2025-05-24
PAY003897,ORD003897,Wallet,Success,6519.85,2025-03-21
PAY003898,ORD003898,Cash on Delivery,Success,20175.0,2025-02-08
PAY003899,ORD003899,Cash on Delivery,Success,189872.5,2025-03-06
PAY003900,ORD003900,Net Banking,Success,127427.75,2025-05-03
PAY003901,ORD003901,Debit Card,Success,111129.85,2025-03-29
PAY003902,ORD003902,Credit Card,Success,25196.8,2025-05-09
PAY003903,ORD003903,Debit Card,Success,208285.45,2025-04-16
PAY003904,ORD003904,Debit Card,Success,109280.0,2025-02-17
PAY003905,ORD003905,Debit Card,Success,123866.35,2025-01-06
PAY003906,ORD003906,Cash on Delivery,Success,14995.2,2025-05-03
PAY003907,ORD003907,Credit Card,Success,12474.0,2025-03-24
PAY003908,ORD003908,Debit Card,Success,74228.8,2025-03-06
PAY003909,ORD003909,Cash on Delivery,Success,80777.2,2025-04-19
PAY003910,ORD003910,Credit Card,Success,183455.2,2025-05-05
PAY003911,ORD003911,Debit Card,Success,12776.3,2025-03-21
PAY003912,ORD003912,Wallet,Success,125054.55,2025-03-27
PAY003913,ORD003913,Net Banking,Success,111921.7,2025-03-09
PAY003914,ORD003914,UPI,Success,30042.9,2025-05-22
PAY003915,ORD003915,Wallet,Failed,196991.4,2025-02-06
PAY003916,ORD003916,Cash on Delivery,Success,125623.4,2025-01-05
PAY003917,ORD003917,Cash on Delivery,Success,42099.2,2025-06-19
PAY003918,ORD003918,UPI,Success,38543.4,2025-03-05
PAY003919,ORD003919,Cash on Delivery,Success,88773.15,2025-03-02
PAY003920,ORD003920,Debit Card,Success,42904.3,2025-02-14
PAY003921,ORD003921,Debit Card,Success,40467.2,2025-05-24
PAY003922,ORD003922,Credit Card,Success,291030.6,2025-04-02
PAY003923,ORD003923,UPI,Success,109740.9,2025-03-20
PAY003924,ORD003924,Cash on Delivery,Success,29562.1,2025-06-11
PAY003925,ORD003925,Cash on Delivery,Failed,33516.8,2025-06-27
PAY003926,ORD003926,Debit Card,Success,148854.7,2025-01-08
PAY003927,ORD003927,Credit Card,Success,10450.6,2025-01-11
PAY003928,ORD003928,Net Banking,Success,43456.8,2025-02-26
PAY003929,ORD003929,Wallet,Success,166803.15,2025-05-19
PAY003930,ORD003930,Credit Card,Success,196593.8,2025-04-30
PAY003931,ORD003931,UPI,Success,100353.6,2025-04-09
PAY003932,ORD003932,UPI,Success,5254.4,2025-04-04
PAY003933,ORD003933,Net Banking,Success,154560.6,2025-06-17
PAY003934,ORD003934,UPI,Failed,51118.2,2025-02-24
PAY003935,ORD003935,Cash on Delivery,Success,70135.2,2025-03-09
PAY003936,ORD003936,Cash on Delivery,Success,116202.75,2025-02-02
PAY003937,ORD003937,Net Banking,Success,204124.8,2025-02-23
PAY003938,ORD003938,Debit Card,Success,81869.4,2025-01-26
PAY003939,ORD003939,Credit Card,Success,245487.1,2025-06-18
PAY003940,ORD003940,Cash on Delivery,Success,243851.1,2025-01-07
PAY003941,ORD003941,Debit Card,Success,22975.5,2025-01-16
PAY003942,ORD003942,Credit Card,Success,85854.0,2025-01-11
PAY003943,ORD003943,Credit Card,Refunded,145850.4,2025-02-10
PAY003944,ORD003944,Wallet,Success,169099.5,2025-01-19
PAY003945,ORD003945,Credit Card,Success,5103.4,2025-04-28
PAY003946,ORD003946,Credit Card,Success,134478.0,2025-02-24
PAY003947,ORD003947,UPI,Success,102286.75,2025-03-11
PAY003948,ORD003948,Net Banking,Success,90576.0,2025-02-18
PAY003949,ORD003949,Cash on Delivery,Success,71049.6,2025-01-31
PAY003950,ORD003950,Credit Card,Failed,1672.8,2025-03-26
PAY003951,ORD003951,Cash on Delivery,Success,76066.5,2025-06-07
PAY003952,ORD003952,Credit Card,Success,94378.3,2025-05-30
PAY003953,ORD003953,Credit Card,Success,174201.0,2025-02-25
PAY003954,ORD003954,Wallet,Success,164038.2,2025-06-11
PAY003955,ORD003955,UPI,Success,39089.65,2025-04-15
PAY003956,ORD003956,Debit Card,Success,9167.4,2025-03-09
PAY003957,ORD003957,Debit Card,Success,138316.2,2025-05-02
PAY003958,ORD003958,Credit Card,Success,57593.0,2025-05-25
PAY003959,ORD003959,Wallet,Success,48853.9,2025-03-18
PAY003960,ORD003960,Cash on Delivery,Success,30754.0,2025-01-06
PAY003961,ORD003961,UPI,Success,54740.0,2025-01-26
PAY003962,ORD003962,UPI,Success,83593.45,2025-04-16
PAY003963,ORD003963,Net Banking,Success,272297.9,2025-03-14
PAY003964,ORD003964,Wallet,Success,43809.0,2025-04-12
PAY003965,ORD003965,Cash on Delivery,Success,10150.75,2025-06-28
PAY003966,ORD003966,Wallet,Success,16250.7,2025-05-15
PAY003967,ORD003967,Wallet,Success,216284.1,2025-06-15
PAY003968,ORD003968,Debit Card,Success,30409.5,2025-01-19
PAY003969,ORD003969,UPI,Success,12193.2,2025-03-11
PAY003970,ORD003970,UPI,Success,34244.0,2025-01-28
PAY003971,ORD003971,UPI,Success,142301.0,2025-01-02
PAY003972,ORD003972,UPI,Success,10176.4,2025-06-29
PAY003973,ORD003973,Credit Card,Success,14285.8,2025-03-29
PAY003974,ORD003974,Debit Card,Success,201211.8,2025-05-11
PAY003975,ORD003975,Debit Card,Success,7614.4,2025-02-22
PAY003976,ORD003976,Cash on Delivery,Success,33140.75,2025-01-27
PAY003977,ORD003977,Wallet,Success,115861.05,2025-04-03
PAY003978,ORD003978,Wallet,Success,20952.0,2025-06-23
PAY003979,ORD003979,Credit Card,Success,30431.7,2025-05-22
PAY003980,ORD003980,Credit Card,Success,120195.0,2025-04-29
PAY003981,ORD003981,Wallet,Success,66675.2,2025-03-09
PAY003982,ORD003982,Net Banking,Success,263373.1,2025-01-26
PAY003983,ORD003983,Debit Card,Success,93675.7,2025-04-15
PAY003984,ORD003984,UPI,Success,194894.9,2025-01-29
PAY003985,ORD003985,UPI,Success,159504.85,2025-03-07
PAY003986,ORD003986,UPI,Failed,128068.8,2025-06-20
PAY003987,ORD003987,Cash on Delivery,Success,5538.5,2025-02-13
PAY003988,ORD003988,Cash on Delivery,Success,157662.4,2025-02-10
PAY003989,ORD003989,Cash on Delivery,Success,25668.9,2025-02-13
PAY003990,ORD003990,Net Banking,Success,288562.5,2025-05-18
PAY003991,ORD003991,Debit Card,Success,182076.5,2025-06-06
PAY003992,ORD003992,Credit Card,Success,156985.75,2025-06-13
PAY003993,ORD003993,Wallet,Success,30421.5,2025-04-08
PAY003994,ORD003994,UPI,Success,37219.2,2025-01-04
PAY003995,ORD003995,Cash on Delivery,Success,22288.9,2025-01-23
PAY003996,ORD003996,Cash on Delivery,Success,2003.4,2025-04-30
PAY003997,ORD003997,Net Banking,Success,104524.9,2025-04-02
PAY003998,ORD003998,Credit Card,Success,220580.3,2025-06-07
PAY003999,ORD003999,Net Banking,Success,236017.4,2025-03-11
PAY004000,ORD004000,Net Banking,Success,102829.5,2025-06-12
PAY004001,ORD004001,Credit Card,Success,9389.95,2025-05-11
PAY004002,ORD004002,Cash on Delivery,Success,120811.65,2025-03-13
PAY004003,ORD004003,Cash on Delivery,Success,152957.9,2025-03-19
PAY004004,ORD004004,Debit Card,Success,143479.8,2025-03-09
PAY004005,ORD004005,Cash on Delivery,Success,181024.65,2025-03-14
PAY004006,ORD004006,UPI,Success,191283.2,2025-01-08
PAY004007,ORD004007,Debit Card,Success,97290.5,2025-02-02
PAY004008,ORD004008,Cash on Delivery,Success,64315.95,2025-04-01
PAY004009,ORD004009,Wallet,Success,53203.1,2025-03-23
PAY004010,ORD004010,Net Banking,Success,109391.55,2025-06-21
PAY004011,ORD004011,Wallet,Success,89872.6,2025-01-18
PAY004012,ORD004012,Credit Card,Success,104752.8,2025-06-06
PAY004013,ORD004013,Debit Card,Success,252360.1,2025-01-01
PAY004014,ORD004014,Debit Card,Success,40995.9,2025-04-07
PAY004015,ORD004015,Cash on Delivery,Success,176036.1,2025-01-30
PAY004016,ORD004016,UPI,Success,21057.0,2025-04-04
PAY004017,ORD004017,Credit Card,Failed,135531.9,2025-05-05
PAY004018,ORD004018,Cash on Delivery,Failed,528.0,2025-03-17
PAY004019,ORD004019,UPI,Success,65580.8,2025-05-29
PAY004020,ORD004020,Debit Card,Success,70345.6,2025-04-03
PAY004021,ORD004021,Credit Card,Success,67814.4,2025-06-04
PAY004022,ORD004022,Cash on Delivery,Success,156807.3,2025-04-28
PAY004023,ORD004023,Debit Card,Success,77741.0,2025-06-06
PAY004024,ORD004024,Debit Card,Success,4847.55,2025-04-13
PAY004025,ORD004025,Net Banking,Success,84869.6,2025-03-10
PAY004026,ORD004026,UPI,Success,59389.5,2025-06-02
PAY004027,ORD004027,Credit Card,Success,71529.9,2025-03-08
PAY004028,ORD004028,Debit Card,Success,151568.75,2025-01-18
PAY004029,ORD004029,Debit Card,Success,60879.8,2025-01-31
PAY004030,ORD004030,UPI,Success,107567.55,2025-04-05
PAY004031,ORD004031,Credit Card,Success,40940.1,2025-02-22
PAY004032,ORD004032,UPI,Success,269490.45,2025-03-08
PAY004033,ORD004033,Net Banking,Success,36835.2,2025-01-23
PAY004034,ORD004034,Credit Card,Success,188524.4,2025-01-29
PAY004035,ORD004035,UPI,Success,193053.55,2025-01-14
PAY004036,ORD004036,Net Banking,Success,154611.9,2025-06-19
PAY004037,ORD004037,UPI,Success,117414.75,2025-06-02
PAY004038,ORD004038,Cash on Delivery,Success,274885.9,2025-04-01
PAY004039,ORD004039,Debit Card,Success,133256.2,2025-06-22
PAY004040,ORD004040,Debit Card,Success,155847.8,2025-03-26
PAY004041,ORD004041,Debit Card,Failed,85060.8,2025-06-14
PAY004042,ORD004042,Debit Card,Success,83423.2,2025-04-29
PAY004043,ORD004043,Credit Card,Success,177677.5,2025-03-17
PAY004044,ORD004044,Credit Card,Success,61045.2,2025-01-21
PAY004045,ORD004045,UPI,Success,116519.2,2025-02-12
PAY004046,ORD004046,Wallet,Refunded,51515.95,2025-02-18
PAY004047,ORD004047,Credit Card,Success,109797.7,2025-06-02
PAY004048,ORD004048,Cash on Delivery,Failed,37243.45,2025-04-01
PAY004049,ORD004049,Cash on Delivery,Success,176072.2,2025-05-16
PAY004050,ORD004050,Wallet,Success,146853.0,2025-06-11
PAY004051,ORD004051,UPI,Success,191516.8,2025-06-24
PAY004052,ORD004052,Wallet,Success,270099.35,2025-05-25
PAY004053,ORD004053,Wallet,Success,116286.0,2025-03-11
PAY004054,ORD004054,UPI,Success,116563.8,2025-06-09
PAY004055,ORD004055,Debit Card,Success,86766.0,2025-04-18
PAY004056,ORD004056,UPI,Success,39121.95,2025-02-21
PAY004057,ORD004057,Cash on Delivery,Success,13220.9,2025-03-14
PAY004058,ORD004058,Net Banking,Success,114392.35,2025-02-17
PAY004059,ORD004059,Net Banking,Success,78483.6,2025-01-01
PAY004060,ORD004060,Debit Card,Success,71035.5,2025-06-01
PAY004061,ORD004061,Credit Card,Success,243276.95,2025-03-25
PAY004062,ORD004062,Net Banking,Success,115861.05,2025-04-17
PAY004063,ORD004063,UPI,Success,96436.8,2025-03-01
PAY004064,ORD004064,Credit Card,Success,112239.65,2025-01-01
PAY004065,ORD004065,Debit Card,Success,51573.6,2025-05-02
PAY004066,ORD004066,Credit Card,Success,51465.35,2025-05-22
PAY004067,ORD004067,UPI,Success,131063.1,2025-04-11
PAY004068,ORD004068,UPI,Failed,53144.8,2025-01-20
PAY004069,ORD004069,UPI,Success,99087.3,2025-05-19
PAY004070,ORD004070,Wallet,Success,44136.9,2025-04-02
PAY004071,ORD004071,Wallet,Success,207177.95,2025-06-12
PAY004072,ORD004072,Cash on Delivery,Success,3924.0,2025-03-04
PAY004073,ORD004073,Wallet,Success,19454.0,2025-03-18
PAY004074,ORD004074,Wallet,Success,271376.45,2025-02-25
PAY004075,ORD004075,Net Banking,Success,66973.9,2025-04-03
PAY004076,ORD004076,Net Banking,Success,159798.2,2025-02-24
PAY004077,ORD004077,Credit Card,Success,245602.75,2025-02-24
PAY004078,ORD004078,Wallet,Failed,112298.4,2025-02-08
PAY004079,ORD004079,Credit Card,Success,158415.1,2025-03-05
PAY004080,ORD004080,Credit Card,Success,115411.9,2025-02-13
PAY004081,ORD004081,Wallet,Success,44408.0,2025-03-07
PAY004082,ORD004082,UPI,Success,135990.6,2025-06-14
PAY004083,ORD004083,UPI,Success,64216.0,2025-03-02
PAY004084,ORD004084,Credit Card,Success,152844.05,2025-03-06
PAY004085,ORD004085,Credit Card,Success,139760.4,2025-02-06
PAY004086,ORD004086,Net Banking,Success,15276.0,2025-01-10
PAY004087,ORD004087,Net Banking,Success,9365.0,2025-06-09
PAY004088,ORD004088,UPI,Success,140705.4,2025-03-22
PAY004089,ORD004089,Wallet,Success,57133.6,2025-04-19
PAY004090,ORD004090,Credit Card,Success,39647.6,2025-03-20
PAY004091,ORD004091,Credit Card,Success,50147.2,2025-03-01
PAY004092,ORD004092,Cash on Delivery,Failed,78198.6,2025-06-19
PAY004093,ORD004093,Net Banking,Success,101256.0,2025-02-26
PAY004094,ORD004094,Credit Card,Success,33195.9,2025-02-12
PAY004095,ORD004095,Wallet,Success,130993.2,2025-04-08
PAY004096,ORD004096,Net Banking,Success,180516.15,2025-06-26
PAY004097,ORD004097,UPI,Success,234333.3,2025-04-14
PAY004098,ORD004098,Debit Card,Success,118886.8,2025-05-11
PAY004099,ORD004099,Net Banking,Success,103593.6,2025-01-16
PAY004100,ORD004100,Cash on Delivery,Success,66279.85,2025-01-08
PAY004101,ORD004101,Credit Card,Success,18442.0,2025-04-25
PAY004102,ORD004102,Debit Card,Success,73693.4,2025-03-18
PAY004103,ORD004103,Cash on Delivery,Success,40444.7,2025-03-14
PAY004104,ORD004104,Debit Card,Refunded,147901.4,2025-04-03
PAY004105,ORD004105,Credit Card,Success,14410.05,2025-06-21
PAY004106,ORD004106,Wallet,Success,134165.7,2025-03-29
PAY004107,ORD004107,Net Banking,Success,147342.4,2025-06-24
PAY004108,ORD004108,Credit Card,Success,235335.9,2025-06-26
PAY004109,ORD004109,UPI,Success,89918.4,2025-04-25
PAY004110,ORD004110,Credit Card,Success,127207.15,2025-06-01
PAY004111,ORD004111,Cash on Delivery,Success,157999.0,2025-01-30
PAY004112,ORD004112,Wallet,Success,155418.45,2025-05-19
PAY004113,ORD004113,Wallet,Success,61590.4,2025-05-14
PAY004114,ORD004114,Credit Card,Success,166062.4,2025-06-27
PAY004115,ORD004115,Wallet,Success,14134.5,2025-05-23
PAY004116,ORD004116,Net Banking,Success,127273.4,2025-06-01
PAY004117,ORD004117,Credit Card,Success,44835.8,2025-06-26
PAY004118,ORD004118,Debit Card,Success,39327.35,2025-06-13
PAY004119,ORD004119,Cash on Delivery,Success,135238.3,2025-03-23
PAY004120,ORD004120,Net Banking,Success,634.1,2025-04-21
PAY004121,ORD004121,Credit Card,Success,84036.2,2025-05-31
PAY004122,ORD004122,Wallet,Success,94354.0,2025-03-02
PAY004123,ORD004123,Cash on Delivery,Success,61217.9,2025-03-06
PAY004124,ORD004124,Cash on Delivery,Success,3246.15,2025-06-19
PAY004125,ORD004125,Credit Card,Success,70631.6,2025-01-27
PAY004126,ORD004126,Net Banking,Success,117696.1,2025-01-16
PAY004127,ORD004127,Net Banking,Success,96609.1,2025-06-22
PAY004128,ORD004128,Credit Card,Success,176407.05,2025-06-22
PAY004129,ORD004129,Debit Card,Success,109889.95,2025-02-12
PAY004130,ORD004130,Credit Card,Success,163942.95,2025-03-02
PAY004131,ORD004131,Wallet,Success,67123.2,2025-02-01
PAY004132,ORD004132,Wallet,Failed,272403.0,2025-06-04
PAY004133,ORD004133,Debit Card,Success,177157.2,2025-05-13
PAY004134,ORD004134,Wallet,Success,11877.85,2025-06-15
PAY004135,ORD004135,UPI,Success,161173.7,2025-03-15
PAY004136,ORD004136,Net Banking,Success,33292.8,2025-05-24
PAY004137,ORD004137,Cash on Delivery,Success,168285.6,2025-04-06
PAY004138,ORD004138,Debit Card,Success,132370.1,2025-05-06
PAY004139,ORD004139,Cash on Delivery,Success,72505.0,2025-04-12
PAY004140,ORD004140,Net Banking,Success,99076.9,2025-02-05
PAY004141,ORD004141,Credit Card,Success,59791.5,2025-05-19
PAY004142,ORD004142,Debit Card,Success,169793.7,2025-05-04
PAY004143,ORD004143,Credit Card,Success,17112.0,2025-06-14
PAY004144,ORD004144,Credit Card,Success,14642.4,2025-04-19
PAY004145,ORD004145,Credit Card,Success,257584.15,2025-01-17
PAY004146,ORD004146,Cash on Delivery,Success,29582.4,2025-04-27
PAY004147,ORD004147,Credit Card,Success,50934.4,2025-04-10
PAY004148,ORD004148,Debit Card,Success,71548.0,2025-06-22
PAY004149,ORD004149,Debit Card,Success,95894.05,2025-03-15
PAY004150,ORD004150,Cash on Delivery,Success,123179.0,2025-06-26
PAY004151,ORD004151,Debit Card,Success,36986.2,2025-04-08
PAY004152,ORD004152,Credit Card,Failed,84594.15,2025-01-17
PAY004153,ORD004153,Net Banking,Success,239072.9,2025-05-19
PAY004154,ORD004154,Credit Card,Success,94267.95,2025-01-21
PAY004155,ORD004155,Cash on Delivery,Failed,108350.5,2025-06-03
PAY004156,ORD004156,UPI,Success,203208.8,2025-02-09
PAY004157,ORD004157,Cash on Delivery,Success,153037.7,2025-01-13
PAY004158,ORD004158,UPI,Success,46585.8,2025-02-16
PAY004159,ORD004159,UPI,Success,97487.0,2025-02-14
PAY004160,ORD004160,Wallet,Success,66500.6,2025-01-10
PAY004161,ORD004161,UPI,Success,99222.4,2025-03-15
PAY004162,ORD004162,Net Banking,Success,59864.3,2025-03-22
PAY004163,ORD004163,Debit Card,Success,297559.6,2025-02-16
PAY004164,ORD004164,Net Banking,Success,177330.1,2025-06-07
PAY004165,ORD004165,UPI,Success,61558.55,2025-01-07
PAY004166,ORD004166,Cash on Delivery,Success,354209.85,2025-01-24
PAY004167,ORD004167,UPI,Success,179464.7,2025-06-01
PAY004168,ORD004168,Net Banking,Success,41231.7,2025-03-30
PAY004169,ORD004169,Net Banking,Success,160662.0,2025-06-14
PAY004170,ORD004170,Cash on Delivery,Success,121208.4,2025-03-29
PAY004171,ORD004171,Net Banking,Success,195646.5,2025-06-02
PAY004172,ORD004172,Wallet,Success,42514.0,2025-01-29
PAY004173,ORD004173,Credit Card,Success,206332.65,2025-02-21
PAY004174,ORD004174,Wallet,Success,227011.65,2025-02-24
PAY004175,ORD004175,Debit Card,Success,96094.0,2025-04-05
PAY004176,ORD004176,Cash on Delivery,Failed,190920.75,2025-05-21
PAY004177,ORD004177,Debit Card,Success,185284.3,2025-05-13
PAY004178,ORD004178,Cash on Delivery,Failed,132816.2,2025-01-05
PAY004179,ORD004179,Net Banking,Success,5048.3,2025-03-03
PAY004180,ORD004180,Wallet,Success,960.0,2025-02-16
PAY004181,ORD004181,Net Banking,Success,127596.8,2025-02-22
PAY004182,ORD004182,Cash on Delivery,Success,73668.7,2025-05-25
PAY004183,ORD004183,Credit Card,Success,177060.25,2025-05-10
PAY004184,ORD004184,Net Banking,Success,117447.9,2025-05-10
PAY004185,ORD004185,Debit Card,Success,126711.05,2025-01-10
PAY004186,ORD004186,Debit Card,Success,80927.1,2025-06-21
PAY004187,ORD004187,UPI,Success,95885.55,2025-04-01
PAY004188,ORD004188,Debit Card,Success,110553.6,2025-05-28
PAY004189,ORD004189,Wallet,Success,21617.1,2025-04-19
PAY004190,ORD004190,Debit Card,Success,148356.6,2025-01-26
PAY004191,ORD004191,Cash on Delivery,Success,147109.9,2025-03-30
PAY004192,ORD004192,Debit Card,Success,149793.9,2025-04-24
PAY004193,ORD004193,Wallet,Success,21693.0,2025-01-30
PAY004194,ORD004194,Debit Card,Success,219372.85,2025-01-04
PAY004195,ORD004195,Net Banking,Success,4046.4,2025-05-21
PAY004196,ORD004196,Wallet,Success,30617.85,2025-01-19
PAY004197,ORD004197,UPI,Success,128319.1,2025-05-06
PAY004198,ORD004198,Wallet,Success,136205.1,2025-06-19
PAY004199,ORD004199,Net Banking,Success,209773.3,2025-01-20
PAY004200,ORD004200,Debit Card,Success,40576.5,2025-02-12
PAY004201,ORD004201,Wallet,Success,145300.4,2025-01-12
PAY004202,ORD004202,Net Banking,Success,158919.15,2025-05-18
PAY004203,ORD004203,Net Banking,Success,34399.5,2025-05-20
PAY004204,ORD004204,Debit Card,Success,99394.0,2025-03-10
PAY004205,ORD004205,Credit Card,Success,176459.55,2025-01-08
PAY004206,ORD004206,Cash on Delivery,Success,44502.0,2025-02-20
PAY004207,ORD004207,Credit Card,Success,97584.9,2025-06-25
PAY004208,ORD004208,UPI,Success,174296.55,2025-05-22
PAY004209,ORD004209,Wallet,Success,151166.7,2025-05-28
PAY004210,ORD004210,Debit Card,Success,67337.6,2025-03-19
PAY004211,ORD004211,Debit Card,Success,13219.2,2025-03-13
PAY004212,ORD004212,Net Banking,Success,142402.55,2025-02-09
PAY004213,ORD004213,Credit Card,Success,134358.95,2025-05-27
PAY004214,ORD004214,UPI,Success,171265.85,2025-02-24
PAY004215,ORD004215,Net Banking,Success,192398.1,2025-03-06
PAY004216,ORD004216,Credit Card,Success,156625.1,2025-06-05
PAY004217,ORD004217,Debit Card,Success,92629.6,2025-05-31
PAY004218,ORD004218,Credit Card,Success,17993.55,2025-06-30
PAY004219,ORD004219,UPI,Success,47302.2,2025-05-08
PAY004220,ORD004220,Cash on Delivery,Success,47946.15,2025-03-14
PAY004221,ORD004221,Debit Card,Success,95398.05,2025-06-22
PAY004222,ORD004222,UPI,Refunded,115059.0,2025-03-08
PAY004223,ORD004223,Credit Card,Failed,197484.2,2025-04-10
PAY004224,ORD004224,Wallet,Success,28952.0,2025-06-30
PAY004225,ORD004225,Credit Card,Success,165310.7,2025-01-21
PAY004226,ORD004226,Debit Card,Success,3114.1,2025-03-24
PAY004227,ORD004227,Cash on Delivery,Success,46266.45,2025-05-18
PAY004228,ORD004228,Net Banking,Success,181038.9,2025-02-07
PAY004229,ORD004229,Wallet,Success,130036.55,2025-04-05
PAY004230,ORD004230,Net Banking,Success,186016.9,2025-02-13
PAY004231,ORD004231,UPI,Success,195796.2,2025-05-29
PAY004232,ORD004232,Wallet,Success,137843.7,2025-03-04
PAY004233,ORD004233,Credit Card,Success,70262.0,2025-03-25
PAY004234,ORD004234,Credit Card,Success,27353.7,2025-03-02
PAY004235,ORD004235,Cash on Delivery,Success,3144.0,2025-01-11
PAY004236,ORD004236,Credit Card,Success,127807.8,2025-05-29
PAY004237,ORD004237,Credit Card,Success,61172.8,2025-03-29
PAY004238,ORD004238,UPI,Success,160546.4,2025-04-27
PAY004239,ORD004239,UPI,Success,139670.0,2025-06-24
PAY004240,ORD004240,Debit Card,Success,121481.7,2025-02-19
PAY004241,ORD004241,Net Banking,Success,9641.7,2025-03-03
PAY004242,ORD004242,Cash on Delivery,Success,172473.1,2025-04-16
PAY004243,ORD004243,Net Banking,Success,21600.45,2025-04-14
PAY004244,ORD004244,Credit Card,Success,169211.1,2025-03-22
PAY004245,ORD004245,Net Banking,Success,127599.4,2025-03-25
PAY004246,ORD004246,UPI,Success,61759.5,2025-04-22
PAY004247,ORD004247,Credit Card,Success,78719.4,2025-04-18
PAY004248,ORD004248,Wallet,Success,30153.75,2025-06-20
PAY004249,ORD004249,Debit Card,Success,74608.55,2025-04-28
PAY004250,ORD004250,Net Banking,Success,89208.9,2025-05-01
PAY004251,ORD004251,Net Banking,Success,81042.0,2025-05-08
PAY004252,ORD004252,Debit Card,Success,95516.4,2025-02-24
PAY004253,ORD004253,UPI,Success,140450.85,2025-03-26
PAY004254,ORD004254,Wallet,Success,16642.8,2025-02-23
PAY004255,ORD004255,UPI,Success,131383.25,2025-04-08
PAY004256,ORD004256,Wallet,Success,78834.3,2025-01-31
PAY004257,ORD004257,Wallet,Success,211851.75,2025-04-05
PAY004258,ORD004258,UPI,Success,62383.5,2025-02-11
PAY004259,ORD004259,Debit Card,Success,73034.0,2025-05-13
PAY004260,ORD004260,Wallet,Success,330675.5,2025-01-02
PAY004261,ORD004261,Wallet,Success,101145.6,2025-01-26
PAY004262,ORD004262,Debit Card,Success,167938.05,2025-03-21
PAY004263,ORD004263,UPI,Success,58368.6,2025-04-19
PAY004264,ORD004264,Credit Card,Success,188174.7,2025-01-10
PAY004265,ORD004265,Cash on Delivery,Success,200979.3,2025-01-15
PAY004266,ORD004266,Debit Card,Success,98546.8,2025-01-20
PAY004267,ORD004267,Credit Card,Success,82899.2,2025-04-15
PAY004268,ORD004268,Debit Card,Success,60800.05,2025-03-12
PAY004269,ORD004269,Credit Card,Success,182975.9,2025-04-21
PAY004270,ORD004270,Debit Card,Success,158969.55,2025-03-17
PAY004271,ORD004271,Net Banking,Success,2145.6,2025-01-06
PAY004272,ORD004272,Cash on Delivery,Success,211966.2,2025-03-13
PAY004273,ORD004273,UPI,Success,89024.95,2025-03-29
PAY004274,ORD004274,Net Banking,Success,173600.65,2025-06-03
PAY004275,ORD004275,Credit Card,Success,22368.2,2025-04-25
PAY004276,ORD004276,Net Banking,Success,83068.1,2025-05-20
PAY004277,ORD004277,Wallet,Success,142422.95,2025-03-17
PAY004278,ORD004278,Debit Card,Success,15616.8,2025-01-17
PAY004279,ORD004279,Wallet,Success,28530.25,2025-06-30
PAY004280,ORD004280,Debit Card,Success,77834.5,2025-06-21
PAY004281,ORD004281,Credit Card,Success,94127.9,2025-04-10
PAY004282,ORD004282,Cash on Delivery,Success,251564.8,2025-06-02
PAY004283,ORD004283,Net Banking,Success,70596.6,2025-01-07
PAY004284,ORD004284,Credit Card,Success,317882.9,2025-02-07
PAY004285,ORD004285,Debit Card,Success,77341.2,2025-02-23
PAY004286,ORD004286,Credit Card,Failed,200413.4,2025-02-20
PAY004287,ORD004287,Net Banking,Success,120130.5,2025-03-12
PAY004288,ORD004288,Cash on Delivery,Success,28849.6,2025-06-09
PAY004289,ORD004289,UPI,Success,204585.25,2025-02-28
PAY004290,ORD004290,Credit Card,Success,205641.8,2025-03-19
PAY004291,ORD004291,Credit Card,Success,79062.75,2025-06-22
PAY004292,ORD004292,Wallet,Success,22473.0,2025-06-30
PAY004293,ORD004293,UPI,Success,123325.65,2025-04-25
PAY004294,ORD004294,Wallet,Success,127878.25,2025-01-17
PAY004295,ORD004295,Debit Card,Success,56857.9,2025-05-14
PAY004296,ORD004296,Cash on Delivery,Success,126399.2,2025-05-31
PAY004297,ORD004297,Cash on Delivery,Success,61308.9,2025-04-01
PAY004298,ORD004298,UPI,Success,111297.3,2025-05-28
PAY004299,ORD004299,Cash on Delivery,Failed,85455.0,2025-04-09
PAY004300,ORD004300,Net Banking,Success,183999.1,2025-04-18
PAY004301,ORD004301,Wallet,Success,60278.2,2025-05-30
PAY004302,ORD004302,Credit Card,Success,70543.2,2025-04-05
PAY004303,ORD004303,Wallet,Success,118863.9,2025-01-09
PAY004304,ORD004304,UPI,Success,139229.35,2025-02-23
PAY004305,ORD004305,UPI,Success,243098.8,2025-03-31
PAY004306,ORD004306,Net Banking,Success,279214.9,2025-02-25
PAY004307,ORD004307,Cash on Delivery,Success,131297.3,2025-04-06
PAY004308,ORD004308,UPI,Success,154537.5,2025-03-04
PAY004309,ORD004309,Debit Card,Success,61813.6,2025-04-09
PAY004310,ORD004310,Wallet,Success,154445.85,2025-01-19
PAY004311,ORD004311,Cash on Delivery,Failed,80781.1,2025-03-16
PAY004312,ORD004312,Wallet,Failed,148924.8,2025-06-26
PAY004313,ORD004313,Credit Card,Success,21070.4,2025-04-18
PAY004314,ORD004314,Net Banking,Success,70674.1,2025-04-18
PAY004315,ORD004315,UPI,Failed,244946.25,2025-02-09
PAY004316,ORD004316,Net Banking,Success,62468.0,2025-01-10
PAY004317,ORD004317,Net Banking,Success,184407.6,2025-06-07
PAY004318,ORD004318,Net Banking,Success,95876.05,2025-06-02
PAY004319,ORD004319,Net Banking,Success,33417.6,2025-02-17
PAY004320,ORD004320,Wallet,Success,248527.75,2025-06-17
PAY004321,ORD004321,Debit Card,Success,264559.25,2025-06-03
PAY004322,ORD004322,Wallet,Success,27426.1,2025-01-19
PAY004323,ORD004323,Wallet,Success,138335.3,2025-06-17
PAY004324,ORD004324,Cash on Delivery,Success,83781.4,2025-01-28
PAY004325,ORD004325,Debit Card,Success,97771.0,2025-04-02
PAY004326,ORD004326,Credit Card,Success,148136.8,2025-04-13
PAY004327,ORD004327,Debit Card,Success,105927.6,2025-06-02
PAY004328,ORD004328,Wallet,Success,227866.85,2025-02-05
PAY004329,ORD004329,Wallet,Success,74546.3,2025-05-26
PAY004330,ORD004330,UPI,Success,161256.8,2025-01-11
PAY004331,ORD004331,Net Banking,Success,44514.15,2025-04-21
PAY004332,ORD004332,Wallet,Success,132699.6,2025-04-09
PAY004333,ORD004333,Net Banking,Success,134274.6,2025-03-25
PAY004334,ORD004334,Cash on Delivery,Success,29161.0,2025-06-21
PAY004335,ORD004335,Debit Card,Success,198812.7,2025-05-15
PAY004336,ORD004336,Cash on Delivery,Success,187177.65,2025-01-14
PAY004337,ORD004337,Debit Card,Success,66055.4,2025-06-19
PAY004338,ORD004338,Net Banking,Success,157544.1,2025-02-09
PAY004339,ORD004339,Debit Card,Success,83078.45,2025-01-11
PAY004340,ORD004340,Credit Card,Failed,167276.6,2025-03-15
PAY004341,ORD004341,Net Banking,Success,37137.0,2025-03-17
PAY004342,ORD004342,Cash on Delivery,Success,143551.1,2025-05-22
PAY004343,ORD004343,UPI,Success,204986.35,2025-02-20
PAY004344,ORD004344,Debit Card,Success,263637.1,2025-04-19
PAY004345,ORD004345,Net Banking,Failed,18892.65,2025-01-27
PAY004346,ORD004346,Credit Card,Success,69887.0,2025-05-29
PAY004347,ORD004347,Net Banking,Success,113920.2,2025-05-25
PAY004348,ORD004348,UPI,Success,42949.4,2025-06-02
PAY004349,ORD004349,Debit Card,Failed,61946.8,2025-06-15
PAY004350,ORD004350,Debit Card,Success,76538.75,2025-06-26
PAY004351,ORD004351,UPI,Refunded,185697.9,2025-03-14
PAY004352,ORD004352,Debit Card,Success,91383.0,2025-05-31
PAY004353,ORD004353,Credit Card,Success,175628.3,2025-03-10
PAY004354,ORD004354,UPI,Success,120888.9,2025-02-06
PAY004355,ORD004355,Debit Card,Success,81703.95,2025-06-17
PAY004356,ORD004356,UPI,Success,131598.8,2025-06-29
PAY004357,ORD004357,Wallet,Success,57752.6,2025-01-22
PAY004358,ORD004358,Debit Card,Success,5895.0,2025-01-16
PAY004359,ORD004359,Cash on Delivery,Success,22267.0,2025-01-16
PAY004360,ORD004360,Debit Card,Success,125053.95,2025-03-03
PAY004361,ORD004361,Cash on Delivery,Success,152503.2,2025-04-28
PAY004362,ORD004362,Debit Card,Success,103966.7,2025-06-23
PAY004363,ORD004363,Wallet,Success,101453.6,2025-02-05
PAY004364,ORD004364,Net Banking,Success,169606.25,2025-02-26
PAY004365,ORD004365,Cash on Delivery,Success,81061.35,2025-03-03
PAY004366,ORD004366,Net Banking,Success,117222.5,2025-05-26
PAY004367,ORD004367,Net Banking,Refunded,203080.35,2025-01-23
PAY004368,ORD004368,Debit Card,Success,90506.5,2025-05-02
PAY004369,ORD004369,Wallet,Success,21702.2,2025-04-01
PAY004370,ORD004370,UPI,Success,227993.25,2025-04-22
PAY004371,ORD004371,Net Banking,Success,49925.0,2025-06-08
PAY004372,ORD004372,UPI,Success,327844.3,2025-05-31
PAY004373,ORD004373,Debit Card,Success,125685.6,2025-06-28
PAY004374,ORD004374,Wallet,Success,211513.8,2025-02-03
PAY004375,ORD004375,Net Banking,Success,65095.5,2025-04-30
PAY004376,ORD004376,Wallet,Success,6644.0,2025-04-29
PAY004377,ORD004377,UPI,Success,41612.4,2025-04-30
PAY004378,ORD004378,Debit Card,Success,49602.6,2025-01-01
PAY004379,ORD004379,Net Banking,Success,36600.0,2025-05-09
PAY004380,ORD004380,Credit Card,Success,110239.9,2025-03-11
PAY004381,ORD004381,UPI,Success,26928.3,2025-04-29
PAY004382,ORD004382,Wallet,Success,119751.3,2025-06-23
PAY004383,ORD004383,Debit Card,Success,117785.15,2025-02-19
PAY004384,ORD004384,Cash on Delivery,Success,107006.7,2025-03-03
PAY004385,ORD004385,Cash on Delivery,Success,169748.75,2025-06-22
PAY004386,ORD004386,Cash on Delivery,Success,57567.95,2025-04-21
PAY004387,ORD004387,UPI,Success,104860.8,2025-06-30
PAY004388,ORD004388,Net Banking,Success,174962.25,2025-04-06
PAY004389,ORD004389,Cash on Delivery,Success,31089.2,2025-04-05
PAY004390,ORD004390,Cash on Delivery,Success,144267.0,2025-01-10
PAY004391,ORD004391,UPI,Success,27169.2,2025-06-20
PAY004392,ORD004392,Debit Card,Success,106782.1,2025-02-09
PAY004393,ORD004393,Cash on Delivery,Success,50877.6,2025-01-29
PAY004394,ORD004394,Wallet,Success,50598.8,2025-04-29
PAY004395,ORD004395,UPI,Success,261636.45,2025-02-24
PAY004396,ORD004396,Net Banking,Success,234434.4,2025-01-09
PAY004397,ORD004397,Wallet,Success,102793.8,2025-03-25
PAY004398,ORD004398,Cash on Delivery,Success,161472.9,2025-02-16
PAY004399,ORD004399,Wallet,Success,203313.75,2025-03-16
PAY004400,ORD004400,Wallet,Success,65389.5,2025-03-09
PAY004401,ORD004401,Net Banking,Success,8015.2,2025-03-31
PAY004402,ORD004402,UPI,Success,103844.3,2025-03-18
PAY004403,ORD004403,Net Banking,Failed,193166.2,2025-04-04
PAY004404,ORD004404,Debit Card,Success,119744.0,2025-06-13
PAY004405,ORD004405,Cash on Delivery,Success,95681.8,2025-01-30
PAY004406,ORD004406,UPI,Success,32063.7,2025-01-06
PAY004407,ORD004407,Cash on Delivery,Success,249027.0,2025-05-24
PAY004408,ORD004408,UPI,Success,134051.65,2025-04-15
PAY004409,ORD004409,UPI,Success,78906.8,2025-03-26
PAY004410,ORD004410,Cash on Delivery,Success,36898.0,2025-04-13
PAY004411,ORD004411,Cash on Delivery,Success,240089.7,2025-05-22
PAY004412,ORD004412,Cash on Delivery,Success,15632.0,2025-03-08
PAY004413,ORD004413,UPI,Failed,55528.0,2025-03-11
PAY004414,ORD004414,Cash on Delivery,Success,188848.8,2025-05-13
PAY004415,ORD004415,Debit Card,Success,162702.0,2025-06-09
PAY004416,ORD004416,Debit Card,Success,97801.8,2025-04-17
PAY004417,ORD004417,Debit Card,Success,14132.1,2025-02-05
PAY004418,ORD004418,Net Banking,Success,101201.4,2025-05-01
PAY004419,ORD004419,Credit Card,Success,148419.25,2025-05-05
PAY004420,ORD004420,UPI,Success,36050.4,2025-02-19
PAY004421,ORD004421,Net Banking,Success,27525.3,2025-01-07
PAY004422,ORD004422,Debit Card,Success,43837.75,2025-02-01
PAY004423,ORD004423,Debit Card,Success,146986.65,2025-04-29
PAY004424,ORD004424,Cash on Delivery,Success,216782.55,2025-06-02
PAY004425,ORD004425,Wallet,Success,80970.6,2025-04-22
PAY004426,ORD004426,UPI,Success,81832.1,2025-03-15
PAY004427,ORD004427,Wallet,Success,179163.45,2025-01-09
PAY004428,ORD004428,Net Banking,Success,99969.35,2025-01-04
PAY004429,ORD004429,UPI,Success,63564.5,2025-06-24
PAY004430,ORD004430,Cash on Delivery,Success,66953.3,2025-03-05
PAY004431,ORD004431,Net Banking,Success,246900.5,2025-06-14
PAY004432,ORD004432,Credit Card,Success,148458.6,2025-03-03
PAY004433,ORD004433,Wallet,Success,65826.7,2025-01-30
PAY004434,ORD004434,UPI,Success,24521.6,2025-06-02
PAY004435,ORD004435,Net Banking,Success,45866.0,2025-04-04
PAY004436,ORD004436,Credit Card,Success,122811.0,2025-04-05
PAY004437,ORD004437,Net Banking,Success,71323.6,2025-02-01
PAY004438,ORD004438,UPI,Success,49376.8,2025-02-06
PAY004439,ORD004439,Cash on Delivery,Success,179446.8,2025-01-08
PAY004440,ORD004440,Wallet,Success,26678.8,2025-01-20
PAY004441,ORD004441,Wallet,Success,185067.7,2025-01-01
PAY004442,ORD004442,Net Banking,Success,138466.25,2025-05-10
PAY004443,ORD004443,Credit Card,Success,157168.25,2025-04-26
PAY004444,ORD004444,Wallet,Success,120951.9,2025-05-25
PAY004445,ORD004445,Cash on Delivery,Success,2915.1,2025-02-01
PAY004446,ORD004446,Credit Card,Success,99474.65,2025-03-26
PAY004447,ORD004447,Debit Card,Success,109907.4,2025-03-04
PAY004448,ORD004448,Wallet,Success,61705.15,2025-02-16
PAY004449,ORD004449,Net Banking,Success,97665.95,2025-05-31
PAY004450,ORD004450,UPI,Success,178936.45,2025-04-27
PAY004451,ORD004451,Net Banking,Success,9190.0,2025-04-07
PAY004452,ORD004452,UPI,Success,84287.8,2025-05-08
PAY004453,ORD004453,Wallet,Success,106415.15,2025-06-10
PAY004454,ORD004454,Credit Card,Success,40594.3,2025-03-24
PAY004455,ORD004455,Cash on Delivery,Success,83253.15,2025-06-04
PAY004456,ORD004456,UPI,Success,14837.8,2025-06-29
PAY004457,ORD004457,Cash on Delivery,Success,55142.35,2025-01-28
PAY004458,ORD004458,Cash on Delivery,Success,32381.6,2025-04-10
PAY004459,ORD004459,Cash on Delivery,Success,165930.4,2025-03-16
PAY004460,ORD004460,Wallet,Success,25268.85,2025-02-24
PAY004461,ORD004461,Debit Card,Success,229808.35,2025-04-15
PAY004462,ORD004462,Wallet,Success,136782.5,2025-03-09
PAY004463,ORD004463,Debit Card,Success,40793.75,2025-02-15
PAY004464,ORD004464,Debit Card,Success,75763.2,2025-03-28
PAY004465,ORD004465,UPI,Success,49852.0,2025-02-18
PAY004466,ORD004466,Credit Card,Success,189207.85,2025-06-04
PAY004467,ORD004467,Debit Card,Success,6433.6,2025-04-01
PAY004468,ORD004468,Credit Card,Success,298831.75,2025-01-28
PAY004469,ORD004469,Debit Card,Success,190385.2,2025-01-26
PAY004470,ORD004470,Net Banking,Success,160604.7,2025-02-14
PAY004471,ORD004471,Wallet,Success,58852.5,2025-04-15
PAY004472,ORD004472,Debit Card,Success,63355.8,2025-02-05
PAY004473,ORD004473,UPI,Success,135057.55,2025-05-31
PAY004474,ORD004474,Wallet,Success,103339.25,2025-04-17
PAY004475,ORD004475,Cash on Delivery,Success,2260.15,2025-05-18
PAY004476,ORD004476,Cash on Delivery,Success,259928.6,2025-05-15
PAY004477,ORD004477,Net Banking,Refunded,61560.95,2025-06-16
PAY004478,ORD004478,UPI,Success,53774.0,2025-01-04
PAY004479,ORD004479,Net Banking,Refunded,171744.3,2025-05-01
PAY004480,ORD004480,UPI,Success,17544.0,2025-01-28
PAY004481,ORD004481,UPI,Success,42440.0,2025-03-21
PAY004482,ORD004482,Net Banking,Success,92962.1,2025-02-19
PAY004483,ORD004483,Credit Card,Success,49753.9,2025-03-01
PAY004484,ORD004484,UPI,Success,114689.85,2025-05-26
PAY004485,ORD004485,UPI,Success,46263.8,2025-03-14
PAY004486,ORD004486,Net Banking,Success,70997.3,2025-06-14
PAY004487,ORD004487,Credit Card,Success,14925.0,2025-03-22
PAY004488,ORD004488,Cash on Delivery,Success,46977.8,2025-05-26
PAY004489,ORD004489,Credit Card,Success,45727.3,2025-06-21
PAY004490,ORD004490,Net Banking,Success,79610.2,2025-03-04
PAY004491,ORD004491,UPI,Success,190234.1,2025-06-30
PAY004492,ORD004492,Cash on Delivery,Success,114233.4,2025-04-17
PAY004493,ORD004493,Cash on Delivery,Success,93869.0,2025-05-17
PAY004494,ORD004494,Credit Card,Success,173789.55,2025-02-25
PAY004495,ORD004495,Net Banking,Success,66690.0,2025-02-03
PAY004496,ORD004496,Cash on Delivery,Success,186552.15,2025-05-23
PAY004497,ORD004497,Credit Card,Success,52664.4,2025-03-02
PAY004498,ORD004498,Debit Card,Success,36602.1,2025-05-24
PAY004499,ORD004499,Net Banking,Failed,47312.85,2025-01-30
PAY004500,ORD004500,Credit Card,Success,33462.8,2025-04-01
PAY004501,ORD004501,Debit Card,Success,130212.8,2025-05-09
PAY004502,ORD004502,Credit Card,Success,29587.65,2025-05-21
PAY004503,ORD004503,Debit Card,Success,282536.3,2025-06-28
PAY004504,ORD004504,UPI,Success,18272.0,2025-01-30
PAY004505,ORD004505,Wallet,Success,283624.5,2025-03-13
PAY004506,ORD004506,Credit Card,Failed,75700.65,2025-03-01
PAY004507,ORD004507,Debit Card,Success,84851.2,2025-05-14
PAY004508,ORD004508,Wallet,Success,78220.0,2025-01-13
PAY004509,ORD004509,UPI,Success,94089.05,2025-05-23
PAY004510,ORD004510,Debit Card,Success,55586.0,2025-01-25
PAY004511,ORD004511,Debit Card,Success,64978.2,2025-03-07
PAY004512,ORD004512,UPI,Failed,10827.0,2025-01-13
PAY004513,ORD004513,UPI,Success,48141.3,2025-03-17
PAY004514,ORD004514,Credit Card,Success,115903.8,2025-06-26
PAY004515,ORD004515,Cash on Delivery,Success,122196.95,2025-06-24
PAY004516,ORD004516,Cash on Delivery,Success,113339.9,2025-01-23
PAY004517,ORD004517,UPI,Success,10157.6,2025-05-22
PAY004518,ORD004518,Wallet,Success,63811.4,2025-01-08
PAY004519,ORD004519,Cash on Delivery,Failed,185032.55,2025-01-21
PAY004520,ORD004520,Credit Card,Success,80557.8,2025-02-26
PAY004521,ORD004521,UPI,Success,119159.2,2025-02-07
PAY004522,ORD004522,Credit Card,Success,55599.6,2025-01-12
PAY004523,ORD004523,Net Banking,Success,49533.0,2025-04-11
PAY004524,ORD004524,Credit Card,Failed,5113.8,2025-06-27
PAY004525,ORD004525,Debit Card,Success,141080.55,2025-01-29
PAY004526,ORD004526,Net Banking,Success,101105.6,2025-02-10
PAY004527,ORD004527,UPI,Success,217550.0,2025-06-23
PAY004528,ORD004528,Wallet,Success,176391.6,2025-01-28
PAY004529,ORD004529,Wallet,Failed,14034.6,2025-01-22
PAY004530,ORD004530,UPI,Success,80868.15,2025-05-01
PAY004531,ORD004531,Wallet,Success,44549.0,2025-03-19
PAY004532,ORD004532,UPI,Success,114508.15,2025-04-12
PAY004533,ORD004533,Debit Card,Success,201677.8,2025-06-10
PAY004534,ORD004534,Cash on Delivery,Success,46969.9,2025-04-19
PAY004535,ORD004535,Net Banking,Success,75546.3,2025-06-27
PAY004536,ORD004536,Credit Card,Success,115312.8,2025-06-26
PAY004537,ORD004537,Cash on Delivery,Failed,56390.7,2025-03-31
PAY004538,ORD004538,Credit Card,Success,135003.65,2025-03-29
PAY004539,ORD004539,Credit Card,Success,18051.75,2025-01-05
PAY004540,ORD004540,Net Banking,Success,154157.7,2025-05-17
PAY004541,ORD004541,Wallet,Success,111420.0,2025-05-15
PAY004542,ORD004542,Wallet,Success,102455.0,2025-05-26
PAY004543,ORD004543,Wallet,Success,35529.15,2025-03-01
PAY004544,ORD004544,Debit Card,Success,243809.4,2025-04-25
PAY004545,ORD004545,UPI,Success,131813.3,2025-04-06
PAY004546,ORD004546,Cash on Delivery,Success,58310.0,2025-03-13
PAY004547,ORD004547,Debit Card,Success,44585.2,2025-02-23
PAY004548,ORD004548,Cash on Delivery,Success,23346.1,2025-04-09
PAY004549,ORD004549,Debit Card,Success,212091.3,2025-03-09
PAY004550,ORD004550,Cash on Delivery,Success,314886.65,2025-05-14
PAY004551,ORD004551,Wallet,Success,19666.45,2025-02-11
PAY004552,ORD004552,Debit Card,Refunded,72102.5,2025-05-14
PAY004553,ORD004553,Cash on Delivery,Success,112778.7,2025-04-28
PAY004554,ORD004554,Credit Card,Success,12205.0,2025-01-24
PAY004555,ORD004555,Credit Card,Success,172122.15,2025-06-02
PAY004556,ORD004556,UPI,Success,109927.0,2025-02-02
PAY004557,ORD004557,Credit Card,Success,38006.4,2025-06-18
PAY004558,ORD004558,Wallet,Success,177984.9,2025-03-11
PAY004559,ORD004559,Cash on Delivery,Success,21348.0,2025-01-31
PAY004560,ORD004560,Net Banking,Success,245504.4,2025-06-06
PAY004561,ORD004561,Debit Card,Success,78974.4,2025-04-10
PAY004562,ORD004562,Cash on Delivery,Success,185674.2,2025-03-06
PAY004563,ORD004563,Wallet,Success,74706.25,2025-06-18
PAY004564,ORD004564,Net Banking,Success,52897.3,2025-03-03
PAY004565,ORD004565,UPI,Success,110227.6,2025-01-05
PAY004566,ORD004566,Wallet,Success,71085.5,2025-06-04
PAY004567,ORD004567,Cash on Delivery,Success,185913.7,2025-04-03
PAY004568,ORD004568,Net Banking,Success,82908.0,2025-04-28
PAY004569,ORD004569,Debit Card,Success,140263.3,2025-04-11
PAY004570,ORD004570,UPI,Success,129056.8,2025-03-22
PAY004571,ORD004571,UPI,Success,140501.0,2025-05-18
PAY004572,ORD004572,Wallet,Success,21213.0,2025-02-26
PAY004573,ORD004573,UPI,Success,216064.4,2025-04-04
PAY004574,ORD004574,Debit Card,Success,102663.7,2025-04-26
PAY004575,ORD004575,Debit Card,Failed,43291.8,2025-05-12
PAY004576,ORD004576,Wallet,Success,5628.0,2025-04-10
PAY004577,ORD004577,Cash on Delivery,Success,169463.7,2025-06-21
PAY004578,ORD004578,Credit Card,Success,62814.6,2025-06-13
PAY004579,ORD004579,Net Banking,Success,139270.85,2025-01-05
PAY004580,ORD004580,Net Banking,Success,106324.0,2025-01-10
PAY004581,ORD004581,Wallet,Success,82200.75,2025-04-25
PAY004582,ORD004582,Debit Card,Success,10764.0,2025-02-01
PAY004583,ORD004583,Debit Card,Success,220611.5,2025-05-21
PAY004584,ORD004584,Net Banking,Success,184694.9,2025-04-14
PAY004585,ORD004585,Debit Card,Success,114769.2,2025-03-26
PAY004586,ORD004586,Debit Card,Success,238426.15,2025-04-27
PAY004587,ORD004587,Credit Card,Success,109600.0,2025-01-23
PAY004588,ORD004588,Net Banking,Success,29430.0,2025-06-11
PAY004589,ORD004589,Credit Card,Success,57673.4,2025-05-18
PAY004590,ORD004590,Cash on Delivery,Success,48120.4,2025-01-05
PAY004591,ORD004591,Cash on Delivery,Failed,18696.0,2025-04-05
PAY004592,ORD004592,Debit Card,Success,53172.6,2025-01-10
PAY004593,ORD004593,Debit Card,Success,68708.8,2025-05-09
PAY004594,ORD004594,Cash on Delivery,Success,44380.0,2025-05-31
PAY004595,ORD004595,Wallet,Success,49013.55,2025-05-21
PAY004596,ORD004596,Cash on Delivery,Success,93741.5,2025-05-14
PAY004597,ORD004597,UPI,Success,114581.7,2025-06-21
PAY004598,ORD004598,Credit Card,Success,92480.25,2025-04-14
PAY004599,ORD004599,Debit Card,Success,35979.35,2025-03-08
PAY004600,ORD004600,Wallet,Success,91098.9,2025-03-22
PAY004601,ORD004601,Debit Card,Success,228425.95,2025-03-08
PAY004602,ORD004602,Credit Card,Success,134398.2,2025-05-17
PAY004603,ORD004603,Debit Card,Success,98481.0,2025-06-17
PAY004604,ORD004604,Debit Card,Failed,42534.0,2025-04-24
PAY004605,ORD004605,Cash on Delivery,Success,21373.2,2025-01-25
PAY004606,ORD004606,Debit Card,Success,193260.3,2025-04-22
PAY004607,ORD004607,UPI,Success,35330.5,2025-03-15
PAY004608,ORD004608,Net Banking,Success,212301.3,2025-02-07
PAY004609,ORD004609,UPI,Failed,190333.8,2025-06-05
PAY004610,ORD004610,Wallet,Success,64639.9,2025-06-27
PAY004611,ORD004611,Credit Card,Success,31406.5,2025-02-18
PAY004612,ORD004612,Wallet,Success,178168.8,2025-02-22
PAY004613,ORD004613,UPI,Success,163624.45,2025-02-23
PAY004614,ORD004614,Cash on Delivery,Success,74391.05,2025-01-06
PAY004615,ORD004615,Wallet,Success,139994.85,2025-04-16
PAY004616,ORD004616,UPI,Success,90646.0,2025-01-02
PAY004617,ORD004617,Net Banking,Success,180002.5,2025-03-10
PAY004618,ORD004618,Credit Card,Success,78631.05,2025-02-13
PAY004619,ORD004619,Cash on Delivery,Success,92856.6,2025-05-05
PAY004620,ORD004620,Credit Card,Success,56892.0,2025-04-17
PAY004621,ORD004621,Wallet,Success,248888.7,2025-05-18
PAY004622,ORD004622,Cash on Delivery,Success,90299.3,2025-02-07
PAY004623,ORD004623,Debit Card,Success,22356.0,2025-05-01
PAY004624,ORD004624,UPI,Success,372754.7,2025-04-15
PAY004625,ORD004625,Debit Card,Success,116754.2,2025-05-11
PAY004626,ORD004626,Cash on Delivery,Success,53983.5,2025-02-18
PAY004627,ORD004627,Debit Card,Success,72265.85,2025-05-04
PAY004628,ORD004628,Cash on Delivery,Success,288450.35,2025-01-25
PAY004629,ORD004629,Net Banking,Success,76004.5,2025-01-09
PAY004630,ORD004630,Wallet,Success,68526.2,2025-06-06
PAY004631,ORD004631,Debit Card,Success,47983.1,2025-06-15
PAY004632,ORD004632,Wallet,Success,152110.9,2025-01-30
PAY004633,ORD004633,UPI,Success,57657.2,2025-04-04
PAY004634,ORD004634,Credit Card,Success,38267.7,2025-05-25
PAY004635,ORD004635,Credit Card,Success,180684.1,2025-02-15
PAY004636,ORD004636,Credit Card,Success,70350.0,2025-05-31
PAY004637,ORD004637,Debit Card,Success,41210.1,2025-02-05
PAY004638,ORD004638,Net Banking,Success,70370.4,2025-04-01
PAY004639,ORD004639,Credit Card,Refunded,38074.1,2025-02-04
PAY004640,ORD004640,Debit Card,Success,125396.1,2025-02-01
PAY004641,ORD004641,Cash on Delivery,Success,72034.4,2025-06-17
PAY004642,ORD004642,Net Banking,Success,112652.0,2025-04-23
PAY004643,ORD004643,Wallet,Success,18228.2,2025-01-19
PAY004644,ORD004644,Cash on Delivery,Success,15341.0,2025-03-02
PAY004645,ORD004645,Wallet,Success,90915.4,2025-01-12
PAY004646,ORD004646,UPI,Success,170495.8,2025-04-27
PAY004647,ORD004647,UPI,Success,173540.0,2025-01-13
PAY004648,ORD004648,Cash on Delivery,Success,132210.3,2025-06-19
PAY004649,ORD004649,Cash on Delivery,Success,99014.2,2025-05-05
PAY004650,ORD004650,Credit Card,Failed,45854.1,2025-06-19
PAY004651,ORD004651,Debit Card,Success,25045.0,2025-01-24
PAY004652,ORD004652,Credit Card,Success,47226.6,2025-01-25
PAY004653,ORD004653,Debit Card,Success,140830.8,2025-05-28
PAY004654,ORD004654,Net Banking,Success,205105.2,2025-04-07
PAY004655,ORD004655,Credit Card,Success,55766.7,2025-05-26
PAY004656,ORD004656,Wallet,Success,209769.05,2025-06-12
PAY004657,ORD004657,Wallet,Success,180209.75,2025-01-11
PAY004658,ORD004658,Cash on Delivery,Success,75714.0,2025-01-16
PAY004659,ORD004659,Wallet,Success,181542.6,2025-02-22
PAY004660,ORD004660,Wallet,Success,93941.6,2025-02-16
PAY004661,ORD004661,Debit Card,Success,54040.7,2025-03-05
PAY004662,ORD004662,Debit Card,Success,104385.05,2025-03-14
PAY004663,ORD004663,Net Banking,Success,176068.1,2025-06-06
PAY004664,ORD004664,Credit Card,Success,71936.4,2025-01-09
PAY004665,ORD004665,UPI,Success,21273.8,2025-02-22
PAY004666,ORD004666,Cash on Delivery,Success,169042.2,2025-02-10
PAY004667,ORD004667,Debit Card,Success,135236.4,2025-02-04
PAY004668,ORD004668,Cash on Delivery,Success,136800.4,2025-06-14
PAY004669,ORD004669,UPI,Success,2606.8,2025-05-29
PAY004670,ORD004670,Debit Card,Success,144734.0,2025-05-16
PAY004671,ORD004671,Cash on Delivery,Success,271075.65,2025-01-08
PAY004672,ORD004672,Debit Card,Success,134665.8,2025-02-07
PAY004673,ORD004673,Net Banking,Success,68024.6,2025-01-23
PAY004674,ORD004674,UPI,Success,96634.8,2025-04-15
PAY004675,ORD004675,Debit Card,Success,76814.4,2025-06-24
PAY004676,ORD004676,Net Banking,Success,77275.85,2025-06-01
PAY004677,ORD004677,Credit Card,Success,165279.5,2025-04-22
PAY004678,ORD004678,Net Banking,Success,9618.4,2025-03-26
PAY004679,ORD004679,Wallet,Success,26720.8,2025-06-24
PAY004680,ORD004680,UPI,Success,141417.4,2025-02-16
PAY004681,ORD004681,Debit Card,Failed,30134.7,2025-06-22
PAY004682,ORD004682,UPI,Success,249636.1,2025-03-13
PAY004683,ORD004683,Cash on Delivery,Success,19878.75,2025-01-31
PAY004684,ORD004684,Cash on Delivery,Success,56052.05,2025-04-07
PAY004685,ORD004685,UPI,Success,67841.4,2025-02-16
PAY004686,ORD004686,Debit Card,Success,30091.95,2025-03-18
PAY004687,ORD004687,UPI,Success,132115.2,2025-06-19
PAY004688,ORD004688,Net Banking,Failed,186529.6,2025-05-25
PAY004689,ORD004689,Net Banking,Success,12326.7,2025-01-22
PAY004690,ORD004690,Debit Card,Success,190843.05,2025-05-02
PAY004691,ORD004691,UPI,Success,12748.3,2025-02-18
PAY004692,ORD004692,Wallet,Success,183028.5,2025-05-06
PAY004693,ORD004693,UPI,Success,141370.8,2025-02-11
PAY004694,ORD004694,Debit Card,Success,91431.75,2025-01-13
PAY004695,ORD004695,Cash on Delivery,Success,142600.8,2025-03-22
PAY004696,ORD004696,Credit Card,Success,112184.0,2025-06-20
PAY004697,ORD004697,Credit Card,Success,175042.8,2025-02-03
PAY004698,ORD004698,Credit Card,Success,66046.35,2025-03-31
PAY004699,ORD004699,Debit Card,Success,94961.45,2025-03-12
PAY004700,ORD004700,Net Banking,Success,84782.95,2025-03-07
PAY004701,ORD004701,UPI,Success,251201.1,2025-05-30
PAY004702,ORD004702,UPI,Success,170670.0,2025-04-16
PAY004703,ORD004703,Credit Card,Success,3432.0,2025-04-30
PAY004704,ORD004704,Net Banking,Success,89763.0,2025-02-28
PAY004705,ORD004705,Cash on Delivery,Failed,267317.75,2025-06-11
PAY004706,ORD004706,Cash on Delivery,Success,153872.45,2025-03-16
PAY004707,ORD004707,UPI,Success,40631.4,2025-03-07
PAY004708,ORD004708,Net Banking,Success,32220.0,2025-01-01
PAY004709,ORD004709,Debit Card,Success,140305.4,2025-03-16
PAY004710,ORD004710,UPI,Success,36134.2,2025-01-24
PAY004711,ORD004711,Debit Card,Success,3734.4,2025-05-18
PAY004712,ORD004712,Cash on Delivery,Success,101195.4,2025-01-17
PAY004713,ORD004713,Wallet,Failed,46994.6,2025-02-26
PAY004714,ORD004714,Credit Card,Success,85752.0,2025-02-15
PAY004715,ORD004715,Cash on Delivery,Success,256599.7,2025-01-21
PAY004716,ORD004716,Credit Card,Success,200455.0,2025-03-12
PAY004717,ORD004717,Wallet,Success,32946.9,2025-01-04
PAY004718,ORD004718,Cash on Delivery,Success,173533.7,2025-05-01
PAY004719,ORD004719,Wallet,Success,134538.3,2025-02-05
PAY004720,ORD004720,UPI,Success,131178.1,2025-06-03
PAY004721,ORD004721,Debit Card,Success,79245.25,2025-03-01
PAY004722,ORD004722,Credit Card,Success,123264.05,2025-05-21
PAY004723,ORD004723,Net Banking,Success,113740.3,2025-05-07
PAY004724,ORD004724,Cash on Delivery,Success,157491.8,2025-02-18
PAY004725,ORD004725,Wallet,Success,139408.0,2025-02-27
PAY004726,ORD004726,Debit Card,Success,29044.0,2025-03-21
PAY004727,ORD004727,UPI,Success,22798.7,2025-04-11
PAY004728,ORD004728,UPI,Success,193583.9,2025-05-04
PAY004729,ORD004729,UPI,Success,196110.2,2025-06-26
PAY004730,ORD004730,UPI,Success,103209.9,2025-02-06
PAY004731,ORD004731,Wallet,Success,49504.65,2025-01-09
PAY004732,ORD004732,UPI,Success,95188.65,2025-05-20
PAY004733,ORD004733,Debit Card,Success,79273.85,2025-04-09
PAY004734,ORD004734,Credit Card,Success,37256.2,2025-03-25
PAY004735,ORD004735,UPI,Success,28704.3,2025-06-11
PAY004736,ORD004736,Net Banking,Success,66158.0,2025-04-21
PAY004737,ORD004737,UPI,Success,187721.9,2025-05-02
PAY004738,ORD004738,Debit Card,Failed,43851.8,2025-02-19
PAY004739,ORD004739,Credit Card,Failed,53027.75,2025-04-21
PAY004740,ORD004740,Cash on Delivery,Success,125050.5,2025-04-20
PAY004741,ORD004741,Net Banking,Refunded,93535.75,2025-05-28
PAY004742,ORD004742,Net Banking,Success,274000.55,2025-01-31
PAY004743,ORD004743,Cash on Delivery,Success,78960.0,2025-05-24
PAY004744,ORD004744,UPI,Failed,16873.35,2025-06-16
PAY004745,ORD004745,Cash on Delivery,Success,215999.65,2025-05-06
PAY004746,ORD004746,Net Banking,Success,98452.3,2025-06-12
PAY004747,ORD004747,Credit Card,Failed,2366.4,2025-04-25
PAY004748,ORD004748,Debit Card,Success,1788.85,2025-06-16
PAY004749,ORD004749,Wallet,Success,108251.0,2025-03-14
PAY004750,ORD004750,Wallet,Success,8937.0,2025-04-03
PAY004751,ORD004751,Credit Card,Success,116086.2,2025-03-22
PAY004752,ORD004752,UPI,Success,116354.7,2025-03-29
PAY004753,ORD004753,UPI,Failed,59250.0,2025-04-08
PAY004754,ORD004754,Net Banking,Success,203098.7,2025-04-21
PAY004755,ORD004755,UPI,Success,51953.4,2025-03-08
PAY004756,ORD004756,Net Banking,Success,66059.1,2025-02-10
PAY004757,ORD004757,Debit Card,Success,3423.6,2025-03-26
PAY004758,ORD004758,Debit Card,Success,100080.0,2025-04-27
PAY004759,ORD004759,Credit Card,Success,49837.2,2025-01-21
PAY004760,ORD004760,Cash on Delivery,Success,89986.0,2025-05-04
PAY004761,ORD004761,Wallet,Success,71904.15,2025-03-22
PAY004762,ORD004762,Wallet,Success,238713.3,2025-05-06
PAY004763,ORD004763,Cash on Delivery,Success,61318.8,2025-01-12
PAY004764,ORD004764,Wallet,Success,161879.85,2025-06-26
PAY004765,ORD004765,UPI,Success,80712.0,2025-04-10
PAY004766,ORD004766,Credit Card,Success,9702.0,2025-06-01
PAY004767,ORD004767,Net Banking,Success,86745.2,2025-04-11
PAY004768,ORD004768,UPI,Success,145834.3,2025-01-14
PAY004769,ORD004769,Credit Card,Success,187289.0,2025-06-20
PAY004770,ORD004770,Wallet,Success,59458.4,2025-06-14
PAY004771,ORD004771,Credit Card,Success,228914.2,2025-04-17
PAY004772,ORD004772,Wallet,Success,235128.4,2025-05-25
PAY004773,ORD004773,Debit Card,Success,89349.6,2025-02-07
PAY004774,ORD004774,Wallet,Success,57632.1,2025-04-19
PAY004775,ORD004775,Cash on Delivery,Success,173008.95,2025-03-12
PAY004776,ORD004776,Debit Card,Success,27708.3,2025-04-17
PAY004777,ORD004777,Net Banking,Failed,1033.6,2025-03-13
PAY004778,ORD004778,Net Banking,Success,238497.2,2025-05-29
PAY004779,ORD004779,Credit Card,Success,136858.8,2025-02-14
PAY004780,ORD004780,Cash on Delivery,Success,51284.8,2025-03-05
PAY004781,ORD004781,Net Banking,Success,10716.8,2025-02-26
PAY004782,ORD004782,UPI,Success,165523.9,2025-02-25
PAY004783,ORD004783,Credit Card,Success,77529.8,2025-02-21
PAY004784,ORD004784,Wallet,Success,116066.0,2025-01-20
PAY004785,ORD004785,UPI,Success,67351.4,2025-05-30
PAY004786,ORD004786,Net Banking,Success,4324.0,2025-06-11
PAY004787,ORD004787,Net Banking,Success,108342.1,2025-01-01
PAY004788,ORD004788,UPI,Success,15202.0,2025-03-13
PAY004789,ORD004789,Cash on Delivery,Success,19103.8,2025-04-08
PAY004790,ORD004790,Cash on Delivery,Success,333204.4,2025-03-13
PAY004791,ORD004791,Debit Card,Success,58337.6,2025-02-14
PAY004792,ORD004792,Credit Card,Success,32752.0,2025-02-03
PAY004793,ORD004793,Credit Card,Success,94092.6,2025-06-13
PAY004794,ORD004794,Cash on Delivery,Success,112548.6,2025-03-18
PAY004795,ORD004795,Cash on Delivery,Success,91260.25,2025-05-21
PAY004796,ORD004796,Wallet,Success,102586.7,2025-01-13
PAY004797,ORD004797,Credit Card,Success,159568.15,2025-06-30
PAY004798,ORD004798,Wallet,Success,155123.6,2025-06-25
PAY004799,ORD004799,Credit Card,Success,107704.85,2025-01-19
PAY004800,ORD004800,Net Banking,Success,149155.4,2025-01-02
PAY004801,ORD004801,Wallet,Success,42230.7,2025-02-04
PAY004802,ORD004802,Credit Card,Success,21729.4,2025-02-04
PAY004803,ORD004803,UPI,Success,190073.3,2025-01-04
PAY004804,ORD004804,Debit Card,Success,191404.3,2025-01-14
PAY004805,ORD004805,Net Banking,Success,93210.4,2025-02-05
PAY004806,ORD004806,Credit Card,Success,162243.8,2025-02-18
PAY004807,ORD004807,Credit Card,Success,139642.65,2025-03-14
PAY004808,ORD004808,Cash on Delivery,Success,84194.7,2025-02-23
PAY004809,ORD004809,Net Banking,Success,145013.7,2025-03-17
PAY004810,ORD004810,Credit Card,Success,124972.7,2025-02-08
PAY004811,ORD004811,Wallet,Success,10660.0,2025-02-04
PAY004812,ORD004812,Wallet,Success,94859.6,2025-02-18
PAY004813,ORD004813,Debit Card,Success,87991.25,2025-02-25
PAY004814,ORD004814,Credit Card,Success,60289.45,2025-05-23
PAY004815,ORD004815,Debit Card,Success,132887.95,2025-04-10
PAY004816,ORD004816,Net Banking,Success,133070.8,2025-04-16
PAY004817,ORD004817,Net Banking,Success,99463.2,2025-04-12
PAY004818,ORD004818,Wallet,Success,160069.65,2025-06-25
PAY004819,ORD004819,UPI,Success,192494.2,2025-05-29
PAY004820,ORD004820,Wallet,Success,134001.3,2025-01-03
PAY004821,ORD004821,UPI,Success,52608.2,2025-01-27
PAY004822,ORD004822,UPI,Failed,104017.85,2025-06-24
PAY004823,ORD004823,Wallet,Success,102681.8,2025-06-17
PAY004824,ORD004824,Cash on Delivery,Failed,210109.8,2025-06-20
PAY004825,ORD004825,Debit Card,Success,38665.6,2025-01-01
PAY004826,ORD004826,Wallet,Success,127576.0,2025-02-04
PAY004827,ORD004827,Credit Card,Success,9112.5,2025-02-25
PAY004828,ORD004828,Net Banking,Success,108664.2,2025-02-28
PAY004829,ORD004829,Cash on Delivery,Success,1425.0,2025-01-01
PAY004830,ORD004830,Debit Card,Success,44214.9,2025-02-02
PAY004831,ORD004831,Debit Card,Success,9232.0,2025-06-22
PAY004832,ORD004832,Credit Card,Success,80036.4,2025-04-13
PAY004833,ORD004833,UPI,Refunded,107047.6,2025-01-03
PAY004834,ORD004834,Wallet,Success,75090.0,2025-02-07
PAY004835,ORD004835,Debit Card,Success,167206.4,2025-02-27
PAY004836,ORD004836,Wallet,Success,184966.6,2025-04-29
PAY004837,ORD004837,Debit Card,Success,28820.95,2025-02-07
PAY004838,ORD004838,UPI,Success,289719.25,2025-01-24
PAY004839,ORD004839,Credit Card,Success,53814.6,2025-04-25
PAY004840,ORD004840,Debit Card,Success,363457.9,2025-03-29
PAY004841,ORD004841,Wallet,Success,101702.55,2025-01-01
PAY004842,ORD004842,Debit Card,Success,107185.65,2025-03-03
PAY004843,ORD004843,Cash on Delivery,Success,150301.25,2025-05-20
PAY004844,ORD004844,Net Banking,Success,131934.2,2025-04-23
PAY004845,ORD004845,Cash on Delivery,Success,238605.6,2025-06-05
PAY004846,ORD004846,Credit Card,Failed,142702.4,2025-01-29
PAY004847,ORD004847,Credit Card,Success,103666.95,2025-02-22
PAY004848,ORD004848,Debit Card,Success,103650.3,2025-03-26
PAY004849,ORD004849,Wallet,Success,151760.9,2025-04-01
PAY004850,ORD004850,Cash on Delivery,Success,190769.5,2025-03-02
PAY004851,ORD004851,Net Banking,Success,132695.35,2025-01-31
PAY004852,ORD004852,Debit Card,Success,125566.9,2025-05-17
PAY004853,ORD004853,Cash on Delivery,Success,174867.7,2025-05-02
PAY004854,ORD004854,Net Banking,Success,161021.0,2025-05-07
PAY004855,ORD004855,Credit Card,Success,187688.6,2025-01-24
PAY004856,ORD004856,Debit Card,Success,62947.3,2025-01-10
PAY004857,ORD004857,Net Banking,Success,75881.25,2025-03-22
PAY004858,ORD004858,Wallet,Success,183704.2,2025-02-28
PAY004859,ORD004859,Net Banking,Success,87932.15,2025-03-16
PAY004860,ORD004860,UPI,Success,108086.6,2025-04-24
PAY004861,ORD004861,Credit Card,Success,343347.05,2025-06-28
PAY004862,ORD004862,Debit Card,Success,70684.3,2025-02-06
PAY004863,ORD004863,Credit Card,Success,130811.05,2025-04-13
PAY004864,ORD004864,UPI,Success,55350.4,2025-05-30
PAY004865,ORD004865,Cash on Delivery,Success,23454.0,2025-02-07
PAY004866,ORD004866,Wallet,Success,35100.0,2025-02-20
PAY004867,ORD004867,Debit Card,Success,242868.3,2025-02-25
PAY004868,ORD004868,Cash on Delivery,Success,189845.5,2025-06-14
PAY004869,ORD004869,UPI,Success,43999.2,2025-02-08
PAY004870,ORD004870,Debit Card,Success,157205.4,2025-04-08
PAY004871,ORD004871,Credit Card,Success,103703.7,2025-03-14
PAY004872,ORD004872,Cash on Delivery,Success,101993.4,2025-04-11
PAY004873,ORD004873,Cash on Delivery,Success,40071.6,2025-03-02
PAY004874,ORD004874,Cash on Delivery,Success,142857.8,2025-01-01
PAY004875,ORD004875,Credit Card,Success,3024.3,2025-02-19
PAY004876,ORD004876,UPI,Success,133410.75,2025-01-31
PAY004877,ORD004877,Wallet,Failed,143027.3,2025-01-13
PAY004878,ORD004878,Credit Card,Success,215472.3,2025-03-12
PAY004879,ORD004879,Wallet,Success,6385.9,2025-04-06
PAY004880,ORD004880,Net Banking,Success,16408.0,2025-06-12
PAY004881,ORD004881,Cash on Delivery,Success,185474.9,2025-03-21
PAY004882,ORD004882,UPI,Success,103790.85,2025-05-22
PAY004883,ORD004883,Wallet,Success,90016.2,2025-02-14
PAY004884,ORD004884,Net Banking,Success,232248.8,2025-01-24
PAY004885,ORD004885,Debit Card,Success,18081.9,2025-05-27
PAY004886,ORD004886,Cash on Delivery,Success,326497.7,2025-03-26
PAY004887,ORD004887,Credit Card,Success,65611.5,2025-02-06
PAY004888,ORD004888,Credit Card,Success,16045.2,2025-01-10
PAY004889,ORD004889,UPI,Success,122349.6,2025-01-08
PAY004890,ORD004890,Net Banking,Success,156942.9,2025-01-28
PAY004891,ORD004891,Net Banking,Success,56919.3,2025-01-11
PAY004892,ORD004892,Cash on Delivery,Success,121896.0,2025-01-26
PAY004893,ORD004893,Credit Card,Failed,284732.4,2025-01-01
PAY004894,ORD004894,Credit Card,Success,135259.0,2025-05-29
PAY004895,ORD004895,UPI,Success,159700.7,2025-06-29
PAY004896,ORD004896,Credit Card,Success,4176.0,2025-02-06
PAY004897,ORD004897,Wallet,Success,166243.5,2025-02-12
PAY004898,ORD004898,Cash on Delivery,Success,195394.9,2025-04-15
PAY004899,ORD004899,Cash on Delivery,Success,203621.1,2025-06-20
PAY004900,ORD004900,Credit Card,Success,217741.6,2025-01-14
PAY004901,ORD004901,Cash on Delivery,Success,215434.6,2025-06-26
PAY004902,ORD004902,Debit Card,Success,338842.9,2025-03-29
PAY004903,ORD004903,Net Banking,Success,11725.1,2025-05-24
PAY004904,ORD004904,Net Banking,Success,218174.2,2025-04-01
PAY004905,ORD004905,UPI,Success,24584.0,2025-03-22
PAY004906,ORD004906,Wallet,Success,132195.4,2025-06-22
PAY004907,ORD004907,Credit Card,Success,73113.9,2025-06-18
PAY004908,ORD004908,Debit Card,Success,98173.65,2025-03-01
PAY004909,ORD004909,Debit Card,Success,121539.0,2025-02-22
PAY004910,ORD004910,Credit Card,Failed,159102.4,2025-01-12
PAY004911,ORD004911,Cash on Delivery,Success,52625.45,2025-03-20
PAY004912,ORD004912,Cash on Delivery,Success,49666.6,2025-06-25
PAY004913,ORD004913,Net Banking,Success,104657.7,2025-06-11
PAY004914,ORD004914,Wallet,Success,104151.7,2025-06-16
PAY004915,ORD004915,Wallet,Refunded,211692.2,2025-03-20
PAY004916,ORD004916,Debit Card,Success,79503.7,2025-06-28
PAY004917,ORD004917,Debit Card,Refunded,120078.6,2025-05-31
PAY004918,ORD004918,Debit Card,Success,107445.2,2025-01-16
PAY004919,ORD004919,Wallet,Success,94111.4,2025-01-20
PAY004920,ORD004920,Cash on Delivery,Failed,116109.7,2025-03-15
PAY004921,ORD004921,Wallet,Success,200281.65,2025-04-02
PAY004922,ORD004922,Debit Card,Refunded,47653.05,2025-05-20
PAY004923,ORD004923,Credit Card,Success,154788.15,2025-02-07
PAY004924,ORD004924,Debit Card,Success,98916.0,2025-06-25
PAY004925,ORD004925,Credit Card,Success,101892.25,2025-06-09
PAY004926,ORD004926,Wallet,Success,39519.5,2025-05-21
PAY004927,ORD004927,UPI,Success,84243.95,2025-01-20
PAY004928,ORD004928,Debit Card,Success,27635.4,2025-06-29
PAY004929,ORD004929,Wallet,Success,88928.0,2025-04-25
PAY004930,ORD004930,Credit Card,Success,8458.35,2025-01-21
PAY004931,ORD004931,Net Banking,Success,175756.8,2025-02-17
PAY004932,ORD004932,Credit Card,Failed,92692.0,2025-02-18
PAY004933,ORD004933,Cash on Delivery,Success,145120.0,2025-04-19
PAY004934,ORD004934,Wallet,Success,56823.1,2025-01-03
PAY004935,ORD004935,Credit Card,Success,51583.5,2025-02-05
PAY004936,ORD004936,Debit Card,Success,153199.85,2025-06-12
PAY004937,ORD004937,Cash on Delivery,Success,179083.85,2025-04-13
PAY004938,ORD004938,Net Banking,Success,28234.8,2025-01-09
PAY004939,ORD004939,Wallet,Success,85392.0,2025-01-04
PAY004940,ORD004940,Net Banking,Success,31693.5,2025-05-13
PAY004941,ORD004941,Credit Card,Success,174060.95,2025-01-10
PAY004942,ORD004942,Cash on Delivery,Success,30689.75,2025-06-04
PAY004943,ORD004943,Cash on Delivery,Success,31130.0,2025-02-01
PAY004944,ORD004944,Wallet,Success,87385.9,2025-02-12
PAY004945,ORD004945,Debit Card,Success,49916.8,2025-03-08
PAY004946,ORD004946,Credit Card,Success,124412.5,2025-04-22
PAY004947,ORD004947,Debit Card,Success,188398.8,2025-04-04
PAY004948,ORD004948,Wallet,Success,28660.25,2025-01-26
PAY004949,ORD004949,Net Banking,Success,114815.2,2025-05-30
PAY004950,ORD004950,Cash on Delivery,Success,150094.35,2025-03-08
PAY004951,ORD004951,Net Banking,Success,10719.0,2025-06-22
PAY004952,ORD004952,Debit Card,Success,108724.4,2025-01-11
PAY004953,ORD004953,Cash on Delivery,Success,57625.9,2025-01-04
PAY004954,ORD004954,Cash on Delivery,Success,33160.5,2025-03-04
PAY004955,ORD004955,Cash on Delivery,Success,30906.6,2025-04-24
PAY004956,ORD004956,Debit Card,Success,55595.1,2025-02-26
PAY004957,ORD004957,UPI,Success,32068.15,2025-05-17
PAY004958,ORD004958,Debit Card,Success,141422.4,2025-02-01
PAY004959,ORD004959,Cash on Delivery,Success,122604.0,2025-04-06
PAY004960,ORD004960,Credit Card,Success,71308.2,2025-04-07
PAY004961,ORD004961,UPI,Success,41562.0,2025-01-31
PAY004962,ORD004962,Debit Card,Success,135034.7,2025-03-06
PAY004963,ORD004963,Debit Card,Success,85070.0,2025-03-06
PAY004964,ORD004964,Credit Card,Success,155568.3,2025-01-09
PAY004965,ORD004965,Debit Card,Success,157205.15,2025-03-08
PAY004966,ORD004966,Cash on Delivery,Success,150741.4,2025-02-25
PAY004967,ORD004967,UPI,Success,125915.85,2025-04-26
PAY004968,ORD004968,Credit Card,Success,224473.65,2025-02-16
PAY004969,ORD004969,Credit Card,Success,195355.05,2025-04-20
PAY004970,ORD004970,Cash on Delivery,Success,34367.2,2025-01-13
PAY004971,ORD004971,Credit Card,Success,45723.6,2025-04-07
PAY004972,ORD004972,Cash on Delivery,Success,49886.4,2025-01-19
PAY004973,ORD004973,Wallet,Success,49020.0,2025-02-27
PAY004974,ORD004974,Net Banking,Success,41676.3,2025-02-24
PAY004975,ORD004975,Credit Card,Success,26414.4,2025-03-17
PAY004976,ORD004976,Credit Card,Refunded,103976.4,2025-03-17
PAY004977,ORD004977,UPI,Success,148524.15,2025-06-12
PAY004978,ORD004978,UPI,Failed,222126.5,2025-01-08
PAY004979,ORD004979,Debit Card,Success,190526.3,2025-05-17
PAY004980,ORD004980,Debit Card,Success,99492.9,2025-05-08
PAY004981,ORD004981,Wallet,Success,169957.8,2025-04-08
PAY004982,ORD004982,Debit Card,Success,73900.25,2025-04-15
PAY004983,ORD004983,Debit Card,Success,57054.55,2025-02-07
PAY004984,ORD004984,Credit Card,Success,150688.0,2025-01-22
PAY004985,ORD004985,UPI,Success,63436.8,2025-04-02
PAY004986,ORD004986,Credit Card,Success,15751.0,2025-06-04
PAY004987,ORD004987,Net Banking,Success,22532.0,2025-03-07
PAY004988,ORD004988,Net Banking,Success,68037.8,2025-04-25
PAY004989,ORD004989,Credit Card,Success,207067.7,2025-02-11
PAY004990,ORD004990,Net Banking,Success,87768.0,2025-05-09
PAY004991,ORD004991,Debit Card,Success,104132.85,2025-05-31
PAY004992,ORD004992,Net Banking,Success,252666.0,2025-05-24
PAY004993,ORD004993,Net Banking,Success,136068.45,2025-04-19
PAY004994,ORD004994,Debit Card,Success,99270.0,2025-02-13
PAY004995,ORD004995,Net Banking,Success,15078.0,2025-02-09
PAY004996,ORD004996,Credit Card,Success,7968.0,2025-06-15
PAY004997,ORD004997,Cash on Delivery,Refunded,23320.6,2025-04-27
PAY004998,ORD004998,Net Banking,Success,165641.35,2025-01-22
PAY004999,ORD004999,Debit Card,Failed,120729.65,2025-03-03
PAY005000,ORD005000,Credit Card,Success,4815.9,2025-04-05
PAY005001,ORD005001,Credit Card,Success,203280.65,2025-04-15
PAY005002,ORD005002,Net Banking,Success,29232.35,2025-03-27
PAY005003,ORD005003,Credit Card,Success,70095.75,2025-03-08
PAY005004,ORD005004,Wallet,Success,155487.8,2025-01-09
PAY005005,ORD005005,UPI,Success,139641.0,2025-05-19
PAY005006,ORD005006,Credit Card,Success,26772.45,2025-05-05
PAY005007,ORD005007,Wallet,Success,158585.6,2025-01-18
PAY005008,ORD005008,UPI,Failed,75033.85,2025-04-03
PAY005009,ORD005009,Wallet,Success,227243.65,2025-02-12
PAY005010,ORD005010,Credit Card,Success,24127.6,2025-05-23
PAY005011,ORD005011,Net Banking,Success,249776.75,2025-03-10
PAY005012,ORD005012,Cash on Delivery,Success,168584.75,2025-03-30
PAY005013,ORD005013,Wallet,Success,39710.7,2025-05-17
PAY005014,ORD005014,Credit Card,Success,214800.75,2025-04-04
PAY005015,ORD005015,Credit Card,Refunded,69474.45,2025-02-07
PAY005016,ORD005016,Wallet,Success,99126.0,2025-03-16
PAY005017,ORD005017,Debit Card,Success,122819.8,2025-06-02
PAY005018,ORD005018,Net Banking,Success,83246.1,2025-04-21
PAY005019,ORD005019,Debit Card,Success,95201.4,2025-01-04
PAY005020,ORD005020,Credit Card,Success,20425.6,2025-01-26
PAY005021,ORD005021,Wallet,Success,106004.1,2025-05-28
PAY005022,ORD005022,Credit Card,Success,55612.0,2025-01-18
PAY005023,ORD005023,Net Banking,Success,51529.7,2025-04-07
PAY005024,ORD005024,Wallet,Failed,210958.85,2025-02-24
PAY005025,ORD005025,Net Banking,Success,49780.8,2025-05-21
PAY005026,ORD005026,Debit Card,Success,114704.35,2025-01-26
PAY005027,ORD005027,Wallet,Success,273803.9,2025-02-27
PAY005028,ORD005028,UPI,Success,31759.2,2025-05-20
PAY005029,ORD005029,Wallet,Success,22500.3,2025-02-22
PAY005030,ORD005030,Cash on Delivery,Success,110189.1,2025-01-27
PAY005031,ORD005031,Net Banking,Success,80316.5,2025-06-30
PAY005032,ORD005032,UPI,Success,294926.25,2025-04-19
PAY005033,ORD005033,UPI,Success,93986.4,2025-05-11
PAY005034,ORD005034,Net Banking,Success,33475.2,2025-01-13
PAY005035,ORD005035,Credit Card,Success,38782.0,2025-05-17
PAY005036,ORD005036,Wallet,Success,214771.25,2025-05-24
PAY005037,ORD005037,UPI,Success,115476.3,2025-06-30
PAY005038,ORD005038,Net Banking,Success,63870.55,2025-05-25
PAY005039,ORD005039,Cash on Delivery,Success,247101.6,2025-05-09
PAY005040,ORD005040,Cash on Delivery,Failed,168058.05,2025-02-24
PAY005041,ORD005041,Wallet,Success,160526.4,2025-02-07
PAY005042,ORD005042,Wallet,Success,141772.8,2025-04-25
PAY005043,ORD005043,Wallet,Success,17363.2,2025-04-15
PAY005044,ORD005044,UPI,Success,76623.25,2025-05-07
PAY005045,ORD005045,Credit Card,Success,288059.75,2025-06-19
PAY005046,ORD005046,UPI,Success,132230.4,2025-06-23
PAY005047,ORD005047,Cash on Delivery,Success,177054.35,2025-05-04
PAY005048,ORD005048,Wallet,Success,123622.9,2025-03-09
PAY005049,ORD005049,Wallet,Success,43515.7,2025-01-16
PAY005050,ORD005050,Cash on Delivery,Success,121804.5,2025-05-19
PAY005051,ORD005051,Cash on Delivery,Success,66646.4,2025-02-21
PAY005052,ORD005052,Cash on Delivery,Success,138344.2,2025-02-22
PAY005053,ORD005053,Credit Card,Success,259403.3,2025-01-23
PAY005054,ORD005054,Credit Card,Success,101254.3,2025-04-30
PAY005055,ORD005055,Cash on Delivery,Success,149013.7,2025-04-10
PAY005056,ORD005056,Debit Card,Success,104010.4,2025-05-18
PAY005057,ORD005057,Wallet,Success,55964.0,2025-05-29
PAY005058,ORD005058,Debit Card,Success,134475.55,2025-02-25
PAY005059,ORD005059,Debit Card,Success,7854.6,2025-04-14
PAY005060,ORD005060,Wallet,Success,101191.0,2025-06-05
PAY005061,ORD005061,Net Banking,Success,189381.0,2025-03-23
PAY005062,ORD005062,Wallet,Success,235760.4,2025-01-25
PAY005063,ORD005063,Credit Card,Success,21178.8,2025-05-31
PAY005064,ORD005064,Net Banking,Failed,67847.35,2025-06-09
PAY005065,ORD005065,Credit Card,Success,39295.8,2025-05-23
PAY005066,ORD005066,Wallet,Success,77162.8,2025-01-15
PAY005067,ORD005067,Cash on Delivery,Success,29499.0,2025-01-16
PAY005068,ORD005068,Net Banking,Success,214396.2,2025-02-20
PAY005069,ORD005069,UPI,Success,125444.0,2025-05-20
PAY005070,ORD005070,Wallet,Success,90224.15,2025-04-08
PAY005071,ORD005071,Debit Card,Success,72235.15,2025-06-18
PAY005072,ORD005072,Wallet,Success,14195.85,2025-02-22
PAY005073,ORD005073,Credit Card,Success,205893.7,2025-03-30
PAY005074,ORD005074,Cash on Delivery,Success,75479.5,2025-04-07
PAY005075,ORD005075,Cash on Delivery,Success,280612.6,2025-01-10
PAY005076,ORD005076,Debit Card,Success,88149.15,2025-02-02
PAY005077,ORD005077,Debit Card,Success,142386.6,2025-06-23
PAY005078,ORD005078,Credit Card,Success,72064.4,2025-04-21
PAY005079,ORD005079,Wallet,Refunded,249467.1,2025-01-16
PAY005080,ORD005080,UPI,Success,94592.65,2025-01-08
PAY005081,ORD005081,Net Banking,Success,128452.75,2025-02-18
PAY005082,ORD005082,Credit Card,Success,114787.8,2025-03-30
PAY005083,ORD005083,UPI,Success,46888.0,2025-03-27
PAY005084,ORD005084,UPI,Success,242840.8,2025-05-20
PAY005085,ORD005085,Debit Card,Success,372461.7,2025-05-19
PAY005086,ORD005086,Debit Card,Success,253256.8,2025-06-15
PAY005087,ORD005087,Credit Card,Success,80037.0,2025-03-01
PAY005088,ORD005088,Credit Card,Success,147428.55,2025-03-15
PAY005089,ORD005089,Debit Card,Success,49761.05,2025-01-08
PAY005090,ORD005090,Debit Card,Success,134399.4,2025-06-01
PAY005091,ORD005091,Net Banking,Success,235308.6,2025-01-30
PAY005092,ORD005092,Wallet,Success,116930.65,2025-05-03
PAY005093,ORD005093,Debit Card,Success,54828.9,2025-03-16
PAY005094,ORD005094,Wallet,Success,256080.4,2025-02-28
PAY005095,ORD005095,Debit Card,Success,144943.9,2025-05-01
PAY005096,ORD005096,UPI,Success,33201.8,2025-06-10
PAY005097,ORD005097,UPI,Success,272088.25,2025-03-23
PAY005098,ORD005098,UPI,Success,41456.2,2025-05-18
PAY005099,ORD005099,Credit Card,Success,275499.5,2025-02-03
PAY005100,ORD005100,Cash on Delivery,Success,238053.5,2025-01-03
PAY005101,ORD005101,Wallet,Success,77798.4,2025-06-15
PAY005102,ORD005102,Debit Card,Success,198556.8,2025-04-30
PAY005103,ORD005103,Credit Card,Success,178659.0,2025-01-23
PAY005104,ORD005104,Cash on Delivery,Failed,35174.8,2025-03-02
PAY005105,ORD005105,UPI,Success,64031.5,2025-01-27
PAY005106,ORD005106,Wallet,Success,89679.2,2025-05-30
PAY005107,ORD005107,Debit Card,Success,180178.35,2025-06-12
PAY005108,ORD005108,Wallet,Success,140604.15,2025-02-01
PAY005109,ORD005109,Debit Card,Success,118451.6,2025-03-16
PAY005110,ORD005110,Net Banking,Success,59561.2,2025-03-27
PAY005111,ORD005111,Wallet,Success,70864.2,2025-03-27
PAY005112,ORD005112,Debit Card,Success,56744.45,2025-04-02
PAY005113,ORD005113,UPI,Success,281909.5,2025-03-02
PAY005114,ORD005114,UPI,Success,10236.0,2025-04-15
PAY005115,ORD005115,Debit Card,Success,96201.3,2025-04-17
PAY005116,ORD005116,Wallet,Success,184777.4,2025-04-07
PAY005117,ORD005117,Debit Card,Success,114737.5,2025-03-04
PAY005118,ORD005118,Debit Card,Success,372927.9,2025-01-12
PAY005119,ORD005119,Cash on Delivery,Success,38370.0,2025-03-12
PAY005120,ORD005120,Wallet,Success,28146.7,2025-03-22
PAY005121,ORD005121,UPI,Success,63661.7,2025-01-12
PAY005122,ORD005122,Wallet,Success,310557.4,2025-04-17
PAY005123,ORD005123,Debit Card,Success,164479.95,2025-06-05
PAY005124,ORD005124,UPI,Success,252474.95,2025-01-23
PAY005125,ORD005125,Credit Card,Success,196848.2,2025-06-05
PAY005126,ORD005126,Credit Card,Success,165792.4,2025-02-27
PAY005127,ORD005127,UPI,Success,104596.8,2025-05-22
PAY005128,ORD005128,UPI,Success,110326.05,2025-01-24
PAY005129,ORD005129,Credit Card,Success,33172.4,2025-01-25
PAY005130,ORD005130,UPI,Success,38315.3,2025-01-01
PAY005131,ORD005131,UPI,Success,219121.3,2025-06-08
PAY005132,ORD005132,Debit Card,Success,146692.4,2025-03-26
PAY005133,ORD005133,Net Banking,Success,169960.1,2025-03-09
PAY005134,ORD005134,Net Banking,Success,242956.8,2025-03-31
PAY005135,ORD005135,Debit Card,Success,103473.9,2025-03-29
PAY005136,ORD005136,Credit Card,Success,93788.1,2025-04-20
PAY005137,ORD005137,Credit Card,Success,73790.9,2025-06-17
PAY005138,ORD005138,Cash on Delivery,Success,1337.6,2025-03-01
PAY005139,ORD005139,Credit Card,Failed,76065.05,2025-03-11
PAY005140,ORD005140,Net Banking,Success,18288.0,2025-05-08
PAY005141,ORD005141,Credit Card,Success,93528.1,2025-01-03
PAY005142,ORD005142,Debit Card,Success,85091.4,2025-03-21
PAY005143,ORD005143,UPI,Success,149145.0,2025-01-07
PAY005144,ORD005144,UPI,Success,101682.3,2025-06-02
PAY005145,ORD005145,UPI,Success,197112.8,2025-02-28
PAY005146,ORD005146,Credit Card,Success,9313.6,2025-06-12
PAY005147,ORD005147,Debit Card,Success,92136.35,2025-03-08
PAY005148,ORD005148,Net Banking,Success,13440.0,2025-04-12
PAY005149,ORD005149,Wallet,Success,30347.55,2025-05-06
PAY005150,ORD005150,Cash on Delivery,Success,233871.0,2025-06-01
PAY005151,ORD005151,Credit Card,Success,36185.15,2025-06-12
PAY005152,ORD005152,Wallet,Success,136413.35,2025-03-20
PAY005153,ORD005153,Wallet,Success,277981.4,2025-05-06
PAY005154,ORD005154,Net Banking,Success,72196.75,2025-02-04
PAY005155,ORD005155,Credit Card,Success,24400.95,2025-01-04
PAY005156,ORD005156,Cash on Delivery,Success,57083.4,2025-03-20
PAY005157,ORD005157,Cash on Delivery,Success,7241.0,2025-02-19
PAY005158,ORD005158,Net Banking,Failed,59978.6,2025-02-08
PAY005159,ORD005159,Cash on Delivery,Success,101762.85,2025-03-26
PAY005160,ORD005160,Debit Card,Success,148733.85,2025-06-09
PAY005161,ORD005161,Debit Card,Success,148990.1,2025-04-22
PAY005162,ORD005162,Net Banking,Success,157341.3,2025-01-06
PAY005163,ORD005163,Net Banking,Success,148987.5,2025-06-14
PAY005164,ORD005164,UPI,Success,91422.6,2025-05-12
PAY005165,ORD005165,Wallet,Refunded,101928.0,2025-02-08
PAY005166,ORD005166,Net Banking,Success,99288.9,2025-05-02
PAY005167,ORD005167,Debit Card,Success,87267.5,2025-06-23
PAY005168,ORD005168,UPI,Success,144853.35,2025-03-04
PAY005169,ORD005169,Debit Card,Success,149231.55,2025-03-08
PAY005170,ORD005170,Debit Card,Success,196674.2,2025-01-18
PAY005171,ORD005171,Credit Card,Success,144563.75,2025-04-20
PAY005172,ORD005172,Credit Card,Success,37439.1,2025-01-31
PAY005173,ORD005173,Debit Card,Success,163753.55,2025-02-24
PAY005174,ORD005174,Wallet,Success,132774.4,2025-06-04
PAY005175,ORD005175,Credit Card,Success,93998.7,2025-04-22
PAY005176,ORD005176,Credit Card,Success,112252.5,2025-04-24
PAY005177,ORD005177,Debit Card,Success,32832.4,2025-05-12
PAY005178,ORD005178,Debit Card,Success,99339.0,2025-04-02
PAY005179,ORD005179,Cash on Delivery,Success,64999.6,2025-01-08
PAY005180,ORD005180,Credit Card,Success,208575.0,2025-01-29
PAY005181,ORD005181,Wallet,Success,133515.0,2025-05-04
PAY005182,ORD005182,Credit Card,Success,107578.45,2025-01-12
PAY005183,ORD005183,UPI,Success,167230.9,2025-03-05
PAY005184,ORD005184,Wallet,Success,19214.25,2025-04-22
PAY005185,ORD005185,UPI,Success,60487.0,2025-03-02
PAY005186,ORD005186,UPI,Success,124246.8,2025-02-08
PAY005187,ORD005187,Credit Card,Success,226918.1,2025-03-23
PAY005188,ORD005188,Credit Card,Success,122166.35,2025-06-05
PAY005189,ORD005189,Credit Card,Success,249236.2,2025-03-09
PAY005190,ORD005190,Debit Card,Success,9012.0,2025-06-28
PAY005191,ORD005191,Cash on Delivery,Failed,159587.15,2025-04-30
PAY005192,ORD005192,Debit Card,Success,44642.7,2025-05-27
PAY005193,ORD005193,Cash on Delivery,Success,67529.6,2025-03-01
PAY005194,ORD005194,Cash on Delivery,Success,27156.7,2025-01-09
PAY005195,ORD005195,Debit Card,Success,266028.35,2025-04-25
PAY005196,ORD005196,UPI,Success,60083.1,2025-01-13
PAY005197,ORD005197,UPI,Refunded,32801.6,2025-01-25
PAY005198,ORD005198,Wallet,Success,32330.1,2025-06-01
PAY005199,ORD005199,UPI,Success,67627.7,2025-01-13
PAY005200,ORD005200,Debit Card,Success,6923.25,2025-05-08
PAY005201,ORD005201,Debit Card,Success,162946.3,2025-01-21
PAY005202,ORD005202,Wallet,Success,165737.7,2025-03-20
PAY005203,ORD005203,Wallet,Success,219082.05,2025-01-20
PAY005204,ORD005204,Credit Card,Success,212641.8,2025-05-27
PAY005205,ORD005205,Net Banking,Success,114312.6,2025-01-28
PAY005206,ORD005206,UPI,Failed,100905.1,2025-02-07
PAY005207,ORD005207,Credit Card,Success,80558.3,2025-06-09
PAY005208,ORD005208,Credit Card,Success,22507.2,2025-01-17
PAY005209,ORD005209,Net Banking,Failed,126152.1,2025-03-08
PAY005210,ORD005210,UPI,Success,146068.5,2025-04-03
PAY005211,ORD005211,Debit Card,Success,61929.25,2025-06-13
PAY005212,ORD005212,Cash on Delivery,Success,124809.0,2025-03-13
PAY005213,ORD005213,Net Banking,Success,143724.85,2025-06-13
PAY005214,ORD005214,UPI,Success,90698.4,2025-02-26
PAY005215,ORD005215,Debit Card,Success,284793.4,2025-02-14
PAY005216,ORD005216,Credit Card,Success,53961.7,2025-03-24
PAY005217,ORD005217,Debit Card,Success,109836.95,2025-03-11
PAY005218,ORD005218,Credit Card,Success,71805.6,2025-04-29
PAY005219,ORD005219,Net Banking,Success,226492.25,2025-02-07
PAY005220,ORD005220,Cash on Delivery,Success,41049.0,2025-05-20
PAY005221,ORD005221,Wallet,Success,85743.2,2025-02-01
PAY005222,ORD005222,Credit Card,Success,165681.0,2025-03-24
PAY005223,ORD005223,Wallet,Success,160005.7,2025-06-18
PAY005224,ORD005224,Wallet,Success,117178.7,2025-03-23
PAY005225,ORD005225,Wallet,Success,151700.85,2025-01-13
PAY005226,ORD005226,Credit Card,Success,136108.1,2025-04-01
PAY005227,ORD005227,UPI,Success,195411.2,2025-04-23
PAY005228,ORD005228,Cash on Delivery,Success,214488.6,2025-04-19
PAY005229,ORD005229,Wallet,Success,42585.0,2025-03-25
PAY005230,ORD005230,Net Banking,Failed,110763.8,2025-06-21
PAY005231,ORD005231,Credit Card,Success,184684.95,2025-05-13
PAY005232,ORD005232,Debit Card,Success,90148.2,2025-05-15
PAY005233,ORD005233,Credit Card,Success,195785.15,2025-01-25
PAY005234,ORD005234,Credit Card,Success,208883.8,2025-06-01
PAY005235,ORD005235,Credit Card,Success,143753.45,2025-02-21
PAY005236,ORD005236,Debit Card,Failed,71064.75,2025-01-17
PAY005237,ORD005237,Credit Card,Failed,29771.2,2025-01-09
PAY005238,ORD005238,Wallet,Success,79233.2,2025-04-02
PAY005239,ORD005239,Credit Card,Success,4808.0,2025-03-01
PAY005240,ORD005240,Wallet,Success,90126.4,2025-01-02
PAY005241,ORD005241,Debit Card,Refunded,62232.75,2025-03-25
PAY005242,ORD005242,UPI,Success,141976.65,2025-03-21
PAY005243,ORD005243,Credit Card,Failed,117031.3,2025-05-27
PAY005244,ORD005244,Debit Card,Success,118864.2,2025-02-02
PAY005245,ORD005245,Debit Card,Success,63712.05,2025-06-13
PAY005246,ORD005246,Credit Card,Success,95502.0,2025-04-17
PAY005247,ORD005247,UPI,Success,106402.8,2025-06-19
PAY005248,ORD005248,Net Banking,Refunded,109430.8,2025-02-05
PAY005249,ORD005249,Debit Card,Success,59791.75,2025-06-29
PAY005250,ORD005250,Wallet,Success,45804.0,2025-03-24
PAY005251,ORD005251,Debit Card,Success,22941.5,2025-03-07
PAY005252,ORD005252,Wallet,Success,31281.6,2025-03-02
PAY005253,ORD005253,Credit Card,Success,168773.6,2025-06-24
PAY005254,ORD005254,Net Banking,Success,52567.3,2025-05-10
PAY005255,ORD005255,UPI,Success,165274.85,2025-02-28
PAY005256,ORD005256,Cash on Delivery,Success,169475.4,2025-03-05
PAY005257,ORD005257,Debit Card,Success,103392.3,2025-04-07
PAY005258,ORD005258,Debit Card,Success,137035.7,2025-05-21
PAY005259,ORD005259,UPI,Success,112601.8,2025-03-29
PAY005260,ORD005260,Net Banking,Success,32522.4,2025-04-25
PAY005261,ORD005261,Debit Card,Success,3657.5,2025-06-18
PAY005262,ORD005262,Cash on Delivery,Success,212287.35,2025-03-04
PAY005263,ORD005263,Net Banking,Success,91023.4,2025-04-05
PAY005264,ORD005264,Net Banking,Success,37820.8,2025-01-11
PAY005265,ORD005265,Wallet,Success,121918.6,2025-05-19
PAY005266,ORD005266,UPI,Success,29859.15,2025-04-08
PAY005267,ORD005267,Wallet,Success,83953.8,2025-03-28
PAY005268,ORD005268,UPI,Success,7229.6,2025-04-01
PAY005269,ORD005269,Cash on Delivery,Success,111591.95,2025-01-28
PAY005270,ORD005270,Credit Card,Success,119014.55,2025-03-05
PAY005271,ORD005271,UPI,Success,38005.0,2025-05-28
PAY005272,ORD005272,Cash on Delivery,Success,99535.5,2025-06-30
PAY005273,ORD005273,UPI,Success,84975.1,2025-03-29
PAY005274,ORD005274,UPI,Success,70852.8,2025-03-19
PAY005275,ORD005275,Debit Card,Success,135559.5,2025-05-12
PAY005276,ORD005276,UPI,Failed,82637.85,2025-06-11
PAY005277,ORD005277,Cash on Delivery,Success,121854.0,2025-03-05
PAY005278,ORD005278,Credit Card,Success,30621.0,2025-02-22
PAY005279,ORD005279,Wallet,Success,12311.4,2025-02-01
PAY005280,ORD005280,Cash on Delivery,Success,228727.15,2025-05-07
PAY005281,ORD005281,Debit Card,Success,20428.8,2025-02-21
PAY005282,ORD005282,Wallet,Success,223173.8,2025-01-08
PAY005283,ORD005283,Wallet,Success,414526.8,2025-04-24
PAY005284,ORD005284,Debit Card,Success,80616.4,2025-04-11
PAY005285,ORD005285,Credit Card,Failed,188859.85,2025-01-15
PAY005286,ORD005286,UPI,Success,141256.6,2025-05-01
PAY005287,ORD005287,UPI,Success,119054.95,2025-04-02
PAY005288,ORD005288,UPI,Success,141128.45,2025-01-08
PAY005289,ORD005289,Wallet,Success,47795.2,2025-06-01
PAY005290,ORD005290,Credit Card,Refunded,115629.6,2025-02-27
PAY005291,ORD005291,UPI,Success,97022.05,2025-02-28
PAY005292,ORD005292,Wallet,Success,47532.0,2025-05-13
PAY005293,ORD005293,Net Banking,Failed,104403.05,2025-03-04
PAY005294,ORD005294,Credit Card,Success,91176.8,2025-03-23
PAY005295,ORD005295,Credit Card,Success,126003.0,2025-06-01
PAY005296,ORD005296,Debit Card,Success,145861.5,2025-01-31
PAY005297,ORD005297,Debit Card,Success,129896.4,2025-01-23
PAY005298,ORD005298,UPI,Success,194392.2,2025-03-25
PAY005299,ORD005299,Credit Card,Success,38831.0,2025-03-24
PAY005300,ORD005300,Credit Card,Success,33348.0,2025-05-08
PAY005301,ORD005301,Cash on Delivery,Success,115033.85,2025-02-01
PAY005302,ORD005302,Debit Card,Success,162446.0,2025-03-29
PAY005303,ORD005303,Net Banking,Success,91302.75,2025-01-02
PAY005304,ORD005304,UPI,Success,58573.8,2025-06-11
PAY005305,ORD005305,Wallet,Success,65438.5,2025-06-07
PAY005306,ORD005306,Cash on Delivery,Success,15069.85,2025-01-10
PAY005307,ORD005307,Debit Card,Success,96888.55,2025-04-12
PAY005308,ORD005308,Net Banking,Success,219241.8,2025-06-06
PAY005309,ORD005309,Debit Card,Success,66193.8,2025-02-05
PAY005310,ORD005310,Debit Card,Success,40199.4,2025-03-15
PAY005311,ORD005311,Wallet,Success,753.6,2025-06-05
PAY005312,ORD005312,Credit Card,Success,160396.3,2025-03-09
PAY005313,ORD005313,Net Banking,Failed,126127.95,2025-05-18
PAY005314,ORD005314,Cash on Delivery,Success,244203.0,2025-04-15
PAY005315,ORD005315,Net Banking,Success,96860.9,2025-02-08
PAY005316,ORD005316,Debit Card,Success,57688.8,2025-06-11
PAY005317,ORD005317,Net Banking,Success,4372.2,2025-06-07
PAY005318,ORD005318,Cash on Delivery,Success,70702.0,2025-05-13
PAY005319,ORD005319,Cash on Delivery,Success,1356.0,2025-06-09
PAY005320,ORD005320,Credit Card,Success,57908.5,2025-01-04
PAY005321,ORD005321,Cash on Delivery,Success,58702.7,2025-03-23
PAY005322,ORD005322,Net Banking,Success,201260.35,2025-05-16
PAY005323,ORD005323,Debit Card,Success,97088.5,2025-01-26
PAY005324,ORD005324,Wallet,Success,71465.65,2025-05-25
PAY005325,ORD005325,Cash on Delivery,Failed,144204.95,2025-06-04
PAY005326,ORD005326,UPI,Success,90404.5,2025-01-23
PAY005327,ORD005327,Credit Card,Success,121512.6,2025-05-16
PAY005328,ORD005328,UPI,Success,49102.1,2025-05-30
PAY005329,ORD005329,Net Banking,Success,92770.5,2025-03-09
PAY005330,ORD005330,UPI,Failed,242773.8,2025-01-21
PAY005331,ORD005331,Credit Card,Refunded,33753.6,2025-04-08
PAY005332,ORD005332,Cash on Delivery,Success,60315.25,2025-01-22
PAY005333,ORD005333,Net Banking,Success,42092.75,2025-01-29
PAY005334,ORD005334,Wallet,Success,77220.0,2025-02-26
PAY005335,ORD005335,Net Banking,Success,189467.2,2025-05-10
PAY005336,ORD005336,Cash on Delivery,Success,107168.4,2025-01-03
PAY005337,ORD005337,Debit Card,Success,4581.5,2025-03-16
PAY005338,ORD005338,Net Banking,Success,224582.9,2025-04-17
PAY005339,ORD005339,Debit Card,Success,203797.8,2025-02-02
PAY005340,ORD005340,UPI,Success,112079.6,2025-04-17
PAY005341,ORD005341,UPI,Success,90780.6,2025-01-04
PAY005342,ORD005342,Debit Card,Success,80315.5,2025-05-06
PAY005343,ORD005343,Credit Card,Success,18124.1,2025-03-31
PAY005344,ORD005344,Debit Card,Success,161699.6,2025-04-30
PAY005345,ORD005345,Debit Card,Success,149185.35,2025-02-21
PAY005346,ORD005346,Debit Card,Success,168677.35,2025-01-23
PAY005347,ORD005347,Debit Card,Success,92440.6,2025-01-11
PAY005348,ORD005348,UPI,Success,75672.0,2025-04-22
PAY005349,ORD005349,Wallet,Failed,55956.8,2025-04-12
PAY005350,ORD005350,Cash on Delivery,Success,202226.35,2025-06-26
PAY005351,ORD005351,Net Banking,Failed,32922.0,2025-04-01
PAY005352,ORD005352,Wallet,Success,98130.65,2025-05-16
PAY005353,ORD005353,Credit Card,Success,93480.6,2025-04-07
PAY005354,ORD005354,Debit Card,Success,31581.75,2025-01-26
PAY005355,ORD005355,Debit Card,Success,124528.45,2025-04-24
PAY005356,ORD005356,Net Banking,Success,20009.0,2025-03-15
PAY005357,ORD005357,Wallet,Success,114998.35,2025-04-19
PAY005358,ORD005358,Wallet,Success,118470.6,2025-04-11
PAY005359,ORD005359,Debit Card,Success,24939.8,2025-05-17
PAY005360,ORD005360,UPI,Success,225156.15,2025-01-02
PAY005361,ORD005361,Net Banking,Success,111577.5,2025-03-23
PAY005362,ORD005362,Wallet,Success,132388.5,2025-02-17
PAY005363,ORD005363,Net Banking,Success,31062.15,2025-06-21
PAY005364,ORD005364,Cash on Delivery,Success,122063.8,2025-03-22
PAY005365,ORD005365,Wallet,Success,157899.2,2025-05-05
PAY005366,ORD005366,Cash on Delivery,Success,175086.8,2025-05-25
PAY005367,ORD005367,Wallet,Success,62700.2,2025-06-26
PAY005368,ORD005368,Wallet,Failed,160010.25,2025-05-12
PAY005369,ORD005369,Credit Card,Success,63304.55,2025-04-14
PAY005370,ORD005370,Credit Card,Success,59991.3,2025-05-29
PAY005371,ORD005371,Net Banking,Success,28336.6,2025-01-29
PAY005372,ORD005372,Credit Card,Success,51216.3,2025-01-11
PAY005373,ORD005373,UPI,Success,78438.0,2025-02-16
PAY005374,ORD005374,Debit Card,Success,218388.9,2025-02-19
PAY005375,ORD005375,Wallet,Success,74379.3,2025-06-28
PAY005376,ORD005376,Debit Card,Success,152104.6,2025-04-24
PAY005377,ORD005377,Credit Card,Success,89669.25,2025-06-26
PAY005378,ORD005378,Credit Card,Success,159117.5,2025-04-26
PAY005379,ORD005379,Credit Card,Success,181333.4,2025-02-10
PAY005380,ORD005380,Credit Card,Success,439.2,2025-01-10
PAY005381,ORD005381,UPI,Success,69324.0,2025-06-23
PAY005382,ORD005382,Net Banking,Success,174832.1,2025-01-19
PAY005383,ORD005383,Credit Card,Success,123695.7,2025-01-02
PAY005384,ORD005384,Credit Card,Success,54628.8,2025-05-12
PAY005385,ORD005385,Net Banking,Success,134061.15,2025-02-20
PAY005386,ORD005386,UPI,Refunded,27367.6,2025-03-24
PAY005387,ORD005387,Credit Card,Success,146361.7,2025-04-24
PAY005388,ORD005388,UPI,Success,200084.05,2025-04-11
PAY005389,ORD005389,Wallet,Success,46567.2,2025-02-08
PAY005390,ORD005390,UPI,Success,181980.6,2025-01-23
PAY005391,ORD005391,Credit Card,Success,151538.3,2025-04-09
PAY005392,ORD005392,UPI,Success,249197.0,2025-06-16
PAY005393,ORD005393,Cash on Delivery,Success,143922.35,2025-03-20
PAY005394,ORD005394,Net Banking,Success,101044.8,2025-03-08
PAY005395,ORD005395,Debit Card,Success,126352.05,2025-02-15
PAY005396,ORD005396,Cash on Delivery,Success,288008.5,2025-02-05
PAY005397,ORD005397,Debit Card,Success,97638.25,2025-02-20
PAY005398,ORD005398,Credit Card,Success,163869.15,2025-01-20
PAY005399,ORD005399,Net Banking,Success,197838.45,2025-06-30
PAY005400,ORD005400,Credit Card,Success,164404.2,2025-06-24
PAY005401,ORD005401,Debit Card,Success,48555.0,2025-04-05
PAY005402,ORD005402,Wallet,Success,20178.95,2025-04-09
PAY005403,ORD005403,Net Banking,Success,19899.0,2025-05-12
PAY005404,ORD005404,UPI,Success,198826.7,2025-05-08
PAY005405,ORD005405,Wallet,Success,122686.8,2025-02-12
PAY005406,ORD005406,Credit Card,Success,110578.5,2025-01-03
PAY005407,ORD005407,Cash on Delivery,Refunded,69971.0,2025-03-23
PAY005408,ORD005408,Net Banking,Success,164191.2,2025-04-09
PAY005409,ORD005409,Credit Card,Success,143650.2,2025-04-13
PAY005410,ORD005410,Net Banking,Success,27759.45,2025-06-17
PAY005411,ORD005411,Wallet,Success,84148.2,2025-03-30
PAY005412,ORD005412,Credit Card,Success,225549.0,2025-06-19
PAY005413,ORD005413,Debit Card,Success,21369.6,2025-01-27
PAY005414,ORD005414,Net Banking,Success,42825.6,2025-04-03
PAY005415,ORD005415,Debit Card,Success,171296.75,2025-03-11
PAY005416,ORD005416,Cash on Delivery,Refunded,127081.8,2025-05-02
PAY005417,ORD005417,Credit Card,Success,141173.75,2025-01-26
PAY005418,ORD005418,Cash on Delivery,Success,134035.2,2025-04-17
PAY005419,ORD005419,Credit Card,Success,215317.0,2025-06-03
PAY005420,ORD005420,Net Banking,Success,244874.45,2025-06-18
PAY005421,ORD005421,Net Banking,Success,82053.05,2025-01-17
PAY005422,ORD005422,Cash on Delivery,Success,129018.2,2025-04-13
PAY005423,ORD005423,Cash on Delivery,Success,176108.2,2025-04-26
PAY005424,ORD005424,Cash on Delivery,Success,86108.4,2025-02-26
PAY005425,ORD005425,UPI,Success,28439.1,2025-05-19
PAY005426,ORD005426,Debit Card,Success,114299.5,2025-01-01
PAY005427,ORD005427,Wallet,Success,137823.9,2025-04-24
PAY005428,ORD005428,UPI,Success,132417.0,2025-02-16
PAY005429,ORD005429,Wallet,Success,114542.3,2025-05-16
PAY005430,ORD005430,UPI,Success,158318.75,2025-04-30
PAY005431,ORD005431,Net Banking,Success,157440.1,2025-05-05
PAY005432,ORD005432,Cash on Delivery,Success,81914.0,2025-05-14
PAY005433,ORD005433,Cash on Delivery,Success,65909.1,2025-01-17
PAY005434,ORD005434,Debit Card,Success,4864.95,2025-02-02
PAY005435,ORD005435,Net Banking,Success,52898.85,2025-04-17
PAY005436,ORD005436,Debit Card,Success,87417.9,2025-03-17
PAY005437,ORD005437,UPI,Success,188467.45,2025-03-06
PAY005438,ORD005438,Cash on Delivery,Success,98158.5,2025-06-13
PAY005439,ORD005439,Wallet,Success,169492.55,2025-05-10
PAY005440,ORD005440,Net Banking,Success,53764.0,2025-02-13
PAY005441,ORD005441,Credit Card,Success,131433.0,2025-05-11
PAY005442,ORD005442,UPI,Success,151174.2,2025-02-02
PAY005443,ORD005443,Cash on Delivery,Success,135428.4,2025-06-10
PAY005444,ORD005444,Net Banking,Success,26290.0,2025-03-24
PAY005445,ORD005445,Net Banking,Success,254142.7,2025-06-18
PAY005446,ORD005446,Credit Card,Success,25256.0,2025-03-02
PAY005447,ORD005447,Debit Card,Success,185520.0,2025-04-16
PAY005448,ORD005448,UPI,Success,68447.3,2025-04-20
PAY005449,ORD005449,UPI,Success,47463.9,2025-01-23
PAY005450,ORD005450,UPI,Success,83160.15,2025-02-14
PAY005451,ORD005451,Debit Card,Success,169853.1,2025-02-01
PAY005452,ORD005452,Cash on Delivery,Success,1132.2,2025-06-16
PAY005453,ORD005453,Wallet,Success,148469.1,2025-03-29
PAY005454,ORD005454,UPI,Success,175929.1,2025-02-12
PAY005455,ORD005455,Cash on Delivery,Success,51542.0,2025-05-22
PAY005456,ORD005456,UPI,Success,18492.0,2025-06-01
PAY005457,ORD005457,Cash on Delivery,Success,132582.4,2025-02-28
PAY005458,ORD005458,Credit Card,Success,137383.05,2025-03-07
PAY005459,ORD005459,Credit Card,Success,133585.2,2025-03-09
PAY005460,ORD005460,Cash on Delivery,Success,37868.9,2025-06-08
PAY005461,ORD005461,Debit Card,Success,53068.25,2025-03-07
PAY005462,ORD005462,UPI,Success,72918.0,2025-01-02
PAY005463,ORD005463,Credit Card,Success,34946.05,2025-05-10
PAY005464,ORD005464,Net Banking,Success,41438.6,2025-01-28
PAY005465,ORD005465,Net Banking,Success,146365.7,2025-05-15
PAY005466,ORD005466,Debit Card,Success,23513.45,2025-03-31
PAY005467,ORD005467,Net Banking,Success,219979.05,2025-03-14
PAY005468,ORD005468,UPI,Success,51792.3,2025-03-07
PAY005469,ORD005469,Cash on Delivery,Success,18987.65,2025-04-04
PAY005470,ORD005470,Net Banking,Success,166399.5,2025-01-18
PAY005471,ORD005471,Net Banking,Success,124801.55,2025-04-28
PAY005472,ORD005472,Net Banking,Success,88072.6,2025-03-07
PAY005473,ORD005473,Debit Card,Success,96301.0,2025-04-03
PAY005474,ORD005474,Net Banking,Success,58331.2,2025-03-29
PAY005475,ORD005475,Credit Card,Success,89066.0,2025-04-10
PAY005476,ORD005476,Cash on Delivery,Success,187133.4,2025-01-27
PAY005477,ORD005477,Cash on Delivery,Success,92750.4,2025-04-08
PAY005478,ORD005478,Credit Card,Success,129510.6,2025-04-25
PAY005479,ORD005479,Cash on Delivery,Success,72943.2,2025-02-27
PAY005480,ORD005480,Wallet,Failed,221533.85,2025-04-16
PAY005481,ORD005481,Credit Card,Success,193519.5,2025-02-04
PAY005482,ORD005482,Debit Card,Success,46032.0,2025-06-16
PAY005483,ORD005483,Credit Card,Success,76501.1,2025-02-06
PAY005484,ORD005484,Credit Card,Success,88938.0,2025-02-06
PAY005485,ORD005485,Net Banking,Success,1637.6,2025-03-08
PAY005486,ORD005486,Credit Card,Success,87155.15,2025-02-05
PAY005487,ORD005487,Cash on Delivery,Success,124407.9,2025-01-28
PAY005488,ORD005488,Credit Card,Success,93096.0,2025-06-12
PAY005489,ORD005489,Wallet,Success,81206.7,2025-05-12
PAY005490,ORD005490,Cash on Delivery,Success,148724.7,2025-04-28
PAY005491,ORD005491,Net Banking,Success,142197.3,2025-03-18
PAY005492,ORD005492,Credit Card,Success,76442.0,2025-06-22
PAY005493,ORD005493,Wallet,Success,35317.2,2025-05-29
PAY005494,ORD005494,UPI,Success,77047.4,2025-03-12
PAY005495,ORD005495,Cash on Delivery,Success,215095.75,2025-06-19
PAY005496,ORD005496,Wallet,Success,236144.5,2025-02-25
PAY005497,ORD005497,Net Banking,Success,57451.8,2025-02-08
PAY005498,ORD005498,Net Banking,Success,63853.3,2025-04-10
PAY005499,ORD005499,Wallet,Failed,199687.6,2025-01-05
PAY005500,ORD005500,Cash on Delivery,Success,202274.7,2025-02-23
PAY005501,ORD005501,UPI,Success,82307.6,2025-06-18
PAY005502,ORD005502,Debit Card,Success,77386.05,2025-02-24
PAY005503,ORD005503,Debit Card,Success,92098.95,2025-04-17
PAY005504,ORD005504,Net Banking,Success,4236.0,2025-06-11
PAY005505,ORD005505,Credit Card,Failed,102889.0,2025-06-20
PAY005506,ORD005506,UPI,Success,48069.7,2025-03-15
PAY005507,ORD005507,UPI,Refunded,126548.25,2025-05-03
PAY005508,ORD005508,Wallet,Success,52934.4,2025-05-15
PAY005509,ORD005509,UPI,Success,190104.75,2025-01-27
PAY005510,ORD005510,UPI,Success,48589.8,2025-06-27
PAY005511,ORD005511,Net Banking,Success,178658.75,2025-03-07
PAY005512,ORD005512,Credit Card,Success,216356.25,2025-03-08
PAY005513,ORD005513,Cash on Delivery,Success,125573.55,2025-05-13
PAY005514,ORD005514,UPI,Success,55219.8,2025-04-22
PAY005515,ORD005515,Cash on Delivery,Success,142225.6,2025-02-02
PAY005516,ORD005516,UPI,Failed,71186.55,2025-04-17
PAY005517,ORD005517,Wallet,Success,208793.9,2025-06-06
PAY005518,ORD005518,UPI,Success,146810.05,2025-03-30
PAY005519,ORD005519,Net Banking,Success,18492.7,2025-04-27
PAY005520,ORD005520,Cash on Delivery,Success,14856.0,2025-05-20
PAY005521,ORD005521,Net Banking,Success,68912.45,2025-06-17
PAY005522,ORD005522,Credit Card,Failed,85731.0,2025-06-04
PAY005523,ORD005523,Credit Card,Success,139582.8,2025-04-05
PAY005524,ORD005524,Debit Card,Failed,185048.75,2025-02-17
PAY005525,ORD005525,Debit Card,Success,132966.0,2025-02-25
PAY005526,ORD005526,Cash on Delivery,Success,121211.7,2025-06-04
PAY005527,ORD005527,Cash on Delivery,Success,164665.85,2025-01-09
PAY005528,ORD005528,Cash on Delivery,Success,201806.7,2025-01-25
PAY005529,ORD005529,Cash on Delivery,Success,123012.65,2025-06-23
PAY005530,ORD005530,Cash on Delivery,Success,66117.05,2025-04-10
PAY005531,ORD005531,Net Banking,Success,60137.6,2025-06-06
PAY005532,ORD005532,Debit Card,Success,92920.85,2025-05-21
PAY005533,ORD005533,Cash on Delivery,Success,5435.1,2025-05-25
PAY005534,ORD005534,Net Banking,Success,59076.7,2025-03-28
PAY005535,ORD005535,Cash on Delivery,Success,37187.2,2025-03-25
PAY005536,ORD005536,UPI,Success,19083.6,2025-06-02
PAY005537,ORD005537,Net Banking,Success,202756.1,2025-02-19
PAY005538,ORD005538,Net Banking,Success,264391.85,2025-06-29
PAY005539,ORD005539,Credit Card,Success,114801.8,2025-02-10
PAY005540,ORD005540,Cash on Delivery,Success,61144.5,2025-03-12
PAY005541,ORD005541,Cash on Delivery,Success,27618.0,2025-04-15
PAY005542,ORD005542,Cash on Delivery,Success,59355.2,2025-04-13
PAY005543,ORD005543,Cash on Delivery,Success,36263.4,2025-06-15
PAY005544,ORD005544,Wallet,Success,132204.3,2025-01-16
PAY005545,ORD005545,UPI,Success,60732.0,2025-05-23
PAY005546,ORD005546,Debit Card,Success,109733.8,2025-02-13
PAY005547,ORD005547,Credit Card,Success,122401.2,2025-04-29
PAY005548,ORD005548,UPI,Success,50967.0,2025-05-07
PAY005549,ORD005549,Debit Card,Success,31120.1,2025-02-04
PAY005550,ORD005550,UPI,Success,61903.6,2025-01-02
PAY005551,ORD005551,Net Banking,Success,115506.9,2025-06-25
PAY005552,ORD005552,Wallet,Success,78140.0,2025-06-27
PAY005553,ORD005553,Credit Card,Success,170298.6,2025-03-23
PAY005554,ORD005554,Net Banking,Success,145476.2,2025-05-04
PAY005555,ORD005555,Net Banking,Success,67141.8,2025-01-17
PAY005556,ORD005556,Credit Card,Success,79852.4,2025-06-30
PAY005557,ORD005557,Debit Card,Success,142632.55,2025-06-07
PAY005558,ORD005558,Cash on Delivery,Success,25974.3,2025-04-08
PAY005559,ORD005559,Wallet,Success,190331.25,2025-01-24
PAY005560,ORD005560,Debit Card,Success,123922.3,2025-05-14
PAY005561,ORD005561,Net Banking,Success,140492.1,2025-03-23
PAY005562,ORD005562,Wallet,Success,158376.9,2025-02-13
PAY005563,ORD005563,Wallet,Success,215355.5,2025-06-27
PAY005564,ORD005564,Credit Card,Success,62267.2,2025-06-07
PAY005565,ORD005565,Credit Card,Success,241115.8,2025-03-23
PAY005566,ORD005566,Debit Card,Success,18007.2,2025-01-23
PAY005567,ORD005567,Credit Card,Success,79581.65,2025-04-16
PAY005568,ORD005568,Wallet,Success,30644.2,2025-02-18
PAY005569,ORD005569,Credit Card,Success,96855.8,2025-05-07
PAY005570,ORD005570,Debit Card,Success,136346.8,2025-01-18
PAY005571,ORD005571,Wallet,Success,168467.0,2025-02-23
PAY005572,ORD005572,Wallet,Success,71347.0,2025-04-23
PAY005573,ORD005573,Debit Card,Failed,10825.6,2025-05-02
PAY005574,ORD005574,Wallet,Success,193699.25,2025-03-13
PAY005575,ORD005575,Wallet,Success,114685.1,2025-05-04
PAY005576,ORD005576,Credit Card,Success,46197.0,2025-03-17
PAY005577,ORD005577,Net Banking,Success,221357.8,2025-02-07
PAY005578,ORD005578,Debit Card,Success,92971.8,2025-02-16
PAY005579,ORD005579,Net Banking,Success,122940.55,2025-04-16
PAY005580,ORD005580,Credit Card,Failed,114583.85,2025-01-26
PAY005581,ORD005581,Net Banking,Success,157296.25,2025-01-11
PAY005582,ORD005582,Credit Card,Success,15532.9,2025-01-25
PAY005583,ORD005583,Wallet,Success,224287.2,2025-02-26
PAY005584,ORD005584,Wallet,Success,147380.6,2025-01-09
PAY005585,ORD005585,Debit Card,Success,308648.25,2025-02-07
PAY005586,ORD005586,Debit Card,Success,194087.85,2025-02-27
PAY005587,ORD005587,Net Banking,Success,145774.9,2025-02-23
PAY005588,ORD005588,UPI,Success,135755.8,2025-03-30
PAY005589,ORD005589,Cash on Delivery,Success,93696.1,2025-01-28
PAY005590,ORD005590,UPI,Success,28843.5,2025-03-19
PAY005591,ORD005591,Cash on Delivery,Success,20011.4,2025-05-27
PAY005592,ORD005592,Wallet,Success,116037.75,2025-04-20
PAY005593,ORD005593,Wallet,Success,85332.2,2025-06-22
PAY005594,ORD005594,Credit Card,Success,25993.6,2025-02-25
PAY005595,ORD005595,Cash on Delivery,Success,17251.2,2025-01-27
PAY005596,ORD005596,UPI,Success,186435.1,2025-02-15
PAY005597,ORD005597,Credit Card,Success,74286.0,2025-02-22
PAY005598,ORD005598,Credit Card,Success,61565.8,2025-06-01
PAY005599,ORD005599,Credit Card,Success,22577.0,2025-05-17
PAY005600,ORD005600,UPI,Failed,125347.8,2025-04-06
PAY005601,ORD005601,Cash on Delivery,Success,202137.4,2025-04-28
PAY005602,ORD005602,Credit Card,Success,76118.5,2025-02-11
PAY005603,ORD005603,Wallet,Refunded,103520.4,2025-03-20
PAY005604,ORD005604,Cash on Delivery,Failed,163342.55,2025-01-09
PAY005605,ORD005605,Wallet,Success,30596.15,2025-04-02
PAY005606,ORD005606,UPI,Success,96028.75,2025-02-20
PAY005607,ORD005607,Credit Card,Success,120858.45,2025-04-23
PAY005608,ORD005608,Debit Card,Success,14418.55,2025-03-06
PAY005609,ORD005609,Credit Card,Success,79468.2,2025-03-23
PAY005610,ORD005610,Wallet,Success,88204.8,2025-02-26
PAY005611,ORD005611,UPI,Success,302023.4,2025-02-14
PAY005612,ORD005612,Wallet,Success,36244.8,2025-04-12
PAY005613,ORD005613,Net Banking,Success,20923.0,2025-05-31
PAY005614,ORD005614,UPI,Success,74581.45,2025-06-06
PAY005615,ORD005615,UPI,Success,82663.2,2025-05-08
PAY005616,ORD005616,Wallet,Success,194849.25,2025-04-13
PAY005617,ORD005617,Debit Card,Success,141904.4,2025-03-14
PAY005618,ORD005618,Wallet,Success,15986.8,2025-02-11
PAY005619,ORD005619,Credit Card,Success,90698.5,2025-04-23
PAY005620,ORD005620,Debit Card,Success,74880.5,2025-05-08
PAY005621,ORD005621,UPI,Success,151056.1,2025-02-09
PAY005622,ORD005622,Wallet,Success,77112.8,2025-05-14
PAY005623,ORD005623,Debit Card,Success,94035.35,2025-02-28
PAY005624,ORD005624,Wallet,Success,222379.8,2025-05-24
PAY005625,ORD005625,UPI,Success,92245.5,2025-03-21
PAY005626,ORD005626,Net Banking,Success,311084.8,2025-04-27
PAY005627,ORD005627,Credit Card,Success,83467.8,2025-01-14
PAY005628,ORD005628,Net Banking,Success,99158.0,2025-03-13
PAY005629,ORD005629,Debit Card,Success,26954.4,2025-03-06
PAY005630,ORD005630,Credit Card,Success,72664.7,2025-02-03
PAY005631,ORD005631,Wallet,Success,101570.0,2025-05-14
PAY005632,ORD005632,Credit Card,Success,120298.5,2025-01-18
PAY005633,ORD005633,Debit Card,Success,237142.05,2025-05-06
PAY005634,ORD005634,Debit Card,Success,221243.5,2025-06-08
PAY005635,ORD005635,Cash on Delivery,Success,206971.0,2025-03-11
PAY005636,ORD005636,Credit Card,Success,121387.65,2025-04-07
PAY005637,ORD005637,Debit Card,Success,171994.25,2025-02-20
PAY005638,ORD005638,Wallet,Success,230048.7,2025-05-28
PAY005639,ORD005639,Credit Card,Refunded,125834.1,2025-02-25
PAY005640,ORD005640,Wallet,Success,18402.1,2025-03-08
PAY005641,ORD005641,Wallet,Success,170116.0,2025-01-30
PAY005642,ORD005642,Net Banking,Success,149348.5,2025-01-27
PAY005643,ORD005643,Credit Card,Success,239584.95,2025-03-23
PAY005644,ORD005644,Wallet,Success,126926.8,2025-05-29
PAY005645,ORD005645,UPI,Success,181611.8,2025-06-05
PAY005646,ORD005646,UPI,Success,175372.2,2025-04-02
PAY005647,ORD005647,UPI,Success,35715.6,2025-01-31
PAY005648,ORD005648,Cash on Delivery,Success,113782.0,2025-03-23
PAY005649,ORD005649,Debit Card,Success,80795.9,2025-02-07
PAY005650,ORD005650,Cash on Delivery,Success,139170.2,2025-01-25
PAY005651,ORD005651,Wallet,Success,170433.2,2025-06-14
PAY005652,ORD005652,Debit Card,Success,40445.8,2025-01-31
PAY005653,ORD005653,UPI,Failed,50859.75,2025-01-17
PAY005654,ORD005654,Net Banking,Success,45111.35,2025-05-25
PAY005655,ORD005655,Net Banking,Success,137158.45,2025-05-10
PAY005656,ORD005656,UPI,Success,3740.85,2025-02-23
PAY005657,ORD005657,Credit Card,Success,126673.0,2025-04-17
PAY005658,ORD005658,Debit Card,Success,27193.6,2025-05-16
PAY005659,ORD005659,Credit Card,Success,92753.5,2025-03-10
PAY005660,ORD005660,Cash on Delivery,Success,84444.4,2025-03-11
PAY005661,ORD005661,Wallet,Success,87917.4,2025-02-14
PAY005662,ORD005662,Cash on Delivery,Success,98488.05,2025-02-28
PAY005663,ORD005663,UPI,Success,154024.7,2025-01-01
PAY005664,ORD005664,Debit Card,Success,7296.0,2025-01-26
PAY005665,ORD005665,Wallet,Success,65756.85,2025-01-03
PAY005666,ORD005666,Net Banking,Failed,43946.7,2025-05-05
PAY005667,ORD005667,UPI,Success,109264.8,2025-05-20
PAY005668,ORD005668,Credit Card,Success,183207.7,2025-03-30
PAY005669,ORD005669,UPI,Success,51492.8,2025-06-17
PAY005670,ORD005670,Debit Card,Success,157148.8,2025-05-24
PAY005671,ORD005671,Net Banking,Success,89592.6,2025-05-12
PAY005672,ORD005672,Debit Card,Failed,26151.1,2025-03-22
PAY005673,ORD005673,Credit Card,Success,210038.2,2025-05-17
PAY005674,ORD005674,Wallet,Success,80109.0,2025-03-09
PAY005675,ORD005675,Wallet,Success,141622.8,2025-02-09
PAY005676,ORD005676,Credit Card,Success,96116.15,2025-05-10
PAY005677,ORD005677,Net Banking,Success,309821.45,2025-01-31
PAY005678,ORD005678,Debit Card,Success,67699.4,2025-05-06
PAY005679,ORD005679,Net Banking,Failed,68994.0,2025-02-18
PAY005680,ORD005680,UPI,Success,288359.4,2025-01-06
PAY005681,ORD005681,Wallet,Success,191827.65,2025-03-05
PAY005682,ORD005682,Credit Card,Success,122369.8,2025-06-29
PAY005683,ORD005683,UPI,Refunded,81716.8,2025-01-27
PAY005684,ORD005684,Credit Card,Success,143688.7,2025-04-03
PAY005685,ORD005685,Net Banking,Success,62886.0,2025-06-10
PAY005686,ORD005686,Credit Card,Success,56043.0,2025-03-25
PAY005687,ORD005687,UPI,Success,56562.0,2025-03-20
PAY005688,ORD005688,Debit Card,Success,174521.8,2025-06-10
PAY005689,ORD005689,Wallet,Success,175618.55,2025-03-13
PAY005690,ORD005690,UPI,Success,271370.2,2025-02-16
PAY005691,ORD005691,Credit Card,Success,84530.0,2025-01-17
PAY005692,ORD005692,Wallet,Success,70077.6,2025-01-11
PAY005693,ORD005693,Net Banking,Success,167939.8,2025-04-09
PAY005694,ORD005694,Cash on Delivery,Success,93952.6,2025-01-29
PAY005695,ORD005695,Cash on Delivery,Success,142069.8,2025-03-03
PAY005696,ORD005696,Net Banking,Success,98474.7,2025-02-13
PAY005697,ORD005697,Credit Card,Success,36246.6,2025-05-13
PAY005698,ORD005698,UPI,Success,27526.0,2025-04-10
PAY005699,ORD005699,Net Banking,Success,82545.15,2025-04-22
PAY005700,ORD005700,Net Banking,Success,123545.7,2025-02-06
PAY005701,ORD005701,Debit Card,Success,105590.6,2025-04-22
PAY005702,ORD005702,UPI,Success,183185.7,2025-03-05
PAY005703,ORD005703,Cash on Delivery,Success,139520.25,2025-03-12
PAY005704,ORD005704,UPI,Success,102297.8,2025-03-09
PAY005705,ORD005705,Net Banking,Failed,56567.75,2025-04-06
PAY005706,ORD005706,Debit Card,Success,80093.2,2025-05-15
PAY005707,ORD005707,Net Banking,Success,18916.4,2025-05-05
PAY005708,ORD005708,Net Banking,Success,54331.2,2025-06-29
PAY005709,ORD005709,Credit Card,Success,67072.8,2025-05-25
PAY005710,ORD005710,UPI,Success,19354.0,2025-04-20
PAY005711,ORD005711,Net Banking,Success,283231.75,2025-02-19
PAY005712,ORD005712,Net Banking,Success,42066.4,2025-06-27
PAY005713,ORD005713,Net Banking,Success,82523.3,2025-04-05
PAY005714,ORD005714,Debit Card,Success,113578.6,2025-05-14
PAY005715,ORD005715,Wallet,Success,129697.9,2025-06-13
PAY005716,ORD005716,Net Banking,Success,141759.3,2025-02-23
PAY005717,ORD005717,Net Banking,Success,48577.1,2025-03-03
PAY005718,ORD005718,Credit Card,Success,51934.95,2025-05-13
PAY005719,ORD005719,Credit Card,Success,134631.4,2025-03-11
PAY005720,ORD005720,Credit Card,Success,96383.5,2025-01-24
PAY005721,ORD005721,Cash on Delivery,Success,88734.6,2025-05-23
PAY005722,ORD005722,Cash on Delivery,Success,193371.9,2025-06-03
PAY005723,ORD005723,Debit Card,Success,137883.55,2025-03-27
PAY005724,ORD005724,UPI,Success,176102.6,2025-01-16
PAY005725,ORD005725,Debit Card,Failed,163092.05,2025-02-08
PAY005726,ORD005726,Debit Card,Success,85406.9,2025-03-10
PAY005727,ORD005727,Net Banking,Success,89493.45,2025-05-29
PAY005728,ORD005728,UPI,Failed,200601.7,2025-06-02
PAY005729,ORD005729,UPI,Success,77419.65,2025-05-21
PAY005730,ORD005730,UPI,Success,171220.75,2025-04-26
PAY005731,ORD005731,Debit Card,Success,217944.3,2025-06-15
PAY005732,ORD005732,Debit Card,Success,21414.9,2025-06-10
PAY005733,ORD005733,Net Banking,Success,115225.7,2025-04-27
PAY005734,ORD005734,UPI,Success,102656.65,2025-01-01
PAY005735,ORD005735,Wallet,Success,40694.0,2025-01-08
PAY005736,ORD005736,Debit Card,Success,97120.0,2025-06-06
PAY005737,ORD005737,UPI,Success,259650.75,2025-02-13
PAY005738,ORD005738,Wallet,Success,136736.3,2025-03-04
PAY005739,ORD005739,Net Banking,Success,72109.7,2025-02-05
PAY005740,ORD005740,Wallet,Success,95546.0,2025-01-04
PAY005741,ORD005741,Debit Card,Success,75755.6,2025-03-31
PAY005742,ORD005742,Debit Card,Failed,5398.0,2025-02-12
PAY005743,ORD005743,Cash on Delivery,Success,81788.7,2025-01-06
PAY005744,ORD005744,Cash on Delivery,Success,127337.4,2025-04-09
PAY005745,ORD005745,Wallet,Success,89672.4,2025-04-23
PAY005746,ORD005746,UPI,Success,93734.4,2025-02-16
PAY005747,ORD005747,Credit Card,Failed,136180.95,2025-05-18
PAY005748,ORD005748,Cash on Delivery,Success,10932.6,2025-03-04
PAY005749,ORD005749,UPI,Success,69609.9,2025-03-08
PAY005750,ORD005750,Wallet,Success,3378.6,2025-05-26
PAY005751,ORD005751,UPI,Success,79936.7,2025-01-02
PAY005752,ORD005752,Credit Card,Success,17775.0,2025-02-01
PAY005753,ORD005753,Wallet,Success,79946.4,2025-05-15
PAY005754,ORD005754,Debit Card,Success,178983.9,2025-02-27
PAY005755,ORD005755,Net Banking,Success,46986.3,2025-02-23
PAY005756,ORD005756,Debit Card,Success,124173.4,2025-01-05
PAY005757,ORD005757,Debit Card,Success,269879.15,2025-05-25
PAY005758,ORD005758,Net Banking,Success,58903.95,2025-04-19
PAY005759,ORD005759,Wallet,Success,274607.05,2025-06-28
PAY005760,ORD005760,Credit Card,Success,4134.4,2025-03-29
PAY005761,ORD005761,UPI,Success,123813.0,2025-03-14
PAY005762,ORD005762,Net Banking,Success,171749.8,2025-04-25
PAY005763,ORD005763,Credit Card,Success,30292.9,2025-03-15
PAY005764,ORD005764,UPI,Success,35245.8,2025-04-07
PAY005765,ORD005765,Wallet,Success,69703.2,2025-03-13
PAY005766,ORD005766,UPI,Success,81004.1,2025-04-12
PAY005767,ORD005767,Net Banking,Success,252924.15,2025-01-05
PAY005768,ORD005768,Debit Card,Success,36120.0,2025-06-17
PAY005769,ORD005769,Debit Card,Success,152747.4,2025-04-10
PAY005770,ORD005770,Debit Card,Success,265915.55,2025-04-10
PAY005771,ORD005771,Cash on Delivery,Success,220102.75,2025-04-03
PAY005772,ORD005772,Net Banking,Success,84813.4,2025-04-30
PAY005773,ORD005773,Net Banking,Success,30326.3,2025-04-19
PAY005774,ORD005774,Debit Card,Success,124025.1,2025-03-14
PAY005775,ORD005775,Debit Card,Success,79074.4,2025-05-08
PAY005776,ORD005776,Credit Card,Success,89100.85,2025-02-16
PAY005777,ORD005777,Cash on Delivery,Success,192189.75,2025-05-12
PAY005778,ORD005778,Debit Card,Success,101846.9,2025-01-08
PAY005779,ORD005779,UPI,Success,189472.25,2025-04-05
PAY005780,ORD005780,Debit Card,Success,25658.4,2025-04-02
PAY005781,ORD005781,Credit Card,Success,195347.85,2025-03-20
PAY005782,ORD005782,Cash on Delivery,Success,130118.9,2025-02-08
PAY005783,ORD005783,Cash on Delivery,Success,54793.45,2025-01-22
PAY005784,ORD005784,Cash on Delivery,Success,88093.0,2025-02-23
PAY005785,ORD005785,Credit Card,Success,196543.85,2025-05-27
PAY005786,ORD005786,Net Banking,Success,228006.75,2025-06-17
PAY005787,ORD005787,Wallet,Success,96770.0,2025-01-23
PAY005788,ORD005788,Debit Card,Success,125380.4,2025-05-21
PAY005789,ORD005789,Cash on Delivery,Success,143554.4,2025-01-18
PAY005790,ORD005790,Credit Card,Success,89020.8,2025-02-07
PAY005791,ORD005791,UPI,Success,182750.5,2025-06-09
PAY005792,ORD005792,UPI,Success,34268.15,2025-02-13
PAY005793,ORD005793,Net Banking,Success,139458.5,2025-05-14
PAY005794,ORD005794,Debit Card,Success,80112.2,2025-05-27
PAY005795,ORD005795,Debit Card,Success,9826.05,2025-06-30
PAY005796,ORD005796,Net Banking,Success,12492.8,2025-05-17
PAY005797,ORD005797,Net Banking,Success,201745.2,2025-02-08
PAY005798,ORD005798,Credit Card,Success,44997.6,2025-05-15
PAY005799,ORD005799,Net Banking,Success,132847.2,2025-04-06
PAY005800,ORD005800,Debit Card,Success,28574.45,2025-05-26
PAY005801,ORD005801,UPI,Success,77082.2,2025-04-09
PAY005802,ORD005802,Cash on Delivery,Success,44281.6,2025-06-15
PAY005803,ORD005803,Debit Card,Success,31801.05,2025-02-14
PAY005804,ORD005804,Credit Card,Success,64251.8,2025-01-03
PAY005805,ORD005805,Wallet,Success,166532.0,2025-05-15
PAY005806,ORD005806,Cash on Delivery,Success,172094.7,2025-01-09
PAY005807,ORD005807,Net Banking,Success,79919.55,2025-05-17
PAY005808,ORD005808,Debit Card,Success,3369.4,2025-03-28
PAY005809,ORD005809,UPI,Success,123506.4,2025-02-12
PAY005810,ORD005810,Net Banking,Success,112049.6,2025-06-04
PAY005811,ORD005811,Wallet,Success,43361.6,2025-06-25
PAY005812,ORD005812,Cash on Delivery,Success,65690.4,2025-01-20
PAY005813,ORD005813,Net Banking,Success,97098.95,2025-06-02
PAY005814,ORD005814,Credit Card,Success,191784.9,2025-04-17
PAY005815,ORD005815,Credit Card,Success,31783.0,2025-03-06
PAY005816,ORD005816,Wallet,Success,152785.8,2025-03-02
PAY005817,ORD005817,Debit Card,Success,74779.2,2025-05-24
PAY005818,ORD005818,Cash on Delivery,Success,240663.45,2025-01-27
PAY005819,ORD005819,Cash on Delivery,Success,213705.25,2025-03-24
PAY005820,ORD005820,Credit Card,Success,124228.7,2025-06-18
PAY005821,ORD005821,Cash on Delivery,Success,5373.0,2025-06-06
PAY005822,ORD005822,Net Banking,Success,63706.0,2025-06-04
PAY005823,ORD005823,UPI,Success,172530.5,2025-04-02
PAY005824,ORD005824,Credit Card,Success,188505.1,2025-01-15
PAY005825,ORD005825,Cash on Delivery,Failed,162997.4,2025-05-04
PAY005826,ORD005826,Cash on Delivery,Success,181933.5,2025-02-28
PAY005827,ORD005827,Cash on Delivery,Success,86335.35,2025-05-14
PAY005828,ORD005828,Wallet,Success,126515.95,2025-05-04
PAY005829,ORD005829,Net Banking,Success,27919.0,2025-04-11
PAY005830,ORD005830,Net Banking,Success,160413.2,2025-01-02
PAY005831,ORD005831,Credit Card,Success,197395.95,2025-01-06
PAY005832,ORD005832,Debit Card,Success,36357.05,2025-06-15
PAY005833,ORD005833,Debit Card,Success,34517.4,2025-04-13
PAY005834,ORD005834,Net Banking,Success,49498.85,2025-03-31
PAY005835,ORD005835,Wallet,Success,87585.0,2025-06-18
PAY005836,ORD005836,UPI,Success,166192.15,2025-01-01
PAY005837,ORD005837,UPI,Success,314684.8,2025-06-17
PAY005838,ORD005838,Cash on Delivery,Success,145275.6,2025-06-20
PAY005839,ORD005839,UPI,Success,58323.0,2025-06-14
PAY005840,ORD005840,Net Banking,Success,200126.5,2025-01-27
PAY005841,ORD005841,Credit Card,Failed,43633.5,2025-06-10
PAY005842,ORD005842,Debit Card,Success,108459.0,2025-05-15
PAY005843,ORD005843,Credit Card,Success,113483.1,2025-01-13
PAY005844,ORD005844,Cash on Delivery,Success,90616.8,2025-02-19
PAY005845,ORD005845,Cash on Delivery,Success,135169.05,2025-05-12
PAY005846,ORD005846,UPI,Success,104614.8,2025-04-09
PAY005847,ORD005847,Credit Card,Success,178600.05,2025-04-04
PAY005848,ORD005848,Wallet,Success,71187.15,2025-06-01
PAY005849,ORD005849,Cash on Delivery,Success,23104.8,2025-04-03
PAY005850,ORD005850,Debit Card,Success,34666.7,2025-01-10
PAY005851,ORD005851,Credit Card,Success,137172.45,2025-04-11
PAY005852,ORD005852,Wallet,Success,93036.0,2025-03-08
PAY005853,ORD005853,Credit Card,Success,176842.45,2025-05-23
PAY005854,ORD005854,Net Banking,Success,40379.2,2025-05-04
PAY005855,ORD005855,Credit Card,Success,93803.0,2025-03-16
PAY005856,ORD005856,Net Banking,Success,99662.05,2025-06-19
PAY005857,ORD005857,Credit Card,Success,179116.4,2025-01-16
PAY005858,ORD005858,Credit Card,Success,83086.6,2025-02-15
PAY005859,ORD005859,Credit Card,Failed,64098.0,2025-04-15
PAY005860,ORD005860,UPI,Success,170472.65,2025-01-09
PAY005861,ORD005861,Debit Card,Success,177446.6,2025-02-04
PAY005862,ORD005862,UPI,Success,153557.75,2025-02-26
PAY005863,ORD005863,Credit Card,Success,238219.8,2025-05-27
PAY005864,ORD005864,Wallet,Success,9564.0,2025-02-23
PAY005865,ORD005865,Debit Card,Success,152594.2,2025-05-17
PAY005866,ORD005866,Cash on Delivery,Success,132674.0,2025-04-16
PAY005867,ORD005867,Credit Card,Success,83707.3,2025-01-21
PAY005868,ORD005868,Cash on Delivery,Success,93630.2,2025-06-14
PAY005869,ORD005869,Net Banking,Success,62940.05,2025-03-22
PAY005870,ORD005870,Wallet,Success,143361.3,2025-02-02
PAY005871,ORD005871,Wallet,Success,99606.2,2025-04-10
PAY005872,ORD005872,Cash on Delivery,Success,18053.1,2025-01-23
PAY005873,ORD005873,Cash on Delivery,Success,150375.75,2025-02-08
PAY005874,ORD005874,Cash on Delivery,Success,7877.0,2025-02-03
PAY005875,ORD005875,Net Banking,Success,51502.5,2025-03-11
PAY005876,ORD005876,Cash on Delivery,Success,46517.6,2025-02-06
PAY005877,ORD005877,Wallet,Success,151193.0,2025-04-06
PAY005878,ORD005878,Wallet,Success,201079.0,2025-01-11
PAY005879,ORD005879,UPI,Success,140001.6,2025-01-09
PAY005880,ORD005880,UPI,Success,61365.3,2025-03-08
PAY005881,ORD005881,Wallet,Success,17668.0,2025-04-21
PAY005882,ORD005882,Cash on Delivery,Success,31335.6,2025-02-22
PAY005883,ORD005883,Wallet,Success,223952.25,2025-06-06
PAY005884,ORD005884,Net Banking,Success,22688.2,2025-03-10
PAY005885,ORD005885,Net Banking,Success,209899.35,2025-04-03
PAY005886,ORD005886,Credit Card,Success,179505.4,2025-01-10
PAY005887,ORD005887,UPI,Success,217647.6,2025-06-02
PAY005888,ORD005888,Wallet,Success,251683.9,2025-02-03
PAY005889,ORD005889,Cash on Delivery,Success,187557.55,2025-06-21
PAY005890,ORD005890,Credit Card,Success,61727.8,2025-06-18
PAY005891,ORD005891,Wallet,Success,38515.0,2025-04-08
PAY005892,ORD005892,UPI,Success,188309.4,2025-01-12
PAY005893,ORD005893,Debit Card,Success,106310.7,2025-01-18
PAY005894,ORD005894,Cash on Delivery,Success,138625.8,2025-02-05
PAY005895,ORD005895,UPI,Success,145447.85,2025-02-03
PAY005896,ORD005896,UPI,Failed,200012.1,2025-01-16
PAY005897,ORD005897,UPI,Success,123174.0,2025-03-27
PAY005898,ORD005898,UPI,Success,40755.2,2025-05-31
PAY005899,ORD005899,Net Banking,Success,188543.55,2025-01-07
PAY005900,ORD005900,Net Banking,Success,77454.0,2025-05-02
PAY005901,ORD005901,Debit Card,Success,100654.05,2025-01-10
PAY005902,ORD005902,Wallet,Success,61866.5,2025-04-04
PAY005903,ORD005903,Cash on Delivery,Success,149166.0,2025-01-09
PAY005904,ORD005904,UPI,Success,134677.8,2025-05-14
PAY005905,ORD005905,UPI,Success,81117.4,2025-01-28
PAY005906,ORD005906,Debit Card,Success,143387.05,2025-06-16
PAY005907,ORD005907,UPI,Success,21663.1,2025-06-28
PAY005908,ORD005908,Wallet,Success,34119.0,2025-03-02
PAY005909,ORD005909,Credit Card,Success,265778.55,2025-02-20
PAY005910,ORD005910,Debit Card,Success,11410.4,2025-01-18
PAY005911,ORD005911,Credit Card,Success,51176.8,2025-06-01
PAY005912,ORD005912,Cash on Delivery,Success,118885.3,2025-03-22
PAY005913,ORD005913,Net Banking,Failed,72195.2,2025-03-22
PAY005914,ORD005914,Wallet,Success,108985.65,2025-04-25
PAY005915,ORD005915,Credit Card,Success,163428.15,2025-03-02
PAY005916,ORD005916,Credit Card,Failed,37407.6,2025-05-07
PAY005917,ORD005917,Net Banking,Success,116705.85,2025-04-16
PAY005918,ORD005918,UPI,Success,330899.7,2025-06-13
PAY005919,ORD005919,Debit Card,Success,51367.2,2025-02-17
PAY005920,ORD005920,Net Banking,Success,112573.45,2025-02-05
PAY005921,ORD005921,Wallet,Success,190000.6,2025-03-17
PAY005922,ORD005922,Credit Card,Success,131432.8,2025-02-12
PAY005923,ORD005923,Cash on Delivery,Success,220595.2,2025-04-26
PAY005924,ORD005924,UPI,Success,200131.25,2025-04-10
PAY005925,ORD005925,Cash on Delivery,Success,219696.55,2025-05-02
PAY005926,ORD005926,Net Banking,Success,138899.7,2025-02-22
PAY005927,ORD005927,Wallet,Success,30198.6,2025-05-06
PAY005928,ORD005928,UPI,Success,108402.1,2025-04-26
PAY005929,ORD005929,Credit Card,Success,179613.5,2025-03-03
PAY005930,ORD005930,UPI,Refunded,334865.75,2025-04-25
PAY005931,ORD005931,Credit Card,Success,195837.0,2025-03-10
PAY005932,ORD005932,Cash on Delivery,Success,145218.45,2025-05-20
PAY005933,ORD005933,Wallet,Success,29511.75,2025-04-19
PAY005934,ORD005934,Wallet,Failed,82070.5,2025-01-12
PAY005935,ORD005935,UPI,Success,17357.85,2025-03-26
PAY005936,ORD005936,Net Banking,Success,58393.6,2025-02-02
PAY005937,ORD005937,UPI,Success,145712.0,2025-01-03
PAY005938,ORD005938,Debit Card,Success,93058.0,2025-04-14
PAY005939,ORD005939,Wallet,Success,60364.1,2025-01-13
PAY005940,ORD005940,Debit Card,Success,109244.55,2025-05-24
PAY005941,ORD005941,Net Banking,Success,254383.2,2025-01-23
PAY005942,ORD005942,UPI,Success,140963.8,2025-01-04
PAY005943,ORD005943,Net Banking,Success,39435.0,2025-01-20
PAY005944,ORD005944,Cash on Delivery,Success,128773.7,2025-04-26
PAY005945,ORD005945,Debit Card,Success,271356.85,2025-05-10
PAY005946,ORD005946,Debit Card,Success,97183.6,2025-01-15
PAY005947,ORD005947,Wallet,Success,89529.7,2025-05-28
PAY005948,ORD005948,UPI,Success,223021.0,2025-05-29
PAY005949,ORD005949,UPI,Failed,266062.5,2025-03-29
PAY005950,ORD005950,Credit Card,Success,156543.0,2025-04-05
PAY005951,ORD005951,Debit Card,Success,124902.0,2025-02-03
PAY005952,ORD005952,Wallet,Success,37449.0,2025-03-30
PAY005953,ORD005953,Cash on Delivery,Success,36757.4,2025-03-08
PAY005954,ORD005954,Wallet,Success,57921.4,2025-02-02
PAY005955,ORD005955,Cash on Delivery,Success,52016.0,2025-05-04
PAY005956,ORD005956,Cash on Delivery,Success,86223.9,2025-04-08
PAY005957,ORD005957,Credit Card,Success,52068.1,2025-06-30
PAY005958,ORD005958,Wallet,Success,115675.9,2025-03-31
PAY005959,ORD005959,Credit Card,Success,32265.0,2025-02-23
PAY005960,ORD005960,Credit Card,Success,145111.4,2025-02-04
PAY005961,ORD005961,Wallet,Success,51278.0,2025-01-13
PAY005962,ORD005962,Net Banking,Success,116538.0,2025-05-12
PAY005963,ORD005963,Wallet,Success,75066.3,2025-02-01
PAY005964,ORD005964,Net Banking,Success,172601.4,2025-05-29
PAY005965,ORD005965,Wallet,Success,201178.8,2025-05-15
PAY005966,ORD005966,Cash on Delivery,Success,151107.45,2025-04-24
PAY005967,ORD005967,UPI,Success,64305.6,2025-02-25
PAY005968,ORD005968,Credit Card,Success,192654.0,2025-01-21
PAY005969,ORD005969,UPI,Success,74495.6,2025-01-22
PAY005970,ORD005970,Debit Card,Success,114014.35,2025-05-25
PAY005971,ORD005971,UPI,Success,57766.0,2025-05-02
PAY005972,ORD005972,Cash on Delivery,Success,164374.7,2025-03-15
PAY005973,ORD005973,Net Banking,Success,49982.65,2025-05-21
PAY005974,ORD005974,Credit Card,Success,141691.9,2025-06-18
PAY005975,ORD005975,Wallet,Success,203708.4,2025-01-31
PAY005976,ORD005976,Debit Card,Success,153586.2,2025-03-13
PAY005977,ORD005977,Wallet,Success,254799.05,2025-04-16
PAY005978,ORD005978,Net Banking,Success,83289.8,2025-02-23
PAY005979,ORD005979,Net Banking,Success,37108.15,2025-01-04
PAY005980,ORD005980,Credit Card,Success,49504.35,2025-02-18
PAY005981,ORD005981,Credit Card,Refunded,76898.7,2025-02-17
PAY005982,ORD005982,Debit Card,Success,38350.0,2025-06-14
PAY005983,ORD005983,Wallet,Success,38806.2,2025-01-21
PAY005984,ORD005984,Wallet,Success,92029.5,2025-02-15
PAY005985,ORD005985,Credit Card,Success,73269.4,2025-05-27
PAY005986,ORD005986,Credit Card,Success,34531.25,2025-05-21
PAY005987,ORD005987,Credit Card,Success,71006.05,2025-01-09
PAY005988,ORD005988,UPI,Success,32297.4,2025-01-14
PAY005989,ORD005989,Credit Card,Success,221180.1,2025-01-27
PAY005990,ORD005990,Credit Card,Success,219178.1,2025-02-09
PAY005991,ORD005991,UPI,Success,276203.4,2025-02-06
PAY005992,ORD005992,UPI,Success,50184.0,2025-03-23
PAY005993,ORD005993,Net Banking,Success,186709.6,2025-04-13
PAY005994,ORD005994,UPI,Success,188799.35,2025-01-04
PAY005995,ORD005995,Net Banking,Success,52379.85,2025-04-08
PAY005996,ORD005996,Cash on Delivery,Failed,157218.5,2025-03-06
PAY005997,ORD005997,UPI,Success,42564.6,2025-02-13
PAY005998,ORD005998,Wallet,Success,211232.25,2025-02-27
PAY005999,ORD005999,Debit Card,Success,235615.0,2025-06-11
PAY006000,ORD006000,Credit Card,Success,82547.7,2025-03-20
PAY006001,ORD006001,Debit Card,Success,60420.1,2025-06-09
PAY006002,ORD006002,Cash on Delivery,Success,301531.3,2025-03-26
PAY006003,ORD006003,Wallet,Success,230547.0,2025-06-01
PAY006004,ORD006004,Net Banking,Success,106984.8,2025-02-08
PAY006005,ORD006005,Cash on Delivery,Success,69422.45,2025-05-01
PAY006006,ORD006006,Wallet,Success,38782.8,2025-05-09
PAY006007,ORD006007,UPI,Success,200118.7,2025-06-01
PAY006008,ORD006008,Credit Card,Success,43773.15,2025-01-26
PAY006009,ORD006009,Net Banking,Success,153757.65,2025-04-02
PAY006010,ORD006010,Cash on Delivery,Success,243614.1,2025-05-25
PAY006011,ORD006011,Cash on Delivery,Success,14041.6,2025-05-02
PAY006012,ORD006012,Debit Card,Success,164566.1,2025-02-01
PAY006013,ORD006013,Net Banking,Success,15678.5,2025-01-16
PAY006014,ORD006014,UPI,Failed,21494.4,2025-06-24
PAY006015,ORD006015,UPI,Success,7971.3,2025-02-07
PAY006016,ORD006016,Wallet,Success,244966.8,2025-04-18
PAY006017,ORD006017,Debit Card,Success,107258.6,2025-04-14
PAY006018,ORD006018,Cash on Delivery,Failed,119307.5,2025-05-05
PAY006019,ORD006019,Cash on Delivery,Success,161959.55,2025-05-21
PAY006020,ORD006020,Net Banking,Success,56571.75,2025-02-14
PAY006021,ORD006021,Debit Card,Success,193487.1,2025-04-29
PAY006022,ORD006022,Net Banking,Success,80290.2,2025-03-28
PAY006023,ORD006023,Cash on Delivery,Success,22944.0,2025-01-25
PAY006024,ORD006024,Wallet,Success,220363.4,2025-03-02
PAY006025,ORD006025,Debit Card,Success,788.5,2025-05-01
PAY006026,ORD006026,UPI,Success,101003.6,2025-02-27
PAY006027,ORD006027,UPI,Success,25273.9,2025-01-30
PAY006028,ORD006028,Wallet,Failed,107755.15,2025-05-29
PAY006029,ORD006029,Credit Card,Success,241123.4,2025-03-24
PAY006030,ORD006030,Cash on Delivery,Success,107083.5,2025-02-07
PAY006031,ORD006031,Net Banking,Success,27791.3,2025-03-18
PAY006032,ORD006032,UPI,Success,167495.25,2025-01-02
PAY006033,ORD006033,Cash on Delivery,Success,24588.8,2025-01-04
PAY006034,ORD006034,Wallet,Success,42170.4,2025-04-30
PAY006035,ORD006035,Net Banking,Success,109106.85,2025-06-22
PAY006036,ORD006036,Credit Card,Success,94053.6,2025-03-11
PAY006037,ORD006037,Cash on Delivery,Success,147047.55,2025-02-23
PAY006038,ORD006038,Wallet,Success,38342.4,2025-03-29
PAY006039,ORD006039,Credit Card,Success,164305.6,2025-01-01
PAY006040,ORD006040,Wallet,Success,275775.0,2025-01-16
PAY006041,ORD006041,UPI,Failed,164180.4,2025-01-27
PAY006042,ORD006042,Cash on Delivery,Success,109138.0,2025-04-23
PAY006043,ORD006043,UPI,Success,32755.0,2025-02-08
PAY006044,ORD006044,Net Banking,Success,81540.9,2025-04-17
PAY006045,ORD006045,UPI,Success,32339.7,2025-03-11
PAY006046,ORD006046,Debit Card,Success,76544.5,2025-01-14
PAY006047,ORD006047,Wallet,Success,53928.0,2025-02-21
PAY006048,ORD006048,Net Banking,Success,7684.0,2025-02-08
PAY006049,ORD006049,UPI,Success,271842.3,2025-01-14
PAY006050,ORD006050,Credit Card,Success,57665.7,2025-02-28
PAY006051,ORD006051,Credit Card,Success,35841.6,2025-04-13
PAY006052,ORD006052,UPI,Success,88437.1,2025-04-07
PAY006053,ORD006053,Credit Card,Success,71559.7,2025-03-12
PAY006054,ORD006054,Net Banking,Failed,36332.55,2025-02-14
PAY006055,ORD006055,Net Banking,Success,39292.0,2025-02-18
PAY006056,ORD006056,Wallet,Success,262441.65,2025-03-05
PAY006057,ORD006057,Cash on Delivery,Success,123652.5,2025-02-10
PAY006058,ORD006058,Cash on Delivery,Success,110459.4,2025-05-12
PAY006059,ORD006059,Cash on Delivery,Success,105505.65,2025-01-13
PAY006060,ORD006060,Wallet,Success,132355.25,2025-03-18
PAY006061,ORD006061,Wallet,Success,22608.9,2025-06-24
PAY006062,ORD006062,UPI,Success,229300.65,2025-03-30
PAY006063,ORD006063,Cash on Delivery,Success,265491.8,2025-06-28
PAY006064,ORD006064,UPI,Success,95866.4,2025-01-25
PAY006065,ORD006065,Wallet,Success,280626.0,2025-05-12
PAY006066,ORD006066,Debit Card,Success,70674.6,2025-05-26
PAY006067,ORD006067,UPI,Success,120311.4,2025-03-28
PAY006068,ORD006068,UPI,Success,144214.5,2025-01-20
PAY006069,ORD006069,Net Banking,Refunded,102472.65,2025-02-12
PAY006070,ORD006070,Cash on Delivery,Success,109116.15,2025-01-15
PAY006071,ORD006071,Net Banking,Success,90579.0,2025-03-31
PAY006072,ORD006072,Credit Card,Success,82953.0,2025-04-17
PAY006073,ORD006073,Debit Card,Success,1652.8,2025-04-10
PAY006074,ORD006074,UPI,Success,84273.6,2025-02-06
PAY006075,ORD006075,Cash on Delivery,Success,60329.6,2025-01-14
PAY006076,ORD006076,Debit Card,Success,31564.15,2025-04-07
PAY006077,ORD006077,Debit Card,Success,183578.65,2025-03-01
PAY006078,ORD006078,Wallet,Success,13671.4,2025-02-14
PAY006079,ORD006079,Debit Card,Success,172361.9,2025-06-19
PAY006080,ORD006080,UPI,Success,188201.3,2025-01-17
PAY006081,ORD006081,Wallet,Success,7254.4,2025-03-09
PAY006082,ORD006082,Wallet,Success,43723.75,2025-06-05
PAY006083,ORD006083,Debit Card,Success,30916.2,2025-01-26
PAY006084,ORD006084,Debit Card,Success,44126.55,2025-02-13
PAY006085,ORD006085,Debit Card,Refunded,202022.45,2025-06-28
PAY006086,ORD006086,Debit Card,Refunded,5395.5,2025-06-27
PAY006087,ORD006087,Debit Card,Success,215310.4,2025-02-19
PAY006088,ORD006088,Credit Card,Success,99807.0,2025-04-10
PAY006089,ORD006089,Debit Card,Success,72784.1,2025-04-02
PAY006090,ORD006090,UPI,Success,124600.1,2025-05-23
PAY006091,ORD006091,Debit Card,Success,55788.0,2025-02-24
PAY006092,ORD006092,Wallet,Success,253495.2,2025-06-02
PAY006093,ORD006093,Wallet,Success,95320.3,2025-05-01
PAY006094,ORD006094,Cash on Delivery,Success,43630.25,2025-02-17
PAY006095,ORD006095,Cash on Delivery,Success,19534.4,2025-02-23
PAY006096,ORD006096,Net Banking,Success,178511.5,2025-02-25
PAY006097,ORD006097,Wallet,Success,139738.0,2025-03-23
PAY006098,ORD006098,Wallet,Success,67126.75,2025-04-12
PAY006099,ORD006099,Credit Card,Success,139465.6,2025-03-08
PAY006100,ORD006100,Net Banking,Success,48822.0,2025-05-06
PAY006101,ORD006101,Credit Card,Failed,269053.75,2025-01-25
PAY006102,ORD006102,Cash on Delivery,Success,387552.6,2025-02-20
PAY006103,ORD006103,Cash on Delivery,Success,236509.5,2025-03-10
PAY006104,ORD006104,Debit Card,Success,110425.9,2025-03-06
PAY006105,ORD006105,Cash on Delivery,Success,202731.9,2025-01-15
PAY006106,ORD006106,Net Banking,Success,102950.75,2025-04-04
PAY006107,ORD006107,Cash on Delivery,Success,69346.4,2025-05-15
PAY006108,ORD006108,Credit Card,Success,142275.15,2025-04-07
PAY006109,ORD006109,Cash on Delivery,Success,160364.0,2025-06-30
PAY006110,ORD006110,Credit Card,Success,142324.85,2025-03-13
PAY006111,ORD006111,Debit Card,Success,117369.85,2025-01-12
PAY006112,ORD006112,Net Banking,Success,341690.25,2025-06-22
PAY006113,ORD006113,Cash on Delivery,Success,155820.1,2025-06-10
PAY006114,ORD006114,Debit Card,Success,174957.45,2025-02-11
PAY006115,ORD006115,Debit Card,Failed,225826.5,2025-01-01
PAY006116,ORD006116,UPI,Success,162661.95,2025-01-08
PAY006117,ORD006117,Net Banking,Success,122876.25,2025-06-04
PAY006118,ORD006118,Debit Card,Success,131755.25,2025-05-08
PAY006119,ORD006119,Wallet,Success,238044.8,2025-03-24
PAY006120,ORD006120,Debit Card,Success,159893.65,2025-06-17
PAY006121,ORD006121,Debit Card,Success,93546.9,2025-01-01
PAY006122,ORD006122,Net Banking,Success,65634.0,2025-05-26
PAY006123,ORD006123,Credit Card,Success,134047.1,2025-02-07
PAY006124,ORD006124,UPI,Success,151367.4,2025-06-06
PAY006125,ORD006125,Cash on Delivery,Success,85762.45,2025-02-06
PAY006126,ORD006126,Wallet,Success,26846.0,2025-01-21
PAY006127,ORD006127,Net Banking,Success,106253.35,2025-03-04
PAY006128,ORD006128,UPI,Success,189838.65,2025-06-01
PAY006129,ORD006129,Cash on Delivery,Success,26698.4,2025-05-02
PAY006130,ORD006130,Debit Card,Success,75379.7,2025-06-08
PAY006131,ORD006131,Cash on Delivery,Success,41183.1,2025-01-21
PAY006132,ORD006132,Net Banking,Success,70972.6,2025-01-27
PAY006133,ORD006133,UPI,Failed,171150.4,2025-06-17
PAY006134,ORD006134,Wallet,Success,62475.2,2025-01-05
PAY006135,ORD006135,Debit Card,Success,131580.2,2025-02-16
PAY006136,ORD006136,Credit Card,Success,41101.75,2025-05-20
PAY006137,ORD006137,Debit Card,Success,211134.55,2025-06-29
PAY006138,ORD006138,UPI,Success,153782.1,2025-04-30
PAY006139,ORD006139,UPI,Success,115876.05,2025-04-21
PAY006140,ORD006140,Credit Card,Success,58019.2,2025-04-05
PAY006141,ORD006141,Credit Card,Success,194879.5,2025-01-13
PAY006142,ORD006142,Credit Card,Success,215287.0,2025-01-03
PAY006143,ORD006143,Cash on Delivery,Success,102265.25,2025-05-28
PAY006144,ORD006144,Debit Card,Success,85508.4,2025-06-19
PAY006145,ORD006145,Debit Card,Success,193585.4,2025-01-09
PAY006146,ORD006146,Debit Card,Success,203078.6,2025-05-16
PAY006147,ORD006147,Wallet,Success,60747.6,2025-02-04
PAY006148,ORD006148,Debit Card,Failed,175587.05,2025-01-16
PAY006149,ORD006149,Wallet,Success,243511.65,2025-04-07
PAY006150,ORD006150,Cash on Delivery,Success,97651.55,2025-03-31
PAY006151,ORD006151,Wallet,Success,278248.85,2025-05-16
PAY006152,ORD006152,Wallet,Success,123688.95,2025-05-15
PAY006153,ORD006153,Net Banking,Success,257330.35,2025-01-10
PAY006154,ORD006154,Net Banking,Success,111686.95,2025-04-20
PAY006155,ORD006155,Wallet,Success,198180.9,2025-04-10
PAY006156,ORD006156,Net Banking,Success,120959.3,2025-01-28
PAY006157,ORD006157,Net Banking,Success,60676.3,2025-06-07
PAY006158,ORD006158,Cash on Delivery,Success,16926.9,2025-01-11
PAY006159,ORD006159,Cash on Delivery,Success,102767.7,2025-04-24
PAY006160,ORD006160,Debit Card,Failed,92953.6,2025-05-18
PAY006161,ORD006161,Cash on Delivery,Success,117113.7,2025-06-02
PAY006162,ORD006162,UPI,Success,30501.9,2025-05-29
PAY006163,ORD006163,Wallet,Success,150444.2,2025-05-22
PAY006164,ORD006164,UPI,Success,197535.5,2025-04-10
PAY006165,ORD006165,Net Banking,Success,158140.8,2025-05-19
PAY006166,ORD006166,Cash on Delivery,Success,108476.35,2025-01-07
PAY006167,ORD006167,Net Banking,Success,144939.2,2025-05-23
PAY006168,ORD006168,Credit Card,Success,161009.3,2025-05-16
PAY006169,ORD006169,Cash on Delivery,Success,95660.0,2025-02-05
PAY006170,ORD006170,Net Banking,Success,124086.0,2025-01-27
PAY006171,ORD006171,UPI,Success,38931.0,2025-05-04
PAY006172,ORD006172,UPI,Success,157342.5,2025-03-14
PAY006173,ORD006173,Cash on Delivery,Success,91443.8,2025-03-04
PAY006174,ORD006174,Debit Card,Success,244745.7,2025-02-25
PAY006175,ORD006175,Wallet,Success,102440.7,2025-06-12
PAY006176,ORD006176,Cash on Delivery,Success,4536.0,2025-01-17
PAY006177,ORD006177,Debit Card,Success,64322.6,2025-06-20
PAY006178,ORD006178,UPI,Success,45959.3,2025-01-18
PAY006179,ORD006179,Net Banking,Success,156658.35,2025-01-14
PAY006180,ORD006180,Cash on Delivery,Success,152673.15,2025-05-11
PAY006181,ORD006181,Wallet,Success,330855.4,2025-01-22
PAY006182,ORD006182,Wallet,Success,134230.5,2025-03-24
PAY006183,ORD006183,Net Banking,Success,117816.1,2025-05-09
PAY006184,ORD006184,Net Banking,Success,199848.55,2025-01-27
PAY006185,ORD006185,Debit Card,Success,107942.9,2025-04-26
PAY006186,ORD006186,Cash on Delivery,Success,267977.7,2025-01-11
PAY006187,ORD006187,Credit Card,Success,300259.2,2025-03-19
PAY006188,ORD006188,Debit Card,Success,150360.6,2025-02-05
PAY006189,ORD006189,Cash on Delivery,Success,49685.9,2025-05-22
PAY006190,ORD006190,Debit Card,Success,17752.25,2025-02-15
PAY006191,ORD006191,Debit Card,Success,151446.5,2025-01-31
PAY006192,ORD006192,UPI,Success,102717.2,2025-04-18
PAY006193,ORD006193,Net Banking,Success,44377.0,2025-05-06
PAY006194,ORD006194,Wallet,Success,63831.45,2025-02-28
PAY006195,ORD006195,Wallet,Success,17049.9,2025-03-03
PAY006196,ORD006196,Net Banking,Success,111147.6,2025-06-21
PAY006197,ORD006197,Debit Card,Failed,99214.7,2025-04-14
PAY006198,ORD006198,Credit Card,Success,108007.45,2025-03-22
PAY006199,ORD006199,UPI,Success,74378.3,2025-05-30
PAY006200,ORD006200,UPI,Success,136731.7,2025-03-29
PAY006201,ORD006201,Net Banking,Success,57139.7,2025-02-14
PAY006202,ORD006202,Credit Card,Success,120170.3,2025-02-18
PAY006203,ORD006203,Wallet,Success,273250.25,2025-01-03
PAY006204,ORD006204,Credit Card,Success,145024.3,2025-01-29
PAY006205,ORD006205,Debit Card,Success,83754.4,2025-05-14
PAY006206,ORD006206,UPI,Success,124748.2,2025-03-27
PAY006207,ORD006207,Debit Card,Success,146524.6,2025-05-24
PAY006208,ORD006208,Net Banking,Success,243422.4,2025-01-18
PAY006209,ORD006209,UPI,Success,91225.4,2025-04-21
PAY006210,ORD006210,Net Banking,Success,100729.9,2025-01-31
PAY006211,ORD006211,Wallet,Success,116460.8,2025-05-17
PAY006212,ORD006212,UPI,Success,52304.0,2025-02-07
PAY006213,ORD006213,Credit Card,Success,151807.65,2025-01-28
PAY006214,ORD006214,Debit Card,Success,13795.5,2025-05-19
PAY006215,ORD006215,UPI,Success,198611.4,2025-06-01
PAY006216,ORD006216,Credit Card,Success,249791.0,2025-05-20
PAY006217,ORD006217,UPI,Success,260278.4,2025-01-30
PAY006218,ORD006218,Credit Card,Success,10793.6,2025-03-30
PAY006219,ORD006219,UPI,Success,37413.6,2025-05-20
PAY006220,ORD006220,Wallet,Success,211290.9,2025-02-28
PAY006221,ORD006221,Cash on Delivery,Failed,173309.7,2025-05-03
PAY006222,ORD006222,Credit Card,Success,194636.8,2025-03-25
PAY006223,ORD006223,Credit Card,Success,32791.4,2025-04-17
PAY006224,ORD006224,Cash on Delivery,Success,216649.5,2025-02-13
PAY006225,ORD006225,Cash on Delivery,Success,129359.7,2025-02-26
PAY006226,ORD006226,Credit Card,Success,192783.2,2025-05-19
PAY006227,ORD006227,Debit Card,Success,336295.35,2025-05-15
PAY006228,ORD006228,UPI,Success,279175.55,2025-02-11
PAY006229,ORD006229,Cash on Delivery,Success,41503.5,2025-05-22
PAY006230,ORD006230,Credit Card,Success,134814.9,2025-04-20
PAY006231,ORD006231,Cash on Delivery,Success,108713.1,2025-04-05
PAY006232,ORD006232,UPI,Success,61843.6,2025-04-29
PAY006233,ORD006233,UPI,Success,102865.2,2025-03-16
PAY006234,ORD006234,Net Banking,Failed,154272.15,2025-05-19
PAY006235,ORD006235,Cash on Delivery,Success,107544.8,2025-05-31
PAY006236,ORD006236,Cash on Delivery,Success,184862.4,2025-05-09
PAY006237,ORD006237,Net Banking,Success,261141.45,2025-04-25
PAY006238,ORD006238,Cash on Delivery,Success,42342.4,2025-04-07
PAY006239,ORD006239,Cash on Delivery,Success,208940.25,2025-03-29
PAY006240,ORD006240,UPI,Success,23352.5,2025-06-07
PAY006241,ORD006241,UPI,Success,84134.4,2025-03-15
PAY006242,ORD006242,Debit Card,Success,243497.6,2025-03-19
PAY006243,ORD006243,Debit Card,Success,71044.3,2025-04-24
PAY006244,ORD006244,Net Banking,Success,98937.6,2025-06-22
PAY006245,ORD006245,Credit Card,Success,52433.45,2025-01-13
PAY006246,ORD006246,Wallet,Success,214951.6,2025-05-25
PAY006247,ORD006247,UPI,Success,56295.5,2025-04-09
PAY006248,ORD006248,Net Banking,Success,226347.45,2025-02-05
PAY006249,ORD006249,Debit Card,Success,68427.9,2025-02-03
PAY006250,ORD006250,Debit Card,Success,268462.8,2025-03-05
PAY006251,ORD006251,Credit Card,Success,293100.4,2025-04-23
PAY006252,ORD006252,Net Banking,Success,118879.4,2025-04-21
PAY006253,ORD006253,Cash on Delivery,Success,76815.45,2025-02-25
PAY006254,ORD006254,Cash on Delivery,Success,67461.6,2025-01-23
PAY006255,ORD006255,Credit Card,Success,28944.0,2025-06-22
PAY006256,ORD006256,UPI,Success,89558.0,2025-02-01
PAY006257,ORD006257,UPI,Success,219786.75,2025-01-08
PAY006258,ORD006258,Credit Card,Success,101046.25,2025-05-08
PAY006259,ORD006259,Wallet,Success,33778.0,2025-03-09
PAY006260,ORD006260,Cash on Delivery,Success,226071.1,2025-02-12
PAY006261,ORD006261,UPI,Success,148000.25,2025-01-10
PAY006262,ORD006262,Debit Card,Success,68107.1,2025-06-11
PAY006263,ORD006263,Net Banking,Success,103142.55,2025-01-18
PAY006264,ORD006264,UPI,Success,59863.2,2025-03-20
PAY006265,ORD006265,Credit Card,Success,158546.3,2025-01-29
PAY006266,ORD006266,Wallet,Success,150309.55,2025-04-06
PAY006267,ORD006267,Debit Card,Refunded,3473.0,2025-03-15
PAY006268,ORD006268,Credit Card,Success,180528.1,2025-06-14
PAY006269,ORD006269,Net Banking,Success,158373.0,2025-03-21
PAY006270,ORD006270,Credit Card,Success,27514.5,2025-05-05
PAY006271,ORD006271,UPI,Success,147363.55,2025-04-28
PAY006272,ORD006272,UPI,Success,185678.7,2025-06-17
PAY006273,ORD006273,UPI,Success,93778.3,2025-01-18
PAY006274,ORD006274,Debit Card,Success,120076.75,2025-06-20
PAY006275,ORD006275,Debit Card,Success,39163.2,2025-01-11
PAY006276,ORD006276,Debit Card,Success,167987.55,2025-06-22
PAY006277,ORD006277,Net Banking,Success,18028.8,2025-04-21
PAY006278,ORD006278,Wallet,Success,26251.35,2025-06-08
PAY006279,ORD006279,Credit Card,Success,30957.0,2025-04-19
PAY006280,ORD006280,UPI,Success,86325.6,2025-04-15
PAY006281,ORD006281,Wallet,Success,128508.4,2025-06-27
PAY006282,ORD006282,Debit Card,Success,181580.2,2025-02-28
PAY006283,ORD006283,Credit Card,Failed,114767.4,2025-01-31
PAY006284,ORD006284,Cash on Delivery,Success,81871.8,2025-06-19
PAY006285,ORD006285,Debit Card,Success,176123.1,2025-01-25
PAY006286,ORD006286,Credit Card,Failed,93061.4,2025-04-10
PAY006287,ORD006287,Cash on Delivery,Success,923.0,2025-04-15
PAY006288,ORD006288,Credit Card,Success,52086.35,2025-04-27
PAY006289,ORD006289,UPI,Success,54901.1,2025-06-25
PAY006290,ORD006290,UPI,Success,91772.0,2025-06-20
PAY006291,ORD006291,Wallet,Success,1533.6,2025-06-24
PAY006292,ORD006292,Debit Card,Failed,84992.7,2025-05-31
PAY006293,ORD006293,Cash on Delivery,Success,34292.2,2025-04-24
PAY006294,ORD006294,Wallet,Success,30283.4,2025-04-16
PAY006295,ORD006295,Wallet,Failed,208402.1,2025-06-22
PAY006296,ORD006296,Credit Card,Success,15126.6,2025-03-13
PAY006297,ORD006297,Net Banking,Success,78458.6,2025-04-27
PAY006298,ORD006298,Debit Card,Success,244374.2,2025-03-07
PAY006299,ORD006299,Cash on Delivery,Success,88022.7,2025-03-07
PAY006300,ORD006300,Credit Card,Failed,33645.6,2025-03-12
PAY006301,ORD006301,Debit Card,Success,143458.8,2025-03-14
PAY006302,ORD006302,Cash on Delivery,Success,91309.85,2025-03-17
PAY006303,ORD006303,Wallet,Success,112960.8,2025-03-02
PAY006304,ORD006304,Net Banking,Success,169050.95,2025-03-15
PAY006305,ORD006305,UPI,Success,95412.0,2025-01-18
PAY006306,ORD006306,Debit Card,Success,52574.3,2025-03-05
PAY006307,ORD006307,UPI,Success,113959.2,2025-05-06
PAY006308,ORD006308,Net Banking,Success,90697.5,2025-06-21
PAY006309,ORD006309,Net Banking,Success,27352.75,2025-03-29
PAY006310,ORD006310,Debit Card,Success,156696.3,2025-03-16
PAY006311,ORD006311,Credit Card,Success,89983.05,2025-06-25
PAY006312,ORD006312,UPI,Success,63061.4,2025-02-17
PAY006313,ORD006313,Debit Card,Success,78258.7,2025-06-10
PAY006314,ORD006314,Credit Card,Success,160339.5,2025-03-02
PAY006315,ORD006315,Wallet,Success,79329.4,2025-05-09
PAY006316,ORD006316,Debit Card,Success,118724.4,2025-02-23
PAY006317,ORD006317,UPI,Success,141148.8,2025-06-30
PAY006318,ORD006318,Net Banking,Success,107744.0,2025-05-10
PAY006319,ORD006319,Credit Card,Success,153905.8,2025-02-10
PAY006320,ORD006320,Net Banking,Refunded,132911.7,2025-04-26
PAY006321,ORD006321,Cash on Delivery,Refunded,140076.85,2025-04-18
PAY006322,ORD006322,Cash on Delivery,Success,111073.05,2025-06-06
PAY006323,ORD006323,Net Banking,Success,129123.9,2025-03-24
PAY006324,ORD006324,Wallet,Success,39002.0,2025-03-18
PAY006325,ORD006325,Net Banking,Success,97528.75,2025-03-15
PAY006326,ORD006326,Credit Card,Success,108739.2,2025-01-13
PAY006327,ORD006327,Net Banking,Success,166754.8,2025-01-14
PAY006328,ORD006328,Debit Card,Success,28663.2,2025-06-27
PAY006329,ORD006329,Cash on Delivery,Success,92998.5,2025-03-07
PAY006330,ORD006330,Debit Card,Success,165496.3,2025-05-31
PAY006331,ORD006331,Wallet,Success,168826.15,2025-05-23
PAY006332,ORD006332,Debit Card,Success,1510.2,2025-05-05
PAY006333,ORD006333,Net Banking,Success,194265.75,2025-02-16
PAY006334,ORD006334,UPI,Success,40603.2,2025-01-30
PAY006335,ORD006335,Credit Card,Success,42434.25,2025-06-21
PAY006336,ORD006336,Cash on Delivery,Success,208792.8,2025-04-23
PAY006337,ORD006337,Credit Card,Success,25031.7,2025-05-30
PAY006338,ORD006338,Cash on Delivery,Failed,178017.95,2025-06-23
PAY006339,ORD006339,Debit Card,Failed,61666.65,2025-03-24
PAY006340,ORD006340,Net Banking,Success,162025.5,2025-02-03
PAY006341,ORD006341,Debit Card,Success,146109.0,2025-03-24
PAY006342,ORD006342,UPI,Success,137069.6,2025-05-17
PAY006343,ORD006343,Debit Card,Success,133664.0,2025-06-30
PAY006344,ORD006344,Credit Card,Success,112934.7,2025-06-01
PAY006345,ORD006345,UPI,Success,115243.85,2025-04-19
PAY006346,ORD006346,Cash on Delivery,Success,3320.1,2025-03-16
PAY006347,ORD006347,Credit Card,Success,118703.9,2025-05-24
PAY006348,ORD006348,Cash on Delivery,Success,9945.0,2025-03-25
PAY006349,ORD006349,Wallet,Success,126347.8,2025-06-06
PAY006350,ORD006350,Debit Card,Success,119251.1,2025-04-07
PAY006351,ORD006351,Wallet,Success,26413.2,2025-02-27
PAY006352,ORD006352,Net Banking,Success,138791.85,2025-03-01
PAY006353,ORD006353,Credit Card,Success,89530.8,2025-01-04
PAY006354,ORD006354,Cash on Delivery,Success,9593.1,2025-05-06
PAY006355,ORD006355,Wallet,Success,73400.0,2025-02-21
PAY006356,ORD006356,Credit Card,Success,40169.05,2025-06-24
PAY006357,ORD006357,Credit Card,Success,86699.05,2025-03-13
PAY006358,ORD006358,Cash on Delivery,Success,119933.7,2025-04-10
PAY006359,ORD006359,Debit Card,Success,100949.4,2025-01-26
PAY006360,ORD006360,Wallet,Success,104851.2,2025-06-09
PAY006361,ORD006361,UPI,Success,130112.5,2025-02-08
PAY006362,ORD006362,Wallet,Success,128074.5,2025-01-23
PAY006363,ORD006363,UPI,Success,21365.8,2025-05-13
PAY006364,ORD006364,Credit Card,Success,77710.4,2025-06-24
PAY006365,ORD006365,Credit Card,Success,171103.6,2025-04-09
PAY006366,ORD006366,Debit Card,Success,74507.5,2025-01-03
PAY006367,ORD006367,Cash on Delivery,Success,139404.2,2025-01-23
PAY006368,ORD006368,Net Banking,Success,71907.0,2025-02-28
PAY006369,ORD006369,Credit Card,Success,267707.2,2025-04-20
PAY006370,ORD006370,Wallet,Success,197411.55,2025-01-27
PAY006371,ORD006371,Debit Card,Success,100514.2,2025-04-17
PAY006372,ORD006372,Credit Card,Success,257028.55,2025-04-09
PAY006373,ORD006373,Net Banking,Success,208050.4,2025-05-12
PAY006374,ORD006374,UPI,Success,156909.2,2025-03-27
PAY006375,ORD006375,Credit Card,Success,79053.3,2025-06-14
PAY006376,ORD006376,Net Banking,Success,64379.6,2025-06-18
PAY006377,ORD006377,Debit Card,Success,286432.8,2025-03-05
PAY006378,ORD006378,Credit Card,Success,129543.9,2025-04-14
PAY006379,ORD006379,Debit Card,Success,58800.7,2025-01-21
PAY006380,ORD006380,Net Banking,Success,235814.15,2025-05-24
PAY006381,ORD006381,Debit Card,Success,128965.7,2025-04-15
PAY006382,ORD006382,Debit Card,Success,164073.75,2025-03-18
PAY006383,ORD006383,Cash on Delivery,Success,49526.7,2025-02-12
PAY006384,ORD006384,Wallet,Refunded,216907.65,2025-02-19
PAY006385,ORD006385,UPI,Success,15802.0,2025-04-02
PAY006386,ORD006386,Wallet,Success,246004.1,2025-02-21
PAY006387,ORD006387,UPI,Success,55396.1,2025-05-20
PAY006388,ORD006388,UPI,Success,171897.9,2025-06-30
PAY006389,ORD006389,UPI,Success,81678.2,2025-05-28
PAY006390,ORD006390,Credit Card,Success,142180.8,2025-02-28
PAY006391,ORD006391,Credit Card,Success,63250.0,2025-04-16
PAY006392,ORD006392,Net Banking,Success,129864.85,2025-06-30
PAY006393,ORD006393,Cash on Delivery,Success,167517.6,2025-04-20
PAY006394,ORD006394,Wallet,Success,118980.0,2025-03-29
PAY006395,ORD006395,Net Banking,Success,73046.8,2025-02-08
PAY006396,ORD006396,UPI,Success,637.45,2025-05-12
PAY006397,ORD006397,Debit Card,Success,207585.35,2025-01-12
PAY006398,ORD006398,Credit Card,Success,34475.0,2025-05-10
PAY006399,ORD006399,Cash on Delivery,Success,63953.0,2025-02-23
PAY006400,ORD006400,Cash on Delivery,Success,132222.7,2025-03-27
PAY006401,ORD006401,Cash on Delivery,Success,247999.35,2025-05-11
PAY006402,ORD006402,UPI,Success,88230.25,2025-06-12
PAY006403,ORD006403,UPI,Success,188943.75,2025-03-29
PAY006404,ORD006404,Debit Card,Success,63993.05,2025-02-25
PAY006405,ORD006405,Credit Card,Success,136512.15,2025-06-17
PAY006406,ORD006406,Credit Card,Refunded,179336.55,2025-03-09
PAY006407,ORD006407,UPI,Success,69101.7,2025-06-21
PAY006408,ORD006408,Wallet,Success,282205.8,2025-04-14
PAY006409,ORD006409,Net Banking,Success,114852.0,2025-03-22
PAY006410,ORD006410,Debit Card,Success,8016.8,2025-06-21
PAY006411,ORD006411,UPI,Success,146887.85,2025-03-21
PAY006412,ORD006412,Credit Card,Success,101270.1,2025-01-28
PAY006413,ORD006413,UPI,Success,234608.0,2025-01-27
PAY006414,ORD006414,Cash on Delivery,Success,107650.6,2025-05-01
PAY006415,ORD006415,Debit Card,Success,158600.4,2025-03-17
PAY006416,ORD006416,Credit Card,Success,108791.15,2025-04-07
PAY006417,ORD006417,Wallet,Success,78015.1,2025-03-30
PAY006418,ORD006418,Wallet,Success,28265.9,2025-06-23
PAY006419,ORD006419,Net Banking,Success,75134.35,2025-05-16
PAY006420,ORD006420,Net Banking,Success,71037.2,2025-04-26
PAY006421,ORD006421,UPI,Success,95516.0,2025-02-13
PAY006422,ORD006422,Wallet,Success,103020.0,2025-06-21
PAY006423,ORD006423,Wallet,Success,188980.0,2025-04-24
PAY006424,ORD006424,Wallet,Success,129043.8,2025-06-08
PAY006425,ORD006425,Credit Card,Success,80693.45,2025-04-13
PAY006426,ORD006426,Net Banking,Success,56727.0,2025-05-21
PAY006427,ORD006427,Wallet,Success,283339.1,2025-05-20
PAY006428,ORD006428,Wallet,Failed,166568.55,2025-01-18
PAY006429,ORD006429,UPI,Success,12188.7,2025-05-04
PAY006430,ORD006430,UPI,Success,163486.65,2025-06-07
PAY006431,ORD006431,Credit Card,Success,123300.75,2025-03-19
PAY006432,ORD006432,UPI,Success,68975.8,2025-02-18
PAY006433,ORD006433,Debit Card,Success,35913.6,2025-05-29
PAY006434,ORD006434,Wallet,Success,204209.7,2025-06-22
PAY006435,ORD006435,Debit Card,Success,120812.55,2025-03-17
PAY006436,ORD006436,Wallet,Success,104409.7,2025-02-05
PAY006437,ORD006437,Net Banking,Success,46008.55,2025-01-03
PAY006438,ORD006438,UPI,Failed,94326.0,2025-02-04
PAY006439,ORD006439,Net Banking,Success,96033.3,2025-05-20
PAY006440,ORD006440,Wallet,Success,44934.8,2025-05-04
PAY006441,ORD006441,Wallet,Success,139527.5,2025-05-05
PAY006442,ORD006442,Cash on Delivery,Refunded,46616.0,2025-02-19
PAY006443,ORD006443,Credit Card,Success,86329.85,2025-06-13
PAY006444,ORD006444,Net Banking,Success,115834.5,2025-03-28
PAY006445,ORD006445,UPI,Success,227283.15,2025-01-30
PAY006446,ORD006446,Credit Card,Success,16829.15,2025-04-10
PAY006447,ORD006447,Net Banking,Success,31364.0,2025-01-29
PAY006448,ORD006448,Credit Card,Success,51380.2,2025-04-23
PAY006449,ORD006449,UPI,Success,72697.2,2025-04-26
PAY006450,ORD006450,Net Banking,Success,151497.8,2025-05-16
PAY006451,ORD006451,Cash on Delivery,Success,270183.3,2025-06-19
PAY006452,ORD006452,Cash on Delivery,Success,43871.3,2025-05-05
PAY006453,ORD006453,Wallet,Success,26628.5,2025-01-16
PAY006454,ORD006454,UPI,Failed,16682.4,2025-05-05
PAY006455,ORD006455,Wallet,Success,107941.8,2025-05-02
PAY006456,ORD006456,Cash on Delivery,Success,23684.4,2025-04-25
PAY006457,ORD006457,Wallet,Success,135111.6,2025-02-09
PAY006458,ORD006458,UPI,Success,154457.6,2025-06-14
PAY006459,ORD006459,Wallet,Success,111301.8,2025-04-16
PAY006460,ORD006460,Credit Card,Success,82768.6,2025-01-08
PAY006461,ORD006461,Cash on Delivery,Success,117603.15,2025-05-02
PAY006462,ORD006462,UPI,Success,88321.5,2025-06-22
PAY006463,ORD006463,Net Banking,Success,8488.8,2025-03-20
PAY006464,ORD006464,Cash on Delivery,Success,163015.25,2025-04-22
PAY006465,ORD006465,Debit Card,Success,34979.2,2025-04-13
PAY006466,ORD006466,Net Banking,Success,111773.2,2025-06-08
PAY006467,ORD006467,Net Banking,Success,129817.4,2025-04-08
PAY006468,ORD006468,Wallet,Success,120865.55,2025-02-16
PAY006469,ORD006469,Credit Card,Failed,39485.9,2025-05-01
PAY006470,ORD006470,Net Banking,Success,38250.4,2025-02-24
PAY006471,ORD006471,Debit Card,Success,70796.4,2025-01-19
PAY006472,ORD006472,Debit Card,Success,151372.55,2025-02-23
PAY006473,ORD006473,Debit Card,Success,150982.1,2025-04-09
PAY006474,ORD006474,UPI,Success,106515.0,2025-06-23
PAY006475,ORD006475,Net Banking,Success,239334.3,2025-04-27
PAY006476,ORD006476,Debit Card,Success,152735.95,2025-05-29
PAY006477,ORD006477,Debit Card,Success,83485.05,2025-04-07
PAY006478,ORD006478,Net Banking,Success,108241.8,2025-05-16
PAY006479,ORD006479,Debit Card,Failed,84098.8,2025-05-07
PAY006480,ORD006480,Credit Card,Success,82700.0,2025-06-09
PAY006481,ORD006481,Debit Card,Success,61641.0,2025-04-29
PAY006482,ORD006482,Wallet,Success,4157.2,2025-03-08
PAY006483,ORD006483,Net Banking,Success,90683.7,2025-06-24
PAY006484,ORD006484,Wallet,Success,45266.2,2025-02-27
PAY006485,ORD006485,Net Banking,Success,142346.9,2025-02-01
PAY006486,ORD006486,Wallet,Success,137271.0,2025-05-15
PAY006487,ORD006487,Wallet,Success,28465.0,2025-02-03
PAY006488,ORD006488,Debit Card,Success,223610.5,2025-06-16
PAY006489,ORD006489,Net Banking,Success,96680.7,2025-04-26
PAY006490,ORD006490,UPI,Success,111922.0,2025-06-30
PAY006491,ORD006491,Credit Card,Success,18801.0,2025-03-16
PAY006492,ORD006492,Credit Card,Success,150428.05,2025-06-08
PAY006493,ORD006493,Net Banking,Success,202003.7,2025-05-30
PAY006494,ORD006494,UPI,Success,89206.9,2025-03-20
PAY006495,ORD006495,Net Banking,Success,204144.2,2025-02-18
PAY006496,ORD006496,Credit Card,Success,4897.7,2025-02-22
PAY006497,ORD006497,Debit Card,Success,24841.25,2025-06-13
PAY006498,ORD006498,Debit Card,Success,80108.0,2025-02-03
PAY006499,ORD006499,Net Banking,Success,162507.0,2025-05-28
PAY006500,ORD006500,Net Banking,Success,123261.5,2025-02-20
PAY006501,ORD006501,Debit Card,Success,82767.9,2025-04-24
PAY006502,ORD006502,Cash on Delivery,Success,106487.4,2025-02-28
PAY006503,ORD006503,Credit Card,Success,95486.3,2025-05-21
PAY006504,ORD006504,Cash on Delivery,Success,47517.6,2025-06-15
PAY006505,ORD006505,Credit Card,Success,40418.35,2025-04-19
PAY006506,ORD006506,UPI,Success,93732.0,2025-03-03
PAY006507,ORD006507,Cash on Delivery,Success,80586.8,2025-03-30
PAY006508,ORD006508,Credit Card,Success,90608.9,2025-02-22
PAY006509,ORD006509,Credit Card,Success,96818.6,2025-06-14
PAY006510,ORD006510,Wallet,Success,158858.2,2025-01-19
PAY006511,ORD006511,Credit Card,Success,74741.25,2025-01-10
PAY006512,ORD006512,Debit Card,Success,32555.2,2025-04-09
PAY006513,ORD006513,Cash on Delivery,Success,186404.65,2025-04-24
PAY006514,ORD006514,UPI,Failed,121741.25,2025-02-20
PAY006515,ORD006515,Wallet,Success,45356.75,2025-05-27
PAY006516,ORD006516,Net Banking,Success,130134.0,2025-03-10
PAY006517,ORD006517,Credit Card,Success,72404.2,2025-04-11
PAY006518,ORD006518,Net Banking,Success,53843.05,2025-03-26
PAY006519,ORD006519,Debit Card,Success,212527.35,2025-03-15
PAY006520,ORD006520,Cash on Delivery,Success,130334.55,2025-03-02
PAY006521,ORD006521,Cash on Delivery,Success,255205.9,2025-06-22
PAY006522,ORD006522,UPI,Success,112391.45,2025-01-15
PAY006523,ORD006523,UPI,Success,12095.4,2025-05-16
PAY006524,ORD006524,Cash on Delivery,Success,168534.65,2025-02-24
PAY006525,ORD006525,Cash on Delivery,Success,200264.65,2025-06-25
PAY006526,ORD006526,Net Banking,Success,257162.2,2025-03-17
PAY006527,ORD006527,Net Banking,Failed,31708.15,2025-02-28
PAY006528,ORD006528,Cash on Delivery,Success,74430.0,2025-04-25
PAY006529,ORD006529,Credit Card,Success,74516.4,2025-04-05
PAY006530,ORD006530,Net Banking,Success,86047.95,2025-01-01
PAY006531,ORD006531,Wallet,Success,151093.95,2025-02-19
PAY006532,ORD006532,Credit Card,Success,74836.8,2025-01-24
PAY006533,ORD006533,Net Banking,Success,106251.0,2025-04-16
PAY006534,ORD006534,UPI,Success,158471.2,2025-05-14
PAY006535,ORD006535,Credit Card,Success,177882.3,2025-03-17
PAY006536,ORD006536,Cash on Delivery,Success,38220.7,2025-06-05
PAY006537,ORD006537,UPI,Success,122072.95,2025-01-29
PAY006538,ORD006538,UPI,Success,49500.0,2025-02-25
PAY006539,ORD006539,Wallet,Success,80710.2,2025-04-06
PAY006540,ORD006540,Net Banking,Success,133243.5,2025-04-18
PAY006541,ORD006541,Net Banking,Success,184840.55,2025-06-06
PAY006542,ORD006542,Net Banking,Refunded,187412.05,2025-01-13
PAY006543,ORD006543,Wallet,Success,1969.2,2025-03-19
PAY006544,ORD006544,UPI,Success,63434.05,2025-06-08
PAY006545,ORD006545,Cash on Delivery,Success,166637.1,2025-06-23
PAY006546,ORD006546,Debit Card,Success,219921.2,2025-05-26
PAY006547,ORD006547,Debit Card,Success,19975.0,2025-03-19
PAY006548,ORD006548,UPI,Success,107542.6,2025-02-13
PAY006549,ORD006549,Debit Card,Success,77665.6,2025-03-10
PAY006550,ORD006550,Wallet,Success,11073.0,2025-03-06
PAY006551,ORD006551,Wallet,Success,155722.5,2025-01-31
PAY006552,ORD006552,Cash on Delivery,Success,50243.2,2025-06-16
PAY006553,ORD006553,Debit Card,Success,334383.4,2025-05-21
PAY006554,ORD006554,UPI,Failed,205374.5,2025-02-09
PAY006555,ORD006555,Debit Card,Success,952.0,2025-04-18
PAY006556,ORD006556,Credit Card,Success,157983.0,2025-03-16
PAY006557,ORD006557,Net Banking,Success,120448.8,2025-06-26
PAY006558,ORD006558,Wallet,Failed,24276.3,2025-06-05
PAY006559,ORD006559,Credit Card,Success,252015.0,2025-05-10
PAY006560,ORD006560,Net Banking,Success,187330.5,2025-02-09
PAY006561,ORD006561,UPI,Success,168236.35,2025-01-24
PAY006562,ORD006562,UPI,Failed,51710.4,2025-06-22
PAY006563,ORD006563,Debit Card,Success,89288.25,2025-05-10
PAY006564,ORD006564,Debit Card,Success,196180.2,2025-04-30
PAY006565,ORD006565,Wallet,Success,45372.95,2025-02-21
PAY006566,ORD006566,Cash on Delivery,Success,227437.3,2025-03-28
PAY006567,ORD006567,Net Banking,Success,128111.2,2025-03-02
PAY006568,ORD006568,Cash on Delivery,Success,198527.0,2025-06-10
PAY006569,ORD006569,Cash on Delivery,Failed,109157.9,2025-06-21
PAY006570,ORD006570,Net Banking,Success,201249.6,2025-06-18
PAY006571,ORD006571,Net Banking,Success,47128.1,2025-04-29
PAY006572,ORD006572,Cash on Delivery,Success,134879.15,2025-01-03
PAY006573,ORD006573,Cash on Delivery,Success,7809.3,2025-05-24
PAY006574,ORD006574,Credit Card,Failed,87890.2,2025-03-17
PAY006575,ORD006575,Debit Card,Success,100514.7,2025-05-24
PAY006576,ORD006576,Cash on Delivery,Failed,116276.85,2025-05-17
PAY006577,ORD006577,Wallet,Success,127212.4,2025-01-19
PAY006578,ORD006578,UPI,Success,180894.55,2025-04-09
PAY006579,ORD006579,Debit Card,Success,93206.2,2025-06-27
PAY006580,ORD006580,Debit Card,Success,170073.75,2025-03-18
PAY006581,ORD006581,Wallet,Success,5427.0,2025-02-17
PAY006582,ORD006582,UPI,Success,63731.4,2025-03-11
PAY006583,ORD006583,Cash on Delivery,Success,136239.8,2025-05-10
PAY006584,ORD006584,Wallet,Failed,171343.6,2025-01-13
PAY006585,ORD006585,Cash on Delivery,Success,210386.3,2025-04-11
PAY006586,ORD006586,Debit Card,Success,33145.5,2025-01-23
PAY006587,ORD006587,UPI,Failed,126675.7,2025-04-06
PAY006588,ORD006588,UPI,Success,122372.15,2025-03-16
PAY006589,ORD006589,Cash on Delivery,Success,121565.95,2025-01-16
PAY006590,ORD006590,Credit Card,Success,106455.15,2025-03-28
PAY006591,ORD006591,Wallet,Success,274929.95,2025-03-19
PAY006592,ORD006592,Cash on Delivery,Success,61854.5,2025-05-13
PAY006593,ORD006593,Wallet,Success,91198.1,2025-06-18
PAY006594,ORD006594,Credit Card,Success,64719.1,2025-01-18
PAY006595,ORD006595,Credit Card,Success,51558.45,2025-03-24
PAY006596,ORD006596,Debit Card,Success,122304.9,2025-02-02
PAY006597,ORD006597,Cash on Delivery,Success,30710.5,2025-06-23
PAY006598,ORD006598,Net Banking,Failed,142878.8,2025-06-21
PAY006599,ORD006599,Net Banking,Success,74536.5,2025-01-07
PAY006600,ORD006600,UPI,Success,91326.95,2025-05-08
PAY006601,ORD006601,Net Banking,Refunded,226097.65,2025-05-13
PAY006602,ORD006602,Credit Card,Success,105709.5,2025-03-02
PAY006603,ORD006603,UPI,Success,63519.3,2025-01-02
PAY006604,ORD006604,UPI,Success,111982.8,2025-03-03
PAY006605,ORD006605,Debit Card,Success,98731.25,2025-06-17
PAY006606,ORD006606,UPI,Success,76221.2,2025-01-13
PAY006607,ORD006607,Credit Card,Success,52812.4,2025-01-11
PAY006608,ORD006608,Wallet,Success,208560.0,2025-06-07
PAY006609,ORD006609,Wallet,Success,161303.55,2025-05-08
PAY006610,ORD006610,UPI,Success,201430.25,2025-02-13
PAY006611,ORD006611,Credit Card,Success,27541.1,2025-06-16
PAY006612,ORD006612,Debit Card,Success,288193.5,2025-05-03
PAY006613,ORD006613,Wallet,Success,31782.4,2025-05-28
PAY006614,ORD006614,UPI,Success,30981.6,2025-04-17
PAY006615,ORD006615,Wallet,Success,212401.7,2025-06-07
PAY006616,ORD006616,Credit Card,Success,69547.3,2025-03-08
PAY006617,ORD006617,Wallet,Success,117456.4,2025-03-22
PAY006618,ORD006618,Debit Card,Success,38945.6,2025-01-11
PAY006619,ORD006619,Credit Card,Success,11439.0,2025-03-17
PAY006620,ORD006620,Cash on Delivery,Failed,158978.1,2025-01-14
PAY006621,ORD006621,Net Banking,Success,35914.9,2025-03-01
PAY006622,ORD006622,Credit Card,Success,94126.6,2025-05-09
PAY006623,ORD006623,Net Banking,Success,65065.2,2025-02-25
PAY006624,ORD006624,UPI,Success,138891.1,2025-01-07
PAY006625,ORD006625,Cash on Delivery,Success,169680.0,2025-01-24
PAY006626,ORD006626,Net Banking,Failed,155588.9,2025-04-30
PAY006627,ORD006627,Debit Card,Success,83140.2,2025-03-08
PAY006628,ORD006628,Credit Card,Success,192425.6,2025-03-18
PAY006629,ORD006629,Wallet,Success,84947.3,2025-05-15
PAY006630,ORD006630,Net Banking,Failed,169081.0,2025-03-10
PAY006631,ORD006631,Cash on Delivery,Success,134433.35,2025-04-25
PAY006632,ORD006632,Credit Card,Success,203116.2,2025-03-26
PAY006633,ORD006633,Credit Card,Failed,147753.3,2025-04-26
PAY006634,ORD006634,Credit Card,Success,51271.35,2025-02-04
PAY006635,ORD006635,UPI,Success,51991.2,2025-04-22
PAY006636,ORD006636,Credit Card,Success,65494.1,2025-05-26
PAY006637,ORD006637,UPI,Success,226379.1,2025-06-15
PAY006638,ORD006638,Net Banking,Success,85507.8,2025-06-04
PAY006639,ORD006639,Debit Card,Success,204763.2,2025-04-21
PAY006640,ORD006640,Net Banking,Success,206307.05,2025-03-10
PAY006641,ORD006641,Net Banking,Success,36286.65,2025-01-09
PAY006642,ORD006642,Cash on Delivery,Success,155319.3,2025-03-01
PAY006643,ORD006643,Net Banking,Success,111631.65,2025-01-27
PAY006644,ORD006644,Wallet,Success,40974.85,2025-05-22
PAY006645,ORD006645,Cash on Delivery,Success,139303.05,2025-04-10
PAY006646,ORD006646,Cash on Delivery,Success,26716.0,2025-04-29
PAY006647,ORD006647,Net Banking,Success,213902.3,2025-06-17
PAY006648,ORD006648,Cash on Delivery,Success,104749.2,2025-04-10
PAY006649,ORD006649,Debit Card,Success,257654.4,2025-01-04
PAY006650,ORD006650,Wallet,Success,193908.05,2025-04-01
PAY006651,ORD006651,UPI,Success,219612.7,2025-05-23
PAY006652,ORD006652,UPI,Success,150855.5,2025-03-09
PAY006653,ORD006653,Cash on Delivery,Success,28371.75,2025-06-08
PAY006654,ORD006654,Debit Card,Success,21667.5,2025-04-28
PAY006655,ORD006655,Net Banking,Success,122976.45,2025-01-25
PAY006656,ORD006656,Cash on Delivery,Success,253621.65,2025-01-14
PAY006657,ORD006657,UPI,Success,99620.65,2025-04-11
PAY006658,ORD006658,UPI,Success,102110.55,2025-01-04
PAY006659,ORD006659,Debit Card,Success,129548.55,2025-01-19
PAY006660,ORD006660,Cash on Delivery,Success,142163.4,2025-05-26
PAY006661,ORD006661,Cash on Delivery,Success,107686.5,2025-05-04
PAY006662,ORD006662,Credit Card,Success,21323.2,2025-06-13
PAY006663,ORD006663,UPI,Success,106958.85,2025-03-25
PAY006664,ORD006664,Cash on Delivery,Success,9920.85,2025-01-12
PAY006665,ORD006665,Net Banking,Success,25192.2,2025-04-20
PAY006666,ORD006666,Credit Card,Success,62312.6,2025-01-16
PAY006667,ORD006667,UPI,Success,63147.2,2025-02-11
PAY006668,ORD006668,Wallet,Success,212505.4,2025-03-10
PAY006669,ORD006669,Credit Card,Success,273927.0,2025-04-18
PAY006670,ORD006670,UPI,Success,96035.45,2025-02-03
PAY006671,ORD006671,Cash on Delivery,Success,36382.0,2025-04-11
PAY006672,ORD006672,Net Banking,Success,164952.8,2025-01-15
PAY006673,ORD006673,Net Banking,Success,54268.55,2025-06-25
PAY006674,ORD006674,Debit Card,Success,236972.35,2025-05-07
PAY006675,ORD006675,Net Banking,Success,140079.9,2025-02-10
PAY006676,ORD006676,Net Banking,Success,158821.25,2025-03-01
PAY006677,ORD006677,Wallet,Success,76258.5,2025-02-05
PAY006678,ORD006678,Credit Card,Success,146198.45,2025-01-25
PAY006679,ORD006679,Cash on Delivery,Success,61873.0,2025-04-15
PAY006680,ORD006680,Net Banking,Success,125958.0,2025-03-13
PAY006681,ORD006681,Credit Card,Success,60144.6,2025-05-05
PAY006682,ORD006682,Net Banking,Success,96260.55,2025-03-14
PAY006683,ORD006683,Debit Card,Success,118839.7,2025-06-14
PAY006684,ORD006684,UPI,Success,109592.15,2025-06-25
PAY006685,ORD006685,Debit Card,Success,72498.0,2025-02-12
PAY006686,ORD006686,Debit Card,Success,131632.2,2025-05-09
PAY006687,ORD006687,Cash on Delivery,Success,156393.8,2025-01-01
PAY006688,ORD006688,UPI,Success,230527.9,2025-03-13
PAY006689,ORD006689,Cash on Delivery,Success,182216.4,2025-06-16
PAY006690,ORD006690,Cash on Delivery,Failed,200732.35,2025-05-12
PAY006691,ORD006691,UPI,Success,122061.5,2025-02-02
PAY006692,ORD006692,Wallet,Success,332949.2,2025-01-24
PAY006693,ORD006693,Debit Card,Success,202572.9,2025-05-26
PAY006694,ORD006694,Cash on Delivery,Success,305670.6,2025-03-31
PAY006695,ORD006695,UPI,Success,32212.8,2025-06-08
PAY006696,ORD006696,Credit Card,Success,186261.8,2025-02-10
PAY006697,ORD006697,Cash on Delivery,Success,88410.6,2025-01-05
PAY006698,ORD006698,Credit Card,Success,2514.0,2025-04-17
PAY006699,ORD006699,Net Banking,Success,115168.8,2025-06-09
PAY006700,ORD006700,Wallet,Success,129900.7,2025-01-16
PAY006701,ORD006701,Cash on Delivery,Success,174557.6,2025-03-23
PAY006702,ORD006702,Net Banking,Success,3748.5,2025-03-31
PAY006703,ORD006703,Debit Card,Success,220381.5,2025-06-15
PAY006704,ORD006704,UPI,Success,118665.0,2025-04-26
PAY006705,ORD006705,Debit Card,Success,84224.6,2025-05-12
PAY006706,ORD006706,Cash on Delivery,Success,141201.45,2025-02-18
PAY006707,ORD006707,UPI,Success,152895.15,2025-04-19
PAY006708,ORD006708,Cash on Delivery,Success,55014.0,2025-06-10
PAY006709,ORD006709,UPI,Success,93874.7,2025-04-19
PAY006710,ORD006710,Wallet,Refunded,17500.5,2025-01-31
PAY006711,ORD006711,Cash on Delivery,Success,113573.4,2025-04-03
PAY006712,ORD006712,Wallet,Success,129234.2,2025-04-03
PAY006713,ORD006713,Debit Card,Success,278526.25,2025-03-17
PAY006714,ORD006714,Cash on Delivery,Failed,6333.0,2025-03-06
PAY006715,ORD006715,Credit Card,Success,253936.8,2025-02-10
PAY006716,ORD006716,UPI,Success,81006.95,2025-01-12
PAY006717,ORD006717,Credit Card,Success,150237.5,2025-06-03
PAY006718,ORD006718,Credit Card,Success,96690.3,2025-01-26
PAY006719,ORD006719,Cash on Delivery,Success,94530.0,2025-03-11
PAY006720,ORD006720,Credit Card,Success,140558.3,2025-06-25
PAY006721,ORD006721,Net Banking,Success,97512.3,2025-01-21
PAY006722,ORD006722,UPI,Success,10576.55,2025-02-27
PAY006723,ORD006723,Credit Card,Success,43509.0,2025-05-27
PAY006724,ORD006724,Wallet,Success,75975.5,2025-02-14
PAY006725,ORD006725,UPI,Success,156565.6,2025-03-19
PAY006726,ORD006726,Credit Card,Success,28845.0,2025-06-19
PAY006727,ORD006727,Wallet,Success,36089.6,2025-05-15
PAY006728,ORD006728,Net Banking,Success,233923.35,2025-01-26
PAY006729,ORD006729,Cash on Delivery,Success,62098.4,2025-06-01
PAY006730,ORD006730,Debit Card,Success,167689.7,2025-03-16
PAY006731,ORD006731,Credit Card,Success,15970.45,2025-01-20
PAY006732,ORD006732,Credit Card,Success,67471.4,2025-01-26
PAY006733,ORD006733,Debit Card,Success,36362.8,2025-04-24
PAY006734,ORD006734,Cash on Delivery,Success,229957.8,2025-05-17
PAY006735,ORD006735,Cash on Delivery,Success,126193.7,2025-03-21
PAY006736,ORD006736,Credit Card,Success,70826.0,2025-01-22
PAY006737,ORD006737,Wallet,Success,92605.7,2025-03-07
PAY006738,ORD006738,Debit Card,Success,157137.0,2025-04-28
PAY006739,ORD006739,Net Banking,Success,31367.55,2025-03-19
PAY006740,ORD006740,Credit Card,Success,88127.05,2025-02-20
PAY006741,ORD006741,Debit Card,Success,198379.2,2025-03-02
PAY006742,ORD006742,Debit Card,Success,269753.0,2025-01-09
PAY006743,ORD006743,Credit Card,Success,167282.35,2025-05-02
PAY006744,ORD006744,UPI,Refunded,142300.2,2025-03-18
PAY006745,ORD006745,Wallet,Success,113118.85,2025-03-06
PAY006746,ORD006746,UPI,Success,45183.9,2025-04-19
PAY006747,ORD006747,Cash on Delivery,Success,33222.45,2025-03-15
PAY006748,ORD006748,Net Banking,Success,59779.2,2025-02-11
PAY006749,ORD006749,Debit Card,Success,59552.1,2025-03-07
PAY006750,ORD006750,Cash on Delivery,Failed,188803.6,2025-04-15
PAY006751,ORD006751,Cash on Delivery,Success,154720.8,2025-01-29
PAY006752,ORD006752,Net Banking,Success,131728.6,2025-03-17
PAY006753,ORD006753,Wallet,Success,33093.9,2025-04-16
PAY006754,ORD006754,Net Banking,Success,71660.4,2025-01-18
PAY006755,ORD006755,Credit Card,Success,105583.2,2025-06-11
PAY006756,ORD006756,Net Banking,Success,161449.7,2025-06-20
PAY006757,ORD006757,Wallet,Success,23857.2,2025-02-13
PAY006758,ORD006758,Debit Card,Success,186138.8,2025-02-28
PAY006759,ORD006759,Net Banking,Success,4897.0,2025-05-29
PAY006760,ORD006760,Wallet,Success,69839.55,2025-02-27
PAY006761,ORD006761,Debit Card,Success,63131.3,2025-02-21
PAY006762,ORD006762,UPI,Success,73560.6,2025-01-31
PAY006763,ORD006763,Cash on Delivery,Success,66796.0,2025-02-13
PAY006764,ORD006764,Credit Card,Success,185730.45,2025-01-03
PAY006765,ORD006765,Credit Card,Success,32885.1,2025-04-20
PAY006766,ORD006766,Wallet,Success,35541.9,2025-03-09
PAY006767,ORD006767,Wallet,Success,59490.1,2025-03-28
PAY006768,ORD006768,Net Banking,Success,250157.1,2025-01-21
PAY006769,ORD006769,Wallet,Success,163278.2,2025-02-15
PAY006770,ORD006770,Wallet,Success,56281.05,2025-05-31
PAY006771,ORD006771,Net Banking,Success,28622.9,2025-06-02
PAY006772,ORD006772,Wallet,Success,232187.15,2025-01-24
PAY006773,ORD006773,Debit Card,Success,148281.7,2025-06-06
PAY006774,ORD006774,Cash on Delivery,Success,65147.4,2025-05-28
PAY006775,ORD006775,Credit Card,Refunded,162659.55,2025-01-15
PAY006776,ORD006776,UPI,Success,60603.2,2025-05-12
PAY006777,ORD006777,UPI,Success,137826.9,2025-04-20
PAY006778,ORD006778,Cash on Delivery,Success,167445.6,2025-04-07
PAY006779,ORD006779,Wallet,Failed,24441.6,2025-03-26
PAY006780,ORD006780,Wallet,Failed,97425.3,2025-01-07
PAY006781,ORD006781,Debit Card,Success,86903.6,2025-02-23
PAY006782,ORD006782,Wallet,Success,31625.65,2025-03-29
PAY006783,ORD006783,Net Banking,Success,31021.75,2025-06-08
PAY006784,ORD006784,Net Banking,Success,174746.8,2025-02-14
PAY006785,ORD006785,Wallet,Success,86656.8,2025-02-04
PAY006786,ORD006786,Net Banking,Success,123670.05,2025-04-01
PAY006787,ORD006787,Debit Card,Success,291843.9,2025-02-04
PAY006788,ORD006788,UPI,Success,4369.0,2025-01-17
PAY006789,ORD006789,Wallet,Success,158960.15,2025-01-22
PAY006790,ORD006790,Net Banking,Success,131489.6,2025-02-08
PAY006791,ORD006791,Credit Card,Success,6426.0,2025-03-20
PAY006792,ORD006792,UPI,Success,326388.9,2025-01-04
PAY006793,ORD006793,UPI,Success,95290.6,2025-04-19
PAY006794,ORD006794,Wallet,Success,63916.8,2025-02-27
PAY006795,ORD006795,Wallet,Success,22110.4,2025-03-10
PAY006796,ORD006796,Credit Card,Success,209771.3,2025-03-04
PAY006797,ORD006797,Net Banking,Success,91575.0,2025-01-19
PAY006798,ORD006798,Credit Card,Success,83600.3,2025-04-11
PAY006799,ORD006799,Cash on Delivery,Failed,91810.6,2025-01-04
PAY006800,ORD006800,Net Banking,Success,6981.0,2025-01-02
PAY006801,ORD006801,Wallet,Success,116377.5,2025-03-04
PAY006802,ORD006802,Debit Card,Success,62434.8,2025-05-10
PAY006803,ORD006803,UPI,Success,40678.8,2025-06-17
PAY006804,ORD006804,Net Banking,Success,42323.4,2025-04-26
PAY006805,ORD006805,Cash on Delivery,Success,25161.6,2025-02-04
PAY006806,ORD006806,Credit Card,Success,300335.3,2025-03-26
PAY006807,ORD006807,Net Banking,Success,48226.0,2025-03-01
PAY006808,ORD006808,Credit Card,Success,76160.35,2025-05-04
PAY006809,ORD006809,Credit Card,Success,67416.9,2025-03-06
PAY006810,ORD006810,Cash on Delivery,Success,35148.1,2025-06-29
PAY006811,ORD006811,Net Banking,Success,36036.6,2025-01-13
PAY006812,ORD006812,Credit Card,Success,186233.5,2025-01-31
PAY006813,ORD006813,Wallet,Success,71984.65,2025-05-06
PAY006814,ORD006814,Debit Card,Success,38893.8,2025-05-25
PAY006815,ORD006815,Debit Card,Success,50897.5,2025-04-13
PAY006816,ORD006816,Wallet,Success,51204.2,2025-06-27
PAY006817,ORD006817,Credit Card,Success,75542.9,2025-06-21
PAY006818,ORD006818,UPI,Failed,131531.35,2025-06-20
PAY006819,ORD006819,Credit Card,Success,14914.0,2025-06-23
PAY006820,ORD006820,Credit Card,Success,109042.7,2025-05-06
PAY006821,ORD006821,UPI,Success,116984.3,2025-04-03
PAY006822,ORD006822,Wallet,Success,176751.8,2025-04-12
PAY006823,ORD006823,Net Banking,Failed,35222.4,2025-02-19
PAY006824,ORD006824,Debit Card,Failed,202222.6,2025-06-06
PAY006825,ORD006825,Net Banking,Success,17776.8,2025-04-14
PAY006826,ORD006826,Wallet,Success,98219.25,2025-05-04
PAY006827,ORD006827,Credit Card,Success,46171.05,2025-01-29
PAY006828,ORD006828,UPI,Success,43605.0,2025-01-08
PAY006829,ORD006829,Credit Card,Success,166233.0,2025-02-11
PAY006830,ORD006830,Wallet,Success,234268.55,2025-03-15
PAY006831,ORD006831,Debit Card,Success,105826.1,2025-03-12
PAY006832,ORD006832,Debit Card,Success,81110.4,2025-06-05
PAY006833,ORD006833,Net Banking,Success,96287.25,2025-04-18
PAY006834,ORD006834,Wallet,Success,18268.8,2025-03-26
PAY006835,ORD006835,Cash on Delivery,Success,77058.0,2025-06-26
PAY006836,ORD006836,UPI,Failed,98114.4,2025-06-27
PAY006837,ORD006837,UPI,Success,116453.85,2025-01-25
PAY006838,ORD006838,Debit Card,Success,213115.9,2025-02-14
PAY006839,ORD006839,Wallet,Success,18411.85,2025-05-19
PAY006840,ORD006840,Net Banking,Success,94383.15,2025-06-06
PAY006841,ORD006841,Cash on Delivery,Success,8082.9,2025-05-08
PAY006842,ORD006842,Wallet,Success,159199.5,2025-03-18
PAY006843,ORD006843,UPI,Success,166380.85,2025-03-17
PAY006844,ORD006844,Debit Card,Success,25386.85,2025-03-03
PAY006845,ORD006845,Debit Card,Success,84577.2,2025-04-19
PAY006846,ORD006846,Debit Card,Success,122446.95,2025-03-05
PAY006847,ORD006847,UPI,Success,24578.4,2025-02-10
PAY006848,ORD006848,Wallet,Success,39868.0,2025-06-06
PAY006849,ORD006849,UPI,Success,75201.55,2025-05-07
PAY006850,ORD006850,Credit Card,Success,146058.0,2025-05-03
PAY006851,ORD006851,Net Banking,Success,114327.5,2025-05-13
PAY006852,ORD006852,Debit Card,Success,180000.75,2025-01-20
PAY006853,ORD006853,Credit Card,Success,60794.0,2025-06-18
PAY006854,ORD006854,Net Banking,Success,160142.4,2025-05-11
PAY006855,ORD006855,Debit Card,Success,187944.55,2025-03-30
PAY006856,ORD006856,Cash on Delivery,Success,114622.9,2025-04-30
PAY006857,ORD006857,Wallet,Success,119707.7,2025-03-26
PAY006858,ORD006858,Net Banking,Success,99378.0,2025-05-21
PAY006859,ORD006859,Debit Card,Success,101164.6,2025-04-14
PAY006860,ORD006860,Credit Card,Success,9914.2,2025-01-29
PAY006861,ORD006861,Debit Card,Success,32055.2,2025-01-29
PAY006862,ORD006862,Credit Card,Success,148739.25,2025-01-23
PAY006863,ORD006863,Debit Card,Success,27612.8,2025-05-31
PAY006864,ORD006864,Credit Card,Success,16809.3,2025-01-18
PAY006865,ORD006865,Credit Card,Success,49042.8,2025-03-27
PAY006866,ORD006866,Credit Card,Success,21069.8,2025-05-21
PAY006867,ORD006867,Wallet,Success,65257.2,2025-06-23
PAY006868,ORD006868,Credit Card,Success,62144.5,2025-03-30
PAY006869,ORD006869,UPI,Success,92726.0,2025-05-08
PAY006870,ORD006870,Cash on Delivery,Success,41766.05,2025-05-05
PAY006871,ORD006871,UPI,Success,194636.35,2025-02-28
PAY006872,ORD006872,Credit Card,Success,75961.35,2025-03-07
PAY006873,ORD006873,Net Banking,Success,56475.6,2025-02-23
PAY006874,ORD006874,Net Banking,Success,146358.9,2025-01-05
PAY006875,ORD006875,Wallet,Success,123739.75,2025-05-20
PAY006876,ORD006876,Net Banking,Success,26748.0,2025-02-26
PAY006877,ORD006877,Net Banking,Success,176767.45,2025-01-12
PAY006878,ORD006878,Wallet,Success,93343.6,2025-05-21
PAY006879,ORD006879,Cash on Delivery,Success,29493.0,2025-04-01
PAY006880,ORD006880,Net Banking,Success,332096.15,2025-05-04
PAY006881,ORD006881,Wallet,Success,117006.1,2025-05-22
PAY006882,ORD006882,UPI,Success,192859.95,2025-02-28
PAY006883,ORD006883,UPI,Success,77234.4,2025-05-01
PAY006884,ORD006884,Cash on Delivery,Success,124584.0,2025-03-31
PAY006885,ORD006885,Cash on Delivery,Success,60598.8,2025-04-01
PAY006886,ORD006886,Wallet,Success,173038.55,2025-02-18
PAY006887,ORD006887,Wallet,Success,169439.0,2025-06-20
PAY006888,ORD006888,Net Banking,Success,69524.4,2025-02-18
PAY006889,ORD006889,Credit Card,Success,13246.0,2025-04-17
PAY006890,ORD006890,UPI,Success,71965.35,2025-02-15
PAY006891,ORD006891,Cash on Delivery,Success,21498.4,2025-06-26
PAY006892,ORD006892,UPI,Failed,85427.8,2025-06-06
PAY006893,ORD006893,UPI,Success,109310.9,2025-06-01
PAY006894,ORD006894,Net Banking,Success,171916.6,2025-06-29
PAY006895,ORD006895,Net Banking,Success,49140.0,2025-05-08
PAY006896,ORD006896,Cash on Delivery,Success,162911.85,2025-05-26
PAY006897,ORD006897,Net Banking,Success,63841.5,2025-03-11
PAY006898,ORD006898,Debit Card,Failed,7389.9,2025-01-03
PAY006899,ORD006899,UPI,Success,41718.0,2025-05-16
PAY006900,ORD006900,Cash on Delivery,Success,170219.55,2025-02-11
PAY006901,ORD006901,Debit Card,Success,47489.6,2025-03-22
PAY006902,ORD006902,Net Banking,Success,109187.7,2025-06-24
PAY006903,ORD006903,Cash on Delivery,Success,210204.2,2025-04-26
PAY006904,ORD006904,Wallet,Success,168936.05,2025-06-22
PAY006905,ORD006905,UPI,Success,158446.35,2025-02-20
PAY006906,ORD006906,Cash on Delivery,Success,108635.1,2025-05-24
PAY006907,ORD006907,Credit Card,Success,49005.9,2025-05-19
PAY006908,ORD006908,Cash on Delivery,Success,218069.85,2025-06-10
PAY006909,ORD006909,Cash on Delivery,Success,284218.2,2025-03-01
PAY006910,ORD006910,UPI,Success,87584.1,2025-04-27
PAY006911,ORD006911,Cash on Delivery,Success,135285.8,2025-01-23
PAY006912,ORD006912,Credit Card,Success,117446.4,2025-02-13
PAY006913,ORD006913,UPI,Success,238826.7,2025-02-28
PAY006914,ORD006914,UPI,Success,78364.05,2025-04-12
PAY006915,ORD006915,Net Banking,Failed,106549.3,2025-02-18
PAY006916,ORD006916,Credit Card,Failed,129481.95,2025-02-15
PAY006917,ORD006917,Debit Card,Success,123832.5,2025-05-29
PAY006918,ORD006918,Cash on Delivery,Success,254273.7,2025-03-12
PAY006919,ORD006919,Cash on Delivery,Success,192658.3,2025-02-10
PAY006920,ORD006920,UPI,Success,246181.8,2025-02-18
PAY006921,ORD006921,Debit Card,Success,117317.7,2025-05-04
PAY006922,ORD006922,Cash on Delivery,Success,185054.4,2025-03-17
PAY006923,ORD006923,Debit Card,Success,95694.0,2025-03-20
PAY006924,ORD006924,Debit Card,Success,51406.0,2025-03-12
PAY006925,ORD006925,Debit Card,Success,9766.4,2025-04-10
PAY006926,ORD006926,Credit Card,Success,7904.0,2025-05-27
PAY006927,ORD006927,Net Banking,Success,157819.1,2025-02-20
PAY006928,ORD006928,Debit Card,Success,95503.95,2025-02-11
PAY006929,ORD006929,Wallet,Success,59734.5,2025-05-07
PAY006930,ORD006930,UPI,Success,71343.3,2025-05-22
PAY006931,ORD006931,Cash on Delivery,Success,91396.25,2025-01-24
PAY006932,ORD006932,Cash on Delivery,Success,93904.5,2025-05-09
PAY006933,ORD006933,Debit Card,Refunded,36488.55,2025-03-14
PAY006934,ORD006934,UPI,Failed,101955.1,2025-01-19
PAY006935,ORD006935,Debit Card,Success,96256.6,2025-06-06
PAY006936,ORD006936,Wallet,Success,83587.75,2025-04-21
PAY006937,ORD006937,Cash on Delivery,Success,34120.2,2025-03-24
PAY006938,ORD006938,Credit Card,Success,8545.5,2025-01-30
PAY006939,ORD006939,Credit Card,Success,88410.8,2025-03-24
PAY006940,ORD006940,Net Banking,Success,96753.9,2025-01-06
PAY006941,ORD006941,UPI,Success,37927.2,2025-02-15
PAY006942,ORD006942,Net Banking,Success,42980.05,2025-06-29
PAY006943,ORD006943,Wallet,Failed,187248.45,2025-05-21
PAY006944,ORD006944,UPI,Success,334542.9,2025-03-27
PAY006945,ORD006945,Debit Card,Success,115383.5,2025-03-13
PAY006946,ORD006946,Wallet,Success,78529.8,2025-04-22
PAY006947,ORD006947,Wallet,Success,49740.0,2025-06-14
PAY006948,ORD006948,UPI,Success,154653.8,2025-01-18
PAY006949,ORD006949,Wallet,Success,75076.75,2025-02-11
PAY006950,ORD006950,Net Banking,Success,14878.4,2025-05-14
PAY006951,ORD006951,Net Banking,Success,30820.0,2025-03-17
PAY006952,ORD006952,Wallet,Success,182915.45,2025-04-08
PAY006953,ORD006953,Credit Card,Failed,86392.95,2025-03-13
PAY006954,ORD006954,Cash on Delivery,Failed,40568.35,2025-02-07
PAY006955,ORD006955,Debit Card,Success,209638.4,2025-02-07
PAY006956,ORD006956,Net Banking,Success,44444.8,2025-05-15
PAY006957,ORD006957,UPI,Success,104706.0,2025-01-30
PAY006958,ORD006958,Cash on Delivery,Success,120578.0,2025-01-13
PAY006959,ORD006959,Net Banking,Success,57847.0,2025-06-01
PAY006960,ORD006960,UPI,Success,88512.8,2025-06-17
PAY006961,ORD006961,Credit Card,Success,203165.85,2025-04-24
PAY006962,ORD006962,Debit Card,Success,54547.3,2025-02-05
PAY006963,ORD006963,Debit Card,Success,242519.4,2025-01-08
PAY006964,ORD006964,Wallet,Success,36244.0,2025-02-06
PAY006965,ORD006965,Net Banking,Success,148228.05,2025-06-27
PAY006966,ORD006966,Wallet,Success,157659.75,2025-02-11
PAY006967,ORD006967,Net Banking,Success,74748.0,2025-03-23
PAY006968,ORD006968,Credit Card,Success,133723.7,2025-02-14
PAY006969,ORD006969,Net Banking,Success,12651.0,2025-03-21
PAY006970,ORD006970,Wallet,Success,218573.1,2025-05-05
PAY006971,ORD006971,Wallet,Success,202785.7,2025-02-16
PAY006972,ORD006972,Wallet,Refunded,55154.65,2025-05-06
PAY006973,ORD006973,Cash on Delivery,Success,12509.6,2025-03-19
PAY006974,ORD006974,UPI,Success,197148.3,2025-05-28
PAY006975,ORD006975,Debit Card,Success,29011.1,2025-01-15
PAY006976,ORD006976,Credit Card,Success,96167.9,2025-05-02
PAY006977,ORD006977,Wallet,Success,36648.0,2025-06-09
PAY006978,ORD006978,Debit Card,Success,194561.45,2025-05-13
PAY006979,ORD006979,UPI,Success,44656.8,2025-06-13
PAY006980,ORD006980,Cash on Delivery,Success,107473.1,2025-06-18
PAY006981,ORD006981,Debit Card,Success,175505.65,2025-02-09
PAY006982,ORD006982,Credit Card,Success,103343.1,2025-01-07
PAY006983,ORD006983,Cash on Delivery,Success,99880.1,2025-03-11
PAY006984,ORD006984,Wallet,Success,129242.55,2025-04-16
PAY006985,ORD006985,Debit Card,Success,106855.95,2025-02-24
PAY006986,ORD006986,Debit Card,Success,119769.45,2025-06-12
PAY006987,ORD006987,Debit Card,Success,113088.0,2025-03-27
PAY006988,ORD006988,Debit Card,Success,324138.15,2025-02-26
PAY006989,ORD006989,Wallet,Failed,14117.95,2025-04-14
PAY006990,ORD006990,UPI,Success,67174.4,2025-04-08
PAY006991,ORD006991,Wallet,Success,174062.4,2025-04-03
PAY006992,ORD006992,Net Banking,Refunded,104516.05,2025-02-03
PAY006993,ORD006993,Debit Card,Success,141728.75,2025-04-04
PAY006994,ORD006994,Credit Card,Success,177655.0,2025-03-27
PAY006995,ORD006995,Cash on Delivery,Success,152540.25,2025-03-19
PAY006996,ORD006996,Wallet,Success,105871.6,2025-04-01
PAY006997,ORD006997,Cash on Delivery,Success,60365.3,2025-04-06
PAY006998,ORD006998,Wallet,Success,242392.35,2025-06-18
PAY006999,ORD006999,Cash on Delivery,Success,101518.05,2025-02-08
PAY007000,ORD007000,Debit Card,Success,106078.2,2025-05-30
PAY007001,ORD007001,UPI,Success,280158.0,2025-05-26
PAY007002,ORD007002,Debit Card,Success,70332.6,2025-03-30
PAY007003,ORD007003,Net Banking,Success,40763.25,2025-04-18
PAY007004,ORD007004,Cash on Delivery,Success,41889.3,2025-01-18
PAY007005,ORD007005,Debit Card,Success,8091.0,2025-04-11
PAY007006,ORD007006,Cash on Delivery,Failed,96501.0,2025-06-26
PAY007007,ORD007007,Wallet,Success,101803.5,2025-03-24
PAY007008,ORD007008,Cash on Delivery,Success,141946.75,2025-06-14
PAY007009,ORD007009,Cash on Delivery,Success,92129.6,2025-02-19
PAY007010,ORD007010,Credit Card,Success,128854.6,2025-03-17
PAY007011,ORD007011,UPI,Success,107558.0,2025-03-11
PAY007012,ORD007012,Cash on Delivery,Success,28884.8,2025-02-12
PAY007013,ORD007013,Debit Card,Success,77017.5,2025-06-11
PAY007014,ORD007014,Cash on Delivery,Success,160970.2,2025-03-10
PAY007015,ORD007015,Cash on Delivery,Success,42994.8,2025-04-23
PAY007016,ORD007016,Wallet,Success,65367.5,2025-04-14
PAY007017,ORD007017,UPI,Success,160910.6,2025-03-29
PAY007018,ORD007018,Cash on Delivery,Success,48597.2,2025-01-30
PAY007019,ORD007019,Credit Card,Success,104305.2,2025-04-12
PAY007020,ORD007020,Net Banking,Success,86869.25,2025-05-14
PAY007021,ORD007021,Wallet,Success,235556.35,2025-02-20
PAY007022,ORD007022,Debit Card,Success,137965.5,2025-04-26
PAY007023,ORD007023,Net Banking,Success,20418.4,2025-04-13
PAY007024,ORD007024,UPI,Success,35735.2,2025-05-01
PAY007025,ORD007025,Wallet,Success,77803.8,2025-03-26
PAY007026,ORD007026,UPI,Success,25692.0,2025-05-21
PAY007027,ORD007027,Credit Card,Refunded,38286.45,2025-03-15
PAY007028,ORD007028,Wallet,Success,218634.0,2025-03-02
PAY007029,ORD007029,UPI,Success,170902.35,2025-06-09
PAY007030,ORD007030,UPI,Success,122324.35,2025-02-08
PAY007031,ORD007031,Debit Card,Failed,93281.85,2025-02-05
PAY007032,ORD007032,Debit Card,Success,123955.0,2025-03-23
PAY007033,ORD007033,Net Banking,Success,74250.2,2025-03-13
PAY007034,ORD007034,Cash on Delivery,Failed,110368.15,2025-01-08
PAY007035,ORD007035,Net Banking,Success,27682.0,2025-01-10
PAY007036,ORD007036,Net Banking,Failed,231961.35,2025-04-02
PAY007037,ORD007037,Debit Card,Success,103269.2,2025-02-12
PAY007038,ORD007038,Net Banking,Success,103915.2,2025-05-06
PAY007039,ORD007039,Credit Card,Success,189510.9,2025-05-21
PAY007040,ORD007040,UPI,Success,200992.6,2025-04-18
PAY007041,ORD007041,Net Banking,Success,151665.4,2025-06-22
PAY007042,ORD007042,Net Banking,Success,70265.8,2025-06-05
PAY007043,ORD007043,UPI,Success,119581.25,2025-06-01
PAY007044,ORD007044,Cash on Delivery,Success,66730.2,2025-02-06
PAY007045,ORD007045,Credit Card,Failed,120624.6,2025-01-29
PAY007046,ORD007046,Debit Card,Success,197609.3,2025-03-25
PAY007047,ORD007047,Debit Card,Success,41378.2,2025-03-21
PAY007048,ORD007048,Net Banking,Success,73153.95,2025-05-21
PAY007049,ORD007049,Credit Card,Success,190417.3,2025-01-21
PAY007050,ORD007050,UPI,Success,164205.35,2025-04-22
PAY007051,ORD007051,Cash on Delivery,Success,131442.05,2025-04-06
PAY007052,ORD007052,Credit Card,Success,50948.35,2025-03-21
PAY007053,ORD007053,UPI,Success,155393.7,2025-02-26
PAY007054,ORD007054,Net Banking,Success,5981.0,2025-06-12
PAY007055,ORD007055,Wallet,Success,46269.0,2025-03-03
PAY007056,ORD007056,UPI,Success,12635.2,2025-03-15
PAY007057,ORD007057,UPI,Success,191935.25,2025-03-30
PAY007058,ORD007058,Debit Card,Success,114586.0,2025-03-20
PAY007059,ORD007059,Credit Card,Success,272201.4,2025-02-25
PAY007060,ORD007060,Debit Card,Success,263971.8,2025-06-13
PAY007061,ORD007061,Cash on Delivery,Success,256265.2,2025-04-25
PAY007062,ORD007062,Credit Card,Success,95617.5,2025-05-24
PAY007063,ORD007063,Credit Card,Success,168578.0,2025-04-14
PAY007064,ORD007064,Cash on Delivery,Success,709.65,2025-06-17
PAY007065,ORD007065,UPI,Success,21479.5,2025-04-06
PAY007066,ORD007066,UPI,Success,164381.5,2025-04-28
PAY007067,ORD007067,Credit Card,Success,126672.9,2025-05-24
PAY007068,ORD007068,Wallet,Refunded,25676.0,2025-05-04
PAY007069,ORD007069,Credit Card,Success,92381.65,2025-05-12
PAY007070,ORD007070,Debit Card,Success,32515.65,2025-05-30
PAY007071,ORD007071,Debit Card,Success,76682.7,2025-04-05
PAY007072,ORD007072,Debit Card,Failed,91208.7,2025-03-27
PAY007073,ORD007073,UPI,Success,22159.8,2025-03-01
PAY007074,ORD007074,Credit Card,Failed,119206.55,2025-02-19
PAY007075,ORD007075,UPI,Success,115708.75,2025-03-30
PAY007076,ORD007076,UPI,Success,260239.7,2025-02-19
PAY007077,ORD007077,Net Banking,Success,169380.6,2025-06-13
PAY007078,ORD007078,Debit Card,Success,124453.0,2025-04-28
PAY007079,ORD007079,Credit Card,Success,27180.0,2025-05-10
PAY007080,ORD007080,Cash on Delivery,Success,77961.75,2025-04-15
PAY007081,ORD007081,Net Banking,Success,46159.1,2025-02-01
PAY007082,ORD007082,Credit Card,Success,79504.0,2025-04-11
PAY007083,ORD007083,Wallet,Success,112300.0,2025-02-05
PAY007084,ORD007084,Debit Card,Failed,110333.95,2025-05-05
PAY007085,ORD007085,UPI,Success,12424.1,2025-06-17
PAY007086,ORD007086,UPI,Success,155821.1,2025-02-12
PAY007087,ORD007087,Debit Card,Success,71677.95,2025-02-01
PAY007088,ORD007088,Net Banking,Success,105280.0,2025-03-01
PAY007089,ORD007089,Wallet,Success,121697.9,2025-03-19
PAY007090,ORD007090,Net Banking,Success,186946.7,2025-04-15
PAY007091,ORD007091,Debit Card,Success,102121.1,2025-04-12
PAY007092,ORD007092,Debit Card,Success,42625.0,2025-03-15
PAY007093,ORD007093,UPI,Success,181831.45,2025-03-10
PAY007094,ORD007094,Wallet,Success,40158.4,2025-02-23
PAY007095,ORD007095,Credit Card,Success,175889.65,2025-04-06
PAY007096,ORD007096,Debit Card,Success,48630.4,2025-01-31
PAY007097,ORD007097,UPI,Success,196315.5,2025-04-26
PAY007098,ORD007098,Wallet,Success,141491.7,2025-02-13
PAY007099,ORD007099,Credit Card,Success,77106.6,2025-04-12
PAY007100,ORD007100,Credit Card,Success,21612.8,2025-05-09
PAY007101,ORD007101,Credit Card,Success,52425.6,2025-03-29
PAY007102,ORD007102,Cash on Delivery,Success,110642.6,2025-05-10
PAY007103,ORD007103,UPI,Success,83047.35,2025-05-29
PAY007104,ORD007104,Wallet,Refunded,200967.4,2025-06-09
PAY007105,ORD007105,Debit Card,Success,208389.9,2025-05-20
PAY007106,ORD007106,Net Banking,Success,92452.4,2025-06-01
PAY007107,ORD007107,UPI,Success,146809.2,2025-06-29
PAY007108,ORD007108,Cash on Delivery,Success,31711.8,2025-01-25
PAY007109,ORD007109,Net Banking,Success,339237.1,2025-03-16
PAY007110,ORD007110,Credit Card,Success,204564.8,2025-03-21
PAY007111,ORD007111,Net Banking,Success,1484.8,2025-03-16
PAY007112,ORD007112,Credit Card,Success,9770.5,2025-06-08
PAY007113,ORD007113,Wallet,Success,73079.65,2025-04-16
PAY007114,ORD007114,Debit Card,Failed,86491.2,2025-06-27
PAY007115,ORD007115,Wallet,Success,177979.8,2025-05-09
PAY007116,ORD007116,Credit Card,Success,150103.25,2025-01-28
PAY007117,ORD007117,Debit Card,Success,3568.0,2025-03-13
PAY007118,ORD007118,Net Banking,Success,92484.2,2025-02-20
PAY007119,ORD007119,Net Banking,Success,54112.55,2025-01-07
PAY007120,ORD007120,Debit Card,Success,209928.95,2025-02-11
PAY007121,ORD007121,Credit Card,Refunded,99703.8,2025-05-24
PAY007122,ORD007122,Debit Card,Refunded,167474.3,2025-03-07
PAY007123,ORD007123,Wallet,Success,38182.4,2025-02-01
PAY007124,ORD007124,Wallet,Success,141450.9,2025-06-20
PAY007125,ORD007125,Wallet,Success,73074.8,2025-01-02
PAY007126,ORD007126,Cash on Delivery,Success,323588.5,2025-05-13
PAY007127,ORD007127,Debit Card,Success,88440.0,2025-04-16
PAY007128,ORD007128,Credit Card,Success,203026.3,2025-05-09
PAY007129,ORD007129,Debit Card,Success,210483.7,2025-05-13
PAY007130,ORD007130,UPI,Success,71088.65,2025-05-31
PAY007131,ORD007131,Credit Card,Success,42493.5,2025-01-11
PAY007132,ORD007132,Debit Card,Success,214420.65,2025-06-14
PAY007133,ORD007133,Wallet,Success,127148.5,2025-06-30
PAY007134,ORD007134,Credit Card,Success,78470.9,2025-02-17
PAY007135,ORD007135,Credit Card,Success,17319.6,2025-05-02
PAY007136,ORD007136,Credit Card,Failed,224769.65,2025-06-22
PAY007137,ORD007137,UPI,Success,177093.05,2025-02-20
PAY007138,ORD007138,UPI,Success,124033.05,2025-03-08
PAY007139,ORD007139,UPI,Failed,16115.0,2025-04-27
PAY007140,ORD007140,UPI,Success,168243.3,2025-04-10
PAY007141,ORD007141,Credit Card,Success,142806.45,2025-05-26
PAY007142,ORD007142,Net Banking,Success,111240.9,2025-06-09
PAY007143,ORD007143,Wallet,Success,110383.35,2025-01-31
PAY007144,ORD007144,Cash on Delivery,Success,178772.4,2025-03-04
PAY007145,ORD007145,Cash on Delivery,Success,67231.6,2025-02-02
PAY007146,ORD007146,Debit Card,Success,77724.0,2025-06-03
PAY007147,ORD007147,Credit Card,Success,99519.1,2025-02-08
PAY007148,ORD007148,Net Banking,Success,216018.35,2025-01-22
PAY007149,ORD007149,Debit Card,Success,26335.0,2025-04-10
PAY007150,ORD007150,Wallet,Failed,35577.0,2025-01-30
PAY007151,ORD007151,Net Banking,Success,35680.5,2025-06-24
PAY007152,ORD007152,UPI,Success,10986.4,2025-06-25
PAY007153,ORD007153,Net Banking,Success,124630.9,2025-06-05
PAY007154,ORD007154,Wallet,Success,56695.3,2025-04-06
PAY007155,ORD007155,Credit Card,Success,97443.6,2025-01-12
PAY007156,ORD007156,Net Banking,Success,5174.0,2025-02-03
PAY007157,ORD007157,Credit Card,Success,139580.3,2025-03-25
PAY007158,ORD007158,UPI,Failed,125922.6,2025-05-27
PAY007159,ORD007159,Cash on Delivery,Success,189777.6,2025-02-20
PAY007160,ORD007160,Cash on Delivery,Success,169358.55,2025-06-10
PAY007161,ORD007161,Wallet,Success,103453.25,2025-05-13
PAY007162,ORD007162,Wallet,Success,90650.6,2025-06-16
PAY007163,ORD007163,Wallet,Success,189805.35,2025-06-30
PAY007164,ORD007164,UPI,Success,172365.2,2025-03-31
PAY007165,ORD007165,Debit Card,Success,77537.25,2025-04-29
PAY007166,ORD007166,Credit Card,Success,73928.35,2025-05-05
PAY007167,ORD007167,Cash on Delivery,Success,220162.6,2025-03-20
PAY007168,ORD007168,Cash on Delivery,Success,104968.35,2025-01-16
PAY007169,ORD007169,Credit Card,Success,97148.0,2025-03-19
PAY007170,ORD007170,Credit Card,Success,93414.0,2025-05-02
PAY007171,ORD007171,Cash on Delivery,Success,35273.5,2025-06-11
PAY007172,ORD007172,Cash on Delivery,Success,319039.75,2025-02-28
PAY007173,ORD007173,Debit Card,Success,136975.8,2025-05-06
PAY007174,ORD007174,Net Banking,Success,14947.7,2025-04-06
PAY007175,ORD007175,UPI,Success,35688.1,2025-04-22
PAY007176,ORD007176,Cash on Delivery,Success,72515.2,2025-01-10
PAY007177,ORD007177,Credit Card,Success,18724.0,2025-03-28
PAY007178,ORD007178,Wallet,Success,38657.0,2025-02-02
PAY007179,ORD007179,UPI,Success,140790.75,2025-06-24
PAY007180,ORD007180,Wallet,Success,46676.0,2025-06-20
PAY007181,ORD007181,Cash on Delivery,Success,164180.8,2025-04-11
PAY007182,ORD007182,Cash on Delivery,Success,205428.7,2025-02-11
PAY007183,ORD007183,Wallet,Success,214946.1,2025-02-25
PAY007184,ORD007184,Credit Card,Success,18201.0,2025-01-09
PAY007185,ORD007185,Debit Card,Success,142100.8,2025-04-17
PAY007186,ORD007186,Credit Card,Success,179011.0,2025-02-09
PAY007187,ORD007187,Debit Card,Success,62305.75,2025-03-31
PAY007188,ORD007188,UPI,Success,211445.0,2025-04-16
PAY007189,ORD007189,Cash on Delivery,Success,111342.5,2025-05-19
PAY007190,ORD007190,UPI,Failed,184927.0,2025-04-27
PAY007191,ORD007191,Cash on Delivery,Success,97242.1,2025-05-24
PAY007192,ORD007192,Net Banking,Success,243537.0,2025-03-12
PAY007193,ORD007193,Net Banking,Success,66811.2,2025-06-11
PAY007194,ORD007194,Debit Card,Success,131411.2,2025-03-14
PAY007195,ORD007195,Credit Card,Success,157013.25,2025-06-30
PAY007196,ORD007196,Credit Card,Success,58801.1,2025-04-19
PAY007197,ORD007197,Debit Card,Success,163616.6,2025-03-28
PAY007198,ORD007198,Cash on Delivery,Success,218244.0,2025-01-09
PAY007199,ORD007199,Net Banking,Success,68790.45,2025-06-20
PAY007200,ORD007200,Cash on Delivery,Success,121030.2,2025-06-11
PAY007201,ORD007201,Debit Card,Success,108713.25,2025-06-15
PAY007202,ORD007202,Credit Card,Success,77620.5,2025-06-23
PAY007203,ORD007203,Wallet,Success,130826.8,2025-01-16
PAY007204,ORD007204,Debit Card,Success,84508.8,2025-03-18
PAY007205,ORD007205,Wallet,Success,14952.0,2025-03-22
PAY007206,ORD007206,Net Banking,Success,8438.8,2025-06-01
PAY007207,ORD007207,Wallet,Success,34571.45,2025-03-24
PAY007208,ORD007208,UPI,Success,2460.0,2025-02-14
PAY007209,ORD007209,Net Banking,Success,69228.4,2025-02-09
PAY007210,ORD007210,Debit Card,Success,152014.15,2025-05-27
PAY007211,ORD007211,Debit Card,Success,186610.4,2025-03-28
PAY007212,ORD007212,UPI,Success,213315.0,2025-01-24
PAY007213,ORD007213,UPI,Success,199130.5,2025-04-19
PAY007214,ORD007214,Wallet,Success,94764.7,2025-03-22
PAY007215,ORD007215,Credit Card,Success,193644.8,2025-06-13
PAY007216,ORD007216,Debit Card,Success,77505.6,2025-03-16
PAY007217,ORD007217,Credit Card,Success,199936.55,2025-02-08
PAY007218,ORD007218,Credit Card,Success,82188.95,2025-06-05
PAY007219,ORD007219,Credit Card,Success,143839.1,2025-03-20
PAY007220,ORD007220,Credit Card,Success,277112.5,2025-04-11
PAY007221,ORD007221,Debit Card,Success,170980.9,2025-01-24
PAY007222,ORD007222,UPI,Success,70428.0,2025-05-18
PAY007223,ORD007223,Debit Card,Success,80407.4,2025-04-05
PAY007224,ORD007224,UPI,Success,72486.5,2025-05-17
PAY007225,ORD007225,Debit Card,Success,97717.95,2025-01-30
PAY007226,ORD007226,Wallet,Success,151551.2,2025-03-17
PAY007227,ORD007227,Wallet,Success,66912.2,2025-04-07
PAY007228,ORD007228,Net Banking,Success,275225.0,2025-06-02
PAY007229,ORD007229,Wallet,Success,7449.6,2025-06-18
PAY007230,ORD007230,Wallet,Success,18857.6,2025-02-21
PAY007231,ORD007231,Net Banking,Success,217190.7,2025-06-02
PAY007232,ORD007232,Debit Card,Success,4080.0,2025-01-13
PAY007233,ORD007233,Credit Card,Success,13587.25,2025-03-10
PAY007234,ORD007234,Net Banking,Success,38928.8,2025-02-12
PAY007235,ORD007235,Net Banking,Success,234430.85,2025-04-25
PAY007236,ORD007236,Net Banking,Success,99433.4,2025-01-06
PAY007237,ORD007237,Cash on Delivery,Success,88034.4,2025-01-26
PAY007238,ORD007238,UPI,Success,32269.6,2025-01-03
PAY007239,ORD007239,Wallet,Success,101186.8,2025-01-02
PAY007240,ORD007240,Debit Card,Success,205855.95,2025-01-13
PAY007241,ORD007241,UPI,Success,263480.7,2025-04-01
PAY007242,ORD007242,Wallet,Success,244257.75,2025-05-06
PAY007243,ORD007243,UPI,Success,49558.4,2025-03-10
PAY007244,ORD007244,Wallet,Success,44246.7,2025-01-05
PAY007245,ORD007245,Credit Card,Success,72173.3,2025-06-22
PAY007246,ORD007246,Cash on Delivery,Success,82843.2,2025-05-06
PAY007247,ORD007247,Net Banking,Success,42335.5,2025-02-10
PAY007248,ORD007248,Credit Card,Success,94861.4,2025-05-13
PAY007249,ORD007249,Net Banking,Success,200179.5,2025-06-20
PAY007250,ORD007250,Credit Card,Success,93578.3,2025-04-21
PAY007251,ORD007251,Credit Card,Success,126182.9,2025-04-20
PAY007252,ORD007252,Net Banking,Success,47275.8,2025-03-18
PAY007253,ORD007253,Cash on Delivery,Failed,69033.0,2025-02-05
PAY007254,ORD007254,UPI,Success,213424.1,2025-01-19
PAY007255,ORD007255,Net Banking,Success,280890.8,2025-06-08
PAY007256,ORD007256,Cash on Delivery,Success,215304.75,2025-01-24
PAY007257,ORD007257,UPI,Refunded,101076.6,2025-01-29
PAY007258,ORD007258,Cash on Delivery,Success,7106.85,2025-04-12
PAY007259,ORD007259,Wallet,Success,228485.7,2025-03-13
PAY007260,ORD007260,Cash on Delivery,Success,105045.6,2025-05-19
PAY007261,ORD007261,Credit Card,Success,224847.2,2025-01-20
PAY007262,ORD007262,Wallet,Success,71548.4,2025-05-01
PAY007263,ORD007263,Credit Card,Success,27846.15,2025-06-02
PAY007264,ORD007264,Debit Card,Success,147962.2,2025-03-24
PAY007265,ORD007265,Net Banking,Success,178757.3,2025-06-10
PAY007266,ORD007266,UPI,Success,5651.5,2025-01-04
PAY007267,ORD007267,Debit Card,Refunded,92982.0,2025-03-04
PAY007268,ORD007268,Cash on Delivery,Success,37799.5,2025-03-03
PAY007269,ORD007269,Net Banking,Success,112697.45,2025-05-10
PAY007270,ORD007270,Debit Card,Success,91187.4,2025-03-16
PAY007271,ORD007271,Net Banking,Success,80047.15,2025-06-03
PAY007272,ORD007272,Net Banking,Success,81883.9,2025-04-25
PAY007273,ORD007273,Wallet,Success,161717.25,2025-05-07
PAY007274,ORD007274,Net Banking,Success,85921.8,2025-01-13
PAY007275,ORD007275,Cash on Delivery,Success,149179.35,2025-01-25
PAY007276,ORD007276,Cash on Delivery,Success,312554.05,2025-04-17
PAY007277,ORD007277,Wallet,Success,79420.5,2025-05-07
PAY007278,ORD007278,Debit Card,Success,62639.9,2025-01-01
PAY007279,ORD007279,Wallet,Success,129926.4,2025-02-19
PAY007280,ORD007280,Cash on Delivery,Success,27360.6,2025-03-19
PAY007281,ORD007281,Debit Card,Success,86383.8,2025-01-06
PAY007282,ORD007282,Net Banking,Success,111527.45,2025-04-17
PAY007283,ORD007283,Wallet,Success,195695.0,2025-02-13
PAY007284,ORD007284,Cash on Delivery,Success,5805.5,2025-03-30
PAY007285,ORD007285,Net Banking,Success,183238.7,2025-01-31
PAY007286,ORD007286,Cash on Delivery,Success,122130.6,2025-06-27
PAY007287,ORD007287,Credit Card,Success,236231.75,2025-04-30
PAY007288,ORD007288,Credit Card,Success,160776.4,2025-01-25
PAY007289,ORD007289,Wallet,Success,28776.0,2025-02-16
PAY007290,ORD007290,Cash on Delivery,Success,44694.6,2025-04-06
PAY007291,ORD007291,Debit Card,Success,174929.8,2025-03-07
PAY007292,ORD007292,Wallet,Success,190469.2,2025-04-08
PAY007293,ORD007293,Wallet,Success,140202.9,2025-03-30
PAY007294,ORD007294,Debit Card,Success,96085.0,2025-01-20
PAY007295,ORD007295,Credit Card,Success,42811.3,2025-03-21
PAY007296,ORD007296,Credit Card,Success,182684.6,2025-03-09
PAY007297,ORD007297,Wallet,Success,47093.4,2025-03-11
PAY007298,ORD007298,Debit Card,Success,240735.8,2025-06-10
PAY007299,ORD007299,Debit Card,Success,4835.7,2025-01-13
PAY007300,ORD007300,Net Banking,Failed,110714.1,2025-01-27
PAY007301,ORD007301,Credit Card,Success,130662.05,2025-02-06
PAY007302,ORD007302,Cash on Delivery,Success,44978.25,2025-02-05
PAY007303,ORD007303,Wallet,Success,217401.6,2025-04-12
PAY007304,ORD007304,Credit Card,Success,45891.0,2025-06-02
PAY007305,ORD007305,Debit Card,Success,43951.5,2025-04-19
PAY007306,ORD007306,Wallet,Success,59038.95,2025-01-05
PAY007307,ORD007307,Credit Card,Success,35028.5,2025-06-16
PAY007308,ORD007308,Wallet,Success,41458.6,2025-02-22
PAY007309,ORD007309,Net Banking,Success,65052.2,2025-05-26
PAY007310,ORD007310,Cash on Delivery,Success,79847.3,2025-05-05
PAY007311,ORD007311,Wallet,Success,178837.9,2025-02-17
PAY007312,ORD007312,Cash on Delivery,Success,60001.55,2025-03-09
PAY007313,ORD007313,Net Banking,Success,71303.2,2025-01-22
PAY007314,ORD007314,Cash on Delivery,Success,19828.8,2025-05-09
PAY007315,ORD007315,Wallet,Success,262548.0,2025-01-29
PAY007316,ORD007316,Wallet,Success,41213.1,2025-04-20
PAY007317,ORD007317,Wallet,Success,69093.0,2025-02-12
PAY007318,ORD007318,Credit Card,Success,252683.45,2025-04-30
PAY007319,ORD007319,Debit Card,Success,86198.4,2025-03-19
PAY007320,ORD007320,Cash on Delivery,Failed,270109.0,2025-01-18
PAY007321,ORD007321,Cash on Delivery,Success,111419.2,2025-02-10
PAY007322,ORD007322,Credit Card,Success,128556.9,2025-05-23
PAY007323,ORD007323,UPI,Success,89225.6,2025-05-05
PAY007324,ORD007324,Credit Card,Success,62115.8,2025-05-14
PAY007325,ORD007325,Wallet,Success,155702.1,2025-05-12
PAY007326,ORD007326,Wallet,Success,64747.85,2025-05-14
PAY007327,ORD007327,Wallet,Success,178823.4,2025-06-06
PAY007328,ORD007328,Cash on Delivery,Success,119742.3,2025-04-06
PAY007329,ORD007329,Debit Card,Success,212965.15,2025-06-30
PAY007330,ORD007330,Wallet,Success,327858.5,2025-05-05
PAY007331,ORD007331,Credit Card,Success,99503.8,2025-01-16
PAY007332,ORD007332,Net Banking,Success,116294.5,2025-03-06
PAY007333,ORD007333,Debit Card,Success,265572.2,2025-05-29
PAY007334,ORD007334,Debit Card,Success,101854.25,2025-03-29
PAY007335,ORD007335,Credit Card,Success,96156.15,2025-03-01
PAY007336,ORD007336,Credit Card,Success,260118.0,2025-04-24
PAY007337,ORD007337,Cash on Delivery,Success,192342.7,2025-04-11
PAY007338,ORD007338,Debit Card,Success,88589.65,2025-05-19
PAY007339,ORD007339,Cash on Delivery,Success,116277.0,2025-02-16
PAY007340,ORD007340,Wallet,Success,76356.9,2025-01-29
PAY007341,ORD007341,Cash on Delivery,Success,79674.65,2025-04-09
PAY007342,ORD007342,Net Banking,Success,122071.05,2025-03-11
PAY007343,ORD007343,Cash on Delivery,Success,251180.05,2025-04-10
PAY007344,ORD007344,Wallet,Success,838.4,2025-01-13
PAY007345,ORD007345,Debit Card,Success,1976.4,2025-04-08
PAY007346,ORD007346,Debit Card,Success,164480.3,2025-06-23
PAY007347,ORD007347,Net Banking,Success,63555.6,2025-05-09
PAY007348,ORD007348,Debit Card,Success,123444.6,2025-03-25
PAY007349,ORD007349,Net Banking,Success,51009.4,2025-06-23
PAY007350,ORD007350,Cash on Delivery,Success,136935.2,2025-03-28
PAY007351,ORD007351,Credit Card,Success,121247.4,2025-06-06
PAY007352,ORD007352,Cash on Delivery,Success,188014.6,2025-04-02
PAY007353,ORD007353,Net Banking,Success,155509.3,2025-04-10
PAY007354,ORD007354,Debit Card,Success,16875.0,2025-05-13
PAY007355,ORD007355,Debit Card,Success,14379.2,2025-06-12
PAY007356,ORD007356,Cash on Delivery,Success,143858.2,2025-02-08
PAY007357,ORD007357,Wallet,Success,74072.8,2025-05-22
PAY007358,ORD007358,Net Banking,Success,38042.1,2025-01-23
PAY007359,ORD007359,Cash on Delivery,Success,43405.0,2025-05-07
PAY007360,ORD007360,UPI,Success,234651.8,2025-04-01
PAY007361,ORD007361,Credit Card,Success,115973.85,2025-04-21
PAY007362,ORD007362,Cash on Delivery,Success,284713.3,2025-01-16
PAY007363,ORD007363,UPI,Success,127673.1,2025-01-29
PAY007364,ORD007364,UPI,Success,223670.6,2025-05-31
PAY007365,ORD007365,Wallet,Success,85233.8,2025-05-05
PAY007366,ORD007366,Net Banking,Failed,56335.6,2025-05-06
PAY007367,ORD007367,Credit Card,Success,238680.5,2025-05-12
PAY007368,ORD007368,Debit Card,Success,124324.4,2025-03-27
PAY007369,ORD007369,Cash on Delivery,Success,62922.9,2025-01-26
PAY007370,ORD007370,Credit Card,Success,237162.0,2025-04-17
PAY007371,ORD007371,Debit Card,Success,166527.6,2025-02-22
PAY007372,ORD007372,Cash on Delivery,Success,143141.3,2025-06-08
PAY007373,ORD007373,Debit Card,Success,3528.0,2025-01-12
PAY007374,ORD007374,Debit Card,Success,232465.6,2025-01-15
PAY007375,ORD007375,Credit Card,Success,112377.4,2025-03-03
PAY007376,ORD007376,UPI,Success,43788.0,2025-06-28
PAY007377,ORD007377,Cash on Delivery,Success,26841.0,2025-06-26
PAY007378,ORD007378,UPI,Success,100561.4,2025-06-08
PAY007379,ORD007379,Credit Card,Success,157436.95,2025-03-21
PAY007380,ORD007380,Wallet,Success,195182.2,2025-06-23
PAY007381,ORD007381,Net Banking,Success,174723.45,2025-04-16
PAY007382,ORD007382,Cash on Delivery,Success,126354.75,2025-02-08
PAY007383,ORD007383,Cash on Delivery,Success,41049.0,2025-03-27
PAY007384,ORD007384,Wallet,Success,209076.6,2025-05-14
PAY007385,ORD007385,Credit Card,Success,78313.5,2025-02-27
PAY007386,ORD007386,Debit Card,Success,121938.4,2025-03-20
PAY007387,ORD007387,Cash on Delivery,Success,106144.0,2025-05-10
PAY007388,ORD007388,Cash on Delivery,Success,117375.15,2025-03-19
PAY007389,ORD007389,UPI,Success,115686.4,2025-02-25
PAY007390,ORD007390,Wallet,Success,14331.7,2025-03-06
PAY007391,ORD007391,Cash on Delivery,Success,140712.7,2025-02-22
PAY007392,ORD007392,Debit Card,Success,46398.9,2025-03-10
PAY007393,ORD007393,Cash on Delivery,Success,188528.2,2025-01-14
PAY007394,ORD007394,Wallet,Success,34970.7,2025-02-26
PAY007395,ORD007395,Net Banking,Failed,86233.0,2025-01-17
PAY007396,ORD007396,Net Banking,Success,122348.9,2025-03-08
PAY007397,ORD007397,Cash on Delivery,Failed,239569.4,2025-05-18
PAY007398,ORD007398,Net Banking,Success,17156.0,2025-01-21
PAY007399,ORD007399,Cash on Delivery,Success,168037.35,2025-03-13
PAY007400,ORD007400,Cash on Delivery,Success,195386.9,2025-05-29
PAY007401,ORD007401,Cash on Delivery,Success,50961.6,2025-01-06
PAY007402,ORD007402,UPI,Success,70458.0,2025-03-14
PAY007403,ORD007403,Wallet,Success,134469.1,2025-04-15
PAY007404,ORD007404,Credit Card,Success,300340.45,2025-02-21
PAY007405,ORD007405,Credit Card,Success,166816.7,2025-04-15
PAY007406,ORD007406,Wallet,Success,59659.2,2025-01-23
PAY007407,ORD007407,Cash on Delivery,Failed,20531.8,2025-03-04
PAY007408,ORD007408,Debit Card,Success,162000.6,2025-03-06
PAY007409,ORD007409,Wallet,Success,70121.7,2025-04-18
PAY007410,ORD007410,Cash on Delivery,Failed,36936.0,2025-03-11
PAY007411,ORD007411,Credit Card,Success,126760.85,2025-06-14
PAY007412,ORD007412,Wallet,Success,127929.2,2025-05-21
PAY007413,ORD007413,Net Banking,Success,136286.25,2025-06-02
PAY007414,ORD007414,Wallet,Success,171021.65,2025-02-13
PAY007415,ORD007415,Credit Card,Success,49903.5,2025-06-05
PAY007416,ORD007416,Debit Card,Success,8175.3,2025-02-19
PAY007417,ORD007417,UPI,Success,159029.3,2025-02-24
PAY007418,ORD007418,Debit Card,Success,43656.0,2025-06-30
PAY007419,ORD007419,Cash on Delivery,Success,258762.6,2025-05-19
PAY007420,ORD007420,Credit Card,Success,184142.4,2025-01-25
PAY007421,ORD007421,Wallet,Success,134859.6,2025-05-19
PAY007422,ORD007422,UPI,Success,28898.7,2025-06-22
PAY007423,ORD007423,Wallet,Success,162499.0,2025-03-14
PAY007424,ORD007424,Cash on Delivery,Success,155543.5,2025-06-15
PAY007425,ORD007425,Debit Card,Success,28045.6,2025-03-26
PAY007426,ORD007426,UPI,Success,189413.3,2025-06-08
PAY007427,ORD007427,Net Banking,Success,37542.75,2025-06-15
PAY007428,ORD007428,UPI,Success,71674.15,2025-02-15
PAY007429,ORD007429,Credit Card,Success,157053.3,2025-01-14
PAY007430,ORD007430,Cash on Delivery,Success,17675.2,2025-03-04
PAY007431,ORD007431,Cash on Delivery,Success,192499.65,2025-03-18
PAY007432,ORD007432,Net Banking,Success,87049.9,2025-01-25
PAY007433,ORD007433,Cash on Delivery,Success,191793.15,2025-04-13
PAY007434,ORD007434,UPI,Success,45718.35,2025-02-26
PAY007435,ORD007435,Credit Card,Success,45053.4,2025-06-27
PAY007436,ORD007436,UPI,Success,52517.7,2025-06-19
PAY007437,ORD007437,Cash on Delivery,Success,83254.8,2025-01-22
PAY007438,ORD007438,UPI,Success,170381.55,2025-05-21
PAY007439,ORD007439,Cash on Delivery,Success,124333.1,2025-06-17
PAY007440,ORD007440,Net Banking,Success,186890.25,2025-02-23
PAY007441,ORD007441,Credit Card,Success,159931.45,2025-05-18
PAY007442,ORD007442,Cash on Delivery,Success,157393.55,2025-03-25
PAY007443,ORD007443,Credit Card,Success,48955.2,2025-03-17
PAY007444,ORD007444,UPI,Success,103332.0,2025-05-12
PAY007445,ORD007445,UPI,Success,133068.0,2025-03-18
PAY007446,ORD007446,Net Banking,Success,134641.2,2025-05-21
PAY007447,ORD007447,UPI,Success,49656.7,2025-06-08
PAY007448,ORD007448,Wallet,Success,153967.6,2025-05-20
PAY007449,ORD007449,Credit Card,Success,238329.2,2025-03-18
PAY007450,ORD007450,Net Banking,Success,10419.3,2025-05-27
PAY007451,ORD007451,UPI,Success,133374.35,2025-04-01
PAY007452,ORD007452,Cash on Delivery,Success,45515.25,2025-04-11
PAY007453,ORD007453,Credit Card,Failed,159912.4,2025-05-30
PAY007454,ORD007454,Debit Card,Success,15893.3,2025-06-01
PAY007455,ORD007455,Credit Card,Success,186939.9,2025-03-23
PAY007456,ORD007456,UPI,Failed,93878.55,2025-01-20
PAY007457,ORD007457,Cash on Delivery,Success,28540.35,2025-03-29
PAY007458,ORD007458,Net Banking,Success,161235.35,2025-04-16
PAY007459,ORD007459,Debit Card,Success,13130.9,2025-01-12
PAY007460,ORD007460,Net Banking,Success,26210.0,2025-06-17
PAY007461,ORD007461,Cash on Delivery,Success,205287.6,2025-05-18
PAY007462,ORD007462,Credit Card,Success,178077.2,2025-06-10
PAY007463,ORD007463,Credit Card,Success,98689.7,2025-02-05
PAY007464,ORD007464,Net Banking,Success,107557.6,2025-04-01
PAY007465,ORD007465,UPI,Success,29564.1,2025-03-16
PAY007466,ORD007466,Wallet,Success,102799.4,2025-06-18
PAY007467,ORD007467,Credit Card,Success,98970.65,2025-04-12
PAY007468,ORD007468,Credit Card,Success,156600.2,2025-04-03
PAY007469,ORD007469,Debit Card,Success,103089.6,2025-06-12
PAY007470,ORD007470,Debit Card,Success,63056.9,2025-06-18
PAY007471,ORD007471,Cash on Delivery,Success,34941.0,2025-05-24
PAY007472,ORD007472,Cash on Delivery,Success,186841.0,2025-02-27
PAY007473,ORD007473,Debit Card,Success,134854.6,2025-06-22
PAY007474,ORD007474,Cash on Delivery,Success,43033.5,2025-01-09
PAY007475,ORD007475,UPI,Success,27856.8,2025-03-30
PAY007476,ORD007476,Net Banking,Success,109289.2,2025-02-19
PAY007477,ORD007477,Debit Card,Success,40664.4,2025-04-02
PAY007478,ORD007478,Cash on Delivery,Success,14579.2,2025-01-09
PAY007479,ORD007479,UPI,Success,199933.65,2025-03-06
PAY007480,ORD007480,UPI,Success,109675.7,2025-02-14
PAY007481,ORD007481,Wallet,Success,254863.2,2025-01-14
PAY007482,ORD007482,Wallet,Success,179130.9,2025-06-13
PAY007483,ORD007483,Credit Card,Success,46072.8,2025-03-10
PAY007484,ORD007484,Net Banking,Success,39240.0,2025-03-03
PAY007485,ORD007485,Cash on Delivery,Success,103241.85,2025-03-02
PAY007486,ORD007486,Cash on Delivery,Success,42393.0,2025-06-04
PAY007487,ORD007487,UPI,Success,229460.85,2025-04-14
PAY007488,ORD007488,Wallet,Success,41201.2,2025-05-28
PAY007489,ORD007489,Net Banking,Success,93639.7,2025-03-31
PAY007490,ORD007490,Wallet,Success,60169.5,2025-05-25
PAY007491,ORD007491,Cash on Delivery,Success,147946.0,2025-04-17
PAY007492,ORD007492,Cash on Delivery,Success,65224.8,2025-06-15
PAY007493,ORD007493,Debit Card,Success,73686.5,2025-06-16
PAY007494,ORD007494,Net Banking,Success,170328.8,2025-05-18
PAY007495,ORD007495,Credit Card,Success,82030.0,2025-01-28
PAY007496,ORD007496,Credit Card,Success,47176.8,2025-02-18
PAY007497,ORD007497,UPI,Success,43071.3,2025-01-14
PAY007498,ORD007498,Wallet,Success,108521.8,2025-04-27
PAY007499,ORD007499,Cash on Delivery,Success,84108.0,2025-05-13
PAY007500,ORD007500,Net Banking,Failed,177873.5,2025-03-12
PAY007501,ORD007501,Net Banking,Failed,171328.8,2025-02-24
PAY007502,ORD007502,UPI,Success,160557.0,2025-01-10
PAY007503,ORD007503,Cash on Delivery,Success,10112.8,2025-04-11
PAY007504,ORD007504,Wallet,Success,109077.75,2025-01-31
PAY007505,ORD007505,Net Banking,Success,63746.6,2025-02-03
PAY007506,ORD007506,Cash on Delivery,Success,24577.2,2025-04-11
PAY007507,ORD007507,Cash on Delivery,Success,41476.8,2025-02-07
PAY007508,ORD007508,Credit Card,Success,50622.3,2025-05-09
PAY007509,ORD007509,UPI,Success,103250.1,2025-04-01
PAY007510,ORD007510,Wallet,Success,37323.6,2025-01-16
PAY007511,ORD007511,Cash on Delivery,Success,49473.6,2025-03-08
PAY007512,ORD007512,Debit Card,Failed,111202.75,2025-03-18
PAY007513,ORD007513,Wallet,Success,114183.35,2025-04-19
PAY007514,ORD007514,Credit Card,Success,219264.0,2025-04-23
PAY007515,ORD007515,Credit Card,Success,128507.4,2025-06-08
PAY007516,ORD007516,Cash on Delivery,Success,93473.65,2025-04-22
PAY007517,ORD007517,Debit Card,Success,19521.0,2025-06-11
PAY007518,ORD007518,UPI,Success,96452.8,2025-05-14
PAY007519,ORD007519,Debit Card,Failed,40430.85,2025-02-04
PAY007520,ORD007520,Debit Card,Success,141030.8,2025-03-05
PAY007521,ORD007521,Cash on Delivery,Success,225430.95,2025-03-25
PAY007522,ORD007522,UPI,Success,76966.8,2025-03-20
PAY007523,ORD007523,Debit Card,Success,7302.35,2025-03-08
PAY007524,ORD007524,UPI,Success,134196.4,2025-01-03
PAY007525,ORD007525,Debit Card,Success,77278.0,2025-01-04
PAY007526,ORD007526,Debit Card,Success,122744.4,2025-05-30
PAY007527,ORD007527,Cash on Delivery,Success,147621.05,2025-05-22
PAY007528,ORD007528,UPI,Success,247151.7,2025-05-17
PAY007529,ORD007529,Credit Card,Success,82048.0,2025-04-30
PAY007530,ORD007530,Cash on Delivery,Success,202679.65,2025-03-11
PAY007531,ORD007531,Cash on Delivery,Success,84061.35,2025-04-18
PAY007532,ORD007532,UPI,Success,133437.85,2025-05-18
PAY007533,ORD007533,UPI,Success,34188.0,2025-02-02
PAY007534,ORD007534,Debit Card,Success,62303.55,2025-01-19
PAY007535,ORD007535,Credit Card,Refunded,52191.0,2025-03-07
PAY007536,ORD007536,Wallet,Success,156782.0,2025-02-06
PAY007537,ORD007537,Net Banking,Success,89045.85,2025-03-03
PAY007538,ORD007538,Cash on Delivery,Success,84578.5,2025-03-30
PAY007539,ORD007539,UPI,Success,71637.15,2025-01-24
PAY007540,ORD007540,Net Banking,Success,45417.6,2025-06-18
PAY007541,ORD007541,Debit Card,Success,153703.8,2025-01-30
PAY007542,ORD007542,UPI,Refunded,55459.35,2025-04-22
PAY007543,ORD007543,Credit Card,Refunded,148024.55,2025-06-30
PAY007544,ORD007544,Wallet,Success,355359.75,2025-03-17
PAY007545,ORD007545,Credit Card,Success,150224.4,2025-06-25
PAY007546,ORD007546,Net Banking,Success,4250.7,2025-05-20
PAY007547,ORD007547,UPI,Success,28249.2,2025-05-08
PAY007548,ORD007548,UPI,Success,32268.0,2025-01-28
PAY007549,ORD007549,Debit Card,Success,171551.05,2025-05-12
PAY007550,ORD007550,UPI,Success,64897.0,2025-02-09
PAY007551,ORD007551,Credit Card,Success,1224.85,2025-05-29
PAY007552,ORD007552,Net Banking,Success,95574.6,2025-06-04
PAY007553,ORD007553,Cash on Delivery,Success,17700.4,2025-01-17
PAY007554,ORD007554,Cash on Delivery,Success,126898.6,2025-01-12
PAY007555,ORD007555,Cash on Delivery,Success,202749.0,2025-01-30
PAY007556,ORD007556,Wallet,Success,11110.35,2025-05-16
PAY007557,ORD007557,Net Banking,Success,63583.2,2025-04-27
PAY007558,ORD007558,Debit Card,Success,106208.6,2025-04-01
PAY007559,ORD007559,Wallet,Success,60135.0,2025-06-02
PAY007560,ORD007560,Wallet,Success,1560.6,2025-06-06
PAY007561,ORD007561,Credit Card,Success,220352.7,2025-04-21
PAY007562,ORD007562,Debit Card,Success,91225.8,2025-04-03
PAY007563,ORD007563,UPI,Success,110715.0,2025-02-02
PAY007564,ORD007564,Cash on Delivery,Success,102133.8,2025-04-05
PAY007565,ORD007565,Credit Card,Success,142269.1,2025-04-01
PAY007566,ORD007566,Wallet,Success,161199.8,2025-03-06
PAY007567,ORD007567,Wallet,Success,172030.0,2025-05-25
PAY007568,ORD007568,Cash on Delivery,Success,162878.8,2025-05-16
PAY007569,ORD007569,Debit Card,Success,69321.0,2025-01-21
PAY007570,ORD007570,Wallet,Success,239930.6,2025-01-24
PAY007571,ORD007571,Credit Card,Success,142300.65,2025-04-24
PAY007572,ORD007572,Net Banking,Success,104658.9,2025-06-13
PAY007573,ORD007573,Cash on Delivery,Success,114463.8,2025-05-05
PAY007574,ORD007574,Wallet,Success,21818.65,2025-01-22
PAY007575,ORD007575,Net Banking,Success,87945.3,2025-05-14
PAY007576,ORD007576,Credit Card,Success,7849.6,2025-05-23
PAY007577,ORD007577,UPI,Refunded,48197.7,2025-05-27
PAY007578,ORD007578,Net Banking,Success,205927.1,2025-01-14
PAY007579,ORD007579,Net Banking,Success,184665.15,2025-05-19
PAY007580,ORD007580,Debit Card,Success,156923.3,2025-02-14
PAY007581,ORD007581,Credit Card,Success,33660.8,2025-04-27
PAY007582,ORD007582,Net Banking,Success,130841.35,2025-06-08
PAY007583,ORD007583,Cash on Delivery,Success,204307.35,2025-05-09
PAY007584,ORD007584,Credit Card,Success,145537.3,2025-05-30
PAY007585,ORD007585,Credit Card,Success,133548.0,2025-02-06
PAY007586,ORD007586,Debit Card,Success,311161.85,2025-04-28
PAY007587,ORD007587,Cash on Delivery,Success,96449.4,2025-01-25
PAY007588,ORD007588,Credit Card,Success,143650.1,2025-04-08
PAY007589,ORD007589,Cash on Delivery,Success,221002.85,2025-02-18
PAY007590,ORD007590,Net Banking,Refunded,209075.3,2025-03-15
PAY007591,ORD007591,Net Banking,Success,137717.8,2025-03-30
PAY007592,ORD007592,Net Banking,Success,65588.4,2025-06-12
PAY007593,ORD007593,Credit Card,Success,42090.3,2025-03-13
PAY007594,ORD007594,Cash on Delivery,Success,35580.0,2025-03-08
PAY007595,ORD007595,Net Banking,Failed,10377.6,2025-05-16
PAY007596,ORD007596,Net Banking,Failed,166392.7,2025-01-16
PAY007597,ORD007597,UPI,Success,20385.9,2025-05-06
PAY007598,ORD007598,UPI,Success,210437.05,2025-04-02
PAY007599,ORD007599,Cash on Delivery,Success,89614.15,2025-02-20
PAY007600,ORD007600,Credit Card,Success,106119.95,2025-05-02
PAY007601,ORD007601,UPI,Success,40034.1,2025-04-19
PAY007602,ORD007602,UPI,Success,35274.15,2025-02-10
PAY007603,ORD007603,Net Banking,Success,180448.5,2025-02-26
PAY007604,ORD007604,Wallet,Success,69330.15,2025-03-18
PAY007605,ORD007605,UPI,Failed,100999.25,2025-03-22
PAY007606,ORD007606,Wallet,Success,4856.4,2025-03-12
PAY007607,ORD007607,UPI,Success,52060.8,2025-05-08
PAY007608,ORD007608,Wallet,Success,171168.35,2025-05-11
PAY007609,ORD007609,UPI,Success,179310.9,2025-02-04
PAY007610,ORD007610,Credit Card,Success,170812.65,2025-01-17
PAY007611,ORD007611,UPI,Success,19810.8,2025-03-09
PAY007612,ORD007612,Credit Card,Success,150702.7,2025-03-09
PAY007613,ORD007613,Wallet,Success,83099.85,2025-02-10
PAY007614,ORD007614,Debit Card,Success,86597.85,2025-02-27
PAY007615,ORD007615,Cash on Delivery,Success,169107.85,2025-05-12
PAY007616,ORD007616,Credit Card,Success,140570.1,2025-03-16
PAY007617,ORD007617,Wallet,Success,141103.5,2025-01-24
PAY007618,ORD007618,Net Banking,Success,160798.9,2025-03-09
PAY007619,ORD007619,Credit Card,Success,143669.1,2025-03-11
PAY007620,ORD007620,UPI,Success,136524.7,2025-02-02
PAY007621,ORD007621,UPI,Success,140403.6,2025-05-11
PAY007622,ORD007622,UPI,Success,198144.25,2025-06-24
PAY007623,ORD007623,Debit Card,Success,61112.3,2025-05-30
PAY007624,ORD007624,UPI,Success,86729.3,2025-06-11
PAY007625,ORD007625,Debit Card,Failed,157328.5,2025-06-03
PAY007626,ORD007626,Debit Card,Success,79669.65,2025-02-26
PAY007627,ORD007627,UPI,Success,123775.9,2025-04-20
PAY007628,ORD007628,UPI,Success,63409.65,2025-05-07
PAY007629,ORD007629,Debit Card,Success,203018.7,2025-03-09
PAY007630,ORD007630,Net Banking,Success,12706.4,2025-03-05
PAY007631,ORD007631,Net Banking,Success,38173.8,2025-05-13
PAY007632,ORD007632,Net Banking,Success,43424.1,2025-05-05
PAY007633,ORD007633,Net Banking,Success,17717.4,2025-04-05
PAY007634,ORD007634,UPI,Success,240592.55,2025-02-04
PAY007635,ORD007635,UPI,Success,195785.55,2025-02-05
PAY007636,ORD007636,Credit Card,Success,44011.3,2025-03-23
PAY007637,ORD007637,UPI,Success,16710.3,2025-02-21
PAY007638,ORD007638,Net Banking,Success,378529.35,2025-03-06
PAY007639,ORD007639,Credit Card,Success,124973.6,2025-03-30
PAY007640,ORD007640,Debit Card,Success,280534.9,2025-02-02
PAY007641,ORD007641,Wallet,Refunded,150964.85,2025-02-12
PAY007642,ORD007642,UPI,Success,110331.3,2025-05-26
PAY007643,ORD007643,Net Banking,Success,86499.0,2025-03-11
PAY007644,ORD007644,Cash on Delivery,Success,63731.4,2025-01-23
PAY007645,ORD007645,Net Banking,Success,73155.0,2025-04-23
PAY007646,ORD007646,Credit Card,Success,40942.6,2025-03-06
PAY007647,ORD007647,Debit Card,Success,237246.2,2025-01-30
PAY007648,ORD007648,Wallet,Success,161474.3,2025-03-25
PAY007649,ORD007649,Wallet,Success,140126.6,2025-02-20
PAY007650,ORD007650,Net Banking,Success,97218.65,2025-01-29
PAY007651,ORD007651,Debit Card,Success,137332.0,2025-01-27
PAY007652,ORD007652,Net Banking,Success,87343.5,2025-02-03
PAY007653,ORD007653,Net Banking,Success,60844.3,2025-01-01
PAY007654,ORD007654,Wallet,Success,313826.7,2025-02-10
PAY007655,ORD007655,UPI,Success,204733.9,2025-04-13
PAY007656,ORD007656,Debit Card,Success,155482.75,2025-01-27
PAY007657,ORD007657,Net Banking,Success,137281.0,2025-06-28
PAY007658,ORD007658,Debit Card,Success,38866.5,2025-03-03
PAY007659,ORD007659,Cash on Delivery,Success,28214.85,2025-03-08
PAY007660,ORD007660,Cash on Delivery,Failed,87257.95,2025-06-01
PAY007661,ORD007661,Net Banking,Success,216684.0,2025-04-24
PAY007662,ORD007662,Wallet,Success,44197.35,2025-03-22
PAY007663,ORD007663,Wallet,Failed,194629.95,2025-04-04
PAY007664,ORD007664,UPI,Success,36744.8,2025-06-11
PAY007665,ORD007665,Debit Card,Success,144070.15,2025-01-28
PAY007666,ORD007666,Wallet,Success,73903.5,2025-04-06
PAY007667,ORD007667,Credit Card,Success,55608.0,2025-02-10
PAY007668,ORD007668,Credit Card,Success,114359.1,2025-03-20
PAY007669,ORD007669,Cash on Delivery,Success,247559.0,2025-03-21
PAY007670,ORD007670,Wallet,Success,158584.4,2025-03-23
PAY007671,ORD007671,Net Banking,Success,129170.55,2025-06-08
PAY007672,ORD007672,Debit Card,Success,9711.25,2025-01-08
PAY007673,ORD007673,Net Banking,Success,138008.7,2025-04-19
PAY007674,ORD007674,UPI,Success,65094.1,2025-01-26
PAY007675,ORD007675,Debit Card,Success,112011.4,2025-05-21
PAY007676,ORD007676,Credit Card,Success,136635.7,2025-06-10
PAY007677,ORD007677,Credit Card,Success,2635.2,2025-03-19
PAY007678,ORD007678,Credit Card,Refunded,115934.1,2025-05-20
PAY007679,ORD007679,UPI,Success,106181.45,2025-01-25
PAY007680,ORD007680,Wallet,Success,40223.0,2025-03-01
PAY007681,ORD007681,Net Banking,Success,102889.9,2025-04-02
PAY007682,ORD007682,UPI,Success,50698.65,2025-04-07
PAY007683,ORD007683,UPI,Success,197016.0,2025-06-27
PAY007684,ORD007684,Wallet,Success,125148.6,2025-03-20
PAY007685,ORD007685,Cash on Delivery,Success,165979.05,2025-05-23
PAY007686,ORD007686,Credit Card,Success,108144.0,2025-03-11
PAY007687,ORD007687,Net Banking,Success,108465.6,2025-02-18
PAY007688,ORD007688,UPI,Success,3054.75,2025-01-11
PAY007689,ORD007689,Credit Card,Success,160227.15,2025-04-16
PAY007690,ORD007690,UPI,Success,94732.0,2025-03-10
PAY007691,ORD007691,Net Banking,Success,133986.3,2025-02-14
PAY007692,ORD007692,Net Banking,Success,157250.7,2025-02-26
PAY007693,ORD007693,Credit Card,Success,149338.8,2025-01-07
PAY007694,ORD007694,Cash on Delivery,Success,65455.6,2025-06-04
PAY007695,ORD007695,UPI,Success,40953.0,2025-05-04
PAY007696,ORD007696,Wallet,Success,1085.45,2025-01-14
PAY007697,ORD007697,Cash on Delivery,Success,51244.8,2025-01-08
PAY007698,ORD007698,Cash on Delivery,Success,133586.85,2025-01-14
PAY007699,ORD007699,Credit Card,Success,4918.4,2025-06-19
PAY007700,ORD007700,Cash on Delivery,Success,13785.3,2025-06-05
PAY007701,ORD007701,Credit Card,Success,50864.0,2025-05-08
PAY007702,ORD007702,Cash on Delivery,Success,3243.0,2025-02-05
PAY007703,ORD007703,UPI,Success,156929.6,2025-06-12
PAY007704,ORD007704,Net Banking,Success,14774.4,2025-05-30
PAY007705,ORD007705,Credit Card,Success,121249.7,2025-02-20
PAY007706,ORD007706,Credit Card,Success,165114.25,2025-05-18
PAY007707,ORD007707,UPI,Success,62262.0,2025-06-28
PAY007708,ORD007708,Net Banking,Success,127718.1,2025-04-05
PAY007709,ORD007709,Cash on Delivery,Success,282674.15,2025-03-05
PAY007710,ORD007710,Wallet,Success,187115.6,2025-02-09
PAY007711,ORD007711,UPI,Success,90272.7,2025-01-23
PAY007712,ORD007712,Cash on Delivery,Success,38289.95,2025-03-10
PAY007713,ORD007713,Debit Card,Success,77605.2,2025-02-03
PAY007714,ORD007714,Net Banking,Success,129318.75,2025-02-23
PAY007715,ORD007715,Debit Card,Success,121901.25,2025-04-29
PAY007716,ORD007716,Debit Card,Success,134746.5,2025-06-23
PAY007717,ORD007717,Credit Card,Success,163342.5,2025-02-02
PAY007718,ORD007718,Credit Card,Success,81273.3,2025-03-30
PAY007719,ORD007719,Credit Card,Success,48353.8,2025-02-23
PAY007720,ORD007720,Net Banking,Success,39357.85,2025-01-21
PAY007721,ORD007721,UPI,Success,18225.5,2025-04-04
PAY007722,ORD007722,Cash on Delivery,Success,49806.0,2025-02-08
PAY007723,ORD007723,Cash on Delivery,Success,151012.4,2025-05-21
PAY007724,ORD007724,Cash on Delivery,Success,52404.85,2025-04-30
PAY007725,ORD007725,Net Banking,Success,61193.45,2025-03-24
PAY007726,ORD007726,Wallet,Success,153382.5,2025-04-07
PAY007727,ORD007727,Net Banking,Success,101486.75,2025-05-31
PAY007728,ORD007728,Credit Card,Success,58027.1,2025-02-18
PAY007729,ORD007729,Cash on Delivery,Success,232931.15,2025-03-19
PAY007730,ORD007730,Net Banking,Success,205678.85,2025-02-04
PAY007731,ORD007731,Credit Card,Success,25167.6,2025-04-01
PAY007732,ORD007732,Cash on Delivery,Success,59910.15,2025-03-11
PAY007733,ORD007733,Debit Card,Success,11210.0,2025-01-26
PAY007734,ORD007734,Wallet,Success,33554.05,2025-04-11
PAY007735,ORD007735,Cash on Delivery,Success,5352.45,2025-03-31
PAY007736,ORD007736,UPI,Success,38162.6,2025-02-22
PAY007737,ORD007737,Debit Card,Success,68328.9,2025-04-22
PAY007738,ORD007738,Debit Card,Success,4910.4,2025-04-19
PAY007739,ORD007739,Credit Card,Failed,90038.15,2025-04-01
PAY007740,ORD007740,UPI,Success,74121.7,2025-02-18
PAY007741,ORD007741,Debit Card,Success,261149.25,2025-04-23
PAY007742,ORD007742,Credit Card,Success,145212.0,2025-01-06
PAY007743,ORD007743,UPI,Success,121215.65,2025-04-05
PAY007744,ORD007744,UPI,Success,18107.55,2025-02-12
PAY007745,ORD007745,Net Banking,Success,225830.5,2025-01-13
PAY007746,ORD007746,Net Banking,Failed,138037.35,2025-02-14
PAY007747,ORD007747,UPI,Success,193149.85,2025-06-06
PAY007748,ORD007748,Net Banking,Success,41881.75,2025-06-18
PAY007749,ORD007749,Wallet,Success,81107.85,2025-04-29
PAY007750,ORD007750,Debit Card,Success,139508.7,2025-06-05
PAY007751,ORD007751,UPI,Success,100268.1,2025-04-27
PAY007752,ORD007752,Wallet,Success,109122.0,2025-01-10
PAY007753,ORD007753,UPI,Success,91905.7,2025-01-23
PAY007754,ORD007754,Credit Card,Success,224436.2,2025-04-21
PAY007755,ORD007755,Net Banking,Success,181807.2,2025-04-30
PAY007756,ORD007756,UPI,Success,90570.8,2025-02-13
PAY007757,ORD007757,Wallet,Success,238663.8,2025-05-23
PAY007758,ORD007758,Debit Card,Success,31094.0,2025-06-25
PAY007759,ORD007759,Cash on Delivery,Success,49954.5,2025-05-26
PAY007760,ORD007760,Cash on Delivery,Success,115636.75,2025-05-07
PAY007761,ORD007761,Net Banking,Success,174311.75,2025-03-26
PAY007762,ORD007762,Cash on Delivery,Success,285012.75,2025-06-06
PAY007763,ORD007763,UPI,Success,117067.5,2025-03-05
PAY007764,ORD007764,Cash on Delivery,Success,294074.9,2025-02-23
PAY007765,ORD007765,Cash on Delivery,Success,6132.75,2025-04-17
PAY007766,ORD007766,Credit Card,Success,112000.6,2025-03-26
PAY007767,ORD007767,Debit Card,Success,216651.15,2025-05-27
PAY007768,ORD007768,Debit Card,Success,143196.0,2025-04-29
PAY007769,ORD007769,Cash on Delivery,Success,233318.7,2025-03-08
PAY007770,ORD007770,Wallet,Success,88533.6,2025-03-14
PAY007771,ORD007771,Net Banking,Success,142614.2,2025-01-11
PAY007772,ORD007772,Net Banking,Success,81732.0,2025-03-26
PAY007773,ORD007773,Credit Card,Success,236296.2,2025-04-04
PAY007774,ORD007774,Cash on Delivery,Success,167000.4,2025-01-20
PAY007775,ORD007775,Net Banking,Failed,10144.8,2025-02-21
PAY007776,ORD007776,Debit Card,Success,36600.0,2025-01-10
PAY007777,ORD007777,Credit Card,Success,53841.4,2025-04-04
PAY007778,ORD007778,Net Banking,Success,73877.7,2025-06-25
PAY007779,ORD007779,UPI,Failed,88791.0,2025-02-25
PAY007780,ORD007780,Net Banking,Success,110099.35,2025-02-21
PAY007781,ORD007781,UPI,Success,111074.85,2025-03-02
PAY007782,ORD007782,Cash on Delivery,Success,154730.0,2025-01-03
PAY007783,ORD007783,Net Banking,Success,210961.05,2025-03-16
PAY007784,ORD007784,Wallet,Refunded,59652.1,2025-06-14
PAY007785,ORD007785,Cash on Delivery,Success,159601.25,2025-03-22
PAY007786,ORD007786,Wallet,Success,170723.35,2025-03-17
PAY007787,ORD007787,Credit Card,Success,120696.1,2025-01-29
PAY007788,ORD007788,Net Banking,Success,184898.6,2025-05-02
PAY007789,ORD007789,Credit Card,Failed,55546.65,2025-04-27
PAY007790,ORD007790,Wallet,Success,131719.55,2025-06-27
PAY007791,ORD007791,Debit Card,Success,95000.1,2025-05-23
PAY007792,ORD007792,UPI,Success,202925.7,2025-06-13
PAY007793,ORD007793,Credit Card,Success,23594.0,2025-06-23
PAY007794,ORD007794,UPI,Success,69300.25,2025-04-19
PAY007795,ORD007795,Wallet,Success,114022.8,2025-02-19
PAY007796,ORD007796,Credit Card,Success,198309.2,2025-05-06
PAY007797,ORD007797,UPI,Success,132819.1,2025-03-13
PAY007798,ORD007798,Wallet,Success,5864.0,2025-06-28
PAY007799,ORD007799,Credit Card,Success,28747.2,2025-06-07
PAY007800,ORD007800,Debit Card,Success,113300.55,2025-01-13
PAY007801,ORD007801,Cash on Delivery,Success,15296.8,2025-06-18
PAY007802,ORD007802,Cash on Delivery,Success,170737.15,2025-05-01
PAY007803,ORD007803,Debit Card,Success,191475.0,2025-01-26
PAY007804,ORD007804,Debit Card,Success,37360.0,2025-02-01
PAY007805,ORD007805,UPI,Success,131486.2,2025-04-10
PAY007806,ORD007806,Debit Card,Success,209323.8,2025-04-09
PAY007807,ORD007807,Net Banking,Success,123218.25,2025-05-21
PAY007808,ORD007808,Debit Card,Success,89428.9,2025-03-31
PAY007809,ORD007809,Net Banking,Success,163563.0,2025-04-02
PAY007810,ORD007810,Wallet,Success,240258.6,2025-02-11
PAY007811,ORD007811,Cash on Delivery,Success,133842.0,2025-05-27
PAY007812,ORD007812,Credit Card,Success,67088.85,2025-06-30
PAY007813,ORD007813,Wallet,Success,63258.8,2025-05-26
PAY007814,ORD007814,Wallet,Failed,8481.3,2025-04-27
PAY007815,ORD007815,Cash on Delivery,Success,109158.7,2025-05-09
PAY007816,ORD007816,UPI,Success,111092.65,2025-04-10
PAY007817,ORD007817,Credit Card,Success,128111.1,2025-01-09
PAY007818,ORD007818,Cash on Delivery,Success,40944.6,2025-02-14
PAY007819,ORD007819,Credit Card,Success,155750.55,2025-04-28
PAY007820,ORD007820,Cash on Delivery,Success,133600.5,2025-06-24
PAY007821,ORD007821,Net Banking,Refunded,7178.4,2025-04-06
PAY007822,ORD007822,Debit Card,Success,174200.5,2025-05-11
PAY007823,ORD007823,Credit Card,Success,173553.9,2025-05-03
PAY007824,ORD007824,UPI,Success,90425.2,2025-01-13
PAY007825,ORD007825,Net Banking,Failed,37307.35,2025-02-20
PAY007826,ORD007826,Debit Card,Success,218988.1,2025-06-13
PAY007827,ORD007827,Wallet,Success,166928.85,2025-05-21
PAY007828,ORD007828,UPI,Success,40757.4,2025-02-25
PAY007829,ORD007829,Net Banking,Success,35185.3,2025-01-15
PAY007830,ORD007830,Cash on Delivery,Success,24535.25,2025-02-18
PAY007831,ORD007831,Cash on Delivery,Success,65080.7,2025-01-29
PAY007832,ORD007832,Wallet,Success,76938.9,2025-05-17
PAY007833,ORD007833,Debit Card,Success,129751.2,2025-04-15
PAY007834,ORD007834,Net Banking,Success,131158.3,2025-02-11
PAY007835,ORD007835,UPI,Success,105743.0,2025-01-08
PAY007836,ORD007836,Debit Card,Success,78812.1,2025-04-27
PAY007837,ORD007837,Wallet,Success,22299.0,2025-06-27
PAY007838,ORD007838,Net Banking,Success,121254.75,2025-03-03
PAY007839,ORD007839,Cash on Delivery,Success,14875.2,2025-01-20
PAY007840,ORD007840,Debit Card,Success,117965.35,2025-02-14
PAY007841,ORD007841,UPI,Success,21766.8,2025-02-09
PAY007842,ORD007842,UPI,Success,109322.0,2025-05-27
PAY007843,ORD007843,Cash on Delivery,Success,39396.0,2025-04-03
PAY007844,ORD007844,Debit Card,Success,134302.3,2025-01-10
PAY007845,ORD007845,Credit Card,Success,93487.6,2025-01-10
PAY007846,ORD007846,Debit Card,Failed,64895.15,2025-06-14
PAY007847,ORD007847,Credit Card,Refunded,35569.6,2025-01-01
PAY007848,ORD007848,Debit Card,Success,47513.2,2025-04-12
PAY007849,ORD007849,Net Banking,Success,122677.95,2025-05-11
PAY007850,ORD007850,Wallet,Success,81548.1,2025-01-19
PAY007851,ORD007851,Debit Card,Success,11472.0,2025-02-28
PAY007852,ORD007852,Cash on Delivery,Success,51435.8,2025-03-28
PAY007853,ORD007853,Credit Card,Success,112583.85,2025-03-17
PAY007854,ORD007854,Debit Card,Success,112777.8,2025-05-28
PAY007855,ORD007855,Wallet,Success,71303.3,2025-04-04
PAY007856,ORD007856,Credit Card,Success,22773.2,2025-03-15
PAY007857,ORD007857,UPI,Success,153880.9,2025-04-28
PAY007858,ORD007858,Wallet,Success,167873.0,2025-05-16
PAY007859,ORD007859,Cash on Delivery,Success,68596.55,2025-03-21
PAY007860,ORD007860,Debit Card,Success,94775.05,2025-02-10
PAY007861,ORD007861,Debit Card,Success,268760.45,2025-01-14
PAY007862,ORD007862,Wallet,Success,61441.4,2025-04-23
PAY007863,ORD007863,UPI,Success,193325.2,2025-02-04
PAY007864,ORD007864,Debit Card,Success,41083.9,2025-03-21
PAY007865,ORD007865,Debit Card,Success,244721.2,2025-01-16
PAY007866,ORD007866,Debit Card,Success,89708.4,2025-06-25
PAY007867,ORD007867,Wallet,Success,52713.2,2025-04-05
PAY007868,ORD007868,Credit Card,Success,126093.5,2025-06-18
PAY007869,ORD007869,Wallet,Success,105461.4,2025-05-28
PAY007870,ORD007870,Credit Card,Success,67780.6,2025-02-06
PAY007871,ORD007871,Wallet,Success,97543.15,2025-03-01
PAY007872,ORD007872,Wallet,Success,141467.05,2025-03-08
PAY007873,ORD007873,Wallet,Success,33466.35,2025-05-01
PAY007874,ORD007874,UPI,Success,98392.8,2025-06-02
PAY007875,ORD007875,Cash on Delivery,Success,87918.0,2025-05-15
PAY007876,ORD007876,Wallet,Success,153528.9,2025-04-11
PAY007877,ORD007877,Credit Card,Success,133355.6,2025-02-17
PAY007878,ORD007878,Net Banking,Success,77924.1,2025-02-17
PAY007879,ORD007879,UPI,Success,180418.7,2025-05-06
PAY007880,ORD007880,Credit Card,Success,123011.7,2025-01-29
PAY007881,ORD007881,Wallet,Success,201618.0,2025-04-07
PAY007882,ORD007882,UPI,Failed,165132.1,2025-03-01
PAY007883,ORD007883,Debit Card,Success,162760.4,2025-02-25
PAY007884,ORD007884,Credit Card,Success,120720.3,2025-05-10
PAY007885,ORD007885,Debit Card,Success,133727.7,2025-02-04
PAY007886,ORD007886,Cash on Delivery,Success,61418.45,2025-04-03
PAY007887,ORD007887,Debit Card,Success,148266.0,2025-06-04
PAY007888,ORD007888,Cash on Delivery,Success,110975.7,2025-03-05
PAY007889,ORD007889,Cash on Delivery,Success,188550.15,2025-01-20
PAY007890,ORD007890,Credit Card,Success,126689.8,2025-06-06
PAY007891,ORD007891,Cash on Delivery,Success,198172.7,2025-05-23
PAY007892,ORD007892,Debit Card,Success,67092.85,2025-03-31
PAY007893,ORD007893,Cash on Delivery,Success,77172.8,2025-04-06
PAY007894,ORD007894,Wallet,Success,123742.7,2025-01-27
PAY007895,ORD007895,Cash on Delivery,Success,75628.5,2025-04-23
PAY007896,ORD007896,Credit Card,Success,118551.6,2025-04-16
PAY007897,ORD007897,UPI,Success,44229.6,2025-05-09
PAY007898,ORD007898,Wallet,Success,85210.6,2025-02-13
PAY007899,ORD007899,Wallet,Success,66742.8,2025-05-04
PAY007900,ORD007900,Cash on Delivery,Success,58317.6,2025-03-12
PAY007901,ORD007901,UPI,Success,6228.0,2025-02-19
PAY007902,ORD007902,Debit Card,Success,101884.0,2025-04-03
PAY007903,ORD007903,Net Banking,Success,126605.8,2025-02-27
PAY007904,ORD007904,Net Banking,Success,85349.15,2025-01-22
PAY007905,ORD007905,UPI,Success,80150.15,2025-02-17
PAY007906,ORD007906,Debit Card,Success,148915.35,2025-05-07
PAY007907,ORD007907,Credit Card,Success,91812.3,2025-03-01
PAY007908,ORD007908,Wallet,Success,1332.85,2025-03-02
PAY007909,ORD007909,Credit Card,Success,144608.8,2025-06-18
PAY007910,ORD007910,Wallet,Refunded,6030.0,2025-01-07
PAY007911,ORD007911,UPI,Failed,125509.2,2025-06-08
PAY007912,ORD007912,UPI,Success,95253.45,2025-03-01
PAY007913,ORD007913,UPI,Success,23976.0,2025-05-25
PAY007914,ORD007914,Wallet,Success,161334.15,2025-02-03
PAY007915,ORD007915,UPI,Success,55738.0,2025-02-21
PAY007916,ORD007916,UPI,Success,9485.2,2025-02-23
PAY007917,ORD007917,Credit Card,Failed,184495.8,2025-01-05
PAY007918,ORD007918,Net Banking,Success,132250.0,2025-02-19
PAY007919,ORD007919,Wallet,Success,30610.8,2025-03-13
PAY007920,ORD007920,Cash on Delivery,Success,204193.65,2025-02-15
PAY007921,ORD007921,Net Banking,Success,157734.6,2025-03-05
PAY007922,ORD007922,Cash on Delivery,Success,108095.35,2025-06-25
PAY007923,ORD007923,Wallet,Success,41231.2,2025-04-09
PAY007924,ORD007924,Credit Card,Success,171700.0,2025-03-13
PAY007925,ORD007925,UPI,Success,13888.0,2025-05-05
PAY007926,ORD007926,Net Banking,Failed,62951.85,2025-03-30
PAY007927,ORD007927,UPI,Success,226283.1,2025-05-15
PAY007928,ORD007928,Net Banking,Success,49294.65,2025-06-14
PAY007929,ORD007929,Cash on Delivery,Success,26745.5,2025-01-07
PAY007930,ORD007930,UPI,Success,152559.6,2025-01-18
PAY007931,ORD007931,Wallet,Success,240928.4,2025-05-12
PAY007932,ORD007932,Debit Card,Success,121364.1,2025-02-26
PAY007933,ORD007933,Net Banking,Success,126486.8,2025-06-17
PAY007934,ORD007934,Net Banking,Success,96662.4,2025-04-14
PAY007935,ORD007935,Net Banking,Success,197908.8,2025-04-10
PAY007936,ORD007936,Credit Card,Success,100305.6,2025-05-30
PAY007937,ORD007937,Net Banking,Failed,38580.7,2025-05-08
PAY007938,ORD007938,Credit Card,Success,120043.8,2025-04-01
PAY007939,ORD007939,Debit Card,Success,128289.2,2025-05-22
PAY007940,ORD007940,Wallet,Success,57182.0,2025-03-12
PAY007941,ORD007941,Net Banking,Success,237331.2,2025-01-11
PAY007942,ORD007942,Debit Card,Success,45412.15,2025-04-16
PAY007943,ORD007943,Net Banking,Success,238821.6,2025-01-21
PAY007944,ORD007944,Debit Card,Success,125626.2,2025-05-13
PAY007945,ORD007945,Wallet,Success,235813.8,2025-05-27
PAY007946,ORD007946,Wallet,Success,59792.6,2025-05-16
PAY007947,ORD007947,Net Banking,Success,177797.05,2025-02-02
PAY007948,ORD007948,Wallet,Success,81456.0,2025-05-14
PAY007949,ORD007949,Debit Card,Success,38706.0,2025-03-30
PAY007950,ORD007950,UPI,Success,142807.75,2025-05-08
PAY007951,ORD007951,Cash on Delivery,Success,17988.55,2025-04-10
PAY007952,ORD007952,Net Banking,Success,64489.8,2025-01-30
PAY007953,ORD007953,Cash on Delivery,Success,9519.95,2025-05-09
PAY007954,ORD007954,Debit Card,Success,306109.0,2025-02-12
PAY007955,ORD007955,UPI,Success,77392.8,2025-01-14
PAY007956,ORD007956,Wallet,Success,236922.2,2025-01-06
PAY007957,ORD007957,Credit Card,Success,106380.4,2025-01-08
PAY007958,ORD007958,Cash on Delivery,Success,34356.0,2025-03-30
PAY007959,ORD007959,Net Banking,Success,79892.9,2025-02-27
PAY007960,ORD007960,Credit Card,Success,90592.65,2025-03-11
PAY007961,ORD007961,UPI,Success,42637.9,2025-02-04
PAY007962,ORD007962,Cash on Delivery,Success,119199.7,2025-01-24
PAY007963,ORD007963,Net Banking,Success,216031.3,2025-04-11
PAY007964,ORD007964,Wallet,Success,95199.15,2025-04-11
PAY007965,ORD007965,Cash on Delivery,Success,21612.95,2025-05-11
PAY007966,ORD007966,Credit Card,Success,162616.85,2025-02-02
PAY007967,ORD007967,UPI,Refunded,38729.45,2025-03-18
PAY007968,ORD007968,Credit Card,Success,29043.4,2025-05-02
PAY007969,ORD007969,Cash on Delivery,Success,98660.7,2025-05-14
PAY007970,ORD007970,Credit Card,Success,35399.0,2025-03-22
PAY007971,ORD007971,Credit Card,Success,239409.0,2025-06-03
PAY007972,ORD007972,Wallet,Success,51582.6,2025-01-27
PAY007973,ORD007973,UPI,Success,89900.4,2025-06-03
PAY007974,ORD007974,Wallet,Success,42377.0,2025-04-06
PAY007975,ORD007975,Credit Card,Success,285085.95,2025-05-07
PAY007976,ORD007976,Credit Card,Success,23800.35,2025-02-03
PAY007977,ORD007977,Wallet,Success,77799.5,2025-04-25
PAY007978,ORD007978,UPI,Success,45964.8,2025-04-11
PAY007979,ORD007979,UPI,Success,197023.5,2025-06-25
PAY007980,ORD007980,Cash on Delivery,Success,2784.6,2025-01-04
PAY007981,ORD007981,Credit Card,Success,76596.0,2025-05-30
PAY007982,ORD007982,Wallet,Success,30269.85,2025-03-27
PAY007983,ORD007983,Net Banking,Refunded,9355.2,2025-03-21
PAY007984,ORD007984,Cash on Delivery,Success,10745.0,2025-06-21
PAY007985,ORD007985,Net Banking,Success,9956.0,2025-02-13
PAY007986,ORD007986,Wallet,Success,158271.0,2025-05-09
PAY007987,ORD007987,Credit Card,Success,54662.4,2025-04-15
PAY007988,ORD007988,Credit Card,Success,176878.0,2025-03-20
PAY007989,ORD007989,Cash on Delivery,Failed,89840.7,2025-03-26
PAY007990,ORD007990,Debit Card,Success,116073.75,2025-06-29
PAY007991,ORD007991,UPI,Success,201795.7,2025-03-18
PAY007992,ORD007992,Credit Card,Failed,114897.4,2025-04-23
PAY007993,ORD007993,Debit Card,Success,158008.1,2025-01-11
PAY007994,ORD007994,Wallet,Success,37261.45,2025-04-16
PAY007995,ORD007995,Credit Card,Failed,117016.2,2025-03-25
PAY007996,ORD007996,Net Banking,Success,44532.0,2025-02-20
PAY007997,ORD007997,Credit Card,Success,156576.1,2025-03-02
PAY007998,ORD007998,Wallet,Success,148885.4,2025-03-25
PAY007999,ORD007999,Net Banking,Success,159125.1,2025-06-25
PAY008000,ORD008000,Credit Card,Success,28585.0,2025-05-20
PAY008001,ORD008001,Wallet,Success,83908.8,2025-03-19
PAY008002,ORD008002,Credit Card,Success,150971.0,2025-01-13
PAY008003,ORD008003,Debit Card,Success,108613.5,2025-03-31
PAY008004,ORD008004,UPI,Success,33693.65,2025-04-10
PAY008005,ORD008005,UPI,Success,64800.0,2025-01-19
PAY008006,ORD008006,Credit Card,Refunded,262392.3,2025-06-21
PAY008007,ORD008007,UPI,Success,143376.05,2025-05-02
PAY008008,ORD008008,UPI,Success,1992.0,2025-04-02
PAY008009,ORD008009,Wallet,Success,31549.5,2025-01-14
PAY008010,ORD008010,Cash on Delivery,Success,164562.0,2025-03-27
PAY008011,ORD008011,Cash on Delivery,Success,107820.3,2025-01-27
PAY008012,ORD008012,Debit Card,Success,108448.7,2025-06-22
PAY008013,ORD008013,Wallet,Success,102232.5,2025-05-24
PAY008014,ORD008014,Credit Card,Success,275801.1,2025-02-21
PAY008015,ORD008015,Credit Card,Success,218045.8,2025-04-20
PAY008016,ORD008016,Wallet,Success,86445.6,2025-01-02
PAY008017,ORD008017,UPI,Success,14740.2,2025-05-29
PAY008018,ORD008018,Credit Card,Success,173442.55,2025-05-02
PAY008019,ORD008019,Debit Card,Success,84468.0,2025-01-02
PAY008020,ORD008020,Net Banking,Success,59419.05,2025-05-27
PAY008021,ORD008021,UPI,Failed,12596.0,2025-03-03
PAY008022,ORD008022,Wallet,Success,19190.0,2025-03-11
PAY008023,ORD008023,Net Banking,Success,124758.0,2025-05-05
PAY008024,ORD008024,Debit Card,Success,93157.2,2025-01-31
PAY008025,ORD008025,Cash on Delivery,Success,51229.7,2025-01-30
PAY008026,ORD008026,UPI,Success,73155.3,2025-06-25
PAY008027,ORD008027,Cash on Delivery,Success,59602.9,2025-04-02
PAY008028,ORD008028,Debit Card,Success,200030.65,2025-02-21
PAY008029,ORD008029,Debit Card,Success,217688.7,2025-05-19
PAY008030,ORD008030,Wallet,Success,77826.6,2025-05-26
PAY008031,ORD008031,Credit Card,Success,201418.8,2025-04-02
PAY008032,ORD008032,Net Banking,Success,157311.95,2025-06-11
PAY008033,ORD008033,UPI,Success,222236.35,2025-02-10
PAY008034,ORD008034,Wallet,Success,156205.85,2025-04-16
PAY008035,ORD008035,Debit Card,Success,139291.0,2025-06-19
PAY008036,ORD008036,UPI,Success,18445.0,2025-06-13
PAY008037,ORD008037,Credit Card,Success,39393.65,2025-06-09
PAY008038,ORD008038,Wallet,Success,141437.0,2025-03-08
PAY008039,ORD008039,Cash on Delivery,Success,232780.85,2025-06-24
PAY008040,ORD008040,Wallet,Success,108830.4,2025-06-24
PAY008041,ORD008041,Credit Card,Success,12451.65,2025-01-05
PAY008042,ORD008042,Cash on Delivery,Success,7931.0,2025-04-11
PAY008043,ORD008043,UPI,Success,197322.1,2025-04-20
PAY008044,ORD008044,Debit Card,Success,49861.8,2025-03-15
PAY008045,ORD008045,Debit Card,Success,124560.0,2025-01-26
PAY008046,ORD008046,UPI,Success,11227.5,2025-06-16
PAY008047,ORD008047,Wallet,Success,132384.0,2025-04-24
PAY008048,ORD008048,UPI,Success,113798.6,2025-04-08
PAY008049,ORD008049,UPI,Success,72400.0,2025-01-08
PAY008050,ORD008050,UPI,Failed,134418.8,2025-04-12
PAY008051,ORD008051,Debit Card,Success,37115.2,2025-02-17
PAY008052,ORD008052,Net Banking,Success,89166.05,2025-04-13
PAY008053,ORD008053,Credit Card,Success,93611.5,2025-03-16
PAY008054,ORD008054,Wallet,Success,216944.1,2025-03-01
PAY008055,ORD008055,Wallet,Success,170486.1,2025-04-26
PAY008056,ORD008056,Cash on Delivery,Success,30494.3,2025-03-07
PAY008057,ORD008057,UPI,Success,248785.1,2025-01-23
PAY008058,ORD008058,Cash on Delivery,Success,66323.85,2025-06-07
PAY008059,ORD008059,Debit Card,Success,142197.9,2025-01-02
PAY008060,ORD008060,Net Banking,Success,179786.55,2025-04-24
PAY008061,ORD008061,Credit Card,Success,45219.8,2025-06-02
PAY008062,ORD008062,Debit Card,Success,150320.5,2025-05-05
PAY008063,ORD008063,Net Banking,Success,14958.4,2025-05-06
PAY008064,ORD008064,UPI,Success,117366.0,2025-02-26
PAY008065,ORD008065,UPI,Success,161090.3,2025-05-10
PAY008066,ORD008066,Credit Card,Success,99483.05,2025-03-22
PAY008067,ORD008067,Wallet,Success,61403.6,2025-04-29
PAY008068,ORD008068,Cash on Delivery,Success,163779.45,2025-04-14
PAY008069,ORD008069,Cash on Delivery,Success,77198.4,2025-05-19
PAY008070,ORD008070,UPI,Success,8762.4,2025-06-29
PAY008071,ORD008071,Debit Card,Success,16673.6,2025-02-12
PAY008072,ORD008072,Credit Card,Success,7542.0,2025-03-10
PAY008073,ORD008073,Credit Card,Success,323620.4,2025-04-25
PAY008074,ORD008074,Wallet,Success,56712.65,2025-04-27
PAY008075,ORD008075,Net Banking,Success,35479.0,2025-02-24
PAY008076,ORD008076,Wallet,Success,125401.45,2025-03-08
PAY008077,ORD008077,Net Banking,Success,80010.0,2025-04-04
PAY008078,ORD008078,Debit Card,Success,268055.7,2025-01-06
PAY008079,ORD008079,Debit Card,Success,81051.5,2025-04-03
PAY008080,ORD008080,Net Banking,Success,9081.0,2025-04-10
PAY008081,ORD008081,UPI,Success,61799.3,2025-01-07
PAY008082,ORD008082,Credit Card,Success,102382.65,2025-06-21
PAY008083,ORD008083,Credit Card,Success,147360.4,2025-05-17
PAY008084,ORD008084,Cash on Delivery,Success,48500.3,2025-05-20
PAY008085,ORD008085,Debit Card,Success,111046.4,2025-03-22
PAY008086,ORD008086,Net Banking,Success,167873.1,2025-01-12
PAY008087,ORD008087,Cash on Delivery,Success,66422.1,2025-04-03
PAY008088,ORD008088,Net Banking,Refunded,65297.4,2025-02-08
PAY008089,ORD008089,Credit Card,Success,61747.1,2025-06-24
PAY008090,ORD008090,Credit Card,Success,207798.3,2025-03-11
PAY008091,ORD008091,UPI,Success,92432.4,2025-04-07
PAY008092,ORD008092,Wallet,Success,13896.0,2025-06-10
PAY008093,ORD008093,Wallet,Success,233871.6,2025-01-24
PAY008094,ORD008094,Debit Card,Success,55382.4,2025-06-22
PAY008095,ORD008095,Debit Card,Success,129015.9,2025-04-27
PAY008096,ORD008096,Cash on Delivery,Success,30320.2,2025-02-26
PAY008097,ORD008097,Wallet,Failed,183208.0,2025-03-09
PAY008098,ORD008098,Wallet,Success,88009.65,2025-04-23
PAY008099,ORD008099,Net Banking,Success,184945.45,2025-06-22
PAY008100,ORD008100,Net Banking,Success,10056.6,2025-06-29
PAY008101,ORD008101,UPI,Success,10336.95,2025-01-06
PAY008102,ORD008102,Wallet,Success,181550.95,2025-04-19
PAY008103,ORD008103,Cash on Delivery,Success,24334.4,2025-03-29
PAY008104,ORD008104,Debit Card,Failed,109352.95,2025-04-14
PAY008105,ORD008105,Credit Card,Success,52148.0,2025-01-10
PAY008106,ORD008106,UPI,Success,210570.75,2025-03-17
PAY008107,ORD008107,Credit Card,Success,135599.9,2025-02-20
PAY008108,ORD008108,UPI,Success,65635.2,2025-02-15
PAY008109,ORD008109,Cash on Delivery,Success,19218.5,2025-05-16
PAY008110,ORD008110,Debit Card,Success,95510.15,2025-01-31
PAY008111,ORD008111,Credit Card,Success,160956.9,2025-03-17
PAY008112,ORD008112,Cash on Delivery,Success,56072.8,2025-01-28
PAY008113,ORD008113,Credit Card,Success,48951.3,2025-04-27
PAY008114,ORD008114,Net Banking,Success,54938.9,2025-02-22
PAY008115,ORD008115,Wallet,Success,147249.0,2025-06-17
PAY008116,ORD008116,Cash on Delivery,Success,132367.55,2025-03-30
PAY008117,ORD008117,Net Banking,Success,310316.9,2025-03-17
PAY008118,ORD008118,UPI,Success,78102.45,2025-03-15
PAY008119,ORD008119,Credit Card,Success,153162.65,2025-04-27
PAY008120,ORD008120,UPI,Failed,98173.05,2025-02-26
PAY008121,ORD008121,Wallet,Success,83890.3,2025-02-10
PAY008122,ORD008122,Debit Card,Success,181145.95,2025-04-21
PAY008123,ORD008123,Net Banking,Failed,12924.0,2025-06-21
PAY008124,ORD008124,UPI,Success,139833.85,2025-06-24
PAY008125,ORD008125,Credit Card,Success,166189.7,2025-04-24
PAY008126,ORD008126,Cash on Delivery,Success,210418.0,2025-01-29
PAY008127,ORD008127,Wallet,Success,123931.0,2025-04-27
PAY008128,ORD008128,Credit Card,Success,258836.15,2025-02-20
PAY008129,ORD008129,Debit Card,Success,94441.6,2025-01-20
PAY008130,ORD008130,Wallet,Success,160115.9,2025-03-06
PAY008131,ORD008131,Net Banking,Success,62403.0,2025-02-26
PAY008132,ORD008132,Net Banking,Success,32030.65,2025-01-06
PAY008133,ORD008133,Net Banking,Success,78196.0,2025-01-28
PAY008134,ORD008134,Debit Card,Success,105274.7,2025-05-09
PAY008135,ORD008135,Net Banking,Success,73418.45,2025-01-03
PAY008136,ORD008136,Debit Card,Success,162461.7,2025-05-04
PAY008137,ORD008137,Wallet,Success,150256.15,2025-06-09
PAY008138,ORD008138,Wallet,Failed,180636.8,2025-05-25
PAY008139,ORD008139,Net Banking,Success,89355.2,2025-04-22
PAY008140,ORD008140,Credit Card,Failed,127676.0,2025-02-14
PAY008141,ORD008141,Wallet,Success,35584.0,2025-05-30
PAY008142,ORD008142,UPI,Success,50388.85,2025-05-24
PAY008143,ORD008143,Debit Card,Failed,101634.9,2025-06-23
PAY008144,ORD008144,Wallet,Success,177001.95,2025-01-28
PAY008145,ORD008145,Credit Card,Success,106610.6,2025-05-07
PAY008146,ORD008146,Net Banking,Success,59868.0,2025-06-11
PAY008147,ORD008147,Credit Card,Success,3157.0,2025-01-03
PAY008148,ORD008148,Debit Card,Failed,206457.65,2025-05-05
PAY008149,ORD008149,Cash on Delivery,Success,95494.2,2025-03-05
PAY008150,ORD008150,Credit Card,Success,220119.3,2025-03-10
PAY008151,ORD008151,Debit Card,Success,20548.0,2025-01-30
PAY008152,ORD008152,Cash on Delivery,Success,99167.35,2025-06-09
PAY008153,ORD008153,Debit Card,Success,22426.0,2025-01-20
PAY008154,ORD008154,Net Banking,Success,254886.6,2025-06-19
PAY008155,ORD008155,Net Banking,Success,314983.4,2025-02-21
PAY008156,ORD008156,Wallet,Success,194734.7,2025-03-30
PAY008157,ORD008157,UPI,Success,79370.95,2025-04-15
PAY008158,ORD008158,Net Banking,Success,119670.8,2025-02-07
PAY008159,ORD008159,Wallet,Success,97104.0,2025-01-01
PAY008160,ORD008160,UPI,Success,62972.0,2025-06-09
PAY008161,ORD008161,Wallet,Success,178447.35,2025-04-14
PAY008162,ORD008162,Debit Card,Success,193958.4,2025-05-13
PAY008163,ORD008163,UPI,Success,109927.8,2025-02-13
PAY008164,ORD008164,Wallet,Success,268892.85,2025-06-24
PAY008165,ORD008165,Net Banking,Success,129992.4,2025-04-20
PAY008166,ORD008166,Net Banking,Success,51777.6,2025-06-23
PAY008167,ORD008167,Debit Card,Success,120438.5,2025-01-10
PAY008168,ORD008168,Cash on Delivery,Success,107275.0,2025-05-09
PAY008169,ORD008169,Credit Card,Success,109183.1,2025-03-10
PAY008170,ORD008170,Cash on Delivery,Success,154079.15,2025-05-28
PAY008171,ORD008171,Debit Card,Success,74242.5,2025-04-30
PAY008172,ORD008172,Cash on Delivery,Success,63670.95,2025-01-04
PAY008173,ORD008173,Net Banking,Success,116500.8,2025-05-28
PAY008174,ORD008174,Credit Card,Success,228739.6,2025-02-04
PAY008175,ORD008175,Net Banking,Success,81940.1,2025-05-02
PAY008176,ORD008176,Credit Card,Success,36451.95,2025-03-01
PAY008177,ORD008177,Debit Card,Failed,61778.5,2025-04-01
PAY008178,ORD008178,Credit Card,Success,22409.4,2025-02-11
PAY008179,ORD008179,Net Banking,Success,96872.7,2025-03-21
PAY008180,ORD008180,Cash on Delivery,Success,198326.5,2025-04-04
PAY008181,ORD008181,Credit Card,Success,187703.0,2025-02-07
PAY008182,ORD008182,Net Banking,Success,69566.9,2025-01-12
PAY008183,ORD008183,Debit Card,Success,211190.0,2025-01-05
PAY008184,ORD008184,Credit Card,Success,161836.0,2025-05-16
PAY008185,ORD008185,Wallet,Success,6014.4,2025-04-22
PAY008186,ORD008186,Credit Card,Success,140105.5,2025-03-24
PAY008187,ORD008187,Cash on Delivery,Success,125039.8,2025-05-20
PAY008188,ORD008188,Wallet,Success,109429.8,2025-03-10
PAY008189,ORD008189,UPI,Success,93980.25,2025-05-05
PAY008190,ORD008190,Debit Card,Success,43460.0,2025-04-26
PAY008191,ORD008191,Credit Card,Success,24746.85,2025-02-05
PAY008192,ORD008192,UPI,Success,182835.2,2025-03-19
PAY008193,ORD008193,Debit Card,Success,150480.15,2025-01-28
PAY008194,ORD008194,Credit Card,Success,138495.9,2025-05-21
PAY008195,ORD008195,Credit Card,Success,108556.2,2025-05-19
PAY008196,ORD008196,Wallet,Success,21698.0,2025-05-20
PAY008197,ORD008197,Cash on Delivery,Success,12370.0,2025-03-27
PAY008198,ORD008198,Net Banking,Success,73411.1,2025-02-11
PAY008199,ORD008199,UPI,Success,55683.2,2025-03-12
PAY008200,ORD008200,UPI,Success,41866.75,2025-04-30
PAY008201,ORD008201,Net Banking,Success,130407.8,2025-02-12
PAY008202,ORD008202,Credit Card,Success,159116.7,2025-03-25
PAY008203,ORD008203,Cash on Delivery,Success,158302.9,2025-03-27
PAY008204,ORD008204,Debit Card,Success,88089.5,2025-04-26
PAY008205,ORD008205,Cash on Delivery,Success,149745.9,2025-02-15
PAY008206,ORD008206,Wallet,Failed,38257.0,2025-05-13
PAY008207,ORD008207,Net Banking,Success,123662.2,2025-06-24
PAY008208,ORD008208,UPI,Success,156377.8,2025-02-26
PAY008209,ORD008209,Cash on Delivery,Success,273303.2,2025-06-29
PAY008210,ORD008210,Debit Card,Success,38384.1,2025-04-04
PAY008211,ORD008211,UPI,Success,115802.65,2025-02-14
PAY008212,ORD008212,Credit Card,Success,94283.4,2025-02-21
PAY008213,ORD008213,Net Banking,Success,56771.5,2025-06-16
PAY008214,ORD008214,UPI,Success,82787.4,2025-03-01
PAY008215,ORD008215,Debit Card,Success,58739.45,2025-04-27
PAY008216,ORD008216,Wallet,Success,148956.1,2025-01-21
PAY008217,ORD008217,Cash on Delivery,Success,26465.55,2025-03-24
PAY008218,ORD008218,UPI,Success,64584.0,2025-03-29
PAY008219,ORD008219,Cash on Delivery,Success,145054.25,2025-06-25
PAY008220,ORD008220,Credit Card,Success,277977.5,2025-06-16
PAY008221,ORD008221,Credit Card,Success,32076.0,2025-01-04
PAY008222,ORD008222,Wallet,Success,121259.6,2025-05-06
PAY008223,ORD008223,Debit Card,Success,69184.65,2025-06-10
PAY008224,ORD008224,Wallet,Failed,232923.85,2025-06-07
PAY008225,ORD008225,Cash on Delivery,Failed,230514.95,2025-05-06
PAY008226,ORD008226,Cash on Delivery,Failed,28690.05,2025-03-02
PAY008227,ORD008227,UPI,Success,83650.0,2025-02-16
PAY008228,ORD008228,Credit Card,Success,14040.0,2025-06-13
PAY008229,ORD008229,Wallet,Success,61704.0,2025-04-02
PAY008230,ORD008230,Net Banking,Success,129805.2,2025-02-22
PAY008231,ORD008231,Cash on Delivery,Success,151827.45,2025-04-02
PAY008232,ORD008232,Debit Card,Success,151086.05,2025-04-06
PAY008233,ORD008233,Cash on Delivery,Success,49168.2,2025-01-23
PAY008234,ORD008234,Net Banking,Success,97387.4,2025-04-15
PAY008235,ORD008235,Credit Card,Success,144875.2,2025-02-10
PAY008236,ORD008236,Debit Card,Success,28346.7,2025-04-15
PAY008237,ORD008237,Debit Card,Success,53130.1,2025-05-22
PAY008238,ORD008238,Cash on Delivery,Success,176282.35,2025-04-27
PAY008239,ORD008239,UPI,Success,142433.5,2025-05-23
PAY008240,ORD008240,Cash on Delivery,Success,169452.15,2025-05-21
PAY008241,ORD008241,Net Banking,Failed,140822.8,2025-01-27
PAY008242,ORD008242,Wallet,Success,205380.9,2025-05-17
PAY008243,ORD008243,Wallet,Success,150967.65,2025-03-03
PAY008244,ORD008244,Debit Card,Success,172485.1,2025-06-04
PAY008245,ORD008245,Credit Card,Success,7898.0,2025-05-14
PAY008246,ORD008246,UPI,Success,62674.0,2025-06-11
PAY008247,ORD008247,Cash on Delivery,Success,183355.95,2025-05-21
PAY008248,ORD008248,Wallet,Success,226802.85,2025-04-13
PAY008249,ORD008249,Cash on Delivery,Success,71939.9,2025-01-15
PAY008250,ORD008250,UPI,Success,157063.8,2025-02-06
PAY008251,ORD008251,Debit Card,Success,142234.85,2025-04-12
PAY008252,ORD008252,Net Banking,Success,179058.2,2025-05-01
PAY008253,ORD008253,UPI,Success,93210.2,2025-05-12
PAY008254,ORD008254,Wallet,Success,66792.6,2025-01-06
PAY008255,ORD008255,Wallet,Success,147066.0,2025-02-25
PAY008256,ORD008256,Wallet,Success,232997.0,2025-01-23
PAY008257,ORD008257,UPI,Success,68907.0,2025-06-30
PAY008258,ORD008258,Credit Card,Success,144462.7,2025-03-03
PAY008259,ORD008259,UPI,Success,7812.8,2025-03-24
PAY008260,ORD008260,Debit Card,Success,234978.6,2025-01-19
PAY008261,ORD008261,Credit Card,Success,98758.0,2025-05-10
PAY008262,ORD008262,Debit Card,Success,180686.25,2025-04-03
PAY008263,ORD008263,Credit Card,Success,137373.6,2025-04-17
PAY008264,ORD008264,Cash on Delivery,Success,104022.9,2025-02-22
PAY008265,ORD008265,UPI,Success,93135.4,2025-05-26
PAY008266,ORD008266,Credit Card,Success,189760.5,2025-02-16
PAY008267,ORD008267,Net Banking,Success,43751.3,2025-01-30
PAY008268,ORD008268,UPI,Success,62500.35,2025-04-13
PAY008269,ORD008269,Credit Card,Success,871.2,2025-03-02
PAY008270,ORD008270,Wallet,Success,96763.2,2025-01-21
PAY008271,ORD008271,Debit Card,Success,47658.0,2025-06-20
PAY008272,ORD008272,Wallet,Success,152321.2,2025-05-10
PAY008273,ORD008273,UPI,Success,33393.6,2025-05-03
PAY008274,ORD008274,Credit Card,Success,93852.9,2025-06-01
PAY008275,ORD008275,Cash on Delivery,Success,48232.5,2025-06-05
PAY008276,ORD008276,Cash on Delivery,Success,120491.4,2025-06-11
PAY008277,ORD008277,Credit Card,Success,92202.3,2025-01-07
PAY008278,ORD008278,Cash on Delivery,Refunded,91494.2,2025-05-20
PAY008279,ORD008279,Debit Card,Success,139058.85,2025-02-09
PAY008280,ORD008280,UPI,Success,950.4,2025-05-08
PAY008281,ORD008281,Credit Card,Success,294957.35,2025-03-16
PAY008282,ORD008282,Debit Card,Success,36556.95,2025-03-02
PAY008283,ORD008283,Debit Card,Success,60696.1,2025-01-11
PAY008284,ORD008284,Cash on Delivery,Success,2006.1,2025-03-14
PAY008285,ORD008285,Credit Card,Success,64757.2,2025-01-04
PAY008286,ORD008286,UPI,Success,288418.2,2025-06-30
PAY008287,ORD008287,Debit Card,Success,84585.6,2025-04-05
PAY008288,ORD008288,Net Banking,Success,97703.2,2025-05-07
PAY008289,ORD008289,Credit Card,Success,30444.0,2025-04-07
PAY008290,ORD008290,Cash on Delivery,Success,44078.0,2025-02-24
PAY008291,ORD008291,Wallet,Success,260192.85,2025-06-03
PAY008292,ORD008292,Net Banking,Success,29927.2,2025-03-08
PAY008293,ORD008293,Debit Card,Success,117194.4,2025-02-10
PAY008294,ORD008294,Wallet,Success,47023.2,2025-05-20
PAY008295,ORD008295,Credit Card,Success,211501.25,2025-05-06
PAY008296,ORD008296,Net Banking,Success,111997.7,2025-05-29
PAY008297,ORD008297,Credit Card,Success,56523.45,2025-05-19
PAY008298,ORD008298,UPI,Success,73027.5,2025-04-12
PAY008299,ORD008299,Wallet,Success,283952.15,2025-06-25
PAY008300,ORD008300,UPI,Success,163270.0,2025-04-21
PAY008301,ORD008301,Cash on Delivery,Success,84141.6,2025-04-13
PAY008302,ORD008302,Wallet,Success,240616.85,2025-05-16
PAY008303,ORD008303,Debit Card,Success,137311.5,2025-03-30
PAY008304,ORD008304,Debit Card,Success,50133.4,2025-04-28
PAY008305,ORD008305,Wallet,Success,42900.55,2025-01-11
PAY008306,ORD008306,Wallet,Success,28903.75,2025-05-18
PAY008307,ORD008307,Cash on Delivery,Success,7279.2,2025-01-12
PAY008308,ORD008308,Wallet,Success,34602.5,2025-04-17
PAY008309,ORD008309,Cash on Delivery,Success,132905.4,2025-01-07
PAY008310,ORD008310,Debit Card,Success,29909.4,2025-03-15
PAY008311,ORD008311,Wallet,Success,38767.5,2025-04-23
PAY008312,ORD008312,UPI,Success,114179.55,2025-03-19
PAY008313,ORD008313,Credit Card,Failed,10581.0,2025-06-23
PAY008314,ORD008314,Net Banking,Success,44930.4,2025-01-13
PAY008315,ORD008315,UPI,Success,145133.0,2025-02-23
PAY008316,ORD008316,Wallet,Success,143280.6,2025-06-26
PAY008317,ORD008317,Net Banking,Success,121907.4,2025-05-26
PAY008318,ORD008318,UPI,Success,146660.5,2025-01-17
PAY008319,ORD008319,Net Banking,Success,153415.55,2025-03-30
PAY008320,ORD008320,Net Banking,Success,213050.5,2025-03-12
PAY008321,ORD008321,Net Banking,Success,105919.25,2025-04-02
PAY008322,ORD008322,Net Banking,Success,44273.6,2025-01-10
PAY008323,ORD008323,UPI,Success,91863.6,2025-03-10
PAY008324,ORD008324,Credit Card,Success,108977.4,2025-05-24
PAY008325,ORD008325,Wallet,Success,108734.75,2025-06-19
PAY008326,ORD008326,Wallet,Success,51810.0,2025-06-04
PAY008327,ORD008327,UPI,Success,83529.5,2025-05-17
PAY008328,ORD008328,Wallet,Success,92509.4,2025-02-05
PAY008329,ORD008329,Credit Card,Success,38235.3,2025-03-02
PAY008330,ORD008330,Debit Card,Success,47311.2,2025-04-30
PAY008331,ORD008331,Wallet,Success,129874.7,2025-06-23
PAY008332,ORD008332,Net Banking,Success,27945.65,2025-03-31
PAY008333,ORD008333,UPI,Success,79709.4,2025-02-03
PAY008334,ORD008334,Wallet,Success,71332.05,2025-06-14
PAY008335,ORD008335,Debit Card,Failed,123909.3,2025-05-12
PAY008336,ORD008336,Credit Card,Success,75307.2,2025-06-07
PAY008337,ORD008337,Cash on Delivery,Success,37387.7,2025-06-03
PAY008338,ORD008338,Net Banking,Success,188861.65,2025-06-26
PAY008339,ORD008339,UPI,Success,35424.85,2025-05-16
PAY008340,ORD008340,Net Banking,Success,95690.4,2025-04-17
PAY008341,ORD008341,UPI,Success,1278.4,2025-02-01
PAY008342,ORD008342,Debit Card,Success,61249.5,2025-06-19
PAY008343,ORD008343,Net Banking,Success,1432.25,2025-05-18
PAY008344,ORD008344,Debit Card,Success,42561.05,2025-02-13
PAY008345,ORD008345,Debit Card,Success,81601.05,2025-01-27
PAY008346,ORD008346,Net Banking,Success,1781.6,2025-02-07
PAY008347,ORD008347,Wallet,Success,83803.4,2025-03-08
PAY008348,ORD008348,Cash on Delivery,Success,257589.45,2025-03-24
PAY008349,ORD008349,Cash on Delivery,Success,78660.4,2025-06-28
PAY008350,ORD008350,Net Banking,Success,48009.6,2025-03-31
PAY008351,ORD008351,UPI,Success,123448.15,2025-05-31
PAY008352,ORD008352,Net Banking,Success,6490.0,2025-02-25
PAY008353,ORD008353,Net Banking,Success,132984.95,2025-06-17
PAY008354,ORD008354,Net Banking,Success,130667.5,2025-06-24
PAY008355,ORD008355,UPI,Success,157570.6,2025-02-04
PAY008356,ORD008356,Debit Card,Success,65318.25,2025-03-09
PAY008357,ORD008357,Wallet,Success,36684.0,2025-02-10
PAY008358,ORD008358,Wallet,Success,57642.3,2025-05-27
PAY008359,ORD008359,Net Banking,Success,137799.7,2025-06-27
PAY008360,ORD008360,UPI,Success,129764.4,2025-04-10
PAY008361,ORD008361,Cash on Delivery,Success,114787.8,2025-05-25
PAY008362,ORD008362,Wallet,Success,39855.9,2025-05-01
PAY008363,ORD008363,Cash on Delivery,Success,39618.75,2025-03-03
PAY008364,ORD008364,Net Banking,Success,317125.2,2025-05-25
PAY008365,ORD008365,Cash on Delivery,Success,160222.7,2025-05-07
PAY008366,ORD008366,Net Banking,Success,127840.35,2025-01-15
PAY008367,ORD008367,Net Banking,Success,15030.0,2025-03-24
PAY008368,ORD008368,Wallet,Success,102056.25,2025-06-04
PAY008369,ORD008369,Cash on Delivery,Success,33524.55,2025-02-08
PAY008370,ORD008370,Credit Card,Success,95478.05,2025-05-15
PAY008371,ORD008371,Credit Card,Success,23745.6,2025-05-30
PAY008372,ORD008372,Cash on Delivery,Success,54538.3,2025-03-27
PAY008373,ORD008373,Wallet,Success,27782.4,2025-01-17
PAY008374,ORD008374,UPI,Success,204448.25,2025-04-24
PAY008375,ORD008375,Debit Card,Success,30126.4,2025-04-08
PAY008376,ORD008376,Debit Card,Success,344550.25,2025-01-01
PAY008377,ORD008377,Debit Card,Success,53472.0,2025-05-14
PAY008378,ORD008378,UPI,Success,26089.0,2025-05-26
PAY008379,ORD008379,Wallet,Success,30453.9,2025-05-13
PAY008380,ORD008380,Credit Card,Success,5125.5,2025-06-07
PAY008381,ORD008381,Net Banking,Failed,77968.8,2025-01-14
PAY008382,ORD008382,UPI,Success,217400.8,2025-04-12
PAY008383,ORD008383,Credit Card,Success,274193.55,2025-06-03
PAY008384,ORD008384,Wallet,Success,43822.0,2025-06-19
PAY008385,ORD008385,Debit Card,Success,63477.35,2025-03-16
PAY008386,ORD008386,Cash on Delivery,Success,56381.55,2025-06-13
PAY008387,ORD008387,UPI,Success,38484.0,2025-05-23
PAY008388,ORD008388,Wallet,Success,164765.4,2025-01-27
PAY008389,ORD008389,Net Banking,Success,57638.95,2025-05-26
PAY008390,ORD008390,Debit Card,Failed,308946.6,2025-02-11
PAY008391,ORD008391,Debit Card,Success,56627.85,2025-03-17
PAY008392,ORD008392,Wallet,Failed,163092.6,2025-06-08
PAY008393,ORD008393,Credit Card,Success,21370.25,2025-05-31
PAY008394,ORD008394,Cash on Delivery,Success,34796.6,2025-01-08
PAY008395,ORD008395,Credit Card,Success,70566.0,2025-03-08
PAY008396,ORD008396,Debit Card,Success,256921.55,2025-06-08
PAY008397,ORD008397,Wallet,Success,26287.55,2025-03-25
PAY008398,ORD008398,Cash on Delivery,Success,67427.1,2025-03-03
PAY008399,ORD008399,Net Banking,Success,80541.8,2025-05-26
PAY008400,ORD008400,Net Banking,Success,154396.8,2025-06-16
PAY008401,ORD008401,Net Banking,Success,99542.55,2025-02-18
PAY008402,ORD008402,Cash on Delivery,Success,47747.7,2025-01-04
PAY008403,ORD008403,Net Banking,Success,56947.8,2025-05-21
PAY008404,ORD008404,UPI,Success,234326.9,2025-04-27
PAY008405,ORD008405,Credit Card,Success,98649.9,2025-04-21
PAY008406,ORD008406,Cash on Delivery,Success,86238.0,2025-02-17
PAY008407,ORD008407,Net Banking,Success,152422.55,2025-05-21
PAY008408,ORD008408,Debit Card,Success,168293.8,2025-04-22
PAY008409,ORD008409,Credit Card,Failed,17977.6,2025-01-01
PAY008410,ORD008410,Credit Card,Success,59972.1,2025-01-01
PAY008411,ORD008411,Net Banking,Success,73883.75,2025-04-09
PAY008412,ORD008412,UPI,Success,81089.8,2025-01-15
PAY008413,ORD008413,Credit Card,Success,120763.6,2025-06-09
PAY008414,ORD008414,Net Banking,Success,209977.7,2025-04-29
PAY008415,ORD008415,Wallet,Success,51576.1,2025-01-27
PAY008416,ORD008416,Debit Card,Success,98691.6,2025-06-03
PAY008417,ORD008417,UPI,Success,216618.0,2025-04-19
PAY008418,ORD008418,Credit Card,Success,86798.0,2025-03-16
PAY008419,ORD008419,UPI,Success,64984.4,2025-01-30
PAY008420,ORD008420,Wallet,Success,241350.8,2025-06-21
PAY008421,ORD008421,UPI,Success,102512.15,2025-04-28
PAY008422,ORD008422,UPI,Success,137077.55,2025-03-15
PAY008423,ORD008423,Wallet,Success,140086.25,2025-03-13
PAY008424,ORD008424,Wallet,Success,108847.2,2025-01-24
PAY008425,ORD008425,Wallet,Success,87088.9,2025-03-05
PAY008426,ORD008426,Credit Card,Success,37033.3,2025-05-05
PAY008427,ORD008427,Cash on Delivery,Success,76087.2,2025-01-07
PAY008428,ORD008428,Net Banking,Success,27718.0,2025-05-13
PAY008429,ORD008429,Cash on Delivery,Success,152697.9,2025-06-03
PAY008430,ORD008430,Credit Card,Success,87717.6,2025-03-14
PAY008431,ORD008431,Debit Card,Success,139018.5,2025-03-09
PAY008432,ORD008432,Debit Card,Success,202394.95,2025-02-09
PAY008433,ORD008433,Debit Card,Success,119831.4,2025-06-25
PAY008434,ORD008434,Cash on Delivery,Success,70502.4,2025-05-04
PAY008435,ORD008435,Debit Card,Success,100803.75,2025-04-03
PAY008436,ORD008436,UPI,Success,260121.25,2025-06-08
PAY008437,ORD008437,Credit Card,Success,121748.6,2025-05-27
PAY008438,ORD008438,Net Banking,Success,171835.85,2025-06-22
PAY008439,ORD008439,Wallet,Success,2470.0,2025-04-28
PAY008440,ORD008440,Debit Card,Success,42337.15,2025-03-21
PAY008441,ORD008441,UPI,Success,226083.9,2025-01-14
PAY008442,ORD008442,Net Banking,Success,75391.2,2025-03-14
PAY008443,ORD008443,Credit Card,Success,37909.5,2025-06-07
PAY008444,ORD008444,Wallet,Success,172008.6,2025-02-25
PAY008445,ORD008445,Debit Card,Success,185988.1,2025-05-16
PAY008446,ORD008446,Net Banking,Success,217475.4,2025-03-15
PAY008447,ORD008447,Cash on Delivery,Success,60539.7,2025-03-14
PAY008448,ORD008448,Debit Card,Success,152644.9,2025-01-21
PAY008449,ORD008449,Debit Card,Success,45265.5,2025-02-26
PAY008450,ORD008450,Debit Card,Success,12712.8,2025-02-04
PAY008451,ORD008451,Cash on Delivery,Success,120884.4,2025-06-21
PAY008452,ORD008452,Credit Card,Success,205564.5,2025-05-13
PAY008453,ORD008453,UPI,Success,100108.65,2025-04-22
PAY008454,ORD008454,Debit Card,Success,129001.3,2025-03-20
PAY008455,ORD008455,UPI,Success,40308.7,2025-04-30
PAY008456,ORD008456,Cash on Delivery,Success,34639.2,2025-04-06
PAY008457,ORD008457,Net Banking,Success,64859.6,2025-06-13
PAY008458,ORD008458,Wallet,Success,101736.0,2025-06-12
PAY008459,ORD008459,Wallet,Success,56031.0,2025-06-19
PAY008460,ORD008460,Credit Card,Success,80674.8,2025-04-30
PAY008461,ORD008461,Net Banking,Success,152256.8,2025-06-06
PAY008462,ORD008462,Cash on Delivery,Success,47809.4,2025-05-06
PAY008463,ORD008463,Cash on Delivery,Success,160250.5,2025-01-01
PAY008464,ORD008464,Credit Card,Success,65667.9,2025-06-13
PAY008465,ORD008465,Credit Card,Success,145150.05,2025-04-17
PAY008466,ORD008466,Debit Card,Success,79339.0,2025-04-30
PAY008467,ORD008467,Credit Card,Success,128287.2,2025-01-21
PAY008468,ORD008468,Net Banking,Success,30878.1,2025-01-31
PAY008469,ORD008469,Cash on Delivery,Success,215917.05,2025-04-26
PAY008470,ORD008470,Net Banking,Success,106896.9,2025-02-28
PAY008471,ORD008471,Debit Card,Failed,213394.7,2025-06-27
PAY008472,ORD008472,UPI,Success,72100.7,2025-02-25
PAY008473,ORD008473,Cash on Delivery,Success,210347.2,2025-02-21
PAY008474,ORD008474,Cash on Delivery,Success,104575.35,2025-02-17
PAY008475,ORD008475,Cash on Delivery,Success,157788.45,2025-03-01
PAY008476,ORD008476,UPI,Success,90544.8,2025-05-13
PAY008477,ORD008477,Cash on Delivery,Success,110863.6,2025-01-03
PAY008478,ORD008478,Cash on Delivery,Success,189966.6,2025-01-25
PAY008479,ORD008479,UPI,Success,66377.35,2025-03-30
PAY008480,ORD008480,Cash on Delivery,Refunded,76537.3,2025-05-20
PAY008481,ORD008481,Credit Card,Success,110274.4,2025-04-07
PAY008482,ORD008482,Wallet,Success,174181.65,2025-05-12
PAY008483,ORD008483,Cash on Delivery,Success,117703.75,2025-06-03
PAY008484,ORD008484,Wallet,Success,220396.8,2025-06-15
PAY008485,ORD008485,Cash on Delivery,Success,61206.5,2025-01-26
PAY008486,ORD008486,UPI,Success,181570.3,2025-03-26
PAY008487,ORD008487,Cash on Delivery,Success,93312.55,2025-06-20
PAY008488,ORD008488,UPI,Success,104234.8,2025-04-24
PAY008489,ORD008489,Cash on Delivery,Success,138856.8,2025-06-12
PAY008490,ORD008490,Credit Card,Success,125780.6,2025-06-09
PAY008491,ORD008491,Net Banking,Success,202981.45,2025-06-01
PAY008492,ORD008492,Credit Card,Success,236674.5,2025-06-02
PAY008493,ORD008493,UPI,Success,305257.15,2025-03-11
PAY008494,ORD008494,UPI,Success,112952.25,2025-06-19
PAY008495,ORD008495,Cash on Delivery,Success,61256.1,2025-06-16
PAY008496,ORD008496,Net Banking,Success,84147.5,2025-03-22
PAY008497,ORD008497,Cash on Delivery,Success,65363.4,2025-02-28
PAY008498,ORD008498,Cash on Delivery,Success,234240.45,2025-02-22
PAY008499,ORD008499,Net Banking,Success,247273.8,2025-03-22
PAY008500,ORD008500,Net Banking,Refunded,108920.95,2025-06-21
PAY008501,ORD008501,UPI,Success,139761.25,2025-04-18
PAY008502,ORD008502,Cash on Delivery,Failed,97301.5,2025-03-04
PAY008503,ORD008503,Cash on Delivery,Success,85376.9,2025-03-18
PAY008504,ORD008504,Net Banking,Success,365828.4,2025-04-06
PAY008505,ORD008505,Cash on Delivery,Success,114928.8,2025-02-25
PAY008506,ORD008506,Credit Card,Success,37286.05,2025-01-05
PAY008507,ORD008507,UPI,Success,61483.05,2025-02-06
PAY008508,ORD008508,Debit Card,Success,198516.4,2025-01-18
PAY008509,ORD008509,Cash on Delivery,Success,229975.1,2025-04-27
PAY008510,ORD008510,Credit Card,Success,106739.15,2025-02-22
PAY008511,ORD008511,UPI,Success,9892.35,2025-04-16
PAY008512,ORD008512,Wallet,Success,89874.75,2025-04-21
PAY008513,ORD008513,Net Banking,Success,163292.35,2025-06-20
PAY008514,ORD008514,UPI,Success,161618.5,2025-02-21
PAY008515,ORD008515,Wallet,Success,173723.1,2025-06-23
PAY008516,ORD008516,Debit Card,Success,173729.05,2025-06-22
PAY008517,ORD008517,Credit Card,Success,226328.25,2025-05-10
PAY008518,ORD008518,Wallet,Success,67530.0,2025-02-01
PAY008519,ORD008519,UPI,Success,190673.55,2025-05-01
PAY008520,ORD008520,UPI,Success,236019.25,2025-04-28
PAY008521,ORD008521,Debit Card,Success,193679.9,2025-02-12
PAY008522,ORD008522,Cash on Delivery,Success,19772.8,2025-06-23
PAY008523,ORD008523,Debit Card,Success,167057.1,2025-03-18
PAY008524,ORD008524,Wallet,Success,119086.0,2025-04-13
PAY008525,ORD008525,Cash on Delivery,Success,115792.3,2025-05-25
PAY008526,ORD008526,Cash on Delivery,Success,221964.35,2025-01-09
PAY008527,ORD008527,Wallet,Success,314952.9,2025-06-18
PAY008528,ORD008528,Wallet,Success,137485.45,2025-01-17
PAY008529,ORD008529,UPI,Success,89733.8,2025-02-06
PAY008530,ORD008530,Debit Card,Success,181913.55,2025-06-03
PAY008531,ORD008531,Net Banking,Success,150508.2,2025-01-04
PAY008532,ORD008532,Credit Card,Success,104908.5,2025-06-02
PAY008533,ORD008533,Wallet,Failed,113715.0,2025-02-26
PAY008534,ORD008534,Net Banking,Success,94146.45,2025-01-10
PAY008535,ORD008535,Debit Card,Success,66897.3,2025-03-11
PAY008536,ORD008536,UPI,Success,76413.6,2025-05-11
PAY008537,ORD008537,Net Banking,Success,186953.8,2025-03-04
PAY008538,ORD008538,Cash on Delivery,Success,140048.2,2025-05-01
PAY008539,ORD008539,Debit Card,Success,215427.6,2025-02-22
PAY008540,ORD008540,Credit Card,Success,19504.0,2025-03-25
PAY008541,ORD008541,Credit Card,Success,137740.2,2025-02-01
PAY008542,ORD008542,Debit Card,Success,103907.0,2025-06-09
PAY008543,ORD008543,UPI,Success,165403.3,2025-06-11
PAY008544,ORD008544,Cash on Delivery,Success,58422.65,2025-04-07
PAY008545,ORD008545,Wallet,Success,3920.2,2025-03-11
PAY008546,ORD008546,Debit Card,Success,132195.9,2025-06-26
PAY008547,ORD008547,Credit Card,Success,175627.75,2025-02-15
PAY008548,ORD008548,UPI,Success,216342.3,2025-02-27
PAY008549,ORD008549,Credit Card,Success,171124.3,2025-05-16
PAY008550,ORD008550,Debit Card,Success,151301.8,2025-05-11
PAY008551,ORD008551,UPI,Success,227763.9,2025-03-27
PAY008552,ORD008552,UPI,Success,329637.9,2025-01-29
PAY008553,ORD008553,Cash on Delivery,Success,166559.55,2025-01-29
PAY008554,ORD008554,Cash on Delivery,Success,44904.6,2025-02-25
PAY008555,ORD008555,Debit Card,Success,82309.8,2025-04-18
PAY008556,ORD008556,UPI,Failed,35774.1,2025-06-16
PAY008557,ORD008557,Debit Card,Success,147132.6,2025-01-15
PAY008558,ORD008558,Wallet,Success,188502.7,2025-03-14
PAY008559,ORD008559,UPI,Success,220612.15,2025-04-20
PAY008560,ORD008560,Wallet,Success,73519.4,2025-03-13
PAY008561,ORD008561,Net Banking,Success,59078.9,2025-03-28
PAY008562,ORD008562,Cash on Delivery,Success,49530.8,2025-05-07
PAY008563,ORD008563,UPI,Success,206464.95,2025-02-13
PAY008564,ORD008564,Debit Card,Success,109678.75,2025-02-10
PAY008565,ORD008565,Credit Card,Success,247809.0,2025-06-16
PAY008566,ORD008566,Debit Card,Success,147751.5,2025-01-24
PAY008567,ORD008567,Credit Card,Success,135954.5,2025-03-22
PAY008568,ORD008568,Credit Card,Success,16782.0,2025-01-05
PAY008569,ORD008569,Net Banking,Failed,82002.7,2025-04-14
PAY008570,ORD008570,Wallet,Success,82618.25,2025-02-18
PAY008571,ORD008571,UPI,Success,37053.0,2025-02-06
PAY008572,ORD008572,Cash on Delivery,Success,264000.45,2025-02-22
PAY008573,ORD008573,Wallet,Success,65992.8,2025-04-23
PAY008574,ORD008574,Wallet,Success,73094.4,2025-04-21
PAY008575,ORD008575,Cash on Delivery,Failed,8422.4,2025-05-09
PAY008576,ORD008576,Credit Card,Success,112980.25,2025-01-12
PAY008577,ORD008577,Credit Card,Success,10145.6,2025-05-07
PAY008578,ORD008578,UPI,Success,41313.3,2025-03-31
PAY008579,ORD008579,Credit Card,Success,128170.4,2025-06-22
PAY008580,ORD008580,Credit Card,Success,31538.4,2025-03-08
PAY008581,ORD008581,UPI,Success,179575.0,2025-03-05
PAY008582,ORD008582,Credit Card,Success,201741.85,2025-02-04
PAY008583,ORD008583,Net Banking,Success,156878.7,2025-02-21
PAY008584,ORD008584,Cash on Delivery,Success,46661.0,2025-02-10
PAY008585,ORD008585,Debit Card,Success,134048.45,2025-02-04
PAY008586,ORD008586,Net Banking,Success,74794.75,2025-01-18
PAY008587,ORD008587,Credit Card,Success,75002.7,2025-01-26
PAY008588,ORD008588,Wallet,Success,66359.2,2025-05-20
PAY008589,ORD008589,Net Banking,Success,20265.7,2025-05-15
PAY008590,ORD008590,Credit Card,Success,106569.6,2025-02-16
PAY008591,ORD008591,UPI,Success,149686.2,2025-03-26
PAY008592,ORD008592,Cash on Delivery,Success,51923.55,2025-01-02
PAY008593,ORD008593,Net Banking,Success,113314.4,2025-04-28
PAY008594,ORD008594,Credit Card,Success,22671.0,2025-02-03
PAY008595,ORD008595,Net Banking,Success,53503.45,2025-03-11
PAY008596,ORD008596,Wallet,Success,104555.9,2025-04-21
PAY008597,ORD008597,Cash on Delivery,Success,199866.2,2025-06-09
PAY008598,ORD008598,Wallet,Success,102965.65,2025-01-10
PAY008599,ORD008599,Net Banking,Success,169239.1,2025-02-06
PAY008600,ORD008600,Net Banking,Failed,82946.4,2025-01-04
PAY008601,ORD008601,Net Banking,Success,62607.6,2025-04-14
PAY008602,ORD008602,UPI,Success,70232.0,2025-04-14
PAY008603,ORD008603,Wallet,Success,192896.8,2025-01-01
PAY008604,ORD008604,Net Banking,Success,120301.15,2025-03-16
PAY008605,ORD008605,UPI,Success,190185.0,2025-01-13
PAY008606,ORD008606,Debit Card,Success,52468.8,2025-02-02
PAY008607,ORD008607,Net Banking,Success,24982.0,2025-01-14
PAY008608,ORD008608,Credit Card,Success,81648.7,2025-03-04
PAY008609,ORD008609,Wallet,Success,99545.3,2025-02-16
PAY008610,ORD008610,Debit Card,Success,31576.0,2025-06-10
PAY008611,ORD008611,Cash on Delivery,Success,172120.75,2025-03-13
PAY008612,ORD008612,Credit Card,Success,219558.2,2025-04-23
PAY008613,ORD008613,Wallet,Success,82511.2,2025-05-09
PAY008614,ORD008614,Wallet,Success,240285.1,2025-06-04
PAY008615,ORD008615,UPI,Success,64572.0,2025-01-01
PAY008616,ORD008616,Debit Card,Success,27489.0,2025-03-11
PAY008617,ORD008617,Wallet,Success,63985.6,2025-06-21
PAY008618,ORD008618,Debit Card,Success,205464.2,2025-05-09
PAY008619,ORD008619,UPI,Success,126988.75,2025-06-20
PAY008620,ORD008620,UPI,Success,210330.7,2025-06-26
PAY008621,ORD008621,Debit Card,Success,8488.95,2025-01-07
PAY008622,ORD008622,Net Banking,Success,93886.3,2025-02-02
PAY008623,ORD008623,Wallet,Success,55348.1,2025-01-30
PAY008624,ORD008624,Debit Card,Success,35603.95,2025-05-31
PAY008625,ORD008625,Debit Card,Success,176552.2,2025-01-24
PAY008626,ORD008626,Cash on Delivery,Success,34324.2,2025-03-10
PAY008627,ORD008627,Credit Card,Success,146168.0,2025-01-25
PAY008628,ORD008628,Debit Card,Success,12976.95,2025-06-15
PAY008629,ORD008629,Net Banking,Success,78422.4,2025-01-27
PAY008630,ORD008630,Debit Card,Success,297538.4,2025-06-24
PAY008631,ORD008631,Credit Card,Success,77535.3,2025-06-16
PAY008632,ORD008632,Wallet,Success,65345.85,2025-02-05
PAY008633,ORD008633,Credit Card,Success,108953.55,2025-05-20
PAY008634,ORD008634,Credit Card,Success,12801.6,2025-06-01
PAY008635,ORD008635,UPI,Success,42855.8,2025-06-11
PAY008636,ORD008636,Net Banking,Success,40261.1,2025-01-13
PAY008637,ORD008637,Net Banking,Success,182339.05,2025-02-11
PAY008638,ORD008638,Credit Card,Success,158822.6,2025-04-12
PAY008639,ORD008639,UPI,Success,55570.35,2025-02-02
PAY008640,ORD008640,Debit Card,Success,167664.6,2025-04-13
PAY008641,ORD008641,Cash on Delivery,Success,43717.6,2025-05-26
PAY008642,ORD008642,Credit Card,Success,168824.65,2025-05-07
PAY008643,ORD008643,Debit Card,Success,86045.95,2025-02-22
PAY008644,ORD008644,Cash on Delivery,Success,57980.2,2025-04-30
PAY008645,ORD008645,Debit Card,Success,198674.6,2025-03-13
PAY008646,ORD008646,Wallet,Success,60167.8,2025-05-28
PAY008647,ORD008647,Cash on Delivery,Success,153861.9,2025-06-28
PAY008648,ORD008648,Net Banking,Success,192740.2,2025-04-14
PAY008649,ORD008649,Cash on Delivery,Refunded,15689.25,2025-05-19
PAY008650,ORD008650,Debit Card,Success,27488.8,2025-03-05
PAY008651,ORD008651,Credit Card,Success,96205.25,2025-02-27
PAY008652,ORD008652,Credit Card,Success,200698.2,2025-05-09
PAY008653,ORD008653,Net Banking,Success,85378.0,2025-01-14
PAY008654,ORD008654,Cash on Delivery,Success,187722.3,2025-04-06
PAY008655,ORD008655,UPI,Success,151331.4,2025-06-18
PAY008656,ORD008656,Debit Card,Success,36174.3,2025-05-09
PAY008657,ORD008657,UPI,Success,141107.3,2025-02-28
PAY008658,ORD008658,Credit Card,Success,288375.7,2025-05-20
PAY008659,ORD008659,Wallet,Success,114856.8,2025-04-10
PAY008660,ORD008660,Cash on Delivery,Success,57130.2,2025-03-18
PAY008661,ORD008661,Credit Card,Success,357454.2,2025-02-08
PAY008662,ORD008662,Wallet,Success,244625.85,2025-05-15
PAY008663,ORD008663,Cash on Delivery,Success,120616.2,2025-05-03
PAY008664,ORD008664,Credit Card,Success,221367.75,2025-05-01
PAY008665,ORD008665,Credit Card,Success,137167.0,2025-06-25
PAY008666,ORD008666,Debit Card,Success,42154.6,2025-05-01
PAY008667,ORD008667,Cash on Delivery,Success,108628.8,2025-01-02
PAY008668,ORD008668,Debit Card,Success,6893.2,2025-05-19
PAY008669,ORD008669,Debit Card,Success,104468.7,2025-06-06
PAY008670,ORD008670,Cash on Delivery,Success,419140.35,2025-02-27
PAY008671,ORD008671,Wallet,Success,38795.15,2025-06-11
PAY008672,ORD008672,Credit Card,Success,165704.1,2025-02-25
PAY008673,ORD008673,Debit Card,Success,84246.6,2025-06-15
PAY008674,ORD008674,Net Banking,Success,246294.5,2025-03-19
PAY008675,ORD008675,Debit Card,Success,62850.1,2025-01-04
PAY008676,ORD008676,UPI,Success,71050.05,2025-03-03
PAY008677,ORD008677,Debit Card,Refunded,68624.0,2025-01-06
PAY008678,ORD008678,Wallet,Success,111049.05,2025-01-07
PAY008679,ORD008679,UPI,Success,144046.8,2025-05-02
PAY008680,ORD008680,Debit Card,Success,33906.4,2025-03-25
PAY008681,ORD008681,UPI,Success,29741.5,2025-01-09
PAY008682,ORD008682,Credit Card,Refunded,12938.7,2025-05-26
PAY008683,ORD008683,Wallet,Success,140291.3,2025-04-06
PAY008684,ORD008684,UPI,Success,121736.6,2025-05-28
PAY008685,ORD008685,UPI,Success,10805.4,2025-05-19
PAY008686,ORD008686,UPI,Success,144589.9,2025-06-28
PAY008687,ORD008687,Debit Card,Success,54877.6,2025-02-24
PAY008688,ORD008688,Debit Card,Success,164869.2,2025-06-26
PAY008689,ORD008689,Net Banking,Success,181639.75,2025-03-01
PAY008690,ORD008690,Debit Card,Failed,31777.6,2025-01-02
PAY008691,ORD008691,Wallet,Success,142003.15,2025-05-24
PAY008692,ORD008692,Net Banking,Success,32299.65,2025-01-21
PAY008693,ORD008693,Cash on Delivery,Success,47389.0,2025-05-19
PAY008694,ORD008694,Wallet,Success,12013.05,2025-06-09
PAY008695,ORD008695,UPI,Success,40443.0,2025-03-26
PAY008696,ORD008696,UPI,Success,28305.85,2025-02-18
PAY008697,ORD008697,UPI,Success,240310.8,2025-06-13
PAY008698,ORD008698,Debit Card,Success,164841.75,2025-04-24
PAY008699,ORD008699,Net Banking,Success,104904.3,2025-06-11
PAY008700,ORD008700,Cash on Delivery,Success,213859.2,2025-01-29
PAY008701,ORD008701,Wallet,Success,101471.4,2025-05-27
PAY008702,ORD008702,Credit Card,Success,82475.2,2025-01-28
PAY008703,ORD008703,Debit Card,Success,181018.0,2025-05-18
PAY008704,ORD008704,UPI,Success,146580.3,2025-02-04
PAY008705,ORD008705,Credit Card,Success,204890.4,2025-04-28
PAY008706,ORD008706,UPI,Success,102621.35,2025-01-19
PAY008707,ORD008707,Wallet,Success,88845.0,2025-05-16
PAY008708,ORD008708,Credit Card,Success,201491.9,2025-06-20
PAY008709,ORD008709,Wallet,Success,7694.1,2025-06-08
PAY008710,ORD008710,Cash on Delivery,Success,257308.8,2025-05-01
PAY008711,ORD008711,Cash on Delivery,Success,266189.4,2025-06-14
PAY008712,ORD008712,Credit Card,Success,45796.85,2025-01-13
PAY008713,ORD008713,Cash on Delivery,Success,270937.75,2025-01-08
PAY008714,ORD008714,Cash on Delivery,Success,136222.1,2025-05-11
PAY008715,ORD008715,Wallet,Success,89140.4,2025-02-16
PAY008716,ORD008716,Credit Card,Success,61986.35,2025-06-03
PAY008717,ORD008717,Cash on Delivery,Success,182009.4,2025-06-28
PAY008718,ORD008718,Cash on Delivery,Success,16200.0,2025-02-24
PAY008719,ORD008719,Net Banking,Failed,11865.0,2025-01-18
PAY008720,ORD008720,Net Banking,Success,39506.8,2025-04-11
PAY008721,ORD008721,UPI,Success,43764.75,2025-02-19
PAY008722,ORD008722,Cash on Delivery,Success,67251.0,2025-05-09
PAY008723,ORD008723,Net Banking,Success,114093.8,2025-01-25
PAY008724,ORD008724,Net Banking,Failed,230730.8,2025-01-16
PAY008725,ORD008725,Net Banking,Success,140257.2,2025-03-19
PAY008726,ORD008726,Debit Card,Success,162936.2,2025-02-27
PAY008727,ORD008727,Credit Card,Success,88650.95,2025-01-29
PAY008728,ORD008728,Cash on Delivery,Success,117580.4,2025-04-05
PAY008729,ORD008729,Credit Card,Success,4487.8,2025-01-18
PAY008730,ORD008730,Net Banking,Success,161714.5,2025-02-05
PAY008731,ORD008731,Net Banking,Success,68843.2,2025-05-21
PAY008732,ORD008732,Debit Card,Success,268356.15,2025-03-13
PAY008733,ORD008733,Wallet,Success,55281.0,2025-06-20
PAY008734,ORD008734,UPI,Success,29017.8,2025-03-06
PAY008735,ORD008735,Cash on Delivery,Success,88704.1,2025-04-05
PAY008736,ORD008736,Debit Card,Success,283009.8,2025-01-05
PAY008737,ORD008737,Credit Card,Success,185294.7,2025-01-04
PAY008738,ORD008738,Net Banking,Success,67669.95,2025-06-12
PAY008739,ORD008739,Cash on Delivery,Success,43543.0,2025-03-13
PAY008740,ORD008740,Net Banking,Success,136444.4,2025-06-21
PAY008741,ORD008741,Cash on Delivery,Success,42343.2,2025-01-01
PAY008742,ORD008742,UPI,Success,84462.2,2025-06-29
PAY008743,ORD008743,Wallet,Success,85876.2,2025-01-21
PAY008744,ORD008744,Credit Card,Success,27934.0,2025-01-31
PAY008745,ORD008745,UPI,Success,47422.4,2025-03-28
PAY008746,ORD008746,Wallet,Success,89679.4,2025-05-14
PAY008747,ORD008747,Wallet,Failed,27952.0,2025-01-26
PAY008748,ORD008748,Net Banking,Success,35037.0,2025-01-12
PAY008749,ORD008749,Wallet,Success,108288.0,2025-02-21
PAY008750,ORD008750,UPI,Success,92920.0,2025-06-30
PAY008751,ORD008751,Wallet,Failed,143905.8,2025-04-10
PAY008752,ORD008752,Debit Card,Success,135515.2,2025-01-28
PAY008753,ORD008753,Debit Card,Success,175450.5,2025-02-17
PAY008754,ORD008754,Credit Card,Success,195019.7,2025-02-12
PAY008755,ORD008755,Wallet,Failed,89020.6,2025-05-24
PAY008756,ORD008756,Debit Card,Success,20558.4,2025-04-25
PAY008757,ORD008757,Debit Card,Success,116453.4,2025-03-11
PAY008758,ORD008758,Net Banking,Success,124344.9,2025-02-09
PAY008759,ORD008759,Wallet,Success,65241.85,2025-05-03
PAY008760,ORD008760,UPI,Success,92176.0,2025-06-29
PAY008761,ORD008761,UPI,Success,59378.4,2025-06-14
PAY008762,ORD008762,UPI,Success,121799.4,2025-04-26
PAY008763,ORD008763,Cash on Delivery,Success,29510.3,2025-03-26
PAY008764,ORD008764,UPI,Success,245952.0,2025-04-09
PAY008765,ORD008765,Credit Card,Success,78863.8,2025-02-11
PAY008766,ORD008766,Wallet,Success,64740.95,2025-01-10
PAY008767,ORD008767,Net Banking,Success,64887.8,2025-02-24
PAY008768,ORD008768,Net Banking,Success,55093.65,2025-02-01
PAY008769,ORD008769,Net Banking,Success,311908.2,2025-02-16
PAY008770,ORD008770,Wallet,Failed,13732.6,2025-05-21
PAY008771,ORD008771,UPI,Success,101134.15,2025-01-18
PAY008772,ORD008772,Credit Card,Success,59946.4,2025-02-01
PAY008773,ORD008773,Net Banking,Success,94129.35,2025-04-05
PAY008774,ORD008774,Wallet,Success,105376.85,2025-04-26
PAY008775,ORD008775,Credit Card,Success,26536.9,2025-01-11
PAY008776,ORD008776,Net Banking,Success,5521.4,2025-01-20
PAY008777,ORD008777,Wallet,Success,75317.65,2025-02-06
PAY008778,ORD008778,Wallet,Success,43445.7,2025-02-06
PAY008779,ORD008779,Cash on Delivery,Success,183599.45,2025-02-19
PAY008780,ORD008780,UPI,Success,159553.25,2025-06-23
PAY008781,ORD008781,Cash on Delivery,Success,63617.2,2025-03-14
PAY008782,ORD008782,Debit Card,Success,141043.25,2025-03-09
PAY008783,ORD008783,Debit Card,Success,201587.4,2025-01-03
PAY008784,ORD008784,Net Banking,Success,53397.65,2025-05-07
PAY008785,ORD008785,Debit Card,Success,228129.2,2025-06-06
PAY008786,ORD008786,Net Banking,Success,185202.6,2025-06-13
PAY008787,ORD008787,Wallet,Success,85546.2,2025-05-15
PAY008788,ORD008788,UPI,Success,39543.85,2025-02-16
PAY008789,ORD008789,Wallet,Refunded,209104.5,2025-01-29
PAY008790,ORD008790,Credit Card,Success,77331.45,2025-06-05
PAY008791,ORD008791,UPI,Success,55684.3,2025-05-17
PAY008792,ORD008792,Credit Card,Success,30396.2,2025-04-15
PAY008793,ORD008793,UPI,Success,143866.3,2025-02-16
PAY008794,ORD008794,Net Banking,Success,103918.8,2025-03-09
PAY008795,ORD008795,Net Banking,Success,171151.8,2025-02-02
PAY008796,ORD008796,Wallet,Success,222009.7,2025-06-17
PAY008797,ORD008797,UPI,Success,181127.85,2025-06-27
PAY008798,ORD008798,Wallet,Success,145265.4,2025-03-17
PAY008799,ORD008799,Wallet,Success,31632.4,2025-03-07
PAY008800,ORD008800,Cash on Delivery,Success,214336.7,2025-05-01
PAY008801,ORD008801,Debit Card,Success,473894.25,2025-03-08
PAY008802,ORD008802,Cash on Delivery,Success,171804.0,2025-06-14
PAY008803,ORD008803,Wallet,Success,176965.2,2025-06-15
PAY008804,ORD008804,Wallet,Success,125623.2,2025-05-21
PAY008805,ORD008805,Credit Card,Success,235359.55,2025-06-15
PAY008806,ORD008806,Cash on Delivery,Success,103070.2,2025-03-30
PAY008807,ORD008807,Net Banking,Success,34427.7,2025-02-27
PAY008808,ORD008808,Credit Card,Success,79995.05,2025-04-29
PAY008809,ORD008809,Debit Card,Success,21856.0,2025-02-14
PAY008810,ORD008810,Wallet,Success,69806.0,2025-05-11
PAY008811,ORD008811,Wallet,Failed,92815.2,2025-06-04
PAY008812,ORD008812,Wallet,Success,54925.2,2025-03-07
PAY008813,ORD008813,UPI,Success,40934.3,2025-06-08
PAY008814,ORD008814,UPI,Success,216945.9,2025-05-27
PAY008815,ORD008815,UPI,Success,40149.0,2025-06-02
PAY008816,ORD008816,Credit Card,Success,31498.0,2025-02-16
PAY008817,ORD008817,Wallet,Success,153092.85,2025-06-26
PAY008818,ORD008818,UPI,Success,75997.9,2025-06-05
PAY008819,ORD008819,Wallet,Success,23775.45,2025-04-10
PAY008820,ORD008820,Wallet,Success,163055.85,2025-01-31
PAY008821,ORD008821,Wallet,Success,121613.3,2025-06-28
PAY008822,ORD008822,Cash on Delivery,Failed,21604.6,2025-01-15
PAY008823,ORD008823,UPI,Success,198209.8,2025-05-28
PAY008824,ORD008824,UPI,Success,139515.6,2025-04-14
PAY008825,ORD008825,Debit Card,Success,169372.5,2025-01-20
PAY008826,ORD008826,Net Banking,Failed,83688.0,2025-04-18
PAY008827,ORD008827,Cash on Delivery,Success,84759.85,2025-05-21
PAY008828,ORD008828,Credit Card,Failed,86500.4,2025-02-08
PAY008829,ORD008829,Net Banking,Success,72648.9,2025-04-07
PAY008830,ORD008830,UPI,Success,7309.6,2025-01-10
PAY008831,ORD008831,Credit Card,Success,42222.9,2025-04-19
PAY008832,ORD008832,Debit Card,Success,204491.1,2025-06-04
PAY008833,ORD008833,Cash on Delivery,Success,122102.55,2025-06-10
PAY008834,ORD008834,Net Banking,Success,59405.8,2025-03-12
PAY008835,ORD008835,Credit Card,Success,183190.2,2025-02-26
PAY008836,ORD008836,UPI,Success,52815.2,2025-02-13
PAY008837,ORD008837,Wallet,Success,142987.6,2025-05-23
PAY008838,ORD008838,Cash on Delivery,Success,56708.75,2025-06-07
PAY008839,ORD008839,Credit Card,Success,142415.6,2025-02-11
PAY008840,ORD008840,Cash on Delivery,Success,96900.0,2025-06-21
PAY008841,ORD008841,UPI,Success,149151.7,2025-03-02
PAY008842,ORD008842,UPI,Success,45966.3,2025-02-10
PAY008843,ORD008843,Credit Card,Success,52577.7,2025-03-14
PAY008844,ORD008844,Debit Card,Success,65029.1,2025-06-20
PAY008845,ORD008845,Credit Card,Success,188671.4,2025-04-16
PAY008846,ORD008846,Credit Card,Success,51258.1,2025-03-06
PAY008847,ORD008847,Net Banking,Success,208203.2,2025-02-26
PAY008848,ORD008848,Cash on Delivery,Success,12750.0,2025-03-06
PAY008849,ORD008849,Credit Card,Success,81679.5,2025-01-25
PAY008850,ORD008850,Credit Card,Success,282420.6,2025-06-19
PAY008851,ORD008851,Debit Card,Failed,92431.2,2025-03-28
PAY008852,ORD008852,Credit Card,Success,233236.05,2025-01-27
PAY008853,ORD008853,Cash on Delivery,Success,322118.6,2025-06-12
PAY008854,ORD008854,Cash on Delivery,Success,58968.0,2025-03-01
PAY008855,ORD008855,Net Banking,Success,132714.7,2025-05-31
PAY008856,ORD008856,Debit Card,Failed,144684.9,2025-05-11
PAY008857,ORD008857,UPI,Success,205782.85,2025-05-10
PAY008858,ORD008858,UPI,Success,186027.2,2025-05-22
PAY008859,ORD008859,UPI,Success,70452.8,2025-02-22
PAY008860,ORD008860,Net Banking,Success,218407.25,2025-05-22
PAY008861,ORD008861,UPI,Success,131211.2,2025-04-23
PAY008862,ORD008862,Wallet,Success,2009.25,2025-06-14
PAY008863,ORD008863,Credit Card,Success,22526.7,2025-04-20
PAY008864,ORD008864,Net Banking,Success,196361.05,2025-03-06
PAY008865,ORD008865,Cash on Delivery,Success,105396.0,2025-05-25
PAY008866,ORD008866,Credit Card,Success,198793.25,2025-02-02
PAY008867,ORD008867,Debit Card,Success,115693.5,2025-03-21
PAY008868,ORD008868,Net Banking,Success,145940.2,2025-01-07
PAY008869,ORD008869,UPI,Success,121843.2,2025-01-08
PAY008870,ORD008870,Net Banking,Success,74784.9,2025-05-05
PAY008871,ORD008871,Net Banking,Success,11923.2,2025-03-24
PAY008872,ORD008872,Debit Card,Success,111085.7,2025-04-03
PAY008873,ORD008873,Net Banking,Success,115820.2,2025-05-17
PAY008874,ORD008874,UPI,Success,118416.6,2025-03-16
PAY008875,ORD008875,Net Banking,Success,19172.6,2025-03-16
PAY008876,ORD008876,Debit Card,Success,93297.1,2025-03-22
PAY008877,ORD008877,UPI,Success,135751.1,2025-05-04
PAY008878,ORD008878,Wallet,Success,201188.9,2025-06-16
PAY008879,ORD008879,Wallet,Success,108983.9,2025-04-12
PAY008880,ORD008880,Debit Card,Success,30050.4,2025-03-30
PAY008881,ORD008881,UPI,Success,143546.35,2025-01-22
PAY008882,ORD008882,Wallet,Success,114230.0,2025-04-07
PAY008883,ORD008883,Credit Card,Success,295836.4,2025-03-06
PAY008884,ORD008884,Credit Card,Success,16797.0,2025-04-28
PAY008885,ORD008885,Net Banking,Success,115540.5,2025-03-14
PAY008886,ORD008886,Credit Card,Success,103893.8,2025-02-08
PAY008887,ORD008887,Net Banking,Success,129819.2,2025-01-07
PAY008888,ORD008888,Debit Card,Success,52935.7,2025-06-18
PAY008889,ORD008889,Wallet,Refunded,92707.2,2025-06-10
PAY008890,ORD008890,Wallet,Success,60957.1,2025-04-04
PAY008891,ORD008891,Wallet,Success,96129.5,2025-03-25
PAY008892,ORD008892,Wallet,Success,39369.6,2025-06-16
PAY008893,ORD008893,UPI,Success,143967.6,2025-04-07
PAY008894,ORD008894,Net Banking,Failed,112646.0,2025-04-01
PAY008895,ORD008895,Wallet,Success,249707.4,2025-05-04
PAY008896,ORD008896,Credit Card,Success,94878.7,2025-04-30
PAY008897,ORD008897,UPI,Refunded,40167.0,2025-02-21
PAY008898,ORD008898,Credit Card,Success,155481.6,2025-04-08
PAY008899,ORD008899,Debit Card,Success,145728.65,2025-01-03
PAY008900,ORD008900,Credit Card,Success,24831.1,2025-04-18
PAY008901,ORD008901,Debit Card,Success,246124.7,2025-04-03
PAY008902,ORD008902,Cash on Delivery,Success,191017.05,2025-01-01
PAY008903,ORD008903,Net Banking,Success,183649.4,2025-02-14
PAY008904,ORD008904,UPI,Success,12664.45,2025-05-03
PAY008905,ORD008905,Credit Card,Success,27202.0,2025-05-14
PAY008906,ORD008906,Cash on Delivery,Success,192791.6,2025-01-28
PAY008907,ORD008907,Wallet,Success,22163.5,2025-04-22
PAY008908,ORD008908,Wallet,Success,15413.75,2025-05-25
PAY008909,ORD008909,Cash on Delivery,Success,206844.55,2025-01-29
PAY008910,ORD008910,Net Banking,Success,146282.3,2025-06-17
PAY008911,ORD008911,Net Banking,Success,55353.45,2025-04-06
PAY008912,ORD008912,Credit Card,Refunded,79650.5,2025-05-29
PAY008913,ORD008913,Debit Card,Success,127545.3,2025-02-20
PAY008914,ORD008914,Wallet,Success,223002.0,2025-01-19
PAY008915,ORD008915,Cash on Delivery,Success,214085.0,2025-04-07
PAY008916,ORD008916,Credit Card,Success,155533.0,2025-06-19
PAY008917,ORD008917,Net Banking,Success,13735.2,2025-04-13
PAY008918,ORD008918,Wallet,Success,88806.6,2025-06-03
PAY008919,ORD008919,Debit Card,Success,90504.6,2025-05-17
PAY008920,ORD008920,Credit Card,Success,137955.9,2025-04-22
PAY008921,ORD008921,Cash on Delivery,Success,192363.9,2025-01-18
PAY008922,ORD008922,UPI,Success,21364.8,2025-05-07
PAY008923,ORD008923,Net Banking,Success,227570.4,2025-05-14
PAY008924,ORD008924,Debit Card,Success,103056.3,2025-03-25
PAY008925,ORD008925,Debit Card,Success,63065.95,2025-06-21
PAY008926,ORD008926,Wallet,Success,232885.45,2025-02-27
PAY008927,ORD008927,Wallet,Success,107069.4,2025-01-29
PAY008928,ORD008928,Credit Card,Success,128959.2,2025-04-01
PAY008929,ORD008929,Credit Card,Success,115233.9,2025-04-13
PAY008930,ORD008930,Debit Card,Success,105002.55,2025-05-20
PAY008931,ORD008931,Debit Card,Success,153344.45,2025-04-19
PAY008932,ORD008932,Debit Card,Failed,173494.95,2025-06-23
PAY008933,ORD008933,UPI,Success,25676.8,2025-05-03
PAY008934,ORD008934,Credit Card,Success,196263.05,2025-05-17
PAY008935,ORD008935,Net Banking,Success,254472.4,2025-01-09
PAY008936,ORD008936,Wallet,Success,90806.7,2025-01-24
PAY008937,ORD008937,Wallet,Success,95034.6,2025-03-12
PAY008938,ORD008938,Net Banking,Success,126729.0,2025-03-09
PAY008939,ORD008939,Credit Card,Success,135640.05,2025-01-01
PAY008940,ORD008940,Wallet,Success,76747.2,2025-05-18
PAY008941,ORD008941,Net Banking,Success,61300.8,2025-06-05
PAY008942,ORD008942,Credit Card,Success,119194.2,2025-06-28
PAY008943,ORD008943,Net Banking,Refunded,57530.4,2025-02-03
PAY008944,ORD008944,Credit Card,Success,180049.8,2025-01-18
PAY008945,ORD008945,UPI,Success,258732.75,2025-04-10
PAY008946,ORD008946,Debit Card,Success,12420.2,2025-04-11
PAY008947,ORD008947,Cash on Delivery,Success,84257.1,2025-05-12
PAY008948,ORD008948,UPI,Success,111980.45,2025-01-11
PAY008949,ORD008949,Cash on Delivery,Success,63273.8,2025-04-28
PAY008950,ORD008950,Net Banking,Success,79121.15,2025-05-17
PAY008951,ORD008951,Net Banking,Success,249306.0,2025-05-28
PAY008952,ORD008952,UPI,Failed,53405.2,2025-03-18
PAY008953,ORD008953,Wallet,Failed,198855.1,2025-03-04
PAY008954,ORD008954,Net Banking,Success,50709.1,2025-04-24
PAY008955,ORD008955,Cash on Delivery,Success,78512.4,2025-06-18
PAY008956,ORD008956,UPI,Success,9258.4,2025-04-26
PAY008957,ORD008957,Wallet,Success,54665.9,2025-02-17
PAY008958,ORD008958,Cash on Delivery,Success,99405.9,2025-06-29
PAY008959,ORD008959,Credit Card,Success,256981.8,2025-06-07
PAY008960,ORD008960,Net Banking,Success,45917.3,2025-06-21
PAY008961,ORD008961,Wallet,Success,43122.2,2025-01-18
PAY008962,ORD008962,Cash on Delivery,Success,268527.15,2025-03-14
PAY008963,ORD008963,Cash on Delivery,Success,196545.95,2025-05-09
PAY008964,ORD008964,UPI,Success,112833.6,2025-01-06
PAY008965,ORD008965,Credit Card,Success,63007.3,2025-05-24
PAY008966,ORD008966,Cash on Delivery,Success,176227.4,2025-06-16
PAY008967,ORD008967,UPI,Success,200079.0,2025-03-04
PAY008968,ORD008968,Net Banking,Success,195674.15,2025-03-05
PAY008969,ORD008969,Net Banking,Success,14885.55,2025-02-23
PAY008970,ORD008970,Cash on Delivery,Success,84413.5,2025-02-25
PAY008971,ORD008971,UPI,Failed,162628.55,2025-03-27
PAY008972,ORD008972,Cash on Delivery,Success,29095.5,2025-05-03
PAY008973,ORD008973,Wallet,Success,250156.6,2025-05-22
PAY008974,ORD008974,Cash on Delivery,Success,121556.7,2025-02-08
PAY008975,ORD008975,Cash on Delivery,Success,18585.6,2025-05-08
PAY008976,ORD008976,Cash on Delivery,Success,100727.9,2025-06-06
PAY008977,ORD008977,Wallet,Success,196012.5,2025-06-16
PAY008978,ORD008978,Debit Card,Success,115882.7,2025-04-14
PAY008979,ORD008979,Cash on Delivery,Success,322002.2,2025-05-02
PAY008980,ORD008980,Net Banking,Success,113427.45,2025-05-24
PAY008981,ORD008981,Net Banking,Success,102161.2,2025-06-08
PAY008982,ORD008982,Wallet,Success,36835.3,2025-04-05
PAY008983,ORD008983,Cash on Delivery,Success,63741.6,2025-02-05
PAY008984,ORD008984,Debit Card,Success,56532.8,2025-06-11
PAY008985,ORD008985,Cash on Delivery,Success,144403.45,2025-05-17
PAY008986,ORD008986,Net Banking,Success,295531.3,2025-04-19
PAY008987,ORD008987,UPI,Success,28384.05,2025-03-09
PAY008988,ORD008988,Wallet,Success,165401.35,2025-03-20
PAY008989,ORD008989,Credit Card,Success,45081.45,2025-05-05
PAY008990,ORD008990,Credit Card,Success,212793.5,2025-05-11
PAY008991,ORD008991,Wallet,Success,128050.3,2025-04-29
PAY008992,ORD008992,Wallet,Success,138462.3,2025-01-31
PAY008993,ORD008993,Wallet,Success,63518.4,2025-02-16
PAY008994,ORD008994,Debit Card,Success,102354.6,2025-05-27
PAY008995,ORD008995,Wallet,Success,218528.8,2025-04-29
PAY008996,ORD008996,Wallet,Success,188455.5,2025-03-08
PAY008997,ORD008997,Debit Card,Success,152066.1,2025-06-26
PAY008998,ORD008998,Debit Card,Success,197892.65,2025-01-14
PAY008999,ORD008999,Wallet,Success,120352.35,2025-01-25
PAY009000,ORD009000,UPI,Failed,90426.0,2025-03-02
PAY009001,ORD009001,Credit Card,Success,92576.9,2025-03-31
PAY009002,ORD009002,Cash on Delivery,Success,85522.2,2025-03-25
PAY009003,ORD009003,Cash on Delivery,Success,231102.4,2025-04-06
PAY009004,ORD009004,Net Banking,Success,120580.7,2025-05-10
PAY009005,ORD009005,UPI,Success,76474.1,2025-02-08
PAY009006,ORD009006,Wallet,Success,167911.05,2025-01-19
PAY009007,ORD009007,Net Banking,Success,142824.25,2025-01-01
PAY009008,ORD009008,UPI,Success,169425.8,2025-03-21
PAY009009,ORD009009,Debit Card,Success,166799.8,2025-01-22
PAY009010,ORD009010,Cash on Delivery,Refunded,127119.0,2025-05-18
PAY009011,ORD009011,Cash on Delivery,Success,152652.25,2025-02-13
PAY009012,ORD009012,Net Banking,Success,11637.6,2025-05-05
PAY009013,ORD009013,Credit Card,Success,50126.3,2025-06-20
PAY009014,ORD009014,Net Banking,Success,104170.2,2025-06-10
PAY009015,ORD009015,UPI,Success,207277.7,2025-03-16
PAY009016,ORD009016,Credit Card,Success,157279.65,2025-03-08
PAY009017,ORD009017,Cash on Delivery,Success,205313.65,2025-01-10
PAY009018,ORD009018,UPI,Success,147289.05,2025-05-17
PAY009019,ORD009019,Wallet,Success,596.7,2025-04-05
PAY009020,ORD009020,Net Banking,Success,159979.4,2025-06-20
PAY009021,ORD009021,Debit Card,Success,85935.3,2025-03-17
PAY009022,ORD009022,Credit Card,Success,83659.7,2025-03-19
PAY009023,ORD009023,Net Banking,Success,169814.6,2025-06-12
PAY009024,ORD009024,Wallet,Success,134609.1,2025-04-08
PAY009025,ORD009025,Wallet,Success,89505.6,2025-02-25
PAY009026,ORD009026,UPI,Success,137599.3,2025-03-19
PAY009027,ORD009027,Cash on Delivery,Success,4772.0,2025-05-23
PAY009028,ORD009028,Net Banking,Refunded,111140.0,2025-03-03
PAY009029,ORD009029,Net Banking,Success,15272.1,2025-04-09
PAY009030,ORD009030,Net Banking,Success,1850.0,2025-02-17
PAY009031,ORD009031,Cash on Delivery,Success,98582.8,2025-05-12
PAY009032,ORD009032,Cash on Delivery,Success,145618.75,2025-01-11
PAY009033,ORD009033,Wallet,Success,94346.0,2025-03-07
PAY009034,ORD009034,UPI,Success,115380.35,2025-04-03
PAY009035,ORD009035,UPI,Success,199792.2,2025-03-04
PAY009036,ORD009036,UPI,Success,292.4,2025-06-18
PAY009037,ORD009037,Wallet,Success,159255.6,2025-05-31
PAY009038,ORD009038,Debit Card,Success,83590.0,2025-01-07
PAY009039,ORD009039,Wallet,Success,50707.05,2025-04-02
PAY009040,ORD009040,Wallet,Success,194204.15,2025-03-29
PAY009041,ORD009041,UPI,Success,136933.4,2025-01-30
PAY009042,ORD009042,Cash on Delivery,Success,90475.4,2025-06-12
PAY009043,ORD009043,Credit Card,Success,53882.1,2025-04-29
PAY009044,ORD009044,Cash on Delivery,Success,4232.0,2025-01-19
PAY009045,ORD009045,Credit Card,Success,52396.8,2025-06-11
PAY009046,ORD009046,Cash on Delivery,Success,63454.35,2025-06-30
PAY009047,ORD009047,Cash on Delivery,Success,72196.2,2025-05-20
PAY009048,ORD009048,Debit Card,Success,49085.5,2025-05-18
PAY009049,ORD009049,Credit Card,Success,47422.8,2025-06-09
PAY009050,ORD009050,Wallet,Success,151835.3,2025-06-14
PAY009051,ORD009051,Debit Card,Success,74853.0,2025-05-15
PAY009052,ORD009052,Debit Card,Failed,90522.9,2025-01-15
PAY009053,ORD009053,UPI,Success,252048.35,2025-04-24
PAY009054,ORD009054,Debit Card,Success,24884.1,2025-05-25
PAY009055,ORD009055,Wallet,Success,98963.1,2025-01-19
PAY009056,ORD009056,Wallet,Success,58672.75,2025-03-09
PAY009057,ORD009057,Wallet,Success,33972.0,2025-02-08
PAY009058,ORD009058,Wallet,Success,38407.5,2025-06-05
PAY009059,ORD009059,UPI,Success,50201.85,2025-02-15
PAY009060,ORD009060,Credit Card,Success,111640.55,2025-03-14
PAY009061,ORD009061,Credit Card,Success,100363.8,2025-06-06
PAY009062,ORD009062,Credit Card,Success,80846.0,2025-02-24
PAY009063,ORD009063,Debit Card,Failed,31035.55,2025-02-08
PAY009064,ORD009064,UPI,Success,169669.8,2025-02-01
PAY009065,ORD009065,Cash on Delivery,Success,63432.45,2025-03-25
PAY009066,ORD009066,Cash on Delivery,Success,10532.8,2025-03-12
PAY009067,ORD009067,Wallet,Success,289397.7,2025-03-16
PAY009068,ORD009068,UPI,Success,38874.75,2025-06-22
PAY009069,ORD009069,Credit Card,Success,24266.4,2025-01-21
PAY009070,ORD009070,Wallet,Success,86772.0,2025-04-12
PAY009071,ORD009071,Wallet,Success,272678.9,2025-06-05
PAY009072,ORD009072,Cash on Delivery,Failed,115124.85,2025-01-28
PAY009073,ORD009073,Debit Card,Success,50867.1,2025-03-25
PAY009074,ORD009074,UPI,Success,84615.0,2025-05-31
PAY009075,ORD009075,Net Banking,Success,92553.0,2025-01-28
PAY009076,ORD009076,Debit Card,Success,47351.4,2025-02-14
PAY009077,ORD009077,Debit Card,Success,260555.55,2025-03-16
PAY009078,ORD009078,Net Banking,Refunded,150968.3,2025-04-12
PAY009079,ORD009079,Wallet,Success,17948.7,2025-04-23
PAY009080,ORD009080,Wallet,Success,97324.8,2025-03-13
PAY009081,ORD009081,UPI,Refunded,219179.9,2025-03-11
PAY009082,ORD009082,Net Banking,Success,105782.5,2025-03-05
PAY009083,ORD009083,Credit Card,Success,176740.3,2025-06-22
PAY009084,ORD009084,Debit Card,Success,43829.4,2025-04-07
PAY009085,ORD009085,Credit Card,Success,91755.65,2025-03-22
PAY009086,ORD009086,Debit Card,Success,3132.9,2025-02-01
PAY009087,ORD009087,Wallet,Success,144916.2,2025-05-08
PAY009088,ORD009088,Debit Card,Success,59138.7,2025-06-29
PAY009089,ORD009089,Credit Card,Success,206592.55,2025-01-15
PAY009090,ORD009090,Debit Card,Success,101793.6,2025-02-25
PAY009091,ORD009091,Cash on Delivery,Success,265321.55,2025-02-26
PAY009092,ORD009092,Wallet,Success,58785.75,2025-01-29
PAY009093,ORD009093,Cash on Delivery,Success,77965.5,2025-03-14
PAY009094,ORD009094,Wallet,Success,34629.0,2025-05-02
PAY009095,ORD009095,Cash on Delivery,Success,134866.05,2025-01-22
PAY009096,ORD009096,Debit Card,Success,176205.0,2025-01-20
PAY009097,ORD009097,Cash on Delivery,Success,30129.3,2025-03-04
PAY009098,ORD009098,UPI,Success,138239.8,2025-05-25
PAY009099,ORD009099,Credit Card,Success,63962.5,2025-04-03
PAY009100,ORD009100,Wallet,Success,27177.9,2025-05-19
PAY009101,ORD009101,Credit Card,Success,219661.35,2025-02-27
PAY009102,ORD009102,Debit Card,Refunded,18591.2,2025-04-18
PAY009103,ORD009103,Wallet,Failed,104167.2,2025-02-06
PAY009104,ORD009104,UPI,Success,29341.8,2025-04-16
PAY009105,ORD009105,UPI,Success,34401.2,2025-05-30
PAY009106,ORD009106,Cash on Delivery,Success,123522.85,2025-03-15
PAY009107,ORD009107,Wallet,Refunded,104192.6,2025-02-07
PAY009108,ORD009108,Credit Card,Success,71213.0,2025-06-24
PAY009109,ORD009109,Net Banking,Success,24529.3,2025-02-24
PAY009110,ORD009110,Net Banking,Failed,135519.8,2025-03-16
PAY009111,ORD009111,Cash on Delivery,Success,119718.0,2025-03-29
PAY009112,ORD009112,Credit Card,Success,101960.3,2025-06-06
PAY009113,ORD009113,UPI,Success,203753.3,2025-06-03
PAY009114,ORD009114,Credit Card,Success,189846.8,2025-01-15
PAY009115,ORD009115,Cash on Delivery,Success,126163.2,2025-02-24
PAY009116,ORD009116,Debit Card,Success,47352.4,2025-01-18
PAY009117,ORD009117,Wallet,Success,26088.2,2025-05-15
PAY009118,ORD009118,Net Banking,Success,102078.45,2025-06-06
PAY009119,ORD009119,Wallet,Success,31644.65,2025-02-26
PAY009120,ORD009120,Credit Card,Success,63768.0,2025-06-20
PAY009121,ORD009121,Net Banking,Failed,101553.0,2025-01-01
PAY009122,ORD009122,UPI,Success,21172.0,2025-02-20
PAY009123,ORD009123,UPI,Success,104476.2,2025-04-13
PAY009124,ORD009124,Cash on Delivery,Success,143551.2,2025-01-14
PAY009125,ORD009125,Wallet,Success,175761.9,2025-05-12
PAY009126,ORD009126,UPI,Success,35769.2,2025-01-06
PAY009127,ORD009127,Debit Card,Success,164685.65,2025-01-10
PAY009128,ORD009128,Cash on Delivery,Success,135130.6,2025-05-13
PAY009129,ORD009129,Credit Card,Success,5280.3,2025-04-29
PAY009130,ORD009130,Credit Card,Success,51799.2,2025-06-30
PAY009131,ORD009131,Wallet,Success,44862.0,2025-01-12
PAY009132,ORD009132,UPI,Success,13010.4,2025-06-26
PAY009133,ORD009133,UPI,Refunded,91881.9,2025-02-28
PAY009134,ORD009134,Credit Card,Success,1966.4,2025-03-20
PAY009135,ORD009135,Wallet,Success,185269.6,2025-05-20
PAY009136,ORD009136,Wallet,Refunded,43089.9,2025-05-17
PAY009137,ORD009137,UPI,Success,53583.9,2025-01-07
PAY009138,ORD009138,UPI,Success,93713.8,2025-02-03
PAY009139,ORD009139,UPI,Success,17374.5,2025-06-06
PAY009140,ORD009140,Cash on Delivery,Success,32094.4,2025-02-14
PAY009141,ORD009141,UPI,Success,20484.0,2025-03-26
PAY009142,ORD009142,UPI,Success,175024.4,2025-05-22
PAY009143,ORD009143,Net Banking,Success,141465.3,2025-03-27
PAY009144,ORD009144,Debit Card,Success,61650.8,2025-06-22
PAY009145,ORD009145,Debit Card,Success,42875.7,2025-01-03
PAY009146,ORD009146,Net Banking,Success,202782.85,2025-06-18
PAY009147,ORD009147,Cash on Delivery,Refunded,78447.85,2025-02-07
PAY009148,ORD009148,Net Banking,Success,30470.2,2025-06-22
PAY009149,ORD009149,Wallet,Success,98587.2,2025-03-03
PAY009150,ORD009150,Wallet,Success,79893.0,2025-06-02
PAY009151,ORD009151,Cash on Delivery,Success,24754.5,2025-02-14
PAY009152,ORD009152,Cash on Delivery,Success,104924.7,2025-03-03
PAY009153,ORD009153,UPI,Success,45380.4,2025-01-12
PAY009154,ORD009154,Debit Card,Success,99066.1,2025-04-14
PAY009155,ORD009155,UPI,Success,165708.3,2025-01-31
PAY009156,ORD009156,Wallet,Success,250351.85,2025-02-14
PAY009157,ORD009157,UPI,Success,20976.05,2025-01-15
PAY009158,ORD009158,Wallet,Success,224703.6,2025-01-19
PAY009159,ORD009159,Credit Card,Success,101686.3,2025-01-12
PAY009160,ORD009160,Cash on Delivery,Success,279786.0,2025-01-28
PAY009161,ORD009161,Cash on Delivery,Success,38969.0,2025-01-06
PAY009162,ORD009162,Debit Card,Success,69638.4,2025-05-11
PAY009163,ORD009163,Net Banking,Success,178265.2,2025-06-04
PAY009164,ORD009164,Credit Card,Success,171593.8,2025-03-17
PAY009165,ORD009165,Net Banking,Success,196421.95,2025-03-28
PAY009166,ORD009166,Net Banking,Success,72170.2,2025-03-10
PAY009167,ORD009167,UPI,Failed,124574.05,2025-02-23
PAY009168,ORD009168,UPI,Success,150195.0,2025-01-13
PAY009169,ORD009169,UPI,Success,311579.5,2025-05-20
PAY009170,ORD009170,UPI,Success,70853.5,2025-04-17
PAY009171,ORD009171,Credit Card,Success,134114.9,2025-02-07
PAY009172,ORD009172,UPI,Success,143937.55,2025-06-29
PAY009173,ORD009173,Debit Card,Success,75041.15,2025-02-02
PAY009174,ORD009174,Net Banking,Success,102642.7,2025-06-05
PAY009175,ORD009175,UPI,Success,193484.2,2025-06-20
PAY009176,ORD009176,Net Banking,Success,132167.95,2025-06-16
PAY009177,ORD009177,Cash on Delivery,Success,173628.45,2025-03-11
PAY009178,ORD009178,Cash on Delivery,Success,178548.0,2025-04-05
PAY009179,ORD009179,Net Banking,Success,71282.3,2025-03-10
PAY009180,ORD009180,Credit Card,Success,116912.3,2025-03-25
PAY009181,ORD009181,Credit Card,Success,140445.35,2025-05-01
PAY009182,ORD009182,Wallet,Success,149486.5,2025-05-02
PAY009183,ORD009183,Credit Card,Success,225266.85,2025-02-01
PAY009184,ORD009184,Cash on Delivery,Success,102249.6,2025-04-03
PAY009185,ORD009185,Cash on Delivery,Success,184897.2,2025-04-11
PAY009186,ORD009186,Wallet,Success,23338.8,2025-06-22
PAY009187,ORD009187,Cash on Delivery,Success,126515.7,2025-05-18
PAY009188,ORD009188,Debit Card,Success,132926.6,2025-01-04
PAY009189,ORD009189,Credit Card,Success,55957.5,2025-02-20
PAY009190,ORD009190,Net Banking,Success,148120.15,2025-04-13
PAY009191,ORD009191,Wallet,Success,30493.1,2025-06-26
PAY009192,ORD009192,UPI,Success,46959.1,2025-06-14
PAY009193,ORD009193,Cash on Delivery,Success,3954.4,2025-04-25
PAY009194,ORD009194,Net Banking,Success,179531.0,2025-01-27
PAY009195,ORD009195,Net Banking,Success,331852.8,2025-03-29
PAY009196,ORD009196,Net Banking,Success,22437.45,2025-01-25
PAY009197,ORD009197,Debit Card,Success,41191.05,2025-03-19
PAY009198,ORD009198,Wallet,Success,41672.1,2025-01-19
PAY009199,ORD009199,Credit Card,Success,60923.55,2025-03-19
PAY009200,ORD009200,Credit Card,Success,24338.65,2025-06-10
PAY009201,ORD009201,Credit Card,Success,222856.9,2025-01-10
PAY009202,ORD009202,Cash on Delivery,Refunded,89878.0,2025-04-29
PAY009203,ORD009203,Credit Card,Success,69749.5,2025-06-14
PAY009204,ORD009204,Credit Card,Success,52326.3,2025-04-21
PAY009205,ORD009205,Debit Card,Success,75761.55,2025-04-10
PAY009206,ORD009206,Debit Card,Success,62247.8,2025-03-01
PAY009207,ORD009207,Credit Card,Success,9225.9,2025-06-20
PAY009208,ORD009208,Wallet,Success,193823.8,2025-01-23
PAY009209,ORD009209,Wallet,Failed,26446.5,2025-01-27
PAY009210,ORD009210,UPI,Success,106934.0,2025-01-07
PAY009211,ORD009211,Wallet,Success,102446.8,2025-02-24
PAY009212,ORD009212,UPI,Success,128467.3,2025-05-20
PAY009213,ORD009213,Wallet,Success,57000.6,2025-06-19
PAY009214,ORD009214,Cash on Delivery,Success,1335.7,2025-03-14
PAY009215,ORD009215,Cash on Delivery,Success,23059.2,2025-04-26
PAY009216,ORD009216,Net Banking,Success,213375.25,2025-01-05
PAY009217,ORD009217,Credit Card,Success,82712.7,2025-04-12
PAY009218,ORD009218,Wallet,Success,141294.2,2025-01-10
PAY009219,ORD009219,Credit Card,Success,56629.8,2025-06-29
PAY009220,ORD009220,Net Banking,Success,135405.0,2025-06-30
PAY009221,ORD009221,Cash on Delivery,Success,42736.0,2025-03-25
PAY009222,ORD009222,Cash on Delivery,Success,95650.0,2025-03-24
PAY009223,ORD009223,Debit Card,Success,228040.25,2025-04-09
PAY009224,ORD009224,Credit Card,Success,183668.7,2025-04-27
PAY009225,ORD009225,Credit Card,Success,56654.8,2025-02-04
PAY009226,ORD009226,Debit Card,Success,97008.3,2025-04-07
PAY009227,ORD009227,Cash on Delivery,Success,196000.05,2025-03-09
PAY009228,ORD009228,Wallet,Success,54488.0,2025-04-11
PAY009229,ORD009229,UPI,Success,39836.95,2025-03-19
PAY009230,ORD009230,UPI,Refunded,152960.25,2025-03-25
PAY009231,ORD009231,Debit Card,Success,246342.45,2025-03-20
PAY009232,ORD009232,UPI,Success,12755.9,2025-03-20
PAY009233,ORD009233,Debit Card,Success,199754.05,2025-01-22
PAY009234,ORD009234,Wallet,Success,202060.05,2025-03-17
PAY009235,ORD009235,Cash on Delivery,Success,88718.4,2025-05-10
PAY009236,ORD009236,Wallet,Success,242663.6,2025-05-08
PAY009237,ORD009237,UPI,Success,166731.15,2025-03-20
PAY009238,ORD009238,UPI,Success,40593.6,2025-02-24
PAY009239,ORD009239,Wallet,Success,122095.6,2025-04-17
PAY009240,ORD009240,Wallet,Success,130694.8,2025-02-04
PAY009241,ORD009241,Credit Card,Success,199113.0,2025-02-26
PAY009242,ORD009242,Net Banking,Success,68229.35,2025-06-25
PAY009243,ORD009243,Debit Card,Success,41217.3,2025-05-20
PAY009244,ORD009244,Credit Card,Success,94127.7,2025-03-10
PAY009245,ORD009245,Net Banking,Success,139245.6,2025-03-26
PAY009246,ORD009246,Credit Card,Success,25955.2,2025-01-21
PAY009247,ORD009247,Net Banking,Success,14364.0,2025-04-21
PAY009248,ORD009248,Wallet,Success,79498.85,2025-06-09
PAY009249,ORD009249,Credit Card,Success,100748.0,2025-05-09
PAY009250,ORD009250,Net Banking,Success,38159.1,2025-02-06
PAY009251,ORD009251,Debit Card,Success,42948.0,2025-01-03
PAY009252,ORD009252,Wallet,Success,144524.65,2025-02-19
PAY009253,ORD009253,Wallet,Success,159702.2,2025-03-23
PAY009254,ORD009254,Net Banking,Success,78046.85,2025-03-29
PAY009255,ORD009255,Wallet,Success,48967.2,2025-06-21
PAY009256,ORD009256,UPI,Success,161325.15,2025-01-08
PAY009257,ORD009257,UPI,Refunded,57305.35,2025-03-16
PAY009258,ORD009258,Wallet,Success,13632.3,2025-04-25
PAY009259,ORD009259,Net Banking,Success,222133.65,2025-05-15
PAY009260,ORD009260,Net Banking,Success,145324.35,2025-05-24
PAY009261,ORD009261,UPI,Success,45546.0,2025-06-16
PAY009262,ORD009262,Net Banking,Success,35286.4,2025-06-10
PAY009263,ORD009263,Cash on Delivery,Success,138059.4,2025-03-30
PAY009264,ORD009264,Debit Card,Success,121170.8,2025-05-03
PAY009265,ORD009265,Net Banking,Success,206437.25,2025-04-28
PAY009266,ORD009266,Wallet,Success,163633.8,2025-04-30
PAY009267,ORD009267,Debit Card,Success,34884.5,2025-02-14
PAY009268,ORD009268,Net Banking,Success,65772.8,2025-06-10
PAY009269,ORD009269,Debit Card,Success,8401.8,2025-01-28
PAY009270,ORD009270,Debit Card,Success,107460.8,2025-03-23
PAY009271,ORD009271,UPI,Success,6267.2,2025-02-16
PAY009272,ORD009272,Cash on Delivery,Success,131566.35,2025-06-29
PAY009273,ORD009273,Debit Card,Success,144967.35,2025-03-10
PAY009274,ORD009274,UPI,Success,128117.9,2025-03-17
PAY009275,ORD009275,Debit Card,Success,64197.1,2025-04-13
PAY009276,ORD009276,UPI,Success,173616.4,2025-01-26
PAY009277,ORD009277,Debit Card,Success,5478.25,2025-02-07
PAY009278,ORD009278,Wallet,Success,66764.0,2025-02-22
PAY009279,ORD009279,Debit Card,Success,15431.0,2025-06-27
PAY009280,ORD009280,Cash on Delivery,Success,75521.7,2025-06-01
PAY009281,ORD009281,UPI,Success,181733.5,2025-02-16
PAY009282,ORD009282,Net Banking,Success,241807.9,2025-02-25
PAY009283,ORD009283,UPI,Success,45937.7,2025-01-11
PAY009284,ORD009284,Cash on Delivery,Success,172390.75,2025-05-15
PAY009285,ORD009285,Net Banking,Success,8726.1,2025-06-14
PAY009286,ORD009286,UPI,Success,114147.7,2025-02-09
PAY009287,ORD009287,UPI,Success,24880.5,2025-04-20
PAY009288,ORD009288,Net Banking,Success,253829.55,2025-05-24
PAY009289,ORD009289,Net Banking,Success,66390.0,2025-02-28
PAY009290,ORD009290,UPI,Success,14182.4,2025-02-06
PAY009291,ORD009291,Cash on Delivery,Success,157286.1,2025-03-29
PAY009292,ORD009292,Cash on Delivery,Success,64395.15,2025-06-23
PAY009293,ORD009293,Cash on Delivery,Failed,108915.45,2025-04-04
PAY009294,ORD009294,UPI,Success,85233.0,2025-02-19
PAY009295,ORD009295,Debit Card,Success,26865.1,2025-06-23
PAY009296,ORD009296,UPI,Success,184628.15,2025-05-29
PAY009297,ORD009297,Debit Card,Success,164839.8,2025-06-29
PAY009298,ORD009298,Credit Card,Success,152871.4,2025-06-08
PAY009299,ORD009299,Cash on Delivery,Success,181191.7,2025-03-21
PAY009300,ORD009300,Debit Card,Success,154222.05,2025-04-30
PAY009301,ORD009301,Wallet,Success,35555.5,2025-06-27
PAY009302,ORD009302,Wallet,Success,142310.0,2025-01-22
PAY009303,ORD009303,Cash on Delivery,Success,288047.75,2025-01-19
PAY009304,ORD009304,Cash on Delivery,Success,145536.1,2025-05-05
PAY009305,ORD009305,Cash on Delivery,Success,47831.25,2025-04-02
PAY009306,ORD009306,Net Banking,Success,81941.25,2025-04-24
PAY009307,ORD009307,Wallet,Refunded,85295.7,2025-03-29
PAY009308,ORD009308,UPI,Success,37464.4,2025-04-29
PAY009309,ORD009309,Debit Card,Success,43614.0,2025-05-01
PAY009310,ORD009310,Cash on Delivery,Refunded,267336.7,2025-02-13
PAY009311,ORD009311,Debit Card,Success,119148.0,2025-05-29
PAY009312,ORD009312,Wallet,Success,30784.7,2025-04-14
PAY009313,ORD009313,UPI,Success,69516.0,2025-06-26
PAY009314,ORD009314,Cash on Delivery,Success,155740.8,2025-04-18
PAY009315,ORD009315,Credit Card,Success,68338.3,2025-06-17
PAY009316,ORD009316,Wallet,Success,71447.6,2025-06-04
PAY009317,ORD009317,Wallet,Success,89363.75,2025-01-26
PAY009318,ORD009318,UPI,Success,8800.2,2025-01-24
PAY009319,ORD009319,Debit Card,Success,105592.8,2025-02-22
PAY009320,ORD009320,Cash on Delivery,Success,86508.75,2025-02-06
PAY009321,ORD009321,Cash on Delivery,Success,108804.15,2025-05-19
PAY009322,ORD009322,UPI,Success,96792.3,2025-01-05
PAY009323,ORD009323,Net Banking,Success,24668.0,2025-06-19
PAY009324,ORD009324,Net Banking,Success,107794.2,2025-01-08
PAY009325,ORD009325,Credit Card,Success,87941.5,2025-01-28
PAY009326,ORD009326,Wallet,Success,79519.5,2025-05-07
PAY009327,ORD009327,Debit Card,Success,73852.55,2025-06-11
PAY009328,ORD009328,Wallet,Success,68559.6,2025-06-01
PAY009329,ORD009329,Credit Card,Success,108175.4,2025-04-03
PAY009330,ORD009330,Debit Card,Success,311246.0,2025-03-19
PAY009331,ORD009331,Cash on Delivery,Success,130766.1,2025-02-10
PAY009332,ORD009332,Cash on Delivery,Success,126518.7,2025-06-27
PAY009333,ORD009333,UPI,Success,252967.8,2025-04-25
PAY009334,ORD009334,Credit Card,Success,177690.85,2025-06-15
PAY009335,ORD009335,Debit Card,Success,62166.4,2025-04-21
PAY009336,ORD009336,UPI,Success,87563.2,2025-01-27
PAY009337,ORD009337,Debit Card,Success,124247.55,2025-01-22
PAY009338,ORD009338,UPI,Success,11507.2,2025-03-25
PAY009339,ORD009339,Wallet,Failed,131929.2,2025-05-07
PAY009340,ORD009340,Wallet,Success,334637.8,2025-01-24
PAY009341,ORD009341,Net Banking,Success,88705.8,2025-01-03
PAY009342,ORD009342,Net Banking,Success,129953.8,2025-04-07
PAY009343,ORD009343,Cash on Delivery,Success,131512.2,2025-06-08
PAY009344,ORD009344,Cash on Delivery,Success,214411.2,2025-06-30
PAY009345,ORD009345,Cash on Delivery,Success,129377.1,2025-05-31
PAY009346,ORD009346,Cash on Delivery,Success,35713.1,2025-06-14
PAY009347,ORD009347,Cash on Delivery,Success,246490.65,2025-06-26
PAY009348,ORD009348,UPI,Success,185292.6,2025-01-04
PAY009349,ORD009349,Wallet,Success,8864.8,2025-04-30
PAY009350,ORD009350,Debit Card,Success,99099.9,2025-01-27
PAY009351,ORD009351,Cash on Delivery,Success,121281.6,2025-01-12
PAY009352,ORD009352,Debit Card,Success,198380.0,2025-03-23
PAY009353,ORD009353,Cash on Delivery,Success,25238.4,2025-03-23
PAY009354,ORD009354,Credit Card,Refunded,89957.0,2025-02-26
PAY009355,ORD009355,Net Banking,Success,137837.4,2025-06-18
PAY009356,ORD009356,Net Banking,Success,91827.2,2025-02-25
PAY009357,ORD009357,Debit Card,Success,44713.1,2025-06-17
PAY009358,ORD009358,UPI,Success,38004.35,2025-03-01
PAY009359,ORD009359,Wallet,Success,79999.5,2025-02-24
PAY009360,ORD009360,Net Banking,Success,149330.9,2025-01-31
PAY009361,ORD009361,Cash on Delivery,Success,36027.6,2025-02-12
PAY009362,ORD009362,Cash on Delivery,Success,36382.95,2025-01-03
PAY009363,ORD009363,Cash on Delivery,Success,50489.9,2025-05-27
PAY009364,ORD009364,Credit Card,Refunded,208600.8,2025-02-15
PAY009365,ORD009365,Cash on Delivery,Success,207378.4,2025-04-14
PAY009366,ORD009366,Wallet,Success,71335.15,2025-06-06
PAY009367,ORD009367,Net Banking,Success,137581.95,2025-02-21
PAY009368,ORD009368,Net Banking,Success,55091.45,2025-02-27
PAY009369,ORD009369,Debit Card,Success,41322.15,2025-05-05
PAY009370,ORD009370,Cash on Delivery,Success,97628.95,2025-02-21
PAY009371,ORD009371,Cash on Delivery,Success,121817.2,2025-03-12
PAY009372,ORD009372,Debit Card,Success,7137.0,2025-05-02
PAY009373,ORD009373,Credit Card,Success,18054.9,2025-01-05
PAY009374,ORD009374,Wallet,Success,228217.6,2025-04-14
PAY009375,ORD009375,UPI,Success,36681.4,2025-01-14
PAY009376,ORD009376,Debit Card,Success,201696.55,2025-02-19
PAY009377,ORD009377,Cash on Delivery,Failed,146443.85,2025-01-09
PAY009378,ORD009378,Net Banking,Success,22751.55,2025-03-18
PAY009379,ORD009379,UPI,Success,172774.8,2025-04-19
PAY009380,ORD009380,UPI,Success,93088.75,2025-01-20
PAY009381,ORD009381,Debit Card,Success,142406.7,2025-06-04
PAY009382,ORD009382,Net Banking,Success,55243.8,2025-03-20
PAY009383,ORD009383,Debit Card,Success,51825.0,2025-05-15
PAY009384,ORD009384,Net Banking,Success,213354.85,2025-05-29
PAY009385,ORD009385,Credit Card,Success,182918.4,2025-01-17
PAY009386,ORD009386,Credit Card,Success,44829.9,2025-02-25
PAY009387,ORD009387,Debit Card,Success,40671.4,2025-03-12
PAY009388,ORD009388,Wallet,Success,42156.0,2025-06-27
PAY009389,ORD009389,Cash on Delivery,Success,186307.4,2025-05-15
PAY009390,ORD009390,Debit Card,Success,6568.0,2025-05-05
PAY009391,ORD009391,Debit Card,Success,35900.8,2025-03-17
PAY009392,ORD009392,Net Banking,Success,259116.8,2025-06-17
PAY009393,ORD009393,Cash on Delivery,Success,88855.6,2025-01-18
PAY009394,ORD009394,Credit Card,Failed,18967.7,2025-06-01
PAY009395,ORD009395,Credit Card,Success,127213.6,2025-04-09
PAY009396,ORD009396,UPI,Success,129901.45,2025-02-21
PAY009397,ORD009397,Wallet,Success,36279.55,2025-01-09
PAY009398,ORD009398,Cash on Delivery,Success,122863.4,2025-04-29
PAY009399,ORD009399,Debit Card,Success,245945.0,2025-04-14
PAY009400,ORD009400,UPI,Success,61502.4,2025-06-01
PAY009401,ORD009401,UPI,Success,80790.95,2025-06-19
PAY009402,ORD009402,Credit Card,Success,67836.3,2025-03-09
PAY009403,ORD009403,Debit Card,Success,202161.6,2025-06-28
PAY009404,ORD009404,Debit Card,Success,121118.2,2025-03-14
PAY009405,ORD009405,Cash on Delivery,Success,47760.9,2025-02-19
PAY009406,ORD009406,UPI,Success,131606.5,2025-05-01
PAY009407,ORD009407,Wallet,Success,193738.2,2025-02-21
PAY009408,ORD009408,Debit Card,Success,342378.0,2025-06-19
PAY009409,ORD009409,Cash on Delivery,Success,129453.8,2025-03-03
PAY009410,ORD009410,Cash on Delivery,Success,32438.6,2025-04-04
PAY009411,ORD009411,Debit Card,Success,113853.3,2025-04-28
PAY009412,ORD009412,UPI,Success,189662.2,2025-02-16
PAY009413,ORD009413,Net Banking,Success,95388.8,2025-01-11
PAY009414,ORD009414,UPI,Success,81447.9,2025-05-27
PAY009415,ORD009415,UPI,Success,113669.7,2025-06-30
PAY009416,ORD009416,Debit Card,Success,104292.6,2025-02-08
PAY009417,ORD009417,UPI,Success,36470.7,2025-04-17
PAY009418,ORD009418,Credit Card,Success,84662.0,2025-01-31
PAY009419,ORD009419,Credit Card,Success,158951.35,2025-01-21
PAY009420,ORD009420,Debit Card,Success,173397.4,2025-05-22
PAY009421,ORD009421,Net Banking,Success,69049.1,2025-04-16
PAY009422,ORD009422,Wallet,Success,138197.7,2025-02-12
PAY009423,ORD009423,UPI,Refunded,42273.0,2025-02-14
PAY009424,ORD009424,Net Banking,Success,11775.9,2025-06-01
PAY009425,ORD009425,UPI,Success,32359.5,2025-05-17
PAY009426,ORD009426,Wallet,Success,84869.7,2025-03-22
PAY009427,ORD009427,UPI,Success,189084.5,2025-05-06
PAY009428,ORD009428,Debit Card,Failed,83788.8,2025-01-16
PAY009429,ORD009429,Credit Card,Success,247946.75,2025-05-15
PAY009430,ORD009430,Wallet,Success,107050.8,2025-05-12
PAY009431,ORD009431,Net Banking,Success,32333.25,2025-01-31
PAY009432,ORD009432,Debit Card,Success,67867.8,2025-01-30
PAY009433,ORD009433,Cash on Delivery,Success,19563.2,2025-04-30
PAY009434,ORD009434,Cash on Delivery,Success,243359.8,2025-05-22
PAY009435,ORD009435,Credit Card,Success,201745.2,2025-06-07
PAY009436,ORD009436,UPI,Success,46851.15,2025-02-28
PAY009437,ORD009437,UPI,Success,125716.0,2025-01-04
PAY009438,ORD009438,Net Banking,Success,105144.3,2025-02-06
PAY009439,ORD009439,Net Banking,Failed,99518.4,2025-01-26
PAY009440,ORD009440,UPI,Success,124926.9,2025-04-03
PAY009441,ORD009441,UPI,Success,180942.2,2025-01-23
PAY009442,ORD009442,Wallet,Success,153908.65,2025-03-21
PAY009443,ORD009443,UPI,Success,192323.15,2025-02-19
PAY009444,ORD009444,Credit Card,Success,22021.2,2025-05-06
PAY009445,ORD009445,Wallet,Success,137098.65,2025-06-27
PAY009446,ORD009446,Cash on Delivery,Success,141503.75,2025-01-25
PAY009447,ORD009447,Wallet,Success,37456.2,2025-04-04
PAY009448,ORD009448,Credit Card,Success,148332.8,2025-03-06
PAY009449,ORD009449,Debit Card,Success,56592.0,2025-01-21
PAY009450,ORD009450,Cash on Delivery,Failed,118015.1,2025-04-25
PAY009451,ORD009451,Wallet,Failed,194338.6,2025-03-08
PAY009452,ORD009452,UPI,Success,76753.0,2025-02-21
PAY009453,ORD009453,Cash on Delivery,Success,80626.8,2025-05-28
PAY009454,ORD009454,Net Banking,Success,44450.0,2025-02-21
PAY009455,ORD009455,Cash on Delivery,Success,55466.75,2025-05-17
PAY009456,ORD009456,UPI,Success,199802.05,2025-01-07
PAY009457,ORD009457,Debit Card,Success,139168.0,2025-04-21
PAY009458,ORD009458,Cash on Delivery,Success,201349.5,2025-06-04
PAY009459,ORD009459,Credit Card,Success,195534.2,2025-03-03
PAY009460,ORD009460,Wallet,Success,70974.8,2025-02-14
PAY009461,ORD009461,Net Banking,Success,8942.85,2025-02-03
PAY009462,ORD009462,Credit Card,Success,59749.95,2025-05-16
PAY009463,ORD009463,Credit Card,Success,156262.85,2025-06-13
PAY009464,ORD009464,Credit Card,Success,42276.45,2025-01-12
PAY009465,ORD009465,Net Banking,Success,90024.6,2025-01-02
PAY009466,ORD009466,Cash on Delivery,Success,76374.3,2025-01-07
PAY009467,ORD009467,Net Banking,Success,200803.35,2025-05-07
PAY009468,ORD009468,Credit Card,Success,101240.55,2025-03-30
PAY009469,ORD009469,Debit Card,Failed,108278.65,2025-04-28
PAY009470,ORD009470,Cash on Delivery,Success,136563.0,2025-05-09
PAY009471,ORD009471,Debit Card,Success,156508.5,2025-01-18
PAY009472,ORD009472,Cash on Delivery,Success,61421.2,2025-04-27
PAY009473,ORD009473,Cash on Delivery,Success,112190.4,2025-06-23
PAY009474,ORD009474,Cash on Delivery,Success,327533.7,2025-04-08
PAY009475,ORD009475,Debit Card,Success,206052.05,2025-04-16
PAY009476,ORD009476,Credit Card,Success,66390.45,2025-02-14
PAY009477,ORD009477,UPI,Success,152763.6,2025-04-28
PAY009478,ORD009478,Credit Card,Success,112767.3,2025-04-13
PAY009479,ORD009479,Net Banking,Success,142626.2,2025-02-25
PAY009480,ORD009480,Cash on Delivery,Refunded,72715.4,2025-04-18
PAY009481,ORD009481,Wallet,Success,79651.8,2025-06-02
PAY009482,ORD009482,Credit Card,Success,58347.6,2025-03-09
PAY009483,ORD009483,Cash on Delivery,Success,86210.0,2025-04-03
PAY009484,ORD009484,Net Banking,Success,264785.1,2025-01-17
PAY009485,ORD009485,Debit Card,Success,199900.5,2025-03-04
PAY009486,ORD009486,UPI,Success,126472.2,2025-06-12
PAY009487,ORD009487,Debit Card,Success,223792.8,2025-05-20
PAY009488,ORD009488,Cash on Delivery,Success,370153.0,2025-03-01
PAY009489,ORD009489,Net Banking,Success,173104.4,2025-03-07
PAY009490,ORD009490,Wallet,Success,92218.5,2025-05-10
PAY009491,ORD009491,Net Banking,Success,288228.7,2025-02-13
PAY009492,ORD009492,UPI,Success,73126.8,2025-02-24
PAY009493,ORD009493,UPI,Success,115926.8,2025-05-12
PAY009494,ORD009494,Debit Card,Success,90621.6,2025-02-23
PAY009495,ORD009495,Credit Card,Success,40661.65,2025-01-13
PAY009496,ORD009496,UPI,Success,75639.8,2025-05-19
PAY009497,ORD009497,Cash on Delivery,Success,194992.0,2025-01-27
PAY009498,ORD009498,Debit Card,Success,22154.95,2025-06-12
PAY009499,ORD009499,Credit Card,Success,173742.9,2025-05-01
PAY009500,ORD009500,Cash on Delivery,Success,287980.35,2025-05-19
PAY009501,ORD009501,Cash on Delivery,Success,7722.0,2025-04-29
PAY009502,ORD009502,Net Banking,Success,177652.0,2025-02-17
PAY009503,ORD009503,Cash on Delivery,Success,6568.8,2025-01-27
PAY009504,ORD009504,Net Banking,Success,180687.95,2025-05-06
PAY009505,ORD009505,Debit Card,Success,155381.95,2025-04-03
PAY009506,ORD009506,Wallet,Success,7730.0,2025-03-01
PAY009507,ORD009507,Net Banking,Success,93681.9,2025-04-30
PAY009508,ORD009508,Credit Card,Success,146317.7,2025-03-18
PAY009509,ORD009509,Net Banking,Success,323943.15,2025-03-28
PAY009510,ORD009510,Cash on Delivery,Failed,97944.0,2025-06-20
PAY009511,ORD009511,UPI,Success,44538.6,2025-05-05
PAY009512,ORD009512,Net Banking,Success,48147.8,2025-03-15
PAY009513,ORD009513,UPI,Success,28586.4,2025-01-31
PAY009514,ORD009514,Net Banking,Success,44544.6,2025-04-12
PAY009515,ORD009515,UPI,Success,107658.0,2025-02-06
PAY009516,ORD009516,Debit Card,Success,22614.1,2025-06-02
PAY009517,ORD009517,Wallet,Success,220484.4,2025-01-15
PAY009518,ORD009518,UPI,Success,66518.1,2025-05-20
PAY009519,ORD009519,UPI,Success,148598.55,2025-04-06
PAY009520,ORD009520,Credit Card,Success,88691.5,2025-06-02
PAY009521,ORD009521,Net Banking,Success,59893.55,2025-03-02
PAY009522,ORD009522,Net Banking,Success,157269.2,2025-02-10
PAY009523,ORD009523,Cash on Delivery,Success,180634.4,2025-01-29
PAY009524,ORD009524,Cash on Delivery,Success,16158.55,2025-06-16
PAY009525,ORD009525,Debit Card,Success,177507.2,2025-04-19
PAY009526,ORD009526,Cash on Delivery,Success,161173.3,2025-04-17
PAY009527,ORD009527,Credit Card,Success,47654.0,2025-01-18
PAY009528,ORD009528,Credit Card,Success,250446.6,2025-02-26
PAY009529,ORD009529,UPI,Failed,68376.2,2025-06-11
PAY009530,ORD009530,Credit Card,Failed,48294.9,2025-01-09
PAY009531,ORD009531,Wallet,Success,110850.8,2025-04-17
PAY009532,ORD009532,Cash on Delivery,Success,248082.0,2025-04-04
PAY009533,ORD009533,Debit Card,Success,12728.8,2025-05-20
PAY009534,ORD009534,UPI,Success,109250.05,2025-04-18
PAY009535,ORD009535,Cash on Delivery,Failed,282063.75,2025-06-15
PAY009536,ORD009536,Wallet,Success,312977.05,2025-04-04
PAY009537,ORD009537,Wallet,Success,154408.2,2025-04-07
PAY009538,ORD009538,Net Banking,Success,240109.0,2025-01-04
PAY009539,ORD009539,UPI,Success,149237.4,2025-05-29
PAY009540,ORD009540,Net Banking,Success,171543.6,2025-04-11
PAY009541,ORD009541,Cash on Delivery,Success,247215.6,2025-02-16
PAY009542,ORD009542,Cash on Delivery,Success,181171.6,2025-04-21
PAY009543,ORD009543,Debit Card,Success,49553.1,2025-05-22
PAY009544,ORD009544,UPI,Success,113962.0,2025-02-23
PAY009545,ORD009545,Net Banking,Refunded,118421.0,2025-06-13
PAY009546,ORD009546,Debit Card,Success,80934.95,2025-01-20
PAY009547,ORD009547,Credit Card,Success,36207.0,2025-01-19
PAY009548,ORD009548,UPI,Success,38835.0,2025-04-10
PAY009549,ORD009549,Net Banking,Success,32548.3,2025-03-31
PAY009550,ORD009550,Cash on Delivery,Success,129092.55,2025-03-31
PAY009551,ORD009551,UPI,Success,75790.8,2025-04-27
PAY009552,ORD009552,Cash on Delivery,Success,48422.7,2025-02-13
PAY009553,ORD009553,Debit Card,Success,150881.6,2025-01-17
PAY009554,ORD009554,Debit Card,Success,30316.1,2025-03-04
PAY009555,ORD009555,Net Banking,Success,103457.85,2025-03-24
PAY009556,ORD009556,UPI,Success,186457.45,2025-02-08
PAY009557,ORD009557,Debit Card,Success,103290.0,2025-01-30
PAY009558,ORD009558,Credit Card,Success,153870.6,2025-01-24
PAY009559,ORD009559,Wallet,Success,134292.5,2025-05-01
PAY009560,ORD009560,Cash on Delivery,Success,55120.8,2025-04-25
PAY009561,ORD009561,Net Banking,Success,86872.25,2025-06-02
PAY009562,ORD009562,Wallet,Success,26830.2,2025-01-12
PAY009563,ORD009563,Cash on Delivery,Success,29507.4,2025-06-03
PAY009564,ORD009564,Cash on Delivery,Success,147978.5,2025-05-25
PAY009565,ORD009565,Net Banking,Success,186701.45,2025-05-04
PAY009566,ORD009566,Debit Card,Success,289763.2,2025-06-21
PAY009567,ORD009567,Wallet,Success,83933.1,2025-01-24
PAY009568,ORD009568,Credit Card,Success,118061.9,2025-06-09
PAY009569,ORD009569,Cash on Delivery,Success,146826.2,2025-06-04
PAY009570,ORD009570,Credit Card,Success,152267.5,2025-03-04
PAY009571,ORD009571,Credit Card,Success,143015.85,2025-03-01
PAY009572,ORD009572,Cash on Delivery,Refunded,25974.1,2025-02-27
PAY009573,ORD009573,UPI,Success,33649.8,2025-02-23
PAY009574,ORD009574,UPI,Success,78048.2,2025-04-18
PAY009575,ORD009575,Net Banking,Success,115779.3,2025-06-18
PAY009576,ORD009576,Cash on Delivery,Success,22075.15,2025-03-13
PAY009577,ORD009577,UPI,Success,182762.45,2025-01-02
PAY009578,ORD009578,Wallet,Success,161063.2,2025-01-13
PAY009579,ORD009579,Credit Card,Success,23613.2,2025-06-26
PAY009580,ORD009580,Net Banking,Success,97650.6,2025-03-01
PAY009581,ORD009581,Debit Card,Success,35500.1,2025-06-29
PAY009582,ORD009582,Wallet,Failed,49105.6,2025-02-25
PAY009583,ORD009583,Debit Card,Success,266334.3,2025-06-19
PAY009584,ORD009584,Net Banking,Success,50666.8,2025-03-12
PAY009585,ORD009585,Credit Card,Success,20553.0,2025-01-15
PAY009586,ORD009586,Net Banking,Success,138548.6,2025-05-09
PAY009587,ORD009587,Debit Card,Success,114878.45,2025-05-03
PAY009588,ORD009588,Wallet,Success,235204.4,2025-06-05
PAY009589,ORD009589,Cash on Delivery,Success,107627.4,2025-01-12
PAY009590,ORD009590,Credit Card,Success,144845.35,2025-04-06
PAY009591,ORD009591,Cash on Delivery,Success,12934.8,2025-01-27
PAY009592,ORD009592,Credit Card,Success,138822.6,2025-03-02
PAY009593,ORD009593,Cash on Delivery,Success,148692.6,2025-06-04
PAY009594,ORD009594,Debit Card,Success,111923.05,2025-02-25
PAY009595,ORD009595,Net Banking,Success,103376.2,2025-05-29
PAY009596,ORD009596,Wallet,Success,63858.55,2025-06-17
PAY009597,ORD009597,Credit Card,Success,139077.9,2025-02-24
PAY009598,ORD009598,Cash on Delivery,Success,220454.8,2025-06-02
PAY009599,ORD009599,Cash on Delivery,Success,38307.8,2025-06-26
PAY009600,ORD009600,Cash on Delivery,Success,100184.8,2025-01-01
PAY009601,ORD009601,Debit Card,Success,148962.6,2025-01-06
PAY009602,ORD009602,Credit Card,Success,61389.9,2025-05-23
PAY009603,ORD009603,Debit Card,Success,47552.4,2025-03-25
PAY009604,ORD009604,Credit Card,Success,177200.4,2025-03-07
PAY009605,ORD009605,Cash on Delivery,Success,11656.05,2025-03-24
PAY009606,ORD009606,Wallet,Success,206888.75,2025-05-12
PAY009607,ORD009607,Wallet,Success,29549.75,2025-05-07
PAY009608,ORD009608,Net Banking,Success,129878.5,2025-04-13
PAY009609,ORD009609,Debit Card,Success,76199.1,2025-04-17
PAY009610,ORD009610,Net Banking,Success,16343.1,2025-03-01
PAY009611,ORD009611,UPI,Success,55422.0,2025-04-11
PAY009612,ORD009612,Credit Card,Failed,64302.6,2025-04-10
PAY009613,ORD009613,Credit Card,Success,187860.35,2025-04-15
PAY009614,ORD009614,Debit Card,Success,112049.7,2025-03-16
PAY009615,ORD009615,Debit Card,Success,5689.55,2025-03-31
PAY009616,ORD009616,Debit Card,Success,154847.1,2025-05-18
PAY009617,ORD009617,Wallet,Success,317771.85,2025-04-30
PAY009618,ORD009618,Net Banking,Success,200544.4,2025-06-24
PAY009619,ORD009619,Debit Card,Success,71700.8,2025-01-03
PAY009620,ORD009620,Wallet,Success,28655.1,2025-03-06
PAY009621,ORD009621,Credit Card,Success,111302.6,2025-01-30
PAY009622,ORD009622,Net Banking,Success,236305.65,2025-06-10
PAY009623,ORD009623,Credit Card,Success,102004.1,2025-02-18
PAY009624,ORD009624,Cash on Delivery,Success,85844.4,2025-03-03
PAY009625,ORD009625,Wallet,Success,161764.0,2025-05-16
PAY009626,ORD009626,Net Banking,Success,108623.7,2025-06-27
PAY009627,ORD009627,Wallet,Success,83217.6,2025-01-01
PAY009628,ORD009628,UPI,Success,72576.4,2025-01-24
PAY009629,ORD009629,Wallet,Success,186916.35,2025-03-26
PAY009630,ORD009630,Wallet,Success,23649.3,2025-06-02
PAY009631,ORD009631,Debit Card,Success,56115.2,2025-03-20
PAY009632,ORD009632,Credit Card,Success,76099.2,2025-01-28
PAY009633,ORD009633,Net Banking,Success,95951.8,2025-04-22
PAY009634,ORD009634,Debit Card,Success,84764.6,2025-03-10
PAY009635,ORD009635,Wallet,Success,72497.8,2025-01-24
PAY009636,ORD009636,UPI,Success,92817.3,2025-05-30
PAY009637,ORD009637,UPI,Success,3808.0,2025-01-18
PAY009638,ORD009638,UPI,Success,100655.9,2025-04-18
PAY009639,ORD009639,Credit Card,Success,261215.5,2025-04-29
PAY009640,ORD009640,Debit Card,Success,72244.8,2025-04-17
PAY009641,ORD009641,Net Banking,Success,106073.4,2025-06-14
PAY009642,ORD009642,Net Banking,Success,158220.45,2025-01-16
PAY009643,ORD009643,Wallet,Success,32587.15,2025-02-28
PAY009644,ORD009644,Wallet,Success,99258.05,2025-06-28
PAY009645,ORD009645,Net Banking,Success,312442.2,2025-06-16
PAY009646,ORD009646,Debit Card,Success,42137.1,2025-03-09
PAY009647,ORD009647,Credit Card,Success,131395.5,2025-03-31
PAY009648,ORD009648,UPI,Success,123438.6,2025-01-06
PAY009649,ORD009649,Net Banking,Success,213338.8,2025-06-03
PAY009650,ORD009650,UPI,Success,69478.0,2025-04-24
PAY009651,ORD009651,Cash on Delivery,Success,202745.35,2025-02-16
PAY009652,ORD009652,UPI,Success,141130.8,2025-06-14
PAY009653,ORD009653,Credit Card,Success,134929.95,2025-03-28
PAY009654,ORD009654,Credit Card,Success,56539.2,2025-06-29
PAY009655,ORD009655,Wallet,Success,53476.6,2025-02-05
PAY009656,ORD009656,UPI,Success,54213.0,2025-04-14
PAY009657,ORD009657,Wallet,Success,118047.2,2025-05-09
PAY009658,ORD009658,UPI,Success,26203.0,2025-02-10
PAY009659,ORD009659,Debit Card,Success,152520.3,2025-03-21
PAY009660,ORD009660,Net Banking,Success,47905.7,2025-01-02
PAY009661,ORD009661,Cash on Delivery,Success,123093.3,2025-04-21
PAY009662,ORD009662,Credit Card,Success,173840.45,2025-06-24
PAY009663,ORD009663,Cash on Delivery,Success,196727.45,2025-05-22
PAY009664,ORD009664,UPI,Success,250740.0,2025-06-23
PAY009665,ORD009665,Debit Card,Success,88857.7,2025-05-09
PAY009666,ORD009666,UPI,Success,31310.4,2025-04-18
PAY009667,ORD009667,Cash on Delivery,Success,36564.4,2025-05-12
PAY009668,ORD009668,Cash on Delivery,Success,26708.4,2025-05-02
PAY009669,ORD009669,UPI,Success,144167.65,2025-03-07
PAY009670,ORD009670,Wallet,Success,2179.3,2025-03-27
PAY009671,ORD009671,UPI,Success,96280.4,2025-02-21
PAY009672,ORD009672,Debit Card,Success,128937.6,2025-02-19
PAY009673,ORD009673,UPI,Success,10331.2,2025-06-11
PAY009674,ORD009674,Credit Card,Success,63189.9,2025-01-09
PAY009675,ORD009675,Cash on Delivery,Success,332284.5,2025-04-12
PAY009676,ORD009676,Cash on Delivery,Success,199251.95,2025-04-28
PAY009677,ORD009677,UPI,Success,104328.0,2025-04-04
PAY009678,ORD009678,Cash on Delivery,Success,194967.9,2025-04-20
PAY009679,ORD009679,Cash on Delivery,Success,205253.0,2025-05-26
PAY009680,ORD009680,Debit Card,Success,105840.65,2025-01-30
PAY009681,ORD009681,Debit Card,Success,75718.4,2025-01-12
PAY009682,ORD009682,UPI,Success,8811.0,2025-02-26
PAY009683,ORD009683,Credit Card,Success,32525.6,2025-03-20
PAY009684,ORD009684,UPI,Success,60957.2,2025-05-07
PAY009685,ORD009685,UPI,Success,190919.65,2025-02-25
PAY009686,ORD009686,Debit Card,Success,215231.85,2025-01-14
PAY009687,ORD009687,Wallet,Success,66312.0,2025-05-25
PAY009688,ORD009688,Wallet,Success,89793.25,2025-05-22
PAY009689,ORD009689,Debit Card,Success,197505.0,2025-04-23
PAY009690,ORD009690,Wallet,Success,77101.8,2025-05-21
PAY009691,ORD009691,UPI,Success,90172.2,2025-02-24
PAY009692,ORD009692,Cash on Delivery,Success,66019.8,2025-02-17
PAY009693,ORD009693,Cash on Delivery,Success,77789.8,2025-01-29
PAY009694,ORD009694,Credit Card,Success,36766.5,2025-01-23
PAY009695,ORD009695,Wallet,Success,93278.25,2025-06-26
PAY009696,ORD009696,UPI,Success,167336.75,2025-06-28
PAY009697,ORD009697,Debit Card,Success,169000.9,2025-05-30
PAY009698,ORD009698,Net Banking,Success,19025.65,2025-03-27
PAY009699,ORD009699,Net Banking,Failed,177996.15,2025-04-02
PAY009700,ORD009700,Cash on Delivery,Success,18573.35,2025-03-07
PAY009701,ORD009701,Wallet,Success,176870.9,2025-03-19
PAY009702,ORD009702,Net Banking,Success,201239.5,2025-05-12
PAY009703,ORD009703,Wallet,Failed,61207.6,2025-05-05
PAY009704,ORD009704,Credit Card,Success,155010.0,2025-05-09
PAY009705,ORD009705,Debit Card,Success,216210.7,2025-04-16
PAY009706,ORD009706,Debit Card,Success,60601.0,2025-05-28
PAY009707,ORD009707,Wallet,Success,81736.8,2025-06-12
PAY009708,ORD009708,Debit Card,Success,191433.45,2025-05-29
PAY009709,ORD009709,Cash on Delivery,Failed,170670.5,2025-04-05
PAY009710,ORD009710,UPI,Success,122136.9,2025-02-07
PAY009711,ORD009711,Wallet,Success,41605.7,2025-04-21
PAY009712,ORD009712,Cash on Delivery,Success,240243.6,2025-02-11
PAY009713,ORD009713,Cash on Delivery,Success,215269.5,2025-03-30
PAY009714,ORD009714,Credit Card,Success,228159.9,2025-04-08
PAY009715,ORD009715,UPI,Success,64394.0,2025-01-16
PAY009716,ORD009716,Wallet,Success,128539.45,2025-03-28
PAY009717,ORD009717,Wallet,Success,194463.0,2025-01-14
PAY009718,ORD009718,Net Banking,Success,349948.7,2025-05-16
PAY009719,ORD009719,Credit Card,Success,221921.35,2025-06-25
PAY009720,ORD009720,Wallet,Success,110163.2,2025-01-18
PAY009721,ORD009721,Net Banking,Success,184168.5,2025-03-28
PAY009722,ORD009722,UPI,Success,110332.4,2025-05-14
PAY009723,ORD009723,Credit Card,Success,121868.05,2025-04-30
PAY009724,ORD009724,Wallet,Success,297716.0,2025-02-11
PAY009725,ORD009725,Cash on Delivery,Success,86354.25,2025-02-23
PAY009726,ORD009726,UPI,Success,253219.05,2025-03-04
PAY009727,ORD009727,Cash on Delivery,Success,59865.1,2025-06-01
PAY009728,ORD009728,UPI,Success,143006.9,2025-03-01
PAY009729,ORD009729,Debit Card,Failed,14926.0,2025-03-09
PAY009730,ORD009730,Debit Card,Success,99861.9,2025-05-22
PAY009731,ORD009731,UPI,Success,207533.35,2025-05-30
PAY009732,ORD009732,Cash on Delivery,Success,81449.6,2025-01-19
PAY009733,ORD009733,Credit Card,Success,112735.5,2025-02-14
PAY009734,ORD009734,Cash on Delivery,Success,98253.2,2025-03-22
PAY009735,ORD009735,Net Banking,Success,118796.4,2025-03-15
PAY009736,ORD009736,Credit Card,Success,194696.25,2025-06-22
PAY009737,ORD009737,UPI,Success,100674.0,2025-06-28
PAY009738,ORD009738,Debit Card,Success,143320.8,2025-05-18
PAY009739,ORD009739,Net Banking,Success,66960.75,2025-02-10
PAY009740,ORD009740,Debit Card,Success,125208.2,2025-05-30
PAY009741,ORD009741,Net Banking,Success,77746.1,2025-04-16
PAY009742,ORD009742,Debit Card,Success,159645.0,2025-05-31
PAY009743,ORD009743,UPI,Success,98688.6,2025-05-09
PAY009744,ORD009744,Debit Card,Success,203232.0,2025-03-11
PAY009745,ORD009745,Net Banking,Success,166778.5,2025-06-01
PAY009746,ORD009746,Wallet,Success,175561.4,2025-04-15
PAY009747,ORD009747,Credit Card,Success,20654.8,2025-04-21
PAY009748,ORD009748,Wallet,Success,39294.8,2025-02-26
PAY009749,ORD009749,Net Banking,Success,70533.7,2025-01-31
PAY009750,ORD009750,Cash on Delivery,Success,111234.6,2025-02-12
PAY009751,ORD009751,Cash on Delivery,Success,140629.3,2025-03-02
PAY009752,ORD009752,Debit Card,Success,62928.0,2025-06-26
PAY009753,ORD009753,UPI,Success,76592.85,2025-06-05
PAY009754,ORD009754,Cash on Delivery,Success,47201.6,2025-04-21
PAY009755,ORD009755,Cash on Delivery,Success,236667.5,2025-01-09
PAY009756,ORD009756,Cash on Delivery,Success,31618.4,2025-04-20
PAY009757,ORD009757,Debit Card,Success,12303.75,2025-01-22
PAY009758,ORD009758,Credit Card,Success,106686.0,2025-05-15
PAY009759,ORD009759,UPI,Success,142106.05,2025-04-23
PAY009760,ORD009760,Cash on Delivery,Success,155709.75,2025-03-25
PAY009761,ORD009761,Wallet,Success,40120.4,2025-06-05
PAY009762,ORD009762,Cash on Delivery,Success,97753.0,2025-04-20
PAY009763,ORD009763,Cash on Delivery,Success,83263.7,2025-04-04
PAY009764,ORD009764,Debit Card,Success,81583.2,2025-06-12
PAY009765,ORD009765,Cash on Delivery,Success,139069.7,2025-04-05
PAY009766,ORD009766,Net Banking,Success,160617.3,2025-04-24
PAY009767,ORD009767,Debit Card,Success,86622.5,2025-04-12
PAY009768,ORD009768,Cash on Delivery,Success,81436.05,2025-01-11
PAY009769,ORD009769,Wallet,Success,52587.25,2025-01-16
PAY009770,ORD009770,Credit Card,Success,27382.9,2025-04-24
PAY009771,ORD009771,Credit Card,Success,206820.9,2025-04-07
PAY009772,ORD009772,Wallet,Success,73463.5,2025-04-29
PAY009773,ORD009773,UPI,Success,195375.1,2025-02-18
PAY009774,ORD009774,Credit Card,Success,124804.1,2025-03-23
PAY009775,ORD009775,UPI,Success,22083.7,2025-04-21
PAY009776,ORD009776,Cash on Delivery,Success,361.0,2025-02-20
PAY009777,ORD009777,Credit Card,Success,35743.2,2025-05-09
PAY009778,ORD009778,Cash on Delivery,Success,89835.6,2025-03-02
PAY009779,ORD009779,Net Banking,Success,80424.0,2025-06-24
PAY009780,ORD009780,UPI,Success,60839.6,2025-02-15
PAY009781,ORD009781,Wallet,Success,8652.0,2025-01-16
PAY009782,ORD009782,Cash on Delivery,Success,103030.3,2025-02-03
PAY009783,ORD009783,UPI,Success,21030.4,2025-06-09
PAY009784,ORD009784,UPI,Success,29124.8,2025-04-28
PAY009785,ORD009785,Net Banking,Success,68932.95,2025-03-18
PAY009786,ORD009786,UPI,Success,62382.0,2025-03-07
PAY009787,ORD009787,Net Banking,Success,27446.0,2025-03-09
PAY009788,ORD009788,Cash on Delivery,Success,145513.0,2025-04-07
PAY009789,ORD009789,UPI,Success,57053.55,2025-03-19
PAY009790,ORD009790,Credit Card,Success,83091.75,2025-02-22
PAY009791,ORD009791,Cash on Delivery,Success,216331.8,2025-02-11
PAY009792,ORD009792,Debit Card,Success,52889.6,2025-01-05
PAY009793,ORD009793,Debit Card,Success,118466.45,2025-06-16
PAY009794,ORD009794,Cash on Delivery,Success,92707.65,2025-02-25
PAY009795,ORD009795,Wallet,Success,109683.15,2025-01-03
PAY009796,ORD009796,Net Banking,Success,31659.1,2025-02-04
PAY009797,ORD009797,Debit Card,Success,79108.25,2025-04-30
PAY009798,ORD009798,Net Banking,Success,323976.95,2025-01-07
PAY009799,ORD009799,Net Banking,Success,86062.0,2025-06-30
PAY009800,ORD009800,Credit Card,Success,27196.6,2025-05-02
PAY009801,ORD009801,Wallet,Success,127541.1,2025-03-17
PAY009802,ORD009802,Net Banking,Success,164189.95,2025-05-31
PAY009803,ORD009803,Credit Card,Success,54775.5,2025-06-17
PAY009804,ORD009804,Credit Card,Success,117930.15,2025-03-10
PAY009805,ORD009805,Net Banking,Success,39705.3,2025-03-16
PAY009806,ORD009806,Debit Card,Success,72314.1,2025-01-09
PAY009807,ORD009807,Credit Card,Success,115041.4,2025-06-06
PAY009808,ORD009808,Net Banking,Success,79223.4,2025-02-19
PAY009809,ORD009809,Debit Card,Success,21006.0,2025-03-21
PAY009810,ORD009810,Net Banking,Success,106675.25,2025-02-08
PAY009811,ORD009811,Debit Card,Success,96144.0,2025-06-28
PAY009812,ORD009812,Debit Card,Success,121933.5,2025-01-06
PAY009813,ORD009813,Cash on Delivery,Success,63257.3,2025-04-26
PAY009814,ORD009814,UPI,Success,116642.2,2025-04-20
PAY009815,ORD009815,Cash on Delivery,Failed,124595.75,2025-05-15
PAY009816,ORD009816,UPI,Success,146455.1,2025-04-18
PAY009817,ORD009817,UPI,Success,44280.0,2025-04-18
PAY009818,ORD009818,UPI,Success,24585.6,2025-03-12
PAY009819,ORD009819,Wallet,Success,146459.2,2025-04-12
PAY009820,ORD009820,Debit Card,Success,166667.05,2025-01-29
PAY009821,ORD009821,Wallet,Success,191237.65,2025-02-16
PAY009822,ORD009822,Cash on Delivery,Success,35183.4,2025-04-28
PAY009823,ORD009823,Cash on Delivery,Success,175587.9,2025-01-18
PAY009824,ORD009824,Cash on Delivery,Success,219424.4,2025-03-22
PAY009825,ORD009825,Wallet,Success,109019.85,2025-03-02
PAY009826,ORD009826,Debit Card,Success,36873.0,2025-06-09
PAY009827,ORD009827,Net Banking,Success,57495.7,2025-06-30
PAY009828,ORD009828,Cash on Delivery,Success,76887.9,2025-06-11
PAY009829,ORD009829,Net Banking,Success,126205.8,2025-04-09
PAY009830,ORD009830,Debit Card,Success,25981.95,2025-03-05
PAY009831,ORD009831,Credit Card,Refunded,143917.15,2025-06-13
PAY009832,ORD009832,UPI,Success,124945.25,2025-02-01
PAY009833,ORD009833,Credit Card,Success,161705.65,2025-03-28
PAY009834,ORD009834,Wallet,Success,177442.4,2025-06-24
PAY009835,ORD009835,Net Banking,Success,71210.4,2025-01-03
PAY009836,ORD009836,Cash on Delivery,Success,71487.3,2025-03-24
PAY009837,ORD009837,Cash on Delivery,Success,143328.0,2025-01-28
PAY009838,ORD009838,Credit Card,Success,56710.0,2025-03-01
PAY009839,ORD009839,Wallet,Success,53093.95,2025-06-30
PAY009840,ORD009840,UPI,Success,45439.45,2025-04-17
PAY009841,ORD009841,Wallet,Success,55230.15,2025-06-19
PAY009842,ORD009842,Debit Card,Success,217982.4,2025-04-26
PAY009843,ORD009843,Wallet,Success,176670.4,2025-06-02
PAY009844,ORD009844,Wallet,Success,57019.7,2025-01-12
PAY009845,ORD009845,Cash on Delivery,Success,242340.5,2025-02-18
PAY009846,ORD009846,Wallet,Failed,155322.5,2025-02-21
PAY009847,ORD009847,Wallet,Success,218976.7,2025-01-19
PAY009848,ORD009848,Credit Card,Success,34179.2,2025-06-25
PAY009849,ORD009849,Debit Card,Success,39022.4,2025-01-04
PAY009850,ORD009850,Cash on Delivery,Success,301598.75,2025-01-12
PAY009851,ORD009851,UPI,Success,56606.4,2025-01-09
PAY009852,ORD009852,Net Banking,Success,59013.0,2025-06-20
PAY009853,ORD009853,Cash on Delivery,Success,125109.3,2025-01-16
PAY009854,ORD009854,Wallet,Success,218428.5,2025-02-03
PAY009855,ORD009855,Debit Card,Success,90415.15,2025-02-06
PAY009856,ORD009856,Cash on Delivery,Success,27145.3,2025-02-27
PAY009857,ORD009857,Debit Card,Success,59283.65,2025-03-30
PAY009858,ORD009858,Wallet,Success,77772.75,2025-06-03
PAY009859,ORD009859,UPI,Success,186848.45,2025-05-04
PAY009860,ORD009860,Debit Card,Success,131537.75,2025-01-16
PAY009861,ORD009861,Net Banking,Success,97888.4,2025-02-18
PAY009862,ORD009862,Wallet,Success,110223.7,2025-02-03
PAY009863,ORD009863,Cash on Delivery,Failed,111237.3,2025-04-12
PAY009864,ORD009864,Debit Card,Success,103864.6,2025-06-16
PAY009865,ORD009865,UPI,Success,160196.5,2025-02-16
PAY009866,ORD009866,Net Banking,Success,125982.75,2025-06-12
PAY009867,ORD009867,Cash on Delivery,Success,21803.45,2025-01-16
PAY009868,ORD009868,UPI,Success,125322.85,2025-06-11
PAY009869,ORD009869,Wallet,Success,386173.75,2025-02-22
PAY009870,ORD009870,Credit Card,Success,180276.7,2025-04-05
PAY009871,ORD009871,Net Banking,Success,58261.0,2025-02-17
PAY009872,ORD009872,Debit Card,Success,36131.4,2025-05-15
PAY009873,ORD009873,Wallet,Success,39652.0,2025-06-10
PAY009874,ORD009874,UPI,Success,7294.0,2025-01-28
PAY009875,ORD009875,Net Banking,Success,8353.35,2025-06-07
PAY009876,ORD009876,Debit Card,Success,104654.7,2025-02-01
PAY009877,ORD009877,Wallet,Success,84187.4,2025-06-17
PAY009878,ORD009878,Debit Card,Refunded,50012.3,2025-01-26
PAY009879,ORD009879,UPI,Success,83062.9,2025-03-08
PAY009880,ORD009880,UPI,Success,92198.7,2025-04-11
PAY009881,ORD009881,UPI,Success,79535.2,2025-04-13
PAY009882,ORD009882,Wallet,Success,109791.0,2025-04-13
PAY009883,ORD009883,Debit Card,Success,117123.5,2025-03-01
PAY009884,ORD009884,Net Banking,Success,171687.9,2025-05-31
PAY009885,ORD009885,Net Banking,Success,146918.6,2025-01-20
PAY009886,ORD009886,Cash on Delivery,Success,86138.4,2025-04-02
PAY009887,ORD009887,Cash on Delivery,Success,30296.45,2025-02-28
PAY009888,ORD009888,Cash on Delivery,Success,216500.9,2025-01-05
PAY009889,ORD009889,Debit Card,Success,78596.8,2025-06-22
PAY009890,ORD009890,Credit Card,Success,18878.4,2025-03-12
PAY009891,ORD009891,Net Banking,Success,104598.1,2025-03-15
PAY009892,ORD009892,Wallet,Success,147281.4,2025-01-29
PAY009893,ORD009893,Net Banking,Success,49695.8,2025-03-17
PAY009894,ORD009894,Cash on Delivery,Success,66599.25,2025-04-27
PAY009895,ORD009895,Wallet,Success,84935.7,2025-05-11
PAY009896,ORD009896,Credit Card,Success,18975.0,2025-02-05
PAY009897,ORD009897,Wallet,Success,131379.9,2025-04-05
PAY009898,ORD009898,Cash on Delivery,Success,200007.0,2025-01-13
PAY009899,ORD009899,Net Banking,Success,75101.4,2025-03-30
PAY009900,ORD009900,Cash on Delivery,Success,133713.45,2025-05-06
PAY009901,ORD009901,Wallet,Success,160174.8,2025-01-17
PAY009902,ORD009902,Net Banking,Success,90978.9,2025-03-07
PAY009903,ORD009903,Net Banking,Success,126140.85,2025-06-06
PAY009904,ORD009904,Debit Card,Success,16746.3,2025-02-01
PAY009905,ORD009905,Wallet,Success,37555.2,2025-01-23
PAY009906,ORD009906,Net Banking,Success,77196.0,2025-06-17
PAY009907,ORD009907,Wallet,Success,7448.0,2025-02-24
PAY009908,ORD009908,UPI,Success,49420.8,2025-03-22
PAY009909,ORD009909,Cash on Delivery,Success,126732.9,2025-05-31
PAY009910,ORD009910,Credit Card,Success,286012.8,2025-03-19
PAY009911,ORD009911,Net Banking,Success,27821.25,2025-05-02
PAY009912,ORD009912,Wallet,Success,154512.6,2025-01-06
PAY009913,ORD009913,Wallet,Refunded,15552.45,2025-04-21
PAY009914,ORD009914,Credit Card,Success,37136.25,2025-03-17
PAY009915,ORD009915,Net Banking,Success,21772.8,2025-04-05
PAY009916,ORD009916,Wallet,Success,111529.9,2025-02-07
PAY009917,ORD009917,Net Banking,Success,79097.75,2025-04-24
PAY009918,ORD009918,Wallet,Success,217080.55,2025-05-13
PAY009919,ORD009919,Wallet,Success,46228.2,2025-04-24
PAY009920,ORD009920,Credit Card,Success,167395.95,2025-01-12
PAY009921,ORD009921,Debit Card,Success,156264.05,2025-02-03
PAY009922,ORD009922,UPI,Success,159592.6,2025-02-18
PAY009923,ORD009923,Cash on Delivery,Success,7174.4,2025-02-03
PAY009924,ORD009924,Cash on Delivery,Success,184845.65,2025-01-13
PAY009925,ORD009925,UPI,Success,16837.2,2025-04-27
PAY009926,ORD009926,Credit Card,Success,117209.7,2025-02-11
PAY009927,ORD009927,Cash on Delivery,Success,57810.85,2025-06-24
PAY009928,ORD009928,Credit Card,Success,200094.85,2025-05-11
PAY009929,ORD009929,Cash on Delivery,Success,63579.1,2025-01-07
PAY009930,ORD009930,Net Banking,Refunded,105076.0,2025-03-09
PAY009931,ORD009931,UPI,Success,245237.9,2025-01-09
PAY009932,ORD009932,Debit Card,Success,38717.25,2025-05-26
PAY009933,ORD009933,Cash on Delivery,Success,217656.45,2025-06-12
PAY009934,ORD009934,Net Banking,Success,60415.6,2025-01-13
PAY009935,ORD009935,Credit Card,Success,42553.6,2025-04-30
PAY009936,ORD009936,Cash on Delivery,Success,68945.4,2025-01-02
PAY009937,ORD009937,Credit Card,Success,111142.7,2025-05-25
PAY009938,ORD009938,Credit Card,Refunded,140457.3,2025-06-26
PAY009939,ORD009939,Debit Card,Success,32807.7,2025-04-11
PAY009940,ORD009940,Debit Card,Success,179607.5,2025-01-19
PAY009941,ORD009941,Net Banking,Success,40525.2,2025-06-09
PAY009942,ORD009942,UPI,Success,209054.85,2025-05-24
PAY009943,ORD009943,Credit Card,Success,28668.6,2025-05-04
PAY009944,ORD009944,Wallet,Success,47782.0,2025-05-31
PAY009945,ORD009945,Debit Card,Success,129786.7,2025-04-06
PAY009946,ORD009946,Wallet,Success,165522.9,2025-06-25
PAY009947,ORD009947,Net Banking,Success,116051.55,2025-01-20
PAY009948,ORD009948,Debit Card,Failed,92221.05,2025-03-24
PAY009949,ORD009949,Wallet,Failed,157139.0,2025-01-16
PAY009950,ORD009950,UPI,Success,38881.0,2025-06-13
PAY009951,ORD009951,Net Banking,Success,165731.0,2025-01-24
PAY009952,ORD009952,Cash on Delivery,Success,101640.7,2025-06-22
PAY009953,ORD009953,Net Banking,Success,69579.7,2025-02-02
PAY009954,ORD009954,Debit Card,Success,169836.6,2025-05-09
PAY009955,ORD009955,Credit Card,Success,143522.9,2025-01-24
PAY009956,ORD009956,Cash on Delivery,Success,256605.7,2025-05-16
PAY009957,ORD009957,Credit Card,Success,41568.0,2025-03-17
PAY009958,ORD009958,Cash on Delivery,Failed,15630.2,2025-05-03
PAY009959,ORD009959,Debit Card,Success,84749.75,2025-01-15
PAY009960,ORD009960,Wallet,Success,169861.15,2025-05-18
PAY009961,ORD009961,UPI,Success,17878.5,2025-05-19
PAY009962,ORD009962,Net Banking,Success,21143.75,2025-06-02
PAY009963,ORD009963,Credit Card,Success,13992.7,2025-04-09
PAY009964,ORD009964,Net Banking,Success,109295.45,2025-03-26
PAY009965,ORD009965,Credit Card,Success,119274.5,2025-02-20
PAY009966,ORD009966,Net Banking,Success,205678.3,2025-04-22
PAY009967,ORD009967,Credit Card,Success,3051.4,2025-01-12
PAY009968,ORD009968,Debit Card,Success,107605.4,2025-05-14
PAY009969,ORD009969,Debit Card,Success,84311.5,2025-06-10
PAY009970,ORD009970,Cash on Delivery,Success,127389.0,2025-05-11
PAY009971,ORD009971,Net Banking,Success,110509.7,2025-01-22
PAY009972,ORD009972,UPI,Success,265152.3,2025-03-18
PAY009973,ORD009973,Credit Card,Success,22267.8,2025-06-02
PAY009974,ORD009974,Credit Card,Success,227307.5,2025-02-16
PAY009975,ORD009975,Credit Card,Success,120576.0,2025-01-09
PAY009976,ORD009976,Debit Card,Success,115461.0,2025-06-09
PAY009977,ORD009977,Debit Card,Success,63885.1,2025-02-07
PAY009978,ORD009978,Wallet,Success,64921.3,2025-06-24
PAY009979,ORD009979,Debit Card,Success,40635.0,2025-03-04
PAY009980,ORD009980,Wallet,Success,218161.8,2025-06-15
PAY009981,ORD009981,Wallet,Failed,46046.1,2025-04-10
PAY009982,ORD009982,Wallet,Success,184749.35,2025-03-20
PAY009983,ORD009983,Debit Card,Success,218045.8,2025-01-08
PAY009984,ORD009984,UPI,Success,316399.65,2025-01-20
PAY009985,ORD009985,Debit Card,Success,131368.0,2025-05-01
PAY009986,ORD009986,Debit Card,Success,132814.4,2025-05-15
PAY009987,ORD009987,Wallet,Success,48809.6,2025-06-03
PAY009988,ORD009988,Credit Card,Success,115581.65,2025-02-07
PAY009989,ORD009989,Debit Card,Success,153725.6,2025-05-13
PAY009990,ORD009990,Credit Card,Success,59923.1,2025-04-19
PAY009991,ORD009991,Net Banking,Success,129895.15,2025-06-13
PAY009992,ORD009992,Debit Card,Success,104953.3,2025-01-15
PAY009993,ORD009993,Debit Card,Success,276265.9,2025-03-28
PAY009994,ORD009994,Credit Card,Success,23317.2,2025-04-23
PAY009995,ORD009995,Credit Card,Success,32567.9,2025-02-04
PAY009996,ORD009996,Net Banking,Success,61897.5,2025-04-05
PAY009997,ORD009997,Wallet,Success,301417.4,2025-04-03
PAY009998,ORD009998,Cash on Delivery,Success,141974.1,2025-04-04
PAY009999,ORD009999,Credit Card,Success,162778.9,2025-06-22
PAY010000,ORD010000,Wallet,Success,129764.3,2025-05-26
