Shipment_ID,Order_ID,Courier,Shipment_Date,Delivery_Date,Delivery_Status
SHP000001,ORD000001,DTDC,2025-05-28,2025-06-03,Delivered
SHP000002,ORD000002,Delhivery,2025-04-09,2025-04-11,Delivered
SHP000003,ORD000003,Ekart,2025-02-05,2025-02-08,Delivered
SHP000004,ORD000004,Ekart,2025-03-04,2025-03-09,Delivered
SHP000005,ORD000005,DTDC,2025-04-26,2025-04-30,Delivered
SHP000006,ORD000006,Delhivery,2025-04-23,2025-04-29,Delivered
SHP000007,ORD000007,Amazon Logistics,2025-04-11,,Pending
SHP000008,ORD000008,Ekart,2025-04-01,2025-04-04,Delivered
SHP000009,ORD000009,XpressBees,2025-04-23,,Shipped
SHP000010,ORD000010,Amazon Logistics,2025-05-04,2025-05-06,Delivered
SHP000011,ORD000011,Ekart,2025-05-22,,Shipped
SHP000012,ORD000012,XpressBees,2025-02-20,2025-02-26,Returned
SHP000013,ORD000013,XpressBees,2025-04-20,2025-04-25,Delivered
SHP000014,ORD000014,Ekart,2025-02-22,2025-02-27,Delivered
SHP000015,ORD000015,XpressBees,2025-06-14,2025-06-19,Delivered
SHP000016,ORD000016,Amazon Logistics,2025-05-26,2025-05-28,Delivered
SHP000017,ORD000017,Ekart,2025-01-15,2025-01-17,Delivered
SHP000018,ORD000018,DTDC,2025-02-22,2025-02-27,Delivered
SHP000019,ORD000019,Ekart,2025-06-04,2025-06-09,Delivered
SHP000020,ORD000020,Ekart,2025-05-29,,Pending
SHP000021,ORD000021,Ekart,2025-06-05,2025-06-11,Delivered
SHP000022,ORD000022,Ekart,2025-01-14,2025-01-16,Delivered
SHP000023,ORD000023,DTDC,2025-06-04,,Shipped
SHP000024,ORD000024,Delhivery,2025-01-11,2025-01-13,Delivered
SHP000025,ORD000025,XpressBees,2025-01-29,2025-02-03,Delivered
SHP000026,ORD000026,DTDC,2025-03-01,2025-03-06,Delivered
SHP000027,ORD000027,Amazon Logistics,2025-02-16,,Shipped
SHP000028,ORD000028,BlueDart,2025-06-03,2025-06-06,Delivered
SHP000029,ORD000029,Delhivery,2025-06-28,2025-07-04,Delivered
SHP000030,ORD000030,Ekart,2025-01-15,,Shipped
SHP000031,ORD000031,DTDC,2025-01-05,2025-01-07,Delivered
SHP000032,ORD000032,Amazon Logistics,2025-07-01,2025-07-04,Delivered
SHP000033,ORD000033,XpressBees,2025-01-05,2025-01-08,Delivered
SHP000034,ORD000034,Ekart,2025-02-07,2025-02-13,Delivered
SHP000035,ORD000035,XpressBees,2025-02-13,2025-02-15,Delivered
SHP000036,ORD000036,DTDC,2025-03-28,,Cancelled
SHP000037,ORD000037,XpressBees,2025-04-23,2025-04-26,Delivered
SHP000038,ORD000038,XpressBees,2025-02-10,,Processing
SHP000039,ORD000039,DTDC,2025-02-10,,Processing
SHP000040,ORD000040,XpressBees,2025-04-10,2025-04-14,Delivered
SHP000041,ORD000041,BlueDart,2025-03-18,2025-03-23,Delivered
SHP000042,ORD000042,DTDC,2025-02-01,2025-02-07,Delivered
SHP000043,ORD000043,BlueDart,2025-05-28,2025-06-02,Delivered
SHP000044,ORD000044,Amazon Logistics,2025-04-25,2025-04-27,Returned
SHP000045,ORD000045,Delhivery,2025-05-21,2025-05-24,Delivered
SHP000046,ORD000046,BlueDart,2025-01-09,2025-01-13,Delivered
SHP000047,ORD000047,DTDC,2025-02-10,2025-02-14,Delivered
SHP000048,ORD000048,Delhivery,2025-05-23,2025-05-29,Delivered
SHP000049,ORD000049,Delhivery,2025-05-22,,Shipped
SHP000050,ORD000050,XpressBees,2025-05-29,,Processing
SHP000051,ORD000051,XpressBees,2025-03-01,2025-03-03,Delivered
SHP000052,ORD000052,DTDC,2025-06-26,2025-07-02,Delivered
SHP000053,ORD000053,XpressBees,2025-03-23,,Processing
SHP000054,ORD000054,DTDC,2025-01-25,2025-01-29,Delivered
SHP000055,ORD000055,Amazon Logistics,2025-05-18,2025-05-24,Delivered
SHP000056,ORD000056,XpressBees,2025-01-07,2025-01-10,Delivered
SHP000057,ORD000057,Amazon Logistics,2025-01-16,2025-01-22,Delivered
SHP000058,ORD000058,Amazon Logistics,2025-03-22,,Shipped
SHP000059,ORD000059,DTDC,2025-01-28,,Cancelled
SHP000060,ORD000060,Ekart,2025-02-19,2025-02-23,Delivered
SHP000061,ORD000061,Amazon Logistics,2025-04-05,2025-04-08,Delivered
SHP000062,ORD000062,DTDC,2025-06-10,2025-06-12,Delivered
SHP000063,ORD000063,Delhivery,2025-03-07,,Pending
SHP000064,ORD000064,BlueDart,2025-01-03,2025-01-08,Delivered
SHP000065,ORD000065,XpressBees,2025-06-03,,Shipped
SHP000066,ORD000066,BlueDart,2025-03-22,,Cancelled
SHP000067,ORD000067,Delhivery,2025-01-09,,Processing
SHP000068,ORD000068,XpressBees,2025-03-30,2025-04-04,Delivered
SHP000069,ORD000069,Ekart,2025-01-17,,Processing
SHP000070,ORD000070,BlueDart,2025-04-10,2025-04-14,Delivered
SHP000071,ORD000071,BlueDart,2025-04-04,2025-04-08,Delivered
SHP000072,ORD000072,Delhivery,2025-04-17,,Processing
SHP000073,ORD000073,Ekart,2025-05-24,2025-05-28,Delivered
SHP000074,ORD000074,XpressBees,2025-01-26,,Shipped
SHP000075,ORD000075,XpressBees,2025-04-04,2025-04-10,Delivered
SHP000076,ORD000076,Ekart,2025-04-09,,Pending
SHP000077,ORD000077,BlueDart,2025-02-07,2025-02-10,Delivered
SHP000078,ORD000078,BlueDart,2025-01-23,2025-01-25,Delivered
SHP000079,ORD000079,BlueDart,2025-04-17,2025-04-23,Delivered
SHP000080,ORD000080,BlueDart,2025-02-21,2025-02-27,Delivered
SHP000081,ORD000081,Ekart,2025-03-19,,Shipped
SHP000082,ORD000082,BlueDart,2025-03-08,2025-03-12,Delivered
SHP000083,ORD000083,BlueDart,2025-02-11,2025-02-13,Delivered
SHP000084,ORD000084,Ekart,2025-06-28,2025-07-01,Delivered
SHP000085,ORD000085,DTDC,2025-03-23,2025-03-29,Delivered
SHP000086,ORD000086,DTDC,2025-06-18,,Processing
SHP000087,ORD000087,BlueDart,2025-04-18,2025-04-21,Delivered
SHP000088,ORD000088,Amazon Logistics,2025-05-03,2025-05-06,Delivered
SHP000089,ORD000089,Ekart,2025-02-25,2025-02-28,Delivered
SHP000090,ORD000090,Ekart,2025-01-27,2025-01-29,Delivered
SHP000091,ORD000091,Delhivery,2025-04-24,2025-04-28,Delivered
SHP000092,ORD000092,DTDC,2025-05-10,2025-05-15,Delivered
SHP000093,ORD000093,DTDC,2025-04-22,2025-04-26,Delivered
SHP000094,ORD000094,XpressBees,2025-04-22,2025-04-25,Delivered
SHP000095,ORD000095,BlueDart,2025-01-04,,Pending
SHP000096,ORD000096,Amazon Logistics,2025-05-31,,Cancelled
SHP000097,ORD000097,Ekart,2025-05-29,2025-05-31,Delivered
SHP000098,ORD000098,Amazon Logistics,2025-04-21,,Pending
SHP000099,ORD000099,Amazon Logistics,2025-01-12,2025-01-14,Delivered
SHP000100,ORD000100,BlueDart,2025-03-18,2025-03-22,Delivered
SHP000101,ORD000101,Amazon Logistics,2025-04-05,,Shipped
SHP000102,ORD000102,DTDC,2025-06-04,,Shipped
SHP000103,ORD000103,XpressBees,2025-04-15,,Processing
SHP000104,ORD000104,XpressBees,2025-02-23,,Pending
SHP000105,ORD000105,XpressBees,2025-04-21,2025-04-26,Delivered
SHP000106,ORD000106,BlueDart,2025-05-20,2025-05-22,Delivered
SHP000107,ORD000107,Ekart,2025-04-17,2025-04-22,Delivered
SHP000108,ORD000108,BlueDart,2025-04-20,2025-04-25,Delivered
SHP000109,ORD000109,Amazon Logistics,2025-04-27,2025-04-29,Delivered
SHP000110,ORD000110,Amazon Logistics,2025-06-22,2025-06-27,Delivered
SHP000111,ORD000111,Ekart,2025-03-28,2025-04-02,Delivered
SHP000112,ORD000112,Delhivery,2025-05-11,2025-05-14,Delivered
SHP000113,ORD000113,BlueDart,2025-04-19,2025-04-21,Delivered
SHP000114,ORD000114,Delhivery,2025-04-15,,Cancelled
SHP000115,ORD000115,Ekart,2025-06-28,2025-07-03,Delivered
SHP000116,ORD000116,DTDC,2025-01-12,2025-01-16,Delivered
SHP000117,ORD000117,Amazon Logistics,2025-05-07,2025-05-13,Delivered
SHP000118,ORD000118,Ekart,2025-04-28,,Cancelled
SHP000119,ORD000119,Ekart,2025-02-23,2025-02-28,Delivered
SHP000120,ORD000120,Amazon Logistics,2025-01-08,2025-01-14,Delivered
SHP000121,ORD000121,DTDC,2025-01-19,2025-01-23,Delivered
SHP000122,ORD000122,XpressBees,2025-01-25,2025-01-30,Delivered
SHP000123,ORD000123,BlueDart,2025-03-04,2025-03-09,Delivered
SHP000124,ORD000124,XpressBees,2025-06-16,2025-06-19,Delivered
SHP000125,ORD000125,Delhivery,2025-03-05,2025-03-09,Delivered
SHP000126,ORD000126,BlueDart,2025-02-12,2025-02-14,Delivered
SHP000127,ORD000127,DTDC,2025-03-25,2025-03-27,Delivered
SHP000128,ORD000128,Delhivery,2025-03-21,2025-03-24,Delivered
SHP000129,ORD000129,XpressBees,2025-02-09,2025-02-12,Delivered
SHP000130,ORD000130,DTDC,2025-02-14,,Processing
SHP000131,ORD000131,DTDC,2025-06-16,2025-06-20,Delivered
SHP000132,ORD000132,DTDC,2025-02-03,2025-02-07,Delivered
SHP000133,ORD000133,XpressBees,2025-01-13,2025-01-16,Delivered
SHP000134,ORD000134,BlueDart,2025-04-07,2025-04-11,Delivered
SHP000135,ORD000135,DTDC,2025-04-10,2025-04-16,Delivered
SHP000136,ORD000136,Delhivery,2025-04-13,,Pending
SHP000137,ORD000137,Delhivery,2025-05-14,2025-05-20,Delivered
SHP000138,ORD000138,DTDC,2025-01-05,2025-01-11,Delivered
SHP000139,ORD000139,Amazon Logistics,2025-05-17,2025-05-22,Delivered
SHP000140,ORD000140,Ekart,2025-02-02,,Cancelled
SHP000141,ORD000141,XpressBees,2025-05-15,2025-05-18,Delivered
SHP000142,ORD000142,DTDC,2025-03-03,,Shipped
SHP000143,ORD000143,Ekart,2025-04-30,2025-05-02,Delivered
SHP000144,ORD000144,Delhivery,2025-02-08,,Shipped
SHP000145,ORD000145,Ekart,2025-05-09,2025-05-12,Delivered
SHP000146,ORD000146,Ekart,2025-06-10,2025-06-15,Delivered
SHP000147,ORD000147,DTDC,2025-03-02,,Pending
SHP000148,ORD000148,Ekart,2025-05-10,2025-05-15,Delivered
SHP000149,ORD000149,Ekart,2025-06-08,2025-06-13,Delivered
SHP000150,ORD000150,XpressBees,2025-03-17,2025-03-21,Delivered
SHP000151,ORD000151,XpressBees,2025-01-04,2025-01-06,Delivered
SHP000152,ORD000152,Delhivery,2025-04-08,2025-04-13,Delivered
SHP000153,ORD000153,BlueDart,2025-02-06,,Processing
SHP000154,ORD000154,BlueDart,2025-04-18,2025-04-24,Delivered
SHP000155,ORD000155,XpressBees,2025-04-06,2025-04-08,Delivered
SHP000156,ORD000156,XpressBees,2025-06-13,2025-06-16,Delivered
SHP000157,ORD000157,Delhivery,2025-03-15,2025-03-18,Delivered
SHP000158,ORD000158,Ekart,2025-01-22,2025-01-28,Delivered
SHP000159,ORD000159,DTDC,2025-06-15,2025-06-18,Delivered
SHP000160,ORD000160,BlueDart,2025-06-19,,Shipped
SHP000161,ORD000161,BlueDart,2025-04-23,2025-04-26,Delivered
SHP000162,ORD000162,Amazon Logistics,2025-06-09,,Cancelled
SHP000163,ORD000163,BlueDart,2025-03-08,,Processing
SHP000164,ORD000164,Amazon Logistics,2025-03-23,,Cancelled
SHP000165,ORD000165,Ekart,2025-01-03,2025-01-07,Delivered
SHP000166,ORD000166,DTDC,2025-06-27,2025-06-30,Delivered
SHP000167,ORD000167,XpressBees,2025-06-15,2025-06-18,Delivered
SHP000168,ORD000168,Ekart,2025-02-20,2025-02-26,Delivered
SHP000169,ORD000169,BlueDart,2025-03-29,2025-04-01,Delivered
SHP000170,ORD000170,Amazon Logistics,2025-03-13,2025-03-18,Delivered
SHP000171,ORD000171,XpressBees,2025-01-17,2025-01-21,Delivered
SHP000172,ORD000172,BlueDart,2025-05-12,,Processing
SHP000173,ORD000173,Ekart,2025-01-21,,Pending
SHP000174,ORD000174,Delhivery,2025-05-05,,Cancelled
SHP000175,ORD000175,Delhivery,2025-01-22,2025-01-26,Delivered
SHP000176,ORD000176,DTDC,2025-01-12,2025-01-18,Delivered
SHP000177,ORD000177,DTDC,2025-03-25,2025-03-29,Delivered
SHP000178,ORD000178,BlueDart,2025-05-22,2025-05-24,Delivered
SHP000179,ORD000179,Delhivery,2025-05-06,2025-05-08,Delivered
SHP000180,ORD000180,DTDC,2025-02-13,,Shipped
SHP000181,ORD000181,XpressBees,2025-02-04,,Shipped
SHP000182,ORD000182,DTDC,2025-02-15,,Shipped
SHP000183,ORD000183,Delhivery,2025-04-05,,Processing
SHP000184,ORD000184,Delhivery,2025-03-16,,Shipped
SHP000185,ORD000185,Amazon Logistics,2025-01-27,2025-02-01,Delivered
SHP000186,ORD000186,XpressBees,2025-05-03,,Shipped
SHP000187,ORD000187,XpressBees,2025-07-01,2025-07-06,Delivered
SHP000188,ORD000188,XpressBees,2025-03-20,,Cancelled
SHP000189,ORD000189,DTDC,2025-01-08,2025-01-12,Delivered
SHP000190,ORD000190,Delhivery,2025-02-07,2025-02-12,Delivered
SHP000191,ORD000191,DTDC,2025-06-27,2025-06-30,Delivered
SHP000192,ORD000192,Ekart,2025-04-23,2025-04-29,Delivered
SHP000193,ORD000193,Ekart,2025-05-14,,Processing
SHP000194,ORD000194,Ekart,2025-04-05,2025-04-08,Delivered
SHP000195,ORD000195,XpressBees,2025-03-31,2025-04-05,Delivered
SHP000196,ORD000196,Delhivery,2025-03-04,,Processing
SHP000197,ORD000197,XpressBees,2025-03-17,2025-03-20,Delivered
SHP000198,ORD000198,Amazon Logistics,2025-04-14,2025-04-17,Delivered
SHP000199,ORD000199,DTDC,2025-03-25,,Cancelled
SHP000200,ORD000200,Ekart,2025-05-03,2025-05-06,Delivered
SHP000201,ORD000201,Ekart,2025-06-07,2025-06-13,Delivered
SHP000202,ORD000202,Ekart,2025-01-19,,Processing
SHP000203,ORD000203,Delhivery,2025-03-28,,Shipped
SHP000204,ORD000204,XpressBees,2025-05-05,2025-05-10,Delivered
SHP000205,ORD000205,Ekart,2025-05-22,,Shipped
SHP000206,ORD000206,XpressBees,2025-03-24,2025-03-29,Delivered
SHP000207,ORD000207,Amazon Logistics,2025-06-24,,Pending
SHP000208,ORD000208,DTDC,2025-05-17,2025-05-20,Delivered
SHP000209,ORD000209,XpressBees,2025-06-02,2025-06-05,Delivered
SHP000210,ORD000210,BlueDart,2025-05-21,2025-05-24,Delivered
SHP000211,ORD000211,Ekart,2025-05-12,,Processing
SHP000212,ORD000212,Delhivery,2025-03-26,2025-03-29,Delivered
SHP000213,ORD000213,BlueDart,2025-05-25,2025-05-29,Delivered
SHP000214,ORD000214,DTDC,2025-02-02,2025-02-07,Delivered
SHP000215,ORD000215,BlueDart,2025-03-17,2025-03-21,Delivered
SHP000216,ORD000216,BlueDart,2025-03-21,,Pending
SHP000217,ORD000217,XpressBees,2025-06-19,,Pending
SHP000218,ORD000218,DTDC,2025-06-29,2025-07-01,Delivered
SHP000219,ORD000219,XpressBees,2025-01-31,,Shipped
SHP000220,ORD000220,BlueDart,2025-03-01,,Cancelled
SHP000221,ORD000221,XpressBees,2025-02-11,2025-02-15,Delivered
SHP000222,ORD000222,BlueDart,2025-02-01,2025-02-05,Delivered
SHP000223,ORD000223,XpressBees,2025-04-18,2025-04-23,Delivered
SHP000224,ORD000224,Ekart,2025-05-04,,Pending
SHP000225,ORD000225,Amazon Logistics,2025-05-03,2025-05-09,Delivered
SHP000226,ORD000226,Ekart,2025-06-04,,Shipped
SHP000227,ORD000227,Ekart,2025-05-14,2025-05-19,Delivered
SHP000228,ORD000228,Delhivery,2025-05-17,2025-05-19,Delivered
SHP000229,ORD000229,XpressBees,2025-03-31,2025-04-03,Delivered
SHP000230,ORD000230,XpressBees,2025-03-02,,Shipped
SHP000231,ORD000231,DTDC,2025-06-05,2025-06-09,Delivered
SHP000232,ORD000232,BlueDart,2025-04-02,2025-04-08,Delivered
SHP000233,ORD000233,Amazon Logistics,2025-03-22,2025-03-26,Delivered
SHP000234,ORD000234,Ekart,2025-03-30,2025-04-02,Delivered
SHP000235,ORD000235,Ekart,2025-06-05,,Pending
SHP000236,ORD000236,DTDC,2025-04-06,2025-04-08,Delivered
SHP000237,ORD000237,Delhivery,2025-05-24,2025-05-29,Delivered
SHP000238,ORD000238,Delhivery,2025-07-01,2025-07-03,Delivered
SHP000239,ORD000239,Ekart,2025-04-27,2025-04-29,Delivered
SHP000240,ORD000240,DTDC,2025-01-17,2025-01-21,Delivered
SHP000241,ORD000241,BlueDart,2025-04-27,2025-04-29,Delivered
SHP000242,ORD000242,DTDC,2025-04-09,2025-04-14,Delivered
SHP000243,ORD000243,Delhivery,2025-03-05,2025-03-11,Delivered
SHP000244,ORD000244,DTDC,2025-06-02,2025-06-08,Delivered
SHP000245,ORD000245,Delhivery,2025-04-10,2025-04-16,Delivered
SHP000246,ORD000246,BlueDart,2025-02-13,,Processing
SHP000247,ORD000247,DTDC,2025-01-28,2025-01-31,Delivered
SHP000248,ORD000248,Delhivery,2025-04-23,2025-04-27,Delivered
SHP000249,ORD000249,Ekart,2025-03-11,2025-03-17,Delivered
SHP000250,ORD000250,XpressBees,2025-06-08,2025-06-11,Delivered
SHP000251,ORD000251,Ekart,2025-02-01,,Shipped
SHP000252,ORD000252,XpressBees,2025-04-16,2025-04-19,Delivered
SHP000253,ORD000253,BlueDart,2025-02-25,2025-02-27,Delivered
SHP000254,ORD000254,DTDC,2025-02-02,2025-02-04,Delivered
SHP000255,ORD000255,BlueDart,2025-06-26,2025-07-01,Delivered
SHP000256,ORD000256,Ekart,2025-04-13,,Processing
SHP000257,ORD000257,Ekart,2025-06-10,2025-06-14,Delivered
SHP000258,ORD000258,Amazon Logistics,2025-04-10,2025-04-16,Delivered
SHP000259,ORD000259,BlueDart,2025-03-12,,Processing
SHP000260,ORD000260,Ekart,2025-04-04,,Processing
SHP000261,ORD000261,Ekart,2025-04-18,2025-04-23,Delivered
SHP000262,ORD000262,Ekart,2025-02-19,,Shipped
SHP000263,ORD000263,Amazon Logistics,2025-04-25,2025-04-28,Delivered
SHP000264,ORD000264,Ekart,2025-04-01,2025-04-05,Delivered
SHP000265,ORD000265,BlueDart,2025-01-03,2025-01-07,Delivered
SHP000266,ORD000266,XpressBees,2025-06-27,,Shipped
SHP000267,ORD000267,Ekart,2025-06-18,,Cancelled
SHP000268,ORD000268,Delhivery,2025-03-09,2025-03-14,Delivered
SHP000269,ORD000269,Delhivery,2025-06-03,2025-06-07,Delivered
SHP000270,ORD000270,Delhivery,2025-06-02,,Pending
SHP000271,ORD000271,Amazon Logistics,2025-02-06,,Pending
SHP000272,ORD000272,DTDC,2025-04-19,2025-04-22,Delivered
SHP000273,ORD000273,Delhivery,2025-02-08,2025-02-13,Delivered
SHP000274,ORD000274,Amazon Logistics,2025-06-27,2025-06-30,Delivered
SHP000275,ORD000275,Delhivery,2025-06-16,2025-06-18,Delivered
SHP000276,ORD000276,XpressBees,2025-01-29,2025-02-03,Delivered
SHP000277,ORD000277,Amazon Logistics,2025-02-16,2025-02-20,Delivered
SHP000278,ORD000278,Delhivery,2025-06-12,2025-06-16,Delivered
SHP000279,ORD000279,XpressBees,2025-02-04,2025-02-06,Delivered
SHP000280,ORD000280,XpressBees,2025-06-26,2025-07-01,Delivered
SHP000281,ORD000281,Ekart,2025-02-26,2025-03-02,Delivered
SHP000282,ORD000282,Amazon Logistics,2025-02-09,2025-02-14,Delivered
SHP000283,ORD000283,XpressBees,2025-02-04,,Processing
SHP000284,ORD000284,BlueDart,2025-03-24,2025-03-26,Delivered
SHP000285,ORD000285,XpressBees,2025-06-14,,Shipped
SHP000286,ORD000286,DTDC,2025-05-21,,Shipped
SHP000287,ORD000287,Amazon Logistics,2025-03-26,,Cancelled
SHP000288,ORD000288,DTDC,2025-02-13,2025-02-17,Delivered
SHP000289,ORD000289,Amazon Logistics,2025-04-12,2025-04-18,Delivered
SHP000290,ORD000290,DTDC,2025-05-15,,Shipped
SHP000291,ORD000291,Ekart,2025-02-09,2025-02-15,Delivered
SHP000292,ORD000292,XpressBees,2025-03-17,2025-03-21,Delivered
SHP000293,ORD000293,DTDC,2025-06-16,2025-06-21,Delivered
SHP000294,ORD000294,Delhivery,2025-03-18,2025-03-22,Delivered
SHP000295,ORD000295,Amazon Logistics,2025-06-25,,Pending
SHP000296,ORD000296,DTDC,2025-01-09,2025-01-14,Delivered
SHP000297,ORD000297,BlueDart,2025-05-14,2025-05-17,Delivered
SHP000298,ORD000298,Amazon Logistics,2025-05-13,,Processing
SHP000299,ORD000299,Ekart,2025-04-30,,Processing
SHP000300,ORD000300,DTDC,2025-06-08,2025-06-11,Delivered
SHP000301,ORD000301,Ekart,2025-06-26,2025-07-01,Delivered
SHP000302,ORD000302,Delhivery,2025-05-05,,Shipped
SHP000303,ORD000303,XpressBees,2025-02-18,2025-02-20,Delivered
SHP000304,ORD000304,DTDC,2025-03-21,2025-03-27,Delivered
SHP000305,ORD000305,Ekart,2025-01-31,,Shipped
SHP000306,ORD000306,BlueDart,2025-02-22,2025-02-25,Delivered
SHP000307,ORD000307,DTDC,2025-01-16,2025-01-21,Delivered
SHP000308,ORD000308,BlueDart,2025-04-20,,Shipped
SHP000309,ORD000309,Amazon Logistics,2025-04-10,2025-04-12,Delivered
SHP000310,ORD000310,XpressBees,2025-01-06,2025-01-12,Delivered
SHP000311,ORD000311,XpressBees,2025-01-28,2025-01-30,Delivered
SHP000312,ORD000312,DTDC,2025-06-12,,Processing
SHP000313,ORD000313,Ekart,2025-07-01,2025-07-07,Delivered
SHP000314,ORD000314,DTDC,2025-03-21,,Processing
SHP000315,ORD000315,Delhivery,2025-06-05,2025-06-07,Delivered
SHP000316,ORD000316,Ekart,2025-01-19,2025-01-22,Delivered
SHP000317,ORD000317,XpressBees,2025-04-28,,Shipped
SHP000318,ORD000318,Delhivery,2025-04-23,2025-04-27,Delivered
SHP000319,ORD000319,BlueDart,2025-01-25,,Shipped
SHP000320,ORD000320,XpressBees,2025-03-27,2025-04-02,Delivered
SHP000321,ORD000321,Delhivery,2025-05-03,2025-05-06,Delivered
SHP000322,ORD000322,Amazon Logistics,2025-02-04,2025-02-07,Delivered
SHP000323,ORD000323,Ekart,2025-04-26,2025-04-29,Delivered
SHP000324,ORD000324,BlueDart,2025-02-17,2025-02-21,Delivered
SHP000325,ORD000325,Amazon Logistics,2025-02-11,2025-02-15,Delivered
SHP000326,ORD000326,BlueDart,2025-05-24,2025-05-26,Delivered
SHP000327,ORD000327,Amazon Logistics,2025-03-06,,Shipped
SHP000328,ORD000328,BlueDart,2025-02-27,2025-03-03,Delivered
SHP000329,ORD000329,Ekart,2025-04-08,2025-04-10,Delivered
SHP000330,ORD000330,Ekart,2025-01-11,,Cancelled
SHP000331,ORD000331,Amazon Logistics,2025-02-13,2025-02-18,Delivered
SHP000332,ORD000332,DTDC,2025-03-14,,Cancelled
SHP000333,ORD000333,Delhivery,2025-02-09,,Cancelled
SHP000334,ORD000334,Delhivery,2025-04-10,2025-04-12,Delivered
SHP000335,ORD000335,BlueDart,2025-04-25,2025-04-30,Delivered
SHP000336,ORD000336,Delhivery,2025-04-21,,Processing
SHP000337,ORD000337,Amazon Logistics,2025-06-14,,Shipped
SHP000338,ORD000338,Amazon Logistics,2025-06-01,,Processing
SHP000339,ORD000339,BlueDart,2025-02-21,,Cancelled
SHP000340,ORD000340,DTDC,2025-06-22,2025-06-28,Delivered
SHP000341,ORD000341,Delhivery,2025-04-19,2025-04-22,Delivered
SHP000342,ORD000342,BlueDart,2025-04-14,2025-04-17,Delivered
SHP000343,ORD000343,DTDC,2025-05-19,2025-05-23,Delivered
SHP000344,ORD000344,BlueDart,2025-06-14,2025-06-16,Delivered
SHP000345,ORD000345,DTDC,2025-02-01,2025-02-03,Delivered
SHP000346,ORD000346,DTDC,2025-01-19,,Shipped
SHP000347,ORD000347,Amazon Logistics,2025-02-27,2025-03-01,Delivered
SHP000348,ORD000348,Delhivery,2025-01-06,2025-01-11,Delivered
SHP000349,ORD000349,Ekart,2025-02-26,2025-03-02,Delivered
SHP000350,ORD000350,Delhivery,2025-02-08,,Cancelled
SHP000351,ORD000351,Amazon Logistics,2025-03-22,2025-03-28,Delivered
SHP000352,ORD000352,BlueDart,2025-02-22,,Pending
SHP000353,ORD000353,XpressBees,2025-03-18,2025-03-21,Delivered
SHP000354,ORD000354,Ekart,2025-06-29,,Shipped
SHP000355,ORD000355,DTDC,2025-06-03,2025-06-08,Delivered
SHP000356,ORD000356,Amazon Logistics,2025-02-23,,Shipped
SHP000357,ORD000357,XpressBees,2025-05-17,,Pending
SHP000358,ORD000358,Ekart,2025-06-10,2025-06-15,Delivered
SHP000359,ORD000359,Delhivery,2025-02-15,2025-02-20,Delivered
SHP000360,ORD000360,BlueDart,2025-05-04,2025-05-06,Delivered
SHP000361,ORD000361,BlueDart,2025-06-13,,Processing
SHP000362,ORD000362,DTDC,2025-04-29,2025-05-04,Delivered
SHP000363,ORD000363,Ekart,2025-05-21,,Shipped
SHP000364,ORD000364,Delhivery,2025-03-16,,Shipped
SHP000365,ORD000365,XpressBees,2025-06-06,2025-06-11,Delivered
SHP000366,ORD000366,Delhivery,2025-05-20,2025-05-22,Delivered
SHP000367,ORD000367,DTDC,2025-04-29,,Cancelled
SHP000368,ORD000368,Amazon Logistics,2025-06-13,,Processing
SHP000369,ORD000369,DTDC,2025-04-07,2025-04-10,Delivered
SHP000370,ORD000370,Amazon Logistics,2025-06-30,,Shipped
SHP000371,ORD000371,DTDC,2025-05-23,,Processing
SHP000372,ORD000372,Ekart,2025-01-20,,Processing
SHP000373,ORD000373,Ekart,2025-01-05,2025-01-08,Delivered
SHP000374,ORD000374,DTDC,2025-04-26,2025-04-29,Delivered
SHP000375,ORD000375,DTDC,2025-04-12,2025-04-17,Delivered
SHP000376,ORD000376,Delhivery,2025-03-17,,Processing
SHP000377,ORD000377,BlueDart,2025-01-23,2025-01-25,Delivered
SHP000378,ORD000378,BlueDart,2025-05-29,2025-06-01,Delivered
SHP000379,ORD000379,XpressBees,2025-06-27,2025-07-02,Delivered
SHP000380,ORD000380,XpressBees,2025-03-23,,Shipped
SHP000381,ORD000381,Delhivery,2025-04-09,2025-04-15,Delivered
SHP000382,ORD000382,Ekart,2025-02-15,2025-02-21,Delivered
SHP000383,ORD000383,BlueDart,2025-03-10,,Pending
SHP000384,ORD000384,Ekart,2025-04-04,2025-04-06,Delivered
SHP000385,ORD000385,XpressBees,2025-02-16,2025-02-22,Delivered
SHP000386,ORD000386,Ekart,2025-03-11,2025-03-13,Delivered
SHP000387,ORD000387,XpressBees,2025-02-14,2025-02-19,Delivered
SHP000388,ORD000388,Amazon Logistics,2025-03-01,,Shipped
SHP000389,ORD000389,XpressBees,2025-02-03,2025-02-05,Delivered
SHP000390,ORD000390,BlueDart,2025-05-25,,Processing
SHP000391,ORD000391,Delhivery,2025-06-29,,Processing
SHP000392,ORD000392,Amazon Logistics,2025-03-04,,Processing
SHP000393,ORD000393,BlueDart,2025-06-30,2025-07-03,Delivered
SHP000394,ORD000394,Ekart,2025-02-21,2025-02-27,Delivered
SHP000395,ORD000395,DTDC,2025-03-11,2025-03-17,Delivered
SHP000396,ORD000396,Ekart,2025-04-29,2025-05-05,Delivered
SHP000397,ORD000397,Amazon Logistics,2025-05-31,,Shipped
SHP000398,ORD000398,Amazon Logistics,2025-05-16,2025-05-19,Delivered
SHP000399,ORD000399,Ekart,2025-01-15,2025-01-20,Delivered
SHP000400,ORD000400,Ekart,2025-01-14,2025-01-19,Delivered
SHP000401,ORD000401,Amazon Logistics,2025-02-02,2025-02-08,Delivered
SHP000402,ORD000402,Delhivery,2025-01-25,2025-01-28,Delivered
SHP000403,ORD000403,Ekart,2025-03-18,2025-03-20,Delivered
SHP000404,ORD000404,Delhivery,2025-01-26,,Shipped
SHP000405,ORD000405,DTDC,2025-04-03,,Shipped
SHP000406,ORD000406,Ekart,2025-04-20,2025-04-23,Delivered
SHP000407,ORD000407,XpressBees,2025-04-18,2025-04-24,Delivered
SHP000408,ORD000408,XpressBees,2025-01-11,,Shipped
SHP000409,ORD000409,Amazon Logistics,2025-06-23,2025-06-29,Delivered
SHP000410,ORD000410,BlueDart,2025-02-07,2025-02-10,Delivered
SHP000411,ORD000411,XpressBees,2025-03-11,2025-03-13,Delivered
SHP000412,ORD000412,Delhivery,2025-04-14,2025-04-16,Delivered
SHP000413,ORD000413,XpressBees,2025-05-13,2025-05-18,Delivered
SHP000414,ORD000414,BlueDart,2025-03-11,2025-03-15,Delivered
SHP000415,ORD000415,Ekart,2025-03-25,2025-03-31,Delivered
SHP000416,ORD000416,DTDC,2025-06-29,2025-07-01,Delivered
SHP000417,ORD000417,BlueDart,2025-05-03,2025-05-06,Delivered
SHP000418,ORD000418,XpressBees,2025-06-16,2025-06-20,Delivered
SHP000419,ORD000419,DTDC,2025-06-03,2025-06-09,Delivered
SHP000420,ORD000420,Delhivery,2025-04-03,2025-04-08,Delivered
SHP000421,ORD000421,Amazon Logistics,2025-06-30,,Shipped
SHP000422,ORD000422,XpressBees,2025-06-16,2025-06-19,Delivered
SHP000423,ORD000423,XpressBees,2025-03-16,2025-03-18,Delivered
SHP000424,ORD000424,XpressBees,2025-03-22,2025-03-26,Delivered
SHP000425,ORD000425,Amazon Logistics,2025-05-10,2025-05-14,Delivered
SHP000426,ORD000426,BlueDart,2025-03-11,2025-03-13,Delivered
SHP000427,ORD000427,XpressBees,2025-05-27,,Shipped
SHP000428,ORD000428,DTDC,2025-03-26,2025-03-31,Delivered
SHP000429,ORD000429,BlueDart,2025-03-30,,Processing
SHP000430,ORD000430,Delhivery,2025-03-28,,Processing
SHP000431,ORD000431,DTDC,2025-04-19,2025-04-21,Delivered
SHP000432,ORD000432,DTDC,2025-02-03,,Pending
SHP000433,ORD000433,Delhivery,2025-05-15,,Pending
SHP000434,ORD000434,Ekart,2025-04-26,2025-04-30,Delivered
SHP000435,ORD000435,BlueDart,2025-03-25,2025-03-27,Delivered
SHP000436,ORD000436,DTDC,2025-04-02,2025-04-06,Delivered
SHP000437,ORD000437,Delhivery,2025-03-04,,Shipped
SHP000438,ORD000438,Delhivery,2025-01-18,2025-01-23,Delivered
SHP000439,ORD000439,XpressBees,2025-02-14,2025-02-20,Delivered
SHP000440,ORD000440,XpressBees,2025-03-25,2025-03-27,Delivered
SHP000441,ORD000441,Ekart,2025-06-16,2025-06-19,Delivered
SHP000442,ORD000442,XpressBees,2025-06-30,2025-07-05,Delivered
SHP000443,ORD000443,Ekart,2025-03-09,2025-03-13,Delivered
SHP000444,ORD000444,Ekart,2025-03-27,2025-03-29,Delivered
SHP000445,ORD000445,Amazon Logistics,2025-05-15,2025-05-18,Delivered
SHP000446,ORD000446,Amazon Logistics,2025-03-06,2025-03-09,Delivered
SHP000447,ORD000447,Delhivery,2025-03-23,2025-03-29,Delivered
SHP000448,ORD000448,Delhivery,2025-02-11,2025-02-14,Delivered
SHP000449,ORD000449,DTDC,2025-02-05,2025-02-11,Delivered
SHP000450,ORD000450,Amazon Logistics,2025-03-27,2025-04-02,Delivered
SHP000451,ORD000451,BlueDart,2025-04-07,,Cancelled
SHP000452,ORD000452,XpressBees,2025-06-27,2025-07-03,Delivered
SHP000453,ORD000453,XpressBees,2025-01-24,2025-01-30,Delivered
SHP000454,ORD000454,Delhivery,2025-01-03,2025-01-05,Delivered
SHP000455,ORD000455,DTDC,2025-05-11,2025-05-17,Delivered
SHP000456,ORD000456,XpressBees,2025-03-01,2025-03-06,Delivered
SHP000457,ORD000457,BlueDart,2025-01-05,2025-01-10,Delivered
SHP000458,ORD000458,Delhivery,2025-06-22,2025-06-24,Delivered
SHP000459,ORD000459,DTDC,2025-03-28,2025-04-01,Delivered
SHP000460,ORD000460,Delhivery,2025-03-07,,Processing
SHP000461,ORD000461,Amazon Logistics,2025-06-26,,Shipped
SHP000462,ORD000462,XpressBees,2025-04-18,,Shipped
SHP000463,ORD000463,BlueDart,2025-06-28,2025-06-30,Delivered
SHP000464,ORD000464,XpressBees,2025-05-01,,Shipped
SHP000465,ORD000465,BlueDart,2025-06-24,,Processing
SHP000466,ORD000466,BlueDart,2025-02-02,2025-02-04,Delivered
SHP000467,ORD000467,Delhivery,2025-06-18,,Processing
SHP000468,ORD000468,Ekart,2025-06-16,2025-06-20,Delivered
SHP000469,ORD000469,DTDC,2025-03-27,,Shipped
SHP000470,ORD000470,DTDC,2025-03-09,2025-03-14,Delivered
SHP000471,ORD000471,Ekart,2025-04-10,2025-04-14,Delivered
SHP000472,ORD000472,Delhivery,2025-04-01,2025-04-03,Delivered
SHP000473,ORD000473,XpressBees,2025-03-26,2025-03-31,Delivered
SHP000474,ORD000474,XpressBees,2025-02-15,2025-02-17,Delivered
SHP000475,ORD000475,Ekart,2025-02-01,2025-02-05,Delivered
SHP000476,ORD000476,Delhivery,2025-04-01,2025-04-04,Delivered
SHP000477,ORD000477,DTDC,2025-06-05,2025-06-11,Delivered
SHP000478,ORD000478,DTDC,2025-05-01,2025-05-03,Delivered
SHP000479,ORD000479,XpressBees,2025-04-21,2025-04-26,Delivered
SHP000480,ORD000480,BlueDart,2025-05-13,2025-05-19,Delivered
SHP000481,ORD000481,BlueDart,2025-03-01,,Cancelled
SHP000482,ORD000482,BlueDart,2025-01-20,2025-01-22,Delivered
SHP000483,ORD000483,Ekart,2025-02-25,2025-02-28,Delivered
SHP000484,ORD000484,Ekart,2025-02-11,2025-02-14,Delivered
SHP000485,ORD000485,XpressBees,2025-06-24,,Shipped
SHP000486,ORD000486,Amazon Logistics,2025-04-23,,Shipped
SHP000487,ORD000487,DTDC,2025-04-24,2025-04-29,Delivered
SHP000488,ORD000488,BlueDart,2025-05-12,2025-05-18,Delivered
SHP000489,ORD000489,BlueDart,2025-05-22,2025-05-25,Delivered
SHP000490,ORD000490,Delhivery,2025-02-22,2025-02-28,Delivered
SHP000491,ORD000491,Ekart,2025-03-01,2025-03-05,Delivered
SHP000492,ORD000492,DTDC,2025-06-22,,Processing
SHP000493,ORD000493,Delhivery,2025-04-01,,Processing
SHP000494,ORD000494,Delhivery,2025-03-07,2025-03-09,Delivered
SHP000495,ORD000495,Amazon Logistics,2025-04-18,,Processing
SHP000496,ORD000496,DTDC,2025-01-12,,Shipped
SHP000497,ORD000497,DTDC,2025-02-10,2025-02-12,Delivered
SHP000498,ORD000498,Amazon Logistics,2025-02-03,2025-02-06,Delivered
SHP000499,ORD000499,DTDC,2025-06-30,2025-07-04,Delivered
SHP000500,ORD000500,Amazon Logistics,2025-02-10,2025-02-13,Delivered
SHP000501,ORD000501,BlueDart,2025-03-16,2025-03-19,Delivered
SHP000502,ORD000502,Amazon Logistics,2025-06-24,,Shipped
SHP000503,ORD000503,BlueDart,2025-06-22,2025-06-27,Delivered
SHP000504,ORD000504,Ekart,2025-04-26,2025-04-29,Delivered
SHP000505,ORD000505,BlueDart,2025-04-21,2025-04-24,Delivered
SHP000506,ORD000506,Amazon Logistics,2025-04-03,2025-04-07,Delivered
SHP000507,ORD000507,Delhivery,2025-03-24,2025-03-28,Delivered
SHP000508,ORD000508,Ekart,2025-03-10,,Shipped
SHP000509,ORD000509,BlueDart,2025-05-10,2025-05-12,Delivered
SHP000510,ORD000510,Amazon Logistics,2025-04-17,2025-04-19,Delivered
SHP000511,ORD000511,Delhivery,2025-05-15,2025-05-17,Delivered
SHP000512,ORD000512,Amazon Logistics,2025-02-06,,Processing
SHP000513,ORD000513,BlueDart,2025-03-26,2025-03-29,Delivered
SHP000514,ORD000514,DTDC,2025-03-11,,Pending
SHP000515,ORD000515,XpressBees,2025-06-16,2025-06-18,Delivered
SHP000516,ORD000516,BlueDart,2025-06-23,2025-06-25,Delivered
SHP000517,ORD000517,Ekart,2025-05-01,,Processing
SHP000518,ORD000518,XpressBees,2025-04-25,2025-05-01,Delivered
SHP000519,ORD000519,XpressBees,2025-01-31,2025-02-02,Delivered
SHP000520,ORD000520,Ekart,2025-04-19,,Pending
SHP000521,ORD000521,Ekart,2025-04-21,,Processing
SHP000522,ORD000522,Amazon Logistics,2025-04-02,2025-04-07,Delivered
SHP000523,ORD000523,Ekart,2025-04-28,,Shipped
SHP000524,ORD000524,XpressBees,2025-04-19,2025-04-24,Delivered
SHP000525,ORD000525,DTDC,2025-02-02,,Processing
SHP000526,ORD000526,BlueDart,2025-06-18,2025-06-24,Delivered
SHP000527,ORD000527,Ekart,2025-01-22,,Shipped
SHP000528,ORD000528,BlueDart,2025-06-25,2025-07-01,Delivered
SHP000529,ORD000529,Ekart,2025-05-26,2025-05-29,Delivered
SHP000530,ORD000530,XpressBees,2025-03-27,,Shipped
SHP000531,ORD000531,Ekart,2025-05-16,2025-05-18,Delivered
SHP000532,ORD000532,Delhivery,2025-05-02,2025-05-07,Delivered
SHP000533,ORD000533,BlueDart,2025-04-13,,Cancelled
SHP000534,ORD000534,DTDC,2025-06-09,2025-06-13,Delivered
SHP000535,ORD000535,Amazon Logistics,2025-01-07,2025-01-09,Delivered
SHP000536,ORD000536,Delhivery,2025-04-01,2025-04-07,Delivered
SHP000537,ORD000537,Delhivery,2025-03-31,2025-04-04,Delivered
SHP000538,ORD000538,Amazon Logistics,2025-01-07,2025-01-13,Delivered
SHP000539,ORD000539,DTDC,2025-01-22,,Shipped
SHP000540,ORD000540,XpressBees,2025-02-13,,Cancelled
SHP000541,ORD000541,Amazon Logistics,2025-04-20,2025-04-22,Delivered
SHP000542,ORD000542,XpressBees,2025-04-16,,Pending
SHP000543,ORD000543,Ekart,2025-06-27,2025-07-03,Delivered
SHP000544,ORD000544,DTDC,2025-02-21,2025-02-26,Delivered
SHP000545,ORD000545,Amazon Logistics,2025-06-18,2025-06-23,Delivered
SHP000546,ORD000546,Delhivery,2025-06-13,2025-06-19,Delivered
SHP000547,ORD000547,XpressBees,2025-01-20,,Shipped
SHP000548,ORD000548,XpressBees,2025-03-04,,Processing
SHP000549,ORD000549,BlueDart,2025-01-05,,Processing
SHP000550,ORD000550,BlueDart,2025-04-20,2025-04-22,Delivered
SHP000551,ORD000551,Amazon Logistics,2025-07-01,2025-07-04,Delivered
SHP000552,ORD000552,Amazon Logistics,2025-02-01,,Pending
SHP000553,ORD000553,XpressBees,2025-06-02,2025-06-06,Delivered
SHP000554,ORD000554,DTDC,2025-04-18,2025-04-24,Delivered
SHP000555,ORD000555,BlueDart,2025-05-28,2025-06-02,Delivered
SHP000556,ORD000556,Ekart,2025-06-30,2025-07-03,Delivered
SHP000557,ORD000557,BlueDart,2025-02-03,,Pending
SHP000558,ORD000558,DTDC,2025-02-22,2025-02-24,Returned
SHP000559,ORD000559,BlueDart,2025-06-14,2025-06-20,Delivered
SHP000560,ORD000560,BlueDart,2025-02-07,2025-02-11,Delivered
SHP000561,ORD000561,BlueDart,2025-07-01,2025-07-06,Delivered
SHP000562,ORD000562,Amazon Logistics,2025-04-19,2025-04-21,Delivered
SHP000563,ORD000563,Delhivery,2025-06-25,,Cancelled
SHP000564,ORD000564,XpressBees,2025-05-07,2025-05-09,Delivered
SHP000565,ORD000565,Delhivery,2025-01-13,2025-01-19,Delivered
SHP000566,ORD000566,DTDC,2025-05-07,2025-05-09,Delivered
SHP000567,ORD000567,Ekart,2025-01-24,2025-01-26,Delivered
SHP000568,ORD000568,DTDC,2025-01-17,2025-01-19,Delivered
SHP000569,ORD000569,XpressBees,2025-01-15,2025-01-19,Delivered
SHP000570,ORD000570,Amazon Logistics,2025-05-22,2025-05-24,Delivered
SHP000571,ORD000571,Delhivery,2025-02-06,2025-02-11,Delivered
SHP000572,ORD000572,BlueDart,2025-01-03,2025-01-09,Delivered
SHP000573,ORD000573,BlueDart,2025-05-01,2025-05-07,Delivered
SHP000574,ORD000574,DTDC,2025-06-16,2025-06-22,Delivered
SHP000575,ORD000575,Delhivery,2025-02-12,,Processing
SHP000576,ORD000576,BlueDart,2025-06-15,,Pending
SHP000577,ORD000577,DTDC,2025-06-02,2025-06-08,Delivered
SHP000578,ORD000578,DTDC,2025-01-17,2025-01-22,Delivered
SHP000579,ORD000579,Delhivery,2025-03-09,2025-03-14,Delivered
SHP000580,ORD000580,BlueDart,2025-02-25,2025-02-28,Delivered
SHP000581,ORD000581,BlueDart,2025-04-22,2025-04-28,Delivered
SHP000582,ORD000582,Amazon Logistics,2025-06-10,2025-06-12,Delivered
SHP000583,ORD000583,BlueDart,2025-04-22,2025-04-26,Delivered
SHP000584,ORD000584,Ekart,2025-03-15,2025-03-18,Delivered
SHP000585,ORD000585,DTDC,2025-06-04,2025-06-10,Delivered
SHP000586,ORD000586,Amazon Logistics,2025-01-14,2025-01-17,Delivered
SHP000587,ORD000587,Amazon Logistics,2025-03-16,2025-03-20,Delivered
SHP000588,ORD000588,XpressBees,2025-02-20,,Processing
SHP000589,ORD000589,Amazon Logistics,2025-04-20,2025-04-25,Delivered
SHP000590,ORD000590,DTDC,2025-03-19,,Processing
SHP000591,ORD000591,Delhivery,2025-05-02,2025-05-04,Returned
SHP000592,ORD000592,Delhivery,2025-05-10,,Shipped
SHP000593,ORD000593,Ekart,2025-02-12,2025-02-16,Delivered
SHP000594,ORD000594,Amazon Logistics,2025-03-25,2025-03-29,Delivered
SHP000595,ORD000595,DTDC,2025-06-11,2025-06-14,Delivered
SHP000596,ORD000596,DTDC,2025-04-10,,Processing
SHP000597,ORD000597,DTDC,2025-04-18,,Processing
SHP000598,ORD000598,Amazon Logistics,2025-05-29,2025-06-02,Delivered
SHP000599,ORD000599,XpressBees,2025-03-29,2025-04-04,Delivered
SHP000600,ORD000600,Delhivery,2025-02-03,,Shipped
SHP000601,ORD000601,Ekart,2025-02-01,2025-02-05,Delivered
SHP000602,ORD000602,XpressBees,2025-01-07,,Shipped
SHP000603,ORD000603,Ekart,2025-05-11,,Shipped
SHP000604,ORD000604,Delhivery,2025-01-29,2025-02-04,Delivered
SHP000605,ORD000605,Delhivery,2025-03-04,2025-03-06,Delivered
SHP000606,ORD000606,Delhivery,2025-01-19,,Processing
SHP000607,ORD000607,DTDC,2025-03-26,2025-04-01,Delivered
SHP000608,ORD000608,Ekart,2025-03-02,2025-03-05,Delivered
SHP000609,ORD000609,DTDC,2025-02-27,2025-03-04,Delivered
SHP000610,ORD000610,Ekart,2025-02-25,2025-03-03,Delivered
SHP000611,ORD000611,Amazon Logistics,2025-06-16,2025-06-21,Delivered
SHP000612,ORD000612,BlueDart,2025-05-07,2025-05-09,Delivered
SHP000613,ORD000613,Amazon Logistics,2025-01-28,2025-02-01,Delivered
SHP000614,ORD000614,DTDC,2025-05-19,2025-05-21,Delivered
SHP000615,ORD000615,Delhivery,2025-01-10,2025-01-15,Delivered
SHP000616,ORD000616,DTDC,2025-05-09,2025-05-12,Delivered
SHP000617,ORD000617,Delhivery,2025-02-01,,Pending
SHP000618,ORD000618,XpressBees,2025-04-17,2025-04-22,Delivered
SHP000619,ORD000619,DTDC,2025-04-25,,Cancelled
SHP000620,ORD000620,Ekart,2025-04-26,2025-04-29,Delivered
SHP000621,ORD000621,BlueDart,2025-02-02,,Processing
SHP000622,ORD000622,DTDC,2025-02-14,2025-02-19,Delivered
SHP000623,ORD000623,Amazon Logistics,2025-03-13,,Shipped
SHP000624,ORD000624,Amazon Logistics,2025-03-14,2025-03-19,Delivered
SHP000625,ORD000625,BlueDart,2025-03-20,,Pending
SHP000626,ORD000626,BlueDart,2025-04-29,,Shipped
SHP000627,ORD000627,Ekart,2025-03-04,2025-03-06,Delivered
SHP000628,ORD000628,XpressBees,2025-01-10,2025-01-15,Delivered
SHP000629,ORD000629,DTDC,2025-01-19,2025-01-23,Returned
SHP000630,ORD000630,XpressBees,2025-05-20,2025-05-24,Delivered
SHP000631,ORD000631,DTDC,2025-01-25,2025-01-31,Delivered
SHP000632,ORD000632,Ekart,2025-06-11,2025-06-14,Delivered
SHP000633,ORD000633,XpressBees,2025-05-27,2025-06-01,Delivered
SHP000634,ORD000634,Amazon Logistics,2025-02-20,2025-02-24,Delivered
SHP000635,ORD000635,BlueDart,2025-06-14,2025-06-18,Delivered
SHP000636,ORD000636,Amazon Logistics,2025-01-24,2025-01-30,Delivered
SHP000637,ORD000637,Amazon Logistics,2025-01-12,2025-01-17,Delivered
SHP000638,ORD000638,BlueDart,2025-05-24,2025-05-27,Delivered
SHP000639,ORD000639,DTDC,2025-05-18,2025-05-22,Delivered
SHP000640,ORD000640,Ekart,2025-06-30,2025-07-04,Delivered
SHP000641,ORD000641,BlueDart,2025-05-06,2025-05-10,Delivered
SHP000642,ORD000642,BlueDart,2025-03-28,2025-03-30,Delivered
SHP000643,ORD000643,Amazon Logistics,2025-01-05,2025-01-08,Delivered
SHP000644,ORD000644,DTDC,2025-01-22,,Cancelled
SHP000645,ORD000645,DTDC,2025-02-10,2025-02-16,Delivered
SHP000646,ORD000646,Delhivery,2025-03-02,,Processing
SHP000647,ORD000647,BlueDart,2025-05-28,2025-06-03,Delivered
SHP000648,ORD000648,Delhivery,2025-03-16,2025-03-22,Delivered
SHP000649,ORD000649,DTDC,2025-06-15,2025-06-18,Delivered
SHP000650,ORD000650,Delhivery,2025-02-11,2025-02-14,Delivered
SHP000651,ORD000651,XpressBees,2025-05-29,2025-06-04,Delivered
SHP000652,ORD000652,Amazon Logistics,2025-02-03,2025-02-09,Delivered
SHP000653,ORD000653,Amazon Logistics,2025-01-08,2025-01-10,Delivered
SHP000654,ORD000654,XpressBees,2025-05-30,,Processing
SHP000655,ORD000655,Ekart,2025-06-04,2025-06-09,Delivered
SHP000656,ORD000656,Amazon Logistics,2025-04-05,2025-04-09,Delivered
SHP000657,ORD000657,XpressBees,2025-02-26,2025-03-04,Delivered
SHP000658,ORD000658,XpressBees,2025-02-16,2025-02-19,Delivered
SHP000659,ORD000659,Ekart,2025-04-11,,Shipped
SHP000660,ORD000660,Ekart,2025-01-12,2025-01-16,Delivered
SHP000661,ORD000661,Ekart,2025-03-16,2025-03-19,Delivered
SHP000662,ORD000662,Amazon Logistics,2025-01-25,2025-01-28,Delivered
SHP000663,ORD000663,Delhivery,2025-05-22,2025-05-24,Delivered
SHP000664,ORD000664,Delhivery,2025-03-31,,Pending
SHP000665,ORD000665,DTDC,2025-04-14,2025-04-19,Delivered
SHP000666,ORD000666,Amazon Logistics,2025-03-01,2025-03-05,Delivered
SHP000667,ORD000667,Ekart,2025-04-10,2025-04-14,Delivered
SHP000668,ORD000668,BlueDart,2025-05-31,2025-06-03,Delivered
SHP000669,ORD000669,Amazon Logistics,2025-06-27,,Processing
SHP000670,ORD000670,DTDC,2025-03-15,,Processing
SHP000671,ORD000671,Ekart,2025-03-30,2025-04-03,Delivered
SHP000672,ORD000672,Amazon Logistics,2025-05-09,,Shipped
SHP000673,ORD000673,BlueDart,2025-01-14,,Processing
SHP000674,ORD000674,XpressBees,2025-02-19,2025-02-25,Delivered
SHP000675,ORD000675,BlueDart,2025-06-20,2025-06-22,Delivered
SHP000676,ORD000676,Ekart,2025-04-21,,Shipped
SHP000677,ORD000677,DTDC,2025-05-02,,Processing
SHP000678,ORD000678,Ekart,2025-01-26,2025-01-30,Delivered
SHP000679,ORD000679,BlueDart,2025-06-21,2025-06-27,Delivered
SHP000680,ORD000680,BlueDart,2025-02-01,,Processing
SHP000681,ORD000681,XpressBees,2025-01-08,2025-01-13,Delivered
SHP000682,ORD000682,Delhivery,2025-01-27,2025-01-31,Delivered
SHP000683,ORD000683,DTDC,2025-03-26,2025-03-31,Delivered
SHP000684,ORD000684,BlueDart,2025-01-26,2025-01-28,Delivered
SHP000685,ORD000685,XpressBees,2025-06-17,,Pending
SHP000686,ORD000686,DTDC,2025-04-29,,Shipped
SHP000687,ORD000687,BlueDart,2025-02-04,2025-02-07,Delivered
SHP000688,ORD000688,BlueDart,2025-06-02,2025-06-08,Delivered
SHP000689,ORD000689,Delhivery,2025-02-12,,Cancelled
SHP000690,ORD000690,BlueDart,2025-02-02,2025-02-04,Delivered
SHP000691,ORD000691,DTDC,2025-05-25,2025-05-27,Delivered
SHP000692,ORD000692,Ekart,2025-05-07,2025-05-10,Delivered
SHP000693,ORD000693,BlueDart,2025-06-11,,Shipped
SHP000694,ORD000694,Amazon Logistics,2025-01-05,2025-01-09,Delivered
SHP000695,ORD000695,BlueDart,2025-06-01,2025-06-06,Delivered
SHP000696,ORD000696,Amazon Logistics,2025-06-22,2025-06-26,Delivered
SHP000697,ORD000697,Amazon Logistics,2025-02-03,2025-02-07,Delivered
SHP000698,ORD000698,Ekart,2025-05-31,,Cancelled
SHP000699,ORD000699,XpressBees,2025-05-05,2025-05-08,Delivered
SHP000700,ORD000700,Ekart,2025-02-05,2025-02-08,Delivered
SHP000701,ORD000701,Delhivery,2025-06-08,2025-06-10,Delivered
SHP000702,ORD000702,BlueDart,2025-06-18,2025-06-20,Delivered
SHP000703,ORD000703,Delhivery,2025-05-09,,Processing
SHP000704,ORD000704,DTDC,2025-03-29,,Shipped
SHP000705,ORD000705,XpressBees,2025-03-24,2025-03-26,Delivered
SHP000706,ORD000706,XpressBees,2025-01-15,2025-01-21,Delivered
SHP000707,ORD000707,Amazon Logistics,2025-05-25,2025-05-27,Delivered
SHP000708,ORD000708,DTDC,2025-02-16,,Pending
SHP000709,ORD000709,BlueDart,2025-04-26,2025-05-02,Delivered
SHP000710,ORD000710,BlueDart,2025-03-03,2025-03-09,Delivered
SHP000711,ORD000711,Amazon Logistics,2025-06-11,2025-06-15,Delivered
SHP000712,ORD000712,Delhivery,2025-03-21,2025-03-23,Delivered
SHP000713,ORD000713,Ekart,2025-03-20,,Shipped
SHP000714,ORD000714,Amazon Logistics,2025-01-06,2025-01-12,Delivered
SHP000715,ORD000715,DTDC,2025-04-26,2025-05-02,Delivered
SHP000716,ORD000716,BlueDart,2025-05-30,,Cancelled
SHP000717,ORD000717,DTDC,2025-02-28,,Shipped
SHP000718,ORD000718,Delhivery,2025-03-21,2025-03-27,Delivered
SHP000719,ORD000719,Ekart,2025-04-13,,Processing
SHP000720,ORD000720,Amazon Logistics,2025-01-15,,Processing
SHP000721,ORD000721,Amazon Logistics,2025-04-02,2025-04-06,Delivered
SHP000722,ORD000722,XpressBees,2025-01-14,2025-01-19,Delivered
SHP000723,ORD000723,Ekart,2025-05-07,,Processing
SHP000724,ORD000724,Amazon Logistics,2025-04-09,2025-04-13,Delivered
SHP000725,ORD000725,BlueDart,2025-06-13,2025-06-15,Delivered
SHP000726,ORD000726,Delhivery,2025-02-22,2025-02-24,Delivered
SHP000727,ORD000727,Ekart,2025-01-16,2025-01-19,Delivered
SHP000728,ORD000728,Delhivery,2025-02-26,2025-02-28,Delivered
SHP000729,ORD000729,XpressBees,2025-01-27,2025-01-30,Returned
SHP000730,ORD000730,Delhivery,2025-04-21,2025-04-23,Delivered
SHP000731,ORD000731,Delhivery,2025-05-27,2025-06-01,Delivered
SHP000732,ORD000732,BlueDart,2025-05-29,,Pending
SHP000733,ORD000733,XpressBees,2025-04-06,,Processing
SHP000734,ORD000734,DTDC,2025-06-11,2025-06-17,Delivered
SHP000735,ORD000735,Ekart,2025-05-21,2025-05-23,Delivered
SHP000736,ORD000736,Amazon Logistics,2025-04-21,2025-04-24,Delivered
SHP000737,ORD000737,DTDC,2025-01-07,2025-01-09,Delivered
SHP000738,ORD000738,DTDC,2025-01-28,2025-02-01,Delivered
SHP000739,ORD000739,XpressBees,2025-06-25,2025-06-29,Delivered
SHP000740,ORD000740,DTDC,2025-03-01,2025-03-05,Delivered
SHP000741,ORD000741,Ekart,2025-01-22,2025-01-27,Delivered
SHP000742,ORD000742,Ekart,2025-02-22,2025-02-25,Delivered
SHP000743,ORD000743,Ekart,2025-06-04,2025-06-07,Delivered
SHP000744,ORD000744,Ekart,2025-01-17,,Shipped
SHP000745,ORD000745,Ekart,2025-06-17,2025-06-20,Delivered
SHP000746,ORD000746,DTDC,2025-01-15,2025-01-20,Delivered
SHP000747,ORD000747,DTDC,2025-04-14,,Processing
SHP000748,ORD000748,DTDC,2025-06-12,,Processing
SHP000749,ORD000749,Delhivery,2025-02-18,,Shipped
SHP000750,ORD000750,Ekart,2025-06-29,,Shipped
SHP000751,ORD000751,Delhivery,2025-01-14,2025-01-20,Delivered
SHP000752,ORD000752,Delhivery,2025-02-16,,Processing
SHP000753,ORD000753,DTDC,2025-06-15,2025-06-19,Delivered
SHP000754,ORD000754,XpressBees,2025-04-03,2025-04-09,Delivered
SHP000755,ORD000755,DTDC,2025-05-18,,Cancelled
SHP000756,ORD000756,Ekart,2025-06-13,,Pending
SHP000757,ORD000757,Delhivery,2025-06-05,2025-06-10,Delivered
SHP000758,ORD000758,XpressBees,2025-07-01,2025-07-07,Delivered
SHP000759,ORD000759,Ekart,2025-05-27,2025-06-01,Returned
SHP000760,ORD000760,Ekart,2025-01-23,2025-01-26,Delivered
SHP000761,ORD000761,Amazon Logistics,2025-04-14,,Processing
SHP000762,ORD000762,Amazon Logistics,2025-03-11,,Processing
SHP000763,ORD000763,Ekart,2025-05-05,,Processing
SHP000764,ORD000764,Delhivery,2025-05-31,2025-06-04,Delivered
SHP000765,ORD000765,Delhivery,2025-02-05,2025-02-08,Delivered
SHP000766,ORD000766,Delhivery,2025-06-23,2025-06-27,Returned
SHP000767,ORD000767,Amazon Logistics,2025-05-04,2025-05-07,Delivered
SHP000768,ORD000768,XpressBees,2025-04-13,2025-04-19,Delivered
SHP000769,ORD000769,BlueDart,2025-02-12,2025-02-14,Delivered
SHP000770,ORD000770,Delhivery,2025-05-28,,Pending
SHP000771,ORD000771,Ekart,2025-01-05,2025-01-11,Delivered
SHP000772,ORD000772,Delhivery,2025-05-31,2025-06-05,Delivered
SHP000773,ORD000773,XpressBees,2025-05-12,2025-05-18,Delivered
SHP000774,ORD000774,XpressBees,2025-03-10,,Shipped
SHP000775,ORD000775,Ekart,2025-03-26,2025-03-30,Delivered
SHP000776,ORD000776,DTDC,2025-03-04,2025-03-08,Delivered
SHP000777,ORD000777,DTDC,2025-05-07,,Cancelled
SHP000778,ORD000778,Ekart,2025-06-30,2025-07-02,Delivered
SHP000779,ORD000779,Delhivery,2025-07-01,2025-07-04,Delivered
SHP000780,ORD000780,Amazon Logistics,2025-02-05,2025-02-07,Delivered
SHP000781,ORD000781,Amazon Logistics,2025-05-12,,Shipped
SHP000782,ORD000782,DTDC,2025-02-19,2025-02-23,Delivered
SHP000783,ORD000783,DTDC,2025-05-05,2025-05-09,Delivered
SHP000784,ORD000784,BlueDart,2025-06-07,2025-06-09,Delivered
SHP000785,ORD000785,Ekart,2025-05-02,2025-05-05,Delivered
SHP000786,ORD000786,Amazon Logistics,2025-01-16,2025-01-20,Delivered
SHP000787,ORD000787,BlueDart,2025-05-27,2025-06-02,Delivered
SHP000788,ORD000788,Ekart,2025-02-03,2025-02-07,Delivered
SHP000789,ORD000789,DTDC,2025-02-08,,Shipped
SHP000790,ORD000790,Delhivery,2025-05-07,2025-05-12,Delivered
SHP000791,ORD000791,Ekart,2025-02-21,2025-02-27,Delivered
SHP000792,ORD000792,DTDC,2025-06-22,2025-06-26,Delivered
SHP000793,ORD000793,Amazon Logistics,2025-07-01,,Processing
SHP000794,ORD000794,Delhivery,2025-04-13,2025-04-19,Delivered
SHP000795,ORD000795,XpressBees,2025-04-30,2025-05-05,Delivered
SHP000796,ORD000796,XpressBees,2025-03-19,2025-03-21,Delivered
SHP000797,ORD000797,Delhivery,2025-02-24,,Shipped
SHP000798,ORD000798,DTDC,2025-01-24,2025-01-26,Delivered
SHP000799,ORD000799,DTDC,2025-06-16,,Cancelled
SHP000800,ORD000800,Ekart,2025-03-14,,Shipped
SHP000801,ORD000801,Delhivery,2025-06-15,,Shipped
SHP000802,ORD000802,XpressBees,2025-05-31,2025-06-05,Delivered
SHP000803,ORD000803,XpressBees,2025-05-04,2025-05-06,Delivered
SHP000804,ORD000804,XpressBees,2025-06-13,2025-06-18,Delivered
SHP000805,ORD000805,DTDC,2025-04-17,2025-04-22,Delivered
SHP000806,ORD000806,Delhivery,2025-03-25,2025-03-27,Delivered
SHP000807,ORD000807,XpressBees,2025-02-17,2025-02-20,Delivered
SHP000808,ORD000808,Ekart,2025-02-20,2025-02-23,Returned
SHP000809,ORD000809,Ekart,2025-01-14,2025-01-16,Delivered
SHP000810,ORD000810,Amazon Logistics,2025-04-04,2025-04-06,Delivered
SHP000811,ORD000811,Ekart,2025-03-04,2025-03-09,Delivered
SHP000812,ORD000812,Ekart,2025-04-01,2025-04-04,Delivered
SHP000813,ORD000813,BlueDart,2025-04-10,2025-04-14,Delivered
SHP000814,ORD000814,BlueDart,2025-01-13,2025-01-19,Delivered
SHP000815,ORD000815,XpressBees,2025-04-25,,Shipped
SHP000816,ORD000816,Ekart,2025-04-02,,Processing
SHP000817,ORD000817,Delhivery,2025-02-17,2025-02-22,Delivered
SHP000818,ORD000818,Amazon Logistics,2025-05-22,,Processing
SHP000819,ORD000819,Ekart,2025-06-01,2025-06-05,Delivered
SHP000820,ORD000820,Delhivery,2025-05-10,,Processing
SHP000821,ORD000821,DTDC,2025-05-01,,Processing
SHP000822,ORD000822,DTDC,2025-01-29,2025-02-04,Delivered
SHP000823,ORD000823,Delhivery,2025-04-15,2025-04-17,Delivered
SHP000824,ORD000824,Ekart,2025-03-25,2025-03-29,Delivered
SHP000825,ORD000825,Amazon Logistics,2025-05-16,2025-05-19,Delivered
SHP000826,ORD000826,XpressBees,2025-03-18,2025-03-20,Delivered
SHP000827,ORD000827,XpressBees,2025-04-12,2025-04-16,Delivered
SHP000828,ORD000828,BlueDart,2025-05-08,,Processing
SHP000829,ORD000829,Delhivery,2025-04-13,2025-04-17,Delivered
SHP000830,ORD000830,XpressBees,2025-06-23,2025-06-25,Delivered
SHP000831,ORD000831,Delhivery,2025-05-29,2025-06-02,Delivered
SHP000832,ORD000832,DTDC,2025-06-23,2025-06-25,Delivered
SHP000833,ORD000833,XpressBees,2025-03-29,2025-04-04,Delivered
SHP000834,ORD000834,Amazon Logistics,2025-06-04,2025-06-09,Delivered
SHP000835,ORD000835,Amazon Logistics,2025-04-02,2025-04-07,Delivered
SHP000836,ORD000836,BlueDart,2025-04-01,2025-04-03,Delivered
SHP000837,ORD000837,BlueDart,2025-02-07,,Processing
SHP000838,ORD000838,Delhivery,2025-05-12,2025-05-15,Delivered
SHP000839,ORD000839,Delhivery,2025-03-22,2025-03-27,Delivered
SHP000840,ORD000840,Amazon Logistics,2025-03-15,2025-03-17,Delivered
SHP000841,ORD000841,Delhivery,2025-03-17,2025-03-22,Delivered
SHP000842,ORD000842,Ekart,2025-01-14,2025-01-20,Delivered
SHP000843,ORD000843,DTDC,2025-06-04,,Shipped
SHP000844,ORD000844,XpressBees,2025-04-18,2025-04-22,Delivered
SHP000845,ORD000845,BlueDart,2025-06-16,,Processing
SHP000846,ORD000846,Amazon Logistics,2025-03-01,,Processing
SHP000847,ORD000847,XpressBees,2025-06-27,2025-06-30,Delivered
SHP000848,ORD000848,Delhivery,2025-04-29,2025-05-03,Delivered
SHP000849,ORD000849,DTDC,2025-04-26,,Shipped
SHP000850,ORD000850,Ekart,2025-02-19,2025-02-22,Delivered
SHP000851,ORD000851,Amazon Logistics,2025-04-12,2025-04-18,Delivered
SHP000852,ORD000852,Delhivery,2025-06-19,2025-06-21,Delivered
SHP000853,ORD000853,Delhivery,2025-06-24,2025-06-27,Delivered
SHP000854,ORD000854,Amazon Logistics,2025-03-30,2025-04-05,Delivered
SHP000855,ORD000855,XpressBees,2025-04-08,2025-04-13,Delivered
SHP000856,ORD000856,Amazon Logistics,2025-06-28,,Shipped
SHP000857,ORD000857,DTDC,2025-06-26,2025-06-30,Delivered
SHP000858,ORD000858,DTDC,2025-01-16,2025-01-22,Returned
SHP000859,ORD000859,BlueDart,2025-04-29,,Shipped
SHP000860,ORD000860,Amazon Logistics,2025-02-23,2025-02-27,Delivered
SHP000861,ORD000861,DTDC,2025-06-21,2025-06-25,Delivered
SHP000862,ORD000862,Amazon Logistics,2025-05-05,,Cancelled
SHP000863,ORD000863,Delhivery,2025-06-29,,Cancelled
SHP000864,ORD000864,XpressBees,2025-02-13,2025-02-15,Delivered
SHP000865,ORD000865,Amazon Logistics,2025-02-22,,Cancelled
SHP000866,ORD000866,Delhivery,2025-01-28,,Processing
SHP000867,ORD000867,BlueDart,2025-06-27,,Processing
SHP000868,ORD000868,BlueDart,2025-01-26,2025-01-29,Delivered
SHP000869,ORD000869,XpressBees,2025-02-07,2025-02-09,Delivered
SHP000870,ORD000870,Delhivery,2025-02-05,2025-02-09,Delivered
SHP000871,ORD000871,DTDC,2025-03-28,2025-04-02,Delivered
SHP000872,ORD000872,DTDC,2025-02-23,2025-02-25,Delivered
SHP000873,ORD000873,Delhivery,2025-05-21,2025-05-23,Delivered
SHP000874,ORD000874,Ekart,2025-01-22,2025-01-27,Delivered
SHP000875,ORD000875,Ekart,2025-04-15,2025-04-21,Delivered
SHP000876,ORD000876,Delhivery,2025-01-05,2025-01-10,Delivered
SHP000877,ORD000877,DTDC,2025-02-03,2025-02-06,Returned
SHP000878,ORD000878,XpressBees,2025-02-27,2025-03-03,Delivered
SHP000879,ORD000879,Delhivery,2025-05-28,,Cancelled
SHP000880,ORD000880,Amazon Logistics,2025-04-11,2025-04-16,Delivered
SHP000881,ORD000881,Ekart,2025-05-16,,Processing
SHP000882,ORD000882,DTDC,2025-01-17,2025-01-21,Delivered
SHP000883,ORD000883,BlueDart,2025-05-07,2025-05-12,Delivered
SHP000884,ORD000884,DTDC,2025-06-06,,Shipped
SHP000885,ORD000885,DTDC,2025-06-22,2025-06-25,Delivered
SHP000886,ORD000886,BlueDart,2025-05-19,,Shipped
SHP000887,ORD000887,BlueDart,2025-01-15,2025-01-21,Delivered
SHP000888,ORD000888,DTDC,2025-01-26,2025-01-30,Delivered
SHP000889,ORD000889,Ekart,2025-05-01,,Cancelled
SHP000890,ORD000890,Delhivery,2025-03-08,,Cancelled
SHP000891,ORD000891,Ekart,2025-01-22,,Processing
SHP000892,ORD000892,DTDC,2025-05-09,,Shipped
SHP000893,ORD000893,Ekart,2025-03-23,2025-03-28,Delivered
SHP000894,ORD000894,Ekart,2025-03-24,,Pending
SHP000895,ORD000895,BlueDart,2025-03-15,2025-03-17,Delivered
SHP000896,ORD000896,DTDC,2025-01-20,,Processing
SHP000897,ORD000897,Delhivery,2025-02-20,,Cancelled
SHP000898,ORD000898,Delhivery,2025-06-26,2025-07-01,Delivered
SHP000899,ORD000899,BlueDart,2025-06-05,2025-06-07,Delivered
SHP000900,ORD000900,XpressBees,2025-03-29,,Shipped
SHP000901,ORD000901,XpressBees,2025-03-29,,Processing
SHP000902,ORD000902,Amazon Logistics,2025-05-25,2025-05-27,Delivered
SHP000903,ORD000903,Amazon Logistics,2025-05-06,2025-05-11,Delivered
SHP000904,ORD000904,Amazon Logistics,2025-04-20,2025-04-24,Delivered
SHP000905,ORD000905,BlueDart,2025-06-25,,Processing
SHP000906,ORD000906,Ekart,2025-02-19,2025-02-22,Delivered
SHP000907,ORD000907,Ekart,2025-01-19,2025-01-25,Returned
SHP000908,ORD000908,XpressBees,2025-04-02,2025-04-08,Delivered
SHP000909,ORD000909,BlueDart,2025-04-22,,Processing
SHP000910,ORD000910,Amazon Logistics,2025-05-12,2025-05-15,Delivered
SHP000911,ORD000911,Delhivery,2025-06-23,2025-06-27,Delivered
SHP000912,ORD000912,XpressBees,2025-03-14,2025-03-17,Delivered
SHP000913,ORD000913,Delhivery,2025-04-11,,Pending
SHP000914,ORD000914,XpressBees,2025-03-21,,Cancelled
SHP000915,ORD000915,Delhivery,2025-06-19,,Processing
SHP000916,ORD000916,Delhivery,2025-02-01,2025-02-06,Delivered
SHP000917,ORD000917,Amazon Logistics,2025-04-14,2025-04-19,Delivered
SHP000918,ORD000918,Delhivery,2025-06-13,,Cancelled
SHP000919,ORD000919,Delhivery,2025-05-08,,Shipped
SHP000920,ORD000920,Delhivery,2025-03-14,,Shipped
SHP000921,ORD000921,XpressBees,2025-02-05,2025-02-07,Delivered
SHP000922,ORD000922,DTDC,2025-03-29,2025-04-03,Returned
SHP000923,ORD000923,XpressBees,2025-05-09,2025-05-15,Delivered
SHP000924,ORD000924,BlueDart,2025-05-03,2025-05-07,Delivered
SHP000925,ORD000925,Ekart,2025-02-22,2025-02-27,Delivered
SHP000926,ORD000926,DTDC,2025-04-15,2025-04-19,Delivered
SHP000927,ORD000927,Amazon Logistics,2025-05-18,2025-05-20,Delivered
SHP000928,ORD000928,BlueDart,2025-03-28,2025-04-03,Delivered
SHP000929,ORD000929,BlueDart,2025-03-20,2025-03-25,Delivered
SHP000930,ORD000930,Amazon Logistics,2025-02-04,2025-02-10,Delivered
SHP000931,ORD000931,Delhivery,2025-04-28,2025-04-30,Delivered
SHP000932,ORD000932,BlueDart,2025-03-05,2025-03-07,Delivered
SHP000933,ORD000933,XpressBees,2025-06-19,2025-06-22,Returned
SHP000934,ORD000934,Delhivery,2025-04-20,,Shipped
SHP000935,ORD000935,Amazon Logistics,2025-03-20,,Shipped
SHP000936,ORD000936,Ekart,2025-04-26,,Processing
SHP000937,ORD000937,XpressBees,2025-04-29,,Cancelled
SHP000938,ORD000938,BlueDart,2025-05-20,2025-05-22,Delivered
SHP000939,ORD000939,DTDC,2025-05-27,,Processing
SHP000940,ORD000940,Ekart,2025-07-01,2025-07-05,Delivered
SHP000941,ORD000941,Amazon Logistics,2025-06-12,2025-06-15,Delivered
SHP000942,ORD000942,Ekart,2025-01-05,2025-01-09,Delivered
SHP000943,ORD000943,BlueDart,2025-01-24,2025-01-27,Delivered
SHP000944,ORD000944,XpressBees,2025-01-28,2025-01-31,Delivered
SHP000945,ORD000945,Delhivery,2025-01-16,2025-01-22,Delivered
SHP000946,ORD000946,DTDC,2025-01-22,2025-01-28,Delivered
SHP000947,ORD000947,Delhivery,2025-03-22,,Shipped
SHP000948,ORD000948,Amazon Logistics,2025-02-10,2025-02-15,Returned
SHP000949,ORD000949,Amazon Logistics,2025-01-02,2025-01-04,Delivered
SHP000950,ORD000950,BlueDart,2025-06-15,2025-06-17,Delivered
SHP000951,ORD000951,Ekart,2025-06-26,2025-07-01,Delivered
SHP000952,ORD000952,Ekart,2025-06-23,2025-06-26,Delivered
SHP000953,ORD000953,DTDC,2025-06-02,2025-06-04,Delivered
SHP000954,ORD000954,Amazon Logistics,2025-04-24,,Processing
SHP000955,ORD000955,DTDC,2025-06-16,2025-06-21,Delivered
SHP000956,ORD000956,Ekart,2025-06-13,2025-06-17,Returned
SHP000957,ORD000957,XpressBees,2025-02-23,2025-02-25,Delivered
SHP000958,ORD000958,Delhivery,2025-01-26,2025-01-31,Delivered
SHP000959,ORD000959,Delhivery,2025-04-27,2025-04-30,Delivered
SHP000960,ORD000960,DTDC,2025-03-18,2025-03-23,Delivered
SHP000961,ORD000961,DTDC,2025-03-10,,Pending
SHP000962,ORD000962,Delhivery,2025-06-04,2025-06-06,Delivered
SHP000963,ORD000963,DTDC,2025-01-13,2025-01-17,Delivered
SHP000964,ORD000964,BlueDart,2025-06-19,2025-06-24,Delivered
SHP000965,ORD000965,BlueDart,2025-03-23,2025-03-27,Delivered
SHP000966,ORD000966,Ekart,2025-04-10,,Processing
SHP000967,ORD000967,Delhivery,2025-03-21,2025-03-25,Delivered
SHP000968,ORD000968,XpressBees,2025-06-09,2025-06-15,Delivered
SHP000969,ORD000969,Delhivery,2025-01-14,2025-01-18,Delivered
SHP000970,ORD000970,XpressBees,2025-03-15,2025-03-20,Delivered
SHP000971,ORD000971,XpressBees,2025-03-14,2025-03-18,Delivered
SHP000972,ORD000972,XpressBees,2025-04-05,2025-04-08,Delivered
SHP000973,ORD000973,Amazon Logistics,2025-04-26,2025-05-01,Delivered
SHP000974,ORD000974,BlueDart,2025-05-09,,Processing
SHP000975,ORD000975,XpressBees,2025-05-05,2025-05-09,Delivered
SHP000976,ORD000976,Amazon Logistics,2025-02-17,2025-02-22,Delivered
SHP000977,ORD000977,DTDC,2025-05-21,2025-05-25,Delivered
SHP000978,ORD000978,Ekart,2025-05-09,2025-05-12,Delivered
SHP000979,ORD000979,Amazon Logistics,2025-03-23,2025-03-28,Delivered
SHP000980,ORD000980,Delhivery,2025-02-24,,Cancelled
SHP000981,ORD000981,XpressBees,2025-05-01,2025-05-07,Delivered
SHP000982,ORD000982,Amazon Logistics,2025-05-20,2025-05-23,Delivered
SHP000983,ORD000983,Ekart,2025-05-31,,Shipped
SHP000984,ORD000984,BlueDart,2025-04-30,2025-05-03,Delivered
SHP000985,ORD000985,Ekart,2025-04-02,,Shipped
SHP000986,ORD000986,Delhivery,2025-02-20,2025-02-26,Delivered
SHP000987,ORD000987,BlueDart,2025-03-06,,Cancelled
SHP000988,ORD000988,BlueDart,2025-05-27,,Shipped
SHP000989,ORD000989,Delhivery,2025-02-12,2025-02-15,Delivered
SHP000990,ORD000990,DTDC,2025-04-29,,Processing
SHP000991,ORD000991,XpressBees,2025-02-22,,Pending
SHP000992,ORD000992,Amazon Logistics,2025-04-29,2025-05-04,Delivered
SHP000993,ORD000993,Delhivery,2025-02-12,2025-02-14,Delivered
SHP000994,ORD000994,XpressBees,2025-04-29,,Shipped
SHP000995,ORD000995,BlueDart,2025-02-14,2025-02-18,Delivered
SHP000996,ORD000996,Ekart,2025-05-29,2025-06-03,Delivered
SHP000997,ORD000997,BlueDart,2025-06-07,2025-06-13,Delivered
SHP000998,ORD000998,Amazon Logistics,2025-05-03,2025-05-09,Delivered
SHP000999,ORD000999,DTDC,2025-03-14,2025-03-16,Delivered
SHP001000,ORD001000,XpressBees,2025-04-29,2025-05-05,Delivered
SHP001001,ORD001001,DTDC,2025-06-22,2025-06-25,Delivered
SHP001002,ORD001002,Amazon Logistics,2025-03-14,,Shipped
SHP001003,ORD001003,BlueDart,2025-03-28,2025-03-31,Delivered
SHP001004,ORD001004,DTDC,2025-05-08,2025-05-10,Delivered
SHP001005,ORD001005,Amazon Logistics,2025-03-24,,Shipped
SHP001006,ORD001006,DTDC,2025-01-24,,Shipped
SHP001007,ORD001007,BlueDart,2025-01-29,2025-02-02,Delivered
SHP001008,ORD001008,DTDC,2025-03-01,2025-03-05,Delivered
SHP001009,ORD001009,BlueDart,2025-04-15,,Processing
SHP001010,ORD001010,Delhivery,2025-04-02,,Processing
SHP001011,ORD001011,Ekart,2025-03-30,2025-04-03,Delivered
SHP001012,ORD001012,Delhivery,2025-03-24,2025-03-27,Delivered
SHP001013,ORD001013,BlueDart,2025-06-23,2025-06-28,Delivered
SHP001014,ORD001014,XpressBees,2025-04-24,2025-04-26,Delivered
SHP001015,ORD001015,Delhivery,2025-06-26,2025-06-30,Delivered
SHP001016,ORD001016,Amazon Logistics,2025-05-08,2025-05-10,Delivered
SHP001017,ORD001017,BlueDart,2025-02-23,,Processing
SHP001018,ORD001018,XpressBees,2025-06-16,,Shipped
SHP001019,ORD001019,BlueDart,2025-05-07,,Processing
SHP001020,ORD001020,XpressBees,2025-01-26,,Shipped
SHP001021,ORD001021,XpressBees,2025-04-17,,Shipped
SHP001022,ORD001022,Ekart,2025-02-19,2025-02-22,Delivered
SHP001023,ORD001023,XpressBees,2025-06-29,,Cancelled
SHP001024,ORD001024,Ekart,2025-05-30,2025-06-04,Delivered
SHP001025,ORD001025,DTDC,2025-05-27,,Pending
SHP001026,ORD001026,BlueDart,2025-03-06,,Cancelled
SHP001027,ORD001027,Delhivery,2025-02-26,2025-03-04,Delivered
SHP001028,ORD001028,Amazon Logistics,2025-04-07,,Cancelled
SHP001029,ORD001029,Delhivery,2025-02-07,2025-02-10,Delivered
SHP001030,ORD001030,XpressBees,2025-03-28,2025-04-02,Delivered
SHP001031,ORD001031,BlueDart,2025-02-26,,Shipped
SHP001032,ORD001032,BlueDart,2025-06-30,2025-07-03,Delivered
SHP001033,ORD001033,Delhivery,2025-06-01,2025-06-07,Delivered
SHP001034,ORD001034,Amazon Logistics,2025-03-26,2025-03-28,Delivered
SHP001035,ORD001035,DTDC,2025-02-24,2025-02-28,Delivered
SHP001036,ORD001036,Delhivery,2025-05-09,2025-05-15,Delivered
SHP001037,ORD001037,Ekart,2025-06-26,2025-07-02,Delivered
SHP001038,ORD001038,Delhivery,2025-06-23,,Pending
SHP001039,ORD001039,Amazon Logistics,2025-03-05,,Cancelled
SHP001040,ORD001040,BlueDart,2025-06-25,,Shipped
SHP001041,ORD001041,XpressBees,2025-05-10,2025-05-16,Delivered
SHP001042,ORD001042,DTDC,2025-01-27,2025-02-01,Delivered
SHP001043,ORD001043,Delhivery,2025-05-19,2025-05-24,Delivered
SHP001044,ORD001044,Ekart,2025-06-25,2025-06-27,Delivered
SHP001045,ORD001045,BlueDart,2025-04-14,2025-04-16,Delivered
SHP001046,ORD001046,BlueDart,2025-05-29,2025-05-31,Delivered
SHP001047,ORD001047,Ekart,2025-05-22,,Processing
SHP001048,ORD001048,Amazon Logistics,2025-05-05,2025-05-11,Delivered
SHP001049,ORD001049,XpressBees,2025-05-11,,Processing
SHP001050,ORD001050,XpressBees,2025-01-14,2025-01-16,Delivered
SHP001051,ORD001051,Delhivery,2025-02-24,2025-03-02,Delivered
SHP001052,ORD001052,BlueDart,2025-05-12,2025-05-14,Delivered
SHP001053,ORD001053,Amazon Logistics,2025-03-10,2025-03-14,Returned
SHP001054,ORD001054,DTDC,2025-06-01,,Pending
SHP001055,ORD001055,DTDC,2025-05-28,2025-06-01,Delivered
SHP001056,ORD001056,Ekart,2025-06-05,2025-06-10,Delivered
SHP001057,ORD001057,DTDC,2025-01-16,,Cancelled
SHP001058,ORD001058,BlueDart,2025-04-29,2025-05-04,Delivered
SHP001059,ORD001059,DTDC,2025-02-24,2025-02-26,Delivered
SHP001060,ORD001060,XpressBees,2025-03-31,2025-04-06,Delivered
SHP001061,ORD001061,BlueDart,2025-04-21,,Shipped
SHP001062,ORD001062,DTDC,2025-06-15,2025-06-19,Delivered
SHP001063,ORD001063,Ekart,2025-02-02,,Processing
SHP001064,ORD001064,BlueDart,2025-05-23,2025-05-26,Delivered
SHP001065,ORD001065,Delhivery,2025-03-19,,Shipped
SHP001066,ORD001066,Amazon Logistics,2025-05-13,2025-05-16,Delivered
SHP001067,ORD001067,Ekart,2025-05-09,2025-05-14,Delivered
SHP001068,ORD001068,DTDC,2025-06-11,2025-06-17,Delivered
SHP001069,ORD001069,Delhivery,2025-04-04,2025-04-09,Delivered
SHP001070,ORD001070,Amazon Logistics,2025-02-06,2025-02-09,Delivered
SHP001071,ORD001071,Ekart,2025-03-26,2025-03-31,Delivered
SHP001072,ORD001072,Delhivery,2025-05-24,,Cancelled
SHP001073,ORD001073,Delhivery,2025-03-03,2025-03-05,Returned
SHP001074,ORD001074,Ekart,2025-06-16,2025-06-20,Delivered
SHP001075,ORD001075,BlueDart,2025-04-23,2025-04-28,Delivered
SHP001076,ORD001076,Amazon Logistics,2025-06-28,2025-07-03,Delivered
SHP001077,ORD001077,Ekart,2025-05-13,,Cancelled
SHP001078,ORD001078,Delhivery,2025-05-20,2025-05-22,Delivered
SHP001079,ORD001079,Amazon Logistics,2025-01-23,2025-01-29,Delivered
SHP001080,ORD001080,Delhivery,2025-05-29,2025-05-31,Delivered
SHP001081,ORD001081,DTDC,2025-01-23,2025-01-27,Delivered
SHP001082,ORD001082,DTDC,2025-01-04,2025-01-10,Delivered
SHP001083,ORD001083,BlueDart,2025-01-05,2025-01-07,Delivered
SHP001084,ORD001084,Delhivery,2025-04-07,2025-04-12,Delivered
SHP001085,ORD001085,Ekart,2025-01-08,2025-01-11,Delivered
SHP001086,ORD001086,DTDC,2025-02-09,2025-02-12,Delivered
SHP001087,ORD001087,BlueDart,2025-02-19,2025-02-24,Delivered
SHP001088,ORD001088,DTDC,2025-06-24,2025-06-29,Delivered
SHP001089,ORD001089,Amazon Logistics,2025-01-11,,Processing
SHP001090,ORD001090,Delhivery,2025-05-06,2025-05-11,Delivered
SHP001091,ORD001091,Delhivery,2025-03-09,2025-03-15,Delivered
SHP001092,ORD001092,Amazon Logistics,2025-06-09,2025-06-15,Delivered
SHP001093,ORD001093,DTDC,2025-01-02,2025-01-04,Delivered
SHP001094,ORD001094,Delhivery,2025-03-18,2025-03-20,Delivered
SHP001095,ORD001095,BlueDart,2025-05-04,2025-05-10,Delivered
SHP001096,ORD001096,DTDC,2025-01-30,2025-02-01,Delivered
SHP001097,ORD001097,BlueDart,2025-04-02,,Processing
SHP001098,ORD001098,DTDC,2025-01-04,2025-01-08,Returned
SHP001099,ORD001099,Amazon Logistics,2025-06-12,2025-06-17,Returned
SHP001100,ORD001100,DTDC,2025-04-15,2025-04-21,Delivered
SHP001101,ORD001101,DTDC,2025-04-09,,Cancelled
SHP001102,ORD001102,Ekart,2025-03-29,,Cancelled
SHP001103,ORD001103,Ekart,2025-03-10,2025-03-13,Delivered
SHP001104,ORD001104,Amazon Logistics,2025-03-09,2025-03-13,Delivered
SHP001105,ORD001105,BlueDart,2025-06-17,2025-06-19,Delivered
SHP001106,ORD001106,DTDC,2025-01-30,2025-02-01,Delivered
SHP001107,ORD001107,Amazon Logistics,2025-03-14,,Processing
SHP001108,ORD001108,DTDC,2025-01-14,,Cancelled
SHP001109,ORD001109,Ekart,2025-04-01,,Shipped
SHP001110,ORD001110,Delhivery,2025-05-11,2025-05-17,Delivered
SHP001111,ORD001111,Amazon Logistics,2025-01-09,2025-01-11,Delivered
SHP001112,ORD001112,Delhivery,2025-03-09,2025-03-15,Delivered
SHP001113,ORD001113,XpressBees,2025-06-10,,Pending
SHP001114,ORD001114,Ekart,2025-01-31,2025-02-03,Delivered
SHP001115,ORD001115,Delhivery,2025-01-11,,Processing
SHP001116,ORD001116,Delhivery,2025-03-26,,Cancelled
SHP001117,ORD001117,Amazon Logistics,2025-06-25,2025-06-27,Delivered
SHP001118,ORD001118,Ekart,2025-01-11,2025-01-14,Delivered
SHP001119,ORD001119,DTDC,2025-01-17,2025-01-19,Delivered
SHP001120,ORD001120,DTDC,2025-05-21,2025-05-24,Delivered
SHP001121,ORD001121,DTDC,2025-04-10,2025-04-16,Delivered
SHP001122,ORD001122,Amazon Logistics,2025-03-18,2025-03-22,Delivered
SHP001123,ORD001123,DTDC,2025-04-14,2025-04-18,Delivered
SHP001124,ORD001124,DTDC,2025-06-14,2025-06-20,Delivered
SHP001125,ORD001125,Amazon Logistics,2025-05-05,2025-05-08,Returned
SHP001126,ORD001126,Delhivery,2025-02-26,2025-03-01,Delivered
SHP001127,ORD001127,Amazon Logistics,2025-02-08,,Processing
SHP001128,ORD001128,Ekart,2025-06-18,,Shipped
SHP001129,ORD001129,Ekart,2025-03-21,,Pending
SHP001130,ORD001130,DTDC,2025-06-06,2025-06-09,Delivered
SHP001131,ORD001131,XpressBees,2025-05-01,2025-05-03,Delivered
SHP001132,ORD001132,Ekart,2025-06-05,2025-06-10,Delivered
SHP001133,ORD001133,BlueDart,2025-02-11,,Cancelled
SHP001134,ORD001134,Delhivery,2025-03-19,,Shipped
SHP001135,ORD001135,Ekart,2025-05-12,,Processing
SHP001136,ORD001136,Ekart,2025-06-27,2025-07-03,Delivered
SHP001137,ORD001137,DTDC,2025-02-14,2025-02-20,Delivered
SHP001138,ORD001138,Amazon Logistics,2025-02-12,2025-02-16,Delivered
SHP001139,ORD001139,XpressBees,2025-04-12,,Pending
SHP001140,ORD001140,Amazon Logistics,2025-05-17,2025-05-22,Delivered
SHP001141,ORD001141,DTDC,2025-05-19,2025-05-24,Delivered
SHP001142,ORD001142,Amazon Logistics,2025-04-26,,Cancelled
SHP001143,ORD001143,BlueDart,2025-06-06,2025-06-09,Delivered
SHP001144,ORD001144,XpressBees,2025-05-05,2025-05-08,Delivered
SHP001145,ORD001145,BlueDart,2025-04-15,,Processing
SHP001146,ORD001146,Delhivery,2025-02-24,2025-03-01,Delivered
SHP001147,ORD001147,DTDC,2025-05-29,,Processing
SHP001148,ORD001148,BlueDart,2025-02-09,2025-02-13,Delivered
SHP001149,ORD001149,DTDC,2025-03-31,2025-04-04,Delivered
SHP001150,ORD001150,Delhivery,2025-06-07,2025-06-10,Delivered
SHP001151,ORD001151,Amazon Logistics,2025-06-02,2025-06-08,Delivered
SHP001152,ORD001152,XpressBees,2025-06-04,2025-06-10,Delivered
SHP001153,ORD001153,XpressBees,2025-03-05,,Pending
SHP001154,ORD001154,DTDC,2025-05-03,2025-05-05,Delivered
SHP001155,ORD001155,XpressBees,2025-06-06,,Cancelled
SHP001156,ORD001156,DTDC,2025-02-24,2025-02-26,Delivered
SHP001157,ORD001157,BlueDart,2025-05-03,,Cancelled
SHP001158,ORD001158,DTDC,2025-03-25,2025-03-30,Delivered
SHP001159,ORD001159,XpressBees,2025-03-20,2025-03-25,Delivered
SHP001160,ORD001160,Ekart,2025-03-18,2025-03-24,Delivered
SHP001161,ORD001161,Amazon Logistics,2025-01-07,,Shipped
SHP001162,ORD001162,Ekart,2025-03-06,2025-03-10,Delivered
SHP001163,ORD001163,XpressBees,2025-05-18,,Cancelled
SHP001164,ORD001164,BlueDart,2025-02-22,,Processing
SHP001165,ORD001165,Delhivery,2025-05-10,2025-05-15,Delivered
SHP001166,ORD001166,Ekart,2025-01-03,2025-01-07,Delivered
SHP001167,ORD001167,Delhivery,2025-02-11,,Pending
SHP001168,ORD001168,BlueDart,2025-01-20,,Shipped
SHP001169,ORD001169,Delhivery,2025-01-14,2025-01-16,Delivered
SHP001170,ORD001170,DTDC,2025-05-30,,Shipped
SHP001171,ORD001171,XpressBees,2025-03-14,2025-03-17,Delivered
SHP001172,ORD001172,Ekart,2025-06-09,,Shipped
SHP001173,ORD001173,Ekart,2025-01-19,2025-01-21,Delivered
SHP001174,ORD001174,XpressBees,2025-02-13,2025-02-15,Delivered
SHP001175,ORD001175,XpressBees,2025-05-09,2025-05-15,Delivered
SHP001176,ORD001176,Ekart,2025-01-07,2025-01-12,Delivered
SHP001177,ORD001177,Ekart,2025-05-17,2025-05-19,Delivered
SHP001178,ORD001178,XpressBees,2025-04-13,2025-04-16,Delivered
SHP001179,ORD001179,Delhivery,2025-04-21,2025-04-25,Delivered
SHP001180,ORD001180,DTDC,2025-05-14,2025-05-16,Delivered
SHP001181,ORD001181,Ekart,2025-02-10,2025-02-16,Delivered
SHP001182,ORD001182,Amazon Logistics,2025-01-15,2025-01-18,Delivered
SHP001183,ORD001183,Delhivery,2025-01-09,2025-01-13,Delivered
SHP001184,ORD001184,Delhivery,2025-02-14,,Shipped
SHP001185,ORD001185,Amazon Logistics,2025-03-05,2025-03-11,Delivered
SHP001186,ORD001186,DTDC,2025-05-24,,Pending
SHP001187,ORD001187,DTDC,2025-04-06,2025-04-09,Delivered
SHP001188,ORD001188,XpressBees,2025-04-28,2025-05-02,Delivered
SHP001189,ORD001189,BlueDart,2025-02-27,2025-03-01,Delivered
SHP001190,ORD001190,BlueDart,2025-06-17,,Shipped
SHP001191,ORD001191,Ekart,2025-02-22,,Shipped
SHP001192,ORD001192,Ekart,2025-04-22,2025-04-24,Delivered
SHP001193,ORD001193,DTDC,2025-05-20,2025-05-24,Returned
SHP001194,ORD001194,DTDC,2025-03-29,2025-04-03,Delivered
SHP001195,ORD001195,Amazon Logistics,2025-03-02,,Pending
SHP001196,ORD001196,Amazon Logistics,2025-04-07,2025-04-09,Delivered
SHP001197,ORD001197,Delhivery,2025-01-08,2025-01-12,Delivered
SHP001198,ORD001198,Ekart,2025-06-04,,Processing
SHP001199,ORD001199,XpressBees,2025-04-06,2025-04-09,Delivered
SHP001200,ORD001200,BlueDart,2025-01-25,2025-01-30,Returned
SHP001201,ORD001201,Amazon Logistics,2025-01-11,,Cancelled
SHP001202,ORD001202,Delhivery,2025-02-06,,Shipped
SHP001203,ORD001203,DTDC,2025-01-22,2025-01-25,Delivered
SHP001204,ORD001204,Amazon Logistics,2025-03-22,,Processing
SHP001205,ORD001205,DTDC,2025-02-23,2025-02-27,Delivered
SHP001206,ORD001206,DTDC,2025-02-18,,Shipped
SHP001207,ORD001207,BlueDart,2025-04-06,2025-04-09,Delivered
SHP001208,ORD001208,Ekart,2025-01-31,2025-02-05,Delivered
SHP001209,ORD001209,Amazon Logistics,2025-04-18,2025-04-22,Delivered
SHP001210,ORD001210,BlueDart,2025-05-11,2025-05-13,Delivered
SHP001211,ORD001211,XpressBees,2025-05-10,,Cancelled
SHP001212,ORD001212,BlueDart,2025-01-02,2025-01-08,Delivered
SHP001213,ORD001213,XpressBees,2025-04-28,2025-05-01,Delivered
SHP001214,ORD001214,BlueDart,2025-03-31,2025-04-05,Delivered
SHP001215,ORD001215,Ekart,2025-04-20,2025-04-22,Delivered
SHP001216,ORD001216,BlueDart,2025-05-20,2025-05-25,Delivered
SHP001217,ORD001217,BlueDart,2025-05-14,2025-05-19,Delivered
SHP001218,ORD001218,XpressBees,2025-05-19,2025-05-21,Delivered
SHP001219,ORD001219,XpressBees,2025-03-30,2025-04-04,Delivered
SHP001220,ORD001220,Ekart,2025-02-20,,Cancelled
SHP001221,ORD001221,Amazon Logistics,2025-01-31,2025-02-05,Delivered
SHP001222,ORD001222,DTDC,2025-01-20,,Shipped
SHP001223,ORD001223,Amazon Logistics,2025-05-21,,Cancelled
SHP001224,ORD001224,Amazon Logistics,2025-01-26,2025-01-30,Delivered
SHP001225,ORD001225,Amazon Logistics,2025-02-10,,Shipped
SHP001226,ORD001226,Delhivery,2025-02-11,,Processing
SHP001227,ORD001227,DTDC,2025-06-29,2025-07-03,Delivered
SHP001228,ORD001228,XpressBees,2025-02-08,2025-02-12,Delivered
SHP001229,ORD001229,Delhivery,2025-03-26,2025-03-30,Delivered
SHP001230,ORD001230,Delhivery,2025-02-22,2025-02-27,Delivered
SHP001231,ORD001231,DTDC,2025-03-23,,Processing
SHP001232,ORD001232,Amazon Logistics,2025-02-20,,Processing
SHP001233,ORD001233,DTDC,2025-02-12,,Processing
SHP001234,ORD001234,BlueDart,2025-04-08,,Shipped
SHP001235,ORD001235,XpressBees,2025-01-30,,Processing
SHP001236,ORD001236,Amazon Logistics,2025-06-23,2025-06-26,Delivered
SHP001237,ORD001237,DTDC,2025-03-21,2025-03-23,Delivered
SHP001238,ORD001238,XpressBees,2025-02-06,2025-02-11,Delivered
SHP001239,ORD001239,XpressBees,2025-05-06,2025-05-08,Delivered
SHP001240,ORD001240,DTDC,2025-04-14,2025-04-18,Delivered
SHP001241,ORD001241,BlueDart,2025-03-14,2025-03-18,Delivered
SHP001242,ORD001242,BlueDart,2025-06-03,,Pending
SHP001243,ORD001243,Amazon Logistics,2025-05-12,2025-05-16,Delivered
SHP001244,ORD001244,XpressBees,2025-05-27,,Pending
SHP001245,ORD001245,Amazon Logistics,2025-06-10,2025-06-12,Delivered
SHP001246,ORD001246,Amazon Logistics,2025-05-01,2025-05-04,Delivered
SHP001247,ORD001247,Ekart,2025-03-04,2025-03-09,Delivered
SHP001248,ORD001248,DTDC,2025-01-23,,Cancelled
SHP001249,ORD001249,Ekart,2025-03-01,2025-03-05,Delivered
SHP001250,ORD001250,Amazon Logistics,2025-03-09,2025-03-14,Delivered
SHP001251,ORD001251,Delhivery,2025-04-10,2025-04-16,Delivered
SHP001252,ORD001252,Ekart,2025-05-09,,Shipped
SHP001253,ORD001253,DTDC,2025-05-02,2025-05-08,Delivered
SHP001254,ORD001254,XpressBees,2025-04-14,2025-04-16,Delivered
SHP001255,ORD001255,BlueDart,2025-05-18,2025-05-20,Delivered
SHP001256,ORD001256,XpressBees,2025-06-13,2025-06-17,Delivered
SHP001257,ORD001257,Amazon Logistics,2025-02-06,,Pending
SHP001258,ORD001258,DTDC,2025-05-22,2025-05-24,Delivered
SHP001259,ORD001259,BlueDart,2025-06-10,2025-06-12,Delivered
SHP001260,ORD001260,Ekart,2025-06-02,2025-06-06,Delivered
SHP001261,ORD001261,DTDC,2025-06-09,2025-06-11,Returned
SHP001262,ORD001262,BlueDart,2025-04-22,2025-04-24,Delivered
SHP001263,ORD001263,Amazon Logistics,2025-04-02,,Pending
SHP001264,ORD001264,Amazon Logistics,2025-03-08,2025-03-10,Delivered
SHP001265,ORD001265,Ekart,2025-05-02,2025-05-04,Delivered
SHP001266,ORD001266,Amazon Logistics,2025-01-20,2025-01-24,Delivered
SHP001267,ORD001267,Amazon Logistics,2025-05-25,2025-05-28,Delivered
SHP001268,ORD001268,Ekart,2025-05-19,2025-05-22,Delivered
SHP001269,ORD001269,XpressBees,2025-05-18,2025-05-23,Delivered
SHP001270,ORD001270,DTDC,2025-05-23,2025-05-28,Delivered
SHP001271,ORD001271,BlueDart,2025-04-08,2025-04-13,Delivered
SHP001272,ORD001272,Amazon Logistics,2025-02-27,2025-03-04,Delivered
SHP001273,ORD001273,DTDC,2025-01-30,2025-02-02,Delivered
SHP001274,ORD001274,Delhivery,2025-01-22,2025-01-24,Delivered
SHP001275,ORD001275,XpressBees,2025-04-24,,Processing
SHP001276,ORD001276,Ekart,2025-03-18,,Pending
SHP001277,ORD001277,XpressBees,2025-04-21,2025-04-23,Delivered
SHP001278,ORD001278,Delhivery,2025-02-15,2025-02-19,Delivered
SHP001279,ORD001279,Amazon Logistics,2025-05-11,2025-05-16,Delivered
SHP001280,ORD001280,Delhivery,2025-01-16,2025-01-19,Delivered
SHP001281,ORD001281,BlueDart,2025-01-29,2025-02-04,Delivered
SHP001282,ORD001282,DTDC,2025-04-23,,Pending
SHP001283,ORD001283,XpressBees,2025-06-14,,Shipped
SHP001284,ORD001284,DTDC,2025-04-14,2025-04-18,Delivered
SHP001285,ORD001285,Ekart,2025-01-05,2025-01-08,Delivered
SHP001286,ORD001286,DTDC,2025-03-30,,Processing
SHP001287,ORD001287,Amazon Logistics,2025-01-08,,Shipped
SHP001288,ORD001288,Delhivery,2025-04-19,2025-04-25,Returned
SHP001289,ORD001289,BlueDart,2025-01-26,2025-02-01,Delivered
SHP001290,ORD001290,Delhivery,2025-06-21,2025-06-24,Delivered
SHP001291,ORD001291,XpressBees,2025-03-07,2025-03-10,Delivered
SHP001292,ORD001292,Amazon Logistics,2025-06-29,2025-07-02,Delivered
SHP001293,ORD001293,Delhivery,2025-05-16,,Shipped
SHP001294,ORD001294,XpressBees,2025-05-31,2025-06-06,Delivered
SHP001295,ORD001295,XpressBees,2025-04-20,2025-04-25,Delivered
SHP001296,ORD001296,Amazon Logistics,2025-01-05,2025-01-08,Delivered
SHP001297,ORD001297,BlueDart,2025-04-05,,Shipped
SHP001298,ORD001298,Ekart,2025-02-06,2025-02-11,Delivered
SHP001299,ORD001299,BlueDart,2025-04-17,,Processing
SHP001300,ORD001300,DTDC,2025-06-29,2025-07-04,Delivered
SHP001301,ORD001301,Ekart,2025-04-14,2025-04-19,Delivered
SHP001302,ORD001302,Delhivery,2025-06-26,2025-06-29,Delivered
SHP001303,ORD001303,XpressBees,2025-02-26,2025-02-28,Delivered
SHP001304,ORD001304,Ekart,2025-05-20,2025-05-25,Delivered
SHP001305,ORD001305,DTDC,2025-04-15,2025-04-21,Delivered
SHP001306,ORD001306,Amazon Logistics,2025-05-30,2025-06-05,Delivered
SHP001307,ORD001307,DTDC,2025-03-08,2025-03-14,Delivered
SHP001308,ORD001308,BlueDart,2025-06-17,2025-06-20,Delivered
SHP001309,ORD001309,DTDC,2025-05-05,2025-05-11,Delivered
SHP001310,ORD001310,Amazon Logistics,2025-04-15,,Processing
SHP001311,ORD001311,Ekart,2025-01-12,2025-01-18,Delivered
SHP001312,ORD001312,DTDC,2025-04-13,2025-04-16,Delivered
SHP001313,ORD001313,BlueDart,2025-06-25,2025-07-01,Delivered
SHP001314,ORD001314,BlueDart,2025-01-07,2025-01-12,Delivered
SHP001315,ORD001315,Ekart,2025-02-26,2025-03-01,Delivered
SHP001316,ORD001316,Ekart,2025-04-17,,Processing
SHP001317,ORD001317,Ekart,2025-04-14,2025-04-20,Delivered
SHP001318,ORD001318,Amazon Logistics,2025-02-27,2025-03-01,Delivered
SHP001319,ORD001319,BlueDart,2025-04-26,2025-04-29,Delivered
SHP001320,ORD001320,XpressBees,2025-01-24,2025-01-26,Delivered
SHP001321,ORD001321,Amazon Logistics,2025-05-24,2025-05-28,Delivered
SHP001322,ORD001322,Amazon Logistics,2025-03-05,,Pending
SHP001323,ORD001323,Ekart,2025-02-27,,Processing
SHP001324,ORD001324,BlueDart,2025-04-15,2025-04-21,Delivered
SHP001325,ORD001325,BlueDart,2025-03-06,2025-03-12,Delivered
SHP001326,ORD001326,Delhivery,2025-06-23,2025-06-27,Delivered
SHP001327,ORD001327,Delhivery,2025-06-07,2025-06-10,Delivered
SHP001328,ORD001328,DTDC,2025-02-20,2025-02-22,Delivered
SHP001329,ORD001329,XpressBees,2025-05-08,2025-05-12,Delivered
SHP001330,ORD001330,XpressBees,2025-06-15,2025-06-17,Delivered
SHP001331,ORD001331,XpressBees,2025-04-18,2025-04-22,Delivered
SHP001332,ORD001332,Delhivery,2025-02-01,2025-02-03,Delivered
SHP001333,ORD001333,BlueDart,2025-06-15,,Cancelled
SHP001334,ORD001334,BlueDart,2025-03-16,2025-03-19,Delivered
SHP001335,ORD001335,Ekart,2025-02-03,2025-02-05,Delivered
SHP001336,ORD001336,Delhivery,2025-01-06,,Shipped
SHP001337,ORD001337,Delhivery,2025-01-26,2025-02-01,Delivered
SHP001338,ORD001338,Delhivery,2025-01-03,2025-01-06,Delivered
SHP001339,ORD001339,Delhivery,2025-03-30,2025-04-01,Delivered
SHP001340,ORD001340,Delhivery,2025-01-10,,Processing
SHP001341,ORD001341,Amazon Logistics,2025-06-30,2025-07-05,Delivered
SHP001342,ORD001342,XpressBees,2025-03-03,2025-03-05,Delivered
SHP001343,ORD001343,DTDC,2025-03-21,2025-03-27,Delivered
SHP001344,ORD001344,Delhivery,2025-06-12,2025-06-15,Delivered
SHP001345,ORD001345,Delhivery,2025-05-29,2025-06-03,Delivered
SHP001346,ORD001346,Ekart,2025-06-06,,Shipped
SHP001347,ORD001347,DTDC,2025-05-03,2025-05-05,Delivered
SHP001348,ORD001348,Ekart,2025-02-27,2025-03-03,Delivered
SHP001349,ORD001349,Ekart,2025-06-14,2025-06-16,Returned
SHP001350,ORD001350,BlueDart,2025-04-25,2025-04-28,Delivered
SHP001351,ORD001351,Delhivery,2025-02-18,2025-02-24,Delivered
SHP001352,ORD001352,Amazon Logistics,2025-01-22,2025-01-27,Delivered
SHP001353,ORD001353,DTDC,2025-01-09,,Shipped
SHP001354,ORD001354,DTDC,2025-05-04,2025-05-07,Delivered
SHP001355,ORD001355,Amazon Logistics,2025-01-26,,Shipped
SHP001356,ORD001356,BlueDart,2025-06-27,,Shipped
SHP001357,ORD001357,Amazon Logistics,2025-04-04,2025-04-10,Delivered
SHP001358,ORD001358,Ekart,2025-05-30,2025-06-02,Delivered
SHP001359,ORD001359,Amazon Logistics,2025-02-26,2025-03-03,Delivered
SHP001360,ORD001360,XpressBees,2025-06-10,2025-06-13,Delivered
SHP001361,ORD001361,XpressBees,2025-02-06,2025-02-10,Delivered
SHP001362,ORD001362,BlueDart,2025-03-30,2025-04-02,Delivered
SHP001363,ORD001363,Ekart,2025-04-21,,Shipped
SHP001364,ORD001364,Delhivery,2025-03-14,2025-03-20,Delivered
SHP001365,ORD001365,Ekart,2025-01-15,2025-01-17,Delivered
SHP001366,ORD001366,Delhivery,2025-06-19,2025-06-22,Delivered
SHP001367,ORD001367,XpressBees,2025-02-17,,Processing
SHP001368,ORD001368,DTDC,2025-04-08,,Cancelled
SHP001369,ORD001369,Amazon Logistics,2025-01-18,2025-01-21,Returned
SHP001370,ORD001370,XpressBees,2025-06-03,,Pending
SHP001371,ORD001371,DTDC,2025-03-03,2025-03-07,Delivered
SHP001372,ORD001372,BlueDart,2025-04-27,,Pending
SHP001373,ORD001373,Delhivery,2025-05-29,2025-06-03,Delivered
SHP001374,ORD001374,BlueDart,2025-04-04,2025-04-08,Delivered
SHP001375,ORD001375,DTDC,2025-03-10,,Shipped
SHP001376,ORD001376,BlueDart,2025-04-05,2025-04-10,Delivered
SHP001377,ORD001377,XpressBees,2025-05-16,2025-05-22,Delivered
SHP001378,ORD001378,XpressBees,2025-03-23,,Processing
SHP001379,ORD001379,Ekart,2025-06-30,2025-07-03,Delivered
SHP001380,ORD001380,XpressBees,2025-04-20,2025-04-26,Delivered
SHP001381,ORD001381,Ekart,2025-01-04,,Shipped
SHP001382,ORD001382,XpressBees,2025-01-17,2025-01-20,Delivered
SHP001383,ORD001383,BlueDart,2025-04-13,2025-04-18,Delivered
SHP001384,ORD001384,BlueDart,2025-05-06,,Shipped
SHP001385,ORD001385,Delhivery,2025-05-02,2025-05-06,Delivered
SHP001386,ORD001386,Amazon Logistics,2025-05-08,,Cancelled
SHP001387,ORD001387,Amazon Logistics,2025-03-31,2025-04-05,Delivered
SHP001388,ORD001388,DTDC,2025-01-20,,Shipped
SHP001389,ORD001389,Delhivery,2025-01-19,,Shipped
SHP001390,ORD001390,DTDC,2025-04-06,2025-04-09,Delivered
SHP001391,ORD001391,Amazon Logistics,2025-03-25,2025-03-30,Delivered
SHP001392,ORD001392,XpressBees,2025-03-10,2025-03-12,Delivered
SHP001393,ORD001393,Amazon Logistics,2025-06-13,2025-06-16,Delivered
SHP001394,ORD001394,BlueDart,2025-01-19,,Processing
SHP001395,ORD001395,BlueDart,2025-02-14,2025-02-20,Delivered
SHP001396,ORD001396,Amazon Logistics,2025-02-20,2025-02-25,Delivered
SHP001397,ORD001397,DTDC,2025-01-28,2025-02-02,Delivered
SHP001398,ORD001398,Amazon Logistics,2025-02-11,2025-02-13,Delivered
SHP001399,ORD001399,Delhivery,2025-02-22,2025-02-28,Delivered
SHP001400,ORD001400,Amazon Logistics,2025-06-09,,Shipped
SHP001401,ORD001401,Delhivery,2025-01-15,2025-01-19,Delivered
SHP001402,ORD001402,XpressBees,2025-04-11,2025-04-15,Delivered
SHP001403,ORD001403,Amazon Logistics,2025-02-11,2025-02-13,Delivered
SHP001404,ORD001404,Amazon Logistics,2025-01-15,2025-01-20,Delivered
SHP001405,ORD001405,Ekart,2025-04-09,2025-04-11,Delivered
SHP001406,ORD001406,Ekart,2025-03-05,2025-03-10,Delivered
SHP001407,ORD001407,Delhivery,2025-02-24,2025-03-02,Delivered
SHP001408,ORD001408,Ekart,2025-03-17,2025-03-19,Delivered
SHP001409,ORD001409,Amazon Logistics,2025-03-31,2025-04-02,Delivered
SHP001410,ORD001410,XpressBees,2025-01-28,2025-02-02,Delivered
SHP001411,ORD001411,DTDC,2025-01-21,,Shipped
SHP001412,ORD001412,Ekart,2025-02-03,2025-02-08,Delivered
SHP001413,ORD001413,Delhivery,2025-06-20,,Shipped
SHP001414,ORD001414,Ekart,2025-03-22,2025-03-28,Delivered
SHP001415,ORD001415,Delhivery,2025-03-24,2025-03-30,Delivered
SHP001416,ORD001416,XpressBees,2025-03-22,2025-03-27,Delivered
SHP001417,ORD001417,DTDC,2025-06-15,2025-06-21,Delivered
SHP001418,ORD001418,Delhivery,2025-05-04,2025-05-07,Delivered
SHP001419,ORD001419,DTDC,2025-06-19,,Shipped
SHP001420,ORD001420,DTDC,2025-01-20,2025-01-25,Delivered
SHP001421,ORD001421,Delhivery,2025-01-12,,Processing
SHP001422,ORD001422,Delhivery,2025-03-28,2025-03-30,Delivered
SHP001423,ORD001423,DTDC,2025-01-17,2025-01-21,Delivered
SHP001424,ORD001424,Delhivery,2025-01-15,,Shipped
SHP001425,ORD001425,XpressBees,2025-01-03,2025-01-08,Delivered
SHP001426,ORD001426,Ekart,2025-04-14,2025-04-17,Returned
SHP001427,ORD001427,XpressBees,2025-02-10,,Shipped
SHP001428,ORD001428,XpressBees,2025-06-03,2025-06-06,Delivered
SHP001429,ORD001429,Amazon Logistics,2025-03-08,,Cancelled
SHP001430,ORD001430,DTDC,2025-03-17,2025-03-22,Delivered
SHP001431,ORD001431,Delhivery,2025-06-12,2025-06-15,Delivered
SHP001432,ORD001432,Delhivery,2025-03-04,2025-03-08,Delivered
SHP001433,ORD001433,DTDC,2025-03-14,2025-03-18,Delivered
SHP001434,ORD001434,XpressBees,2025-01-03,2025-01-07,Delivered
SHP001435,ORD001435,BlueDart,2025-01-10,2025-01-16,Delivered
SHP001436,ORD001436,Amazon Logistics,2025-04-25,2025-04-27,Delivered
SHP001437,ORD001437,Ekart,2025-03-24,2025-03-26,Delivered
SHP001438,ORD001438,BlueDart,2025-06-06,2025-06-09,Delivered
SHP001439,ORD001439,XpressBees,2025-03-06,2025-03-11,Delivered
SHP001440,ORD001440,DTDC,2025-04-24,2025-04-28,Delivered
SHP001441,ORD001441,DTDC,2025-01-08,2025-01-11,Delivered
SHP001442,ORD001442,DTDC,2025-05-23,2025-05-28,Delivered
SHP001443,ORD001443,XpressBees,2025-05-19,2025-05-25,Delivered
SHP001444,ORD001444,Amazon Logistics,2025-05-20,2025-05-26,Delivered
SHP001445,ORD001445,XpressBees,2025-05-27,2025-05-31,Delivered
SHP001446,ORD001446,Amazon Logistics,2025-02-20,2025-02-22,Delivered
SHP001447,ORD001447,XpressBees,2025-05-17,2025-05-20,Delivered
SHP001448,ORD001448,BlueDart,2025-01-05,2025-01-10,Delivered
SHP001449,ORD001449,XpressBees,2025-03-09,2025-03-15,Delivered
SHP001450,ORD001450,BlueDart,2025-04-28,2025-05-01,Delivered
SHP001451,ORD001451,BlueDart,2025-04-23,2025-04-26,Delivered
SHP001452,ORD001452,Ekart,2025-06-13,2025-06-15,Delivered
SHP001453,ORD001453,BlueDart,2025-03-22,2025-03-24,Returned
SHP001454,ORD001454,Amazon Logistics,2025-03-11,,Pending
SHP001455,ORD001455,BlueDart,2025-01-06,2025-01-08,Delivered
SHP001456,ORD001456,BlueDart,2025-01-27,2025-02-02,Delivered
SHP001457,ORD001457,BlueDart,2025-04-17,,Processing
SHP001458,ORD001458,Amazon Logistics,2025-04-13,2025-04-15,Delivered
SHP001459,ORD001459,Amazon Logistics,2025-01-30,2025-02-05,Delivered
SHP001460,ORD001460,Amazon Logistics,2025-05-22,2025-05-27,Delivered
SHP001461,ORD001461,Ekart,2025-05-10,2025-05-14,Delivered
SHP001462,ORD001462,BlueDart,2025-06-17,,Processing
SHP001463,ORD001463,Delhivery,2025-04-23,2025-04-27,Delivered
SHP001464,ORD001464,DTDC,2025-06-15,2025-06-17,Delivered
SHP001465,ORD001465,DTDC,2025-04-29,,Processing
SHP001466,ORD001466,Ekart,2025-03-20,,Shipped
SHP001467,ORD001467,XpressBees,2025-02-05,2025-02-10,Delivered
SHP001468,ORD001468,DTDC,2025-01-09,2025-01-12,Delivered
SHP001469,ORD001469,DTDC,2025-03-08,2025-03-12,Delivered
SHP001470,ORD001470,Delhivery,2025-01-23,2025-01-28,Delivered
SHP001471,ORD001471,DTDC,2025-03-20,2025-03-26,Delivered
SHP001472,ORD001472,XpressBees,2025-01-12,2025-01-16,Delivered
SHP001473,ORD001473,Ekart,2025-05-04,,Cancelled
SHP001474,ORD001474,DTDC,2025-03-23,,Cancelled
SHP001475,ORD001475,Amazon Logistics,2025-06-26,2025-07-02,Delivered
SHP001476,ORD001476,DTDC,2025-06-12,2025-06-14,Delivered
SHP001477,ORD001477,Ekart,2025-02-03,2025-02-08,Delivered
SHP001478,ORD001478,Delhivery,2025-04-14,,Shipped
SHP001479,ORD001479,Ekart,2025-04-16,,Shipped
SHP001480,ORD001480,XpressBees,2025-06-25,2025-06-28,Returned
SHP001481,ORD001481,BlueDart,2025-05-26,2025-05-30,Returned
SHP001482,ORD001482,BlueDart,2025-03-04,2025-03-07,Delivered
SHP001483,ORD001483,XpressBees,2025-01-15,2025-01-18,Delivered
SHP001484,ORD001484,Amazon Logistics,2025-02-26,2025-02-28,Delivered
SHP001485,ORD001485,DTDC,2025-02-01,2025-02-06,Delivered
SHP001486,ORD001486,Amazon Logistics,2025-05-24,2025-05-29,Delivered
SHP001487,ORD001487,BlueDart,2025-04-06,2025-04-11,Delivered
SHP001488,ORD001488,DTDC,2025-06-18,2025-06-21,Delivered
SHP001489,ORD001489,XpressBees,2025-06-26,,Processing
SHP001490,ORD001490,Amazon Logistics,2025-01-09,2025-01-11,Delivered
SHP001491,ORD001491,Delhivery,2025-01-20,2025-01-22,Delivered
SHP001492,ORD001492,Delhivery,2025-01-09,2025-01-15,Delivered
SHP001493,ORD001493,BlueDart,2025-06-04,2025-06-06,Delivered
SHP001494,ORD001494,BlueDart,2025-04-01,2025-04-06,Delivered
SHP001495,ORD001495,XpressBees,2025-05-20,2025-05-22,Delivered
SHP001496,ORD001496,BlueDart,2025-06-14,2025-06-17,Delivered
SHP001497,ORD001497,DTDC,2025-03-25,,Processing
SHP001498,ORD001498,Amazon Logistics,2025-06-11,2025-06-13,Delivered
SHP001499,ORD001499,DTDC,2025-01-09,2025-01-14,Delivered
SHP001500,ORD001500,Delhivery,2025-05-22,,Shipped
SHP001501,ORD001501,Delhivery,2025-02-20,2025-02-26,Delivered
SHP001502,ORD001502,Delhivery,2025-01-25,2025-01-29,Delivered
SHP001503,ORD001503,Delhivery,2025-02-15,,Shipped
SHP001504,ORD001504,DTDC,2025-04-09,2025-04-14,Delivered
SHP001505,ORD001505,Delhivery,2025-02-02,,Shipped
SHP001506,ORD001506,Amazon Logistics,2025-02-04,,Processing
SHP001507,ORD001507,BlueDart,2025-04-03,2025-04-06,Delivered
SHP001508,ORD001508,Delhivery,2025-06-13,2025-06-18,Returned
SHP001509,ORD001509,Ekart,2025-01-23,,Processing
SHP001510,ORD001510,Amazon Logistics,2025-06-15,2025-06-17,Delivered
SHP001511,ORD001511,XpressBees,2025-02-13,2025-02-17,Delivered
SHP001512,ORD001512,Ekart,2025-05-24,2025-05-28,Delivered
SHP001513,ORD001513,Ekart,2025-04-14,2025-04-17,Delivered
SHP001514,ORD001514,Delhivery,2025-05-17,2025-05-23,Delivered
SHP001515,ORD001515,DTDC,2025-02-27,2025-03-04,Delivered
SHP001516,ORD001516,Ekart,2025-07-01,2025-07-04,Delivered
SHP001517,ORD001517,Delhivery,2025-03-30,2025-04-05,Delivered
SHP001518,ORD001518,Ekart,2025-06-24,2025-06-30,Delivered
SHP001519,ORD001519,Amazon Logistics,2025-05-27,,Shipped
SHP001520,ORD001520,Delhivery,2025-05-19,2025-05-23,Delivered
SHP001521,ORD001521,Delhivery,2025-05-08,,Shipped
SHP001522,ORD001522,DTDC,2025-02-25,2025-02-27,Delivered
SHP001523,ORD001523,BlueDart,2025-04-26,2025-04-30,Delivered
SHP001524,ORD001524,BlueDart,2025-06-25,,Processing
SHP001525,ORD001525,DTDC,2025-04-22,2025-04-25,Delivered
SHP001526,ORD001526,BlueDart,2025-03-25,2025-03-30,Delivered
SHP001527,ORD001527,Ekart,2025-01-07,2025-01-12,Delivered
SHP001528,ORD001528,DTDC,2025-03-13,,Pending
SHP001529,ORD001529,DTDC,2025-01-11,2025-01-17,Delivered
SHP001530,ORD001530,BlueDart,2025-06-15,,Processing
SHP001531,ORD001531,XpressBees,2025-02-15,2025-02-20,Delivered
SHP001532,ORD001532,Delhivery,2025-01-13,2025-01-17,Delivered
SHP001533,ORD001533,Ekart,2025-01-04,2025-01-07,Delivered
SHP001534,ORD001534,DTDC,2025-04-20,2025-04-26,Delivered
SHP001535,ORD001535,Ekart,2025-05-10,2025-05-13,Delivered
SHP001536,ORD001536,Delhivery,2025-06-14,,Shipped
SHP001537,ORD001537,DTDC,2025-06-12,,Cancelled
SHP001538,ORD001538,Ekart,2025-04-25,2025-04-27,Delivered
SHP001539,ORD001539,Delhivery,2025-06-30,2025-07-04,Delivered
SHP001540,ORD001540,Amazon Logistics,2025-05-15,2025-05-19,Delivered
SHP001541,ORD001541,Amazon Logistics,2025-05-21,,Shipped
SHP001542,ORD001542,Amazon Logistics,2025-05-13,2025-05-19,Delivered
SHP001543,ORD001543,BlueDart,2025-05-02,2025-05-04,Delivered
SHP001544,ORD001544,Delhivery,2025-02-01,2025-02-03,Delivered
SHP001545,ORD001545,Ekart,2025-04-17,2025-04-21,Delivered
SHP001546,ORD001546,XpressBees,2025-02-23,2025-03-01,Delivered
SHP001547,ORD001547,BlueDart,2025-06-25,,Cancelled
SHP001548,ORD001548,XpressBees,2025-05-11,2025-05-16,Delivered
SHP001549,ORD001549,Amazon Logistics,2025-05-26,2025-05-31,Delivered
SHP001550,ORD001550,BlueDart,2025-04-15,2025-04-20,Delivered
SHP001551,ORD001551,BlueDart,2025-05-10,2025-05-15,Delivered
SHP001552,ORD001552,Delhivery,2025-05-13,,Cancelled
SHP001553,ORD001553,Delhivery,2025-02-20,2025-02-24,Delivered
SHP001554,ORD001554,Ekart,2025-03-08,2025-03-14,Delivered
SHP001555,ORD001555,BlueDart,2025-02-27,2025-03-01,Delivered
SHP001556,ORD001556,Amazon Logistics,2025-06-13,,Pending
SHP001557,ORD001557,BlueDart,2025-06-16,2025-06-18,Delivered
SHP001558,ORD001558,DTDC,2025-02-04,,Shipped
SHP001559,ORD001559,Ekart,2025-04-06,2025-04-10,Delivered
SHP001560,ORD001560,BlueDart,2025-02-15,,Processing
SHP001561,ORD001561,Amazon Logistics,2025-04-26,2025-04-28,Delivered
SHP001562,ORD001562,Ekart,2025-06-24,,Processing
SHP001563,ORD001563,Delhivery,2025-06-23,2025-06-29,Delivered
SHP001564,ORD001564,DTDC,2025-04-16,2025-04-21,Delivered
SHP001565,ORD001565,Amazon Logistics,2025-02-13,2025-02-15,Delivered
SHP001566,ORD001566,DTDC,2025-04-03,2025-04-05,Delivered
SHP001567,ORD001567,DTDC,2025-03-28,2025-03-31,Returned
SHP001568,ORD001568,Ekart,2025-06-20,2025-06-22,Delivered
SHP001569,ORD001569,DTDC,2025-05-10,2025-05-15,Delivered
SHP001570,ORD001570,XpressBees,2025-06-03,2025-06-09,Delivered
SHP001571,ORD001571,Ekart,2025-02-01,2025-02-06,Delivered
SHP001572,ORD001572,Amazon Logistics,2025-06-29,2025-07-01,Delivered
SHP001573,ORD001573,Ekart,2025-06-09,2025-06-14,Delivered
SHP001574,ORD001574,Delhivery,2025-04-13,2025-04-15,Delivered
SHP001575,ORD001575,Ekart,2025-02-23,,Processing
SHP001576,ORD001576,DTDC,2025-05-18,2025-05-21,Delivered
SHP001577,ORD001577,BlueDart,2025-02-21,2025-02-25,Delivered
SHP001578,ORD001578,Amazon Logistics,2025-04-23,2025-04-29,Delivered
SHP001579,ORD001579,Amazon Logistics,2025-01-20,,Shipped
SHP001580,ORD001580,XpressBees,2025-06-05,,Pending
SHP001581,ORD001581,XpressBees,2025-06-01,2025-06-07,Delivered
SHP001582,ORD001582,Delhivery,2025-01-13,2025-01-19,Delivered
SHP001583,ORD001583,Ekart,2025-06-24,,Processing
SHP001584,ORD001584,XpressBees,2025-04-24,2025-04-29,Delivered
SHP001585,ORD001585,Amazon Logistics,2025-04-02,,Cancelled
SHP001586,ORD001586,Amazon Logistics,2025-05-17,2025-05-22,Delivered
SHP001587,ORD001587,BlueDart,2025-06-05,2025-06-10,Delivered
SHP001588,ORD001588,Ekart,2025-01-19,2025-01-25,Delivered
SHP001589,ORD001589,XpressBees,2025-01-28,,Shipped
SHP001590,ORD001590,DTDC,2025-04-23,2025-04-28,Delivered
SHP001591,ORD001591,Delhivery,2025-04-24,2025-04-29,Delivered
SHP001592,ORD001592,XpressBees,2025-01-23,,Shipped
SHP001593,ORD001593,Delhivery,2025-06-13,2025-06-18,Delivered
SHP001594,ORD001594,Ekart,2025-03-11,2025-03-13,Delivered
SHP001595,ORD001595,DTDC,2025-02-02,2025-02-05,Delivered
SHP001596,ORD001596,DTDC,2025-03-17,2025-03-21,Delivered
SHP001597,ORD001597,XpressBees,2025-03-02,2025-03-06,Delivered
SHP001598,ORD001598,BlueDart,2025-02-21,2025-02-25,Delivered
SHP001599,ORD001599,DTDC,2025-03-27,,Cancelled
SHP001600,ORD001600,BlueDart,2025-03-16,,Pending
SHP001601,ORD001601,XpressBees,2025-02-18,2025-02-24,Delivered
SHP001602,ORD001602,Amazon Logistics,2025-06-27,2025-07-01,Delivered
SHP001603,ORD001603,DTDC,2025-02-23,2025-03-01,Delivered
SHP001604,ORD001604,Amazon Logistics,2025-01-15,2025-01-18,Delivered
SHP001605,ORD001605,DTDC,2025-02-20,2025-02-22,Delivered
SHP001606,ORD001606,Delhivery,2025-06-30,2025-07-03,Delivered
SHP001607,ORD001607,DTDC,2025-02-06,,Pending
SHP001608,ORD001608,XpressBees,2025-04-22,,Shipped
SHP001609,ORD001609,Delhivery,2025-06-29,2025-07-02,Delivered
SHP001610,ORD001610,Ekart,2025-05-20,2025-05-22,Delivered
SHP001611,ORD001611,XpressBees,2025-03-25,2025-03-28,Delivered
SHP001612,ORD001612,BlueDart,2025-03-19,2025-03-25,Delivered
SHP001613,ORD001613,XpressBees,2025-04-15,,Cancelled
SHP001614,ORD001614,XpressBees,2025-05-28,2025-05-30,Delivered
SHP001615,ORD001615,DTDC,2025-04-17,2025-04-23,Delivered
SHP001616,ORD001616,Ekart,2025-05-24,2025-05-30,Delivered
SHP001617,ORD001617,DTDC,2025-01-16,2025-01-18,Delivered
SHP001618,ORD001618,BlueDart,2025-02-12,2025-02-15,Delivered
SHP001619,ORD001619,Amazon Logistics,2025-06-14,2025-06-19,Delivered
SHP001620,ORD001620,BlueDart,2025-02-13,2025-02-16,Delivered
SHP001621,ORD001621,BlueDart,2025-04-12,2025-04-15,Delivered
SHP001622,ORD001622,XpressBees,2025-04-22,2025-04-26,Delivered
SHP001623,ORD001623,XpressBees,2025-05-30,2025-06-02,Delivered
SHP001624,ORD001624,DTDC,2025-04-23,,Processing
SHP001625,ORD001625,XpressBees,2025-06-04,2025-06-07,Delivered
SHP001626,ORD001626,Delhivery,2025-05-26,2025-05-28,Delivered
SHP001627,ORD001627,XpressBees,2025-06-28,2025-07-02,Delivered
SHP001628,ORD001628,Delhivery,2025-04-16,2025-04-18,Delivered
SHP001629,ORD001629,DTDC,2025-06-11,2025-06-17,Returned
SHP001630,ORD001630,Ekart,2025-01-14,2025-01-17,Delivered
SHP001631,ORD001631,DTDC,2025-05-12,2025-05-15,Delivered
SHP001632,ORD001632,DTDC,2025-02-05,,Processing
SHP001633,ORD001633,Amazon Logistics,2025-06-18,2025-06-23,Delivered
SHP001634,ORD001634,BlueDart,2025-04-19,2025-04-25,Delivered
SHP001635,ORD001635,XpressBees,2025-05-27,2025-05-29,Delivered
SHP001636,ORD001636,Ekart,2025-03-25,,Processing
SHP001637,ORD001637,Ekart,2025-06-04,,Shipped
SHP001638,ORD001638,XpressBees,2025-02-14,2025-02-17,Delivered
SHP001639,ORD001639,Delhivery,2025-06-18,2025-06-23,Delivered
SHP001640,ORD001640,XpressBees,2025-02-20,2025-02-23,Delivered
SHP001641,ORD001641,Amazon Logistics,2025-06-21,,Shipped
SHP001642,ORD001642,Delhivery,2025-05-04,2025-05-07,Delivered
SHP001643,ORD001643,BlueDart,2025-05-19,2025-05-25,Delivered
SHP001644,ORD001644,BlueDart,2025-04-20,,Shipped
SHP001645,ORD001645,Delhivery,2025-01-17,2025-01-22,Delivered
SHP001646,ORD001646,Delhivery,2025-04-05,2025-04-08,Delivered
SHP001647,ORD001647,Delhivery,2025-02-27,2025-03-05,Delivered
SHP001648,ORD001648,Delhivery,2025-04-23,2025-04-27,Delivered
SHP001649,ORD001649,BlueDart,2025-05-13,2025-05-16,Delivered
SHP001650,ORD001650,Ekart,2025-05-23,,Pending
SHP001651,ORD001651,Ekart,2025-05-29,2025-06-02,Delivered
SHP001652,ORD001652,Delhivery,2025-05-17,,Processing
SHP001653,ORD001653,Ekart,2025-03-16,2025-03-21,Delivered
SHP001654,ORD001654,XpressBees,2025-02-27,,Processing
SHP001655,ORD001655,BlueDart,2025-05-18,,Pending
SHP001656,ORD001656,XpressBees,2025-06-07,2025-06-13,Delivered
SHP001657,ORD001657,Ekart,2025-02-26,2025-03-03,Delivered
SHP001658,ORD001658,BlueDart,2025-06-21,,Shipped
SHP001659,ORD001659,XpressBees,2025-06-27,,Processing
SHP001660,ORD001660,XpressBees,2025-03-30,,Cancelled
SHP001661,ORD001661,Delhivery,2025-05-01,2025-05-06,Delivered
SHP001662,ORD001662,DTDC,2025-03-18,,Pending
SHP001663,ORD001663,Delhivery,2025-04-08,2025-04-11,Delivered
SHP001664,ORD001664,Delhivery,2025-03-09,2025-03-12,Delivered
SHP001665,ORD001665,BlueDart,2025-01-14,2025-01-16,Delivered
SHP001666,ORD001666,BlueDart,2025-06-27,2025-07-03,Delivered
SHP001667,ORD001667,Ekart,2025-02-10,2025-02-12,Delivered
SHP001668,ORD001668,BlueDart,2025-02-18,2025-02-21,Delivered
SHP001669,ORD001669,XpressBees,2025-04-03,2025-04-05,Delivered
SHP001670,ORD001670,Ekart,2025-04-12,2025-04-16,Delivered
SHP001671,ORD001671,Delhivery,2025-01-27,2025-01-29,Delivered
SHP001672,ORD001672,DTDC,2025-03-02,2025-03-04,Delivered
SHP001673,ORD001673,DTDC,2025-06-29,,Pending
SHP001674,ORD001674,XpressBees,2025-04-02,2025-04-04,Delivered
SHP001675,ORD001675,Delhivery,2025-02-14,,Processing
SHP001676,ORD001676,Amazon Logistics,2025-03-22,2025-03-24,Delivered
SHP001677,ORD001677,Ekart,2025-02-12,2025-02-14,Delivered
SHP001678,ORD001678,BlueDart,2025-02-06,2025-02-08,Delivered
SHP001679,ORD001679,Ekart,2025-02-12,2025-02-15,Delivered
SHP001680,ORD001680,XpressBees,2025-03-20,2025-03-22,Delivered
SHP001681,ORD001681,Ekart,2025-06-13,2025-06-15,Delivered
SHP001682,ORD001682,Ekart,2025-02-12,2025-02-18,Delivered
SHP001683,ORD001683,Amazon Logistics,2025-01-19,2025-01-24,Delivered
SHP001684,ORD001684,DTDC,2025-01-06,,Pending
SHP001685,ORD001685,XpressBees,2025-04-20,2025-04-26,Delivered
SHP001686,ORD001686,XpressBees,2025-06-01,2025-06-07,Delivered
SHP001687,ORD001687,Ekart,2025-01-18,2025-01-22,Delivered
SHP001688,ORD001688,Amazon Logistics,2025-01-29,2025-02-01,Delivered
SHP001689,ORD001689,Amazon Logistics,2025-02-06,,Shipped
SHP001690,ORD001690,Delhivery,2025-01-30,,Shipped
SHP001691,ORD001691,XpressBees,2025-04-17,2025-04-21,Delivered
SHP001692,ORD001692,BlueDart,2025-05-15,2025-05-21,Delivered
SHP001693,ORD001693,BlueDart,2025-05-17,2025-05-21,Delivered
SHP001694,ORD001694,DTDC,2025-03-11,,Shipped
SHP001695,ORD001695,Amazon Logistics,2025-03-28,,Processing
SHP001696,ORD001696,Amazon Logistics,2025-03-19,2025-03-23,Delivered
SHP001697,ORD001697,BlueDart,2025-03-06,2025-03-09,Delivered
SHP001698,ORD001698,Ekart,2025-01-22,2025-01-24,Delivered
SHP001699,ORD001699,XpressBees,2025-01-28,2025-01-31,Delivered
SHP001700,ORD001700,BlueDart,2025-05-09,2025-05-14,Delivered
SHP001701,ORD001701,Ekart,2025-01-12,,Shipped
SHP001702,ORD001702,Delhivery,2025-05-31,2025-06-06,Delivered
SHP001703,ORD001703,Ekart,2025-02-23,2025-02-26,Delivered
SHP001704,ORD001704,Delhivery,2025-03-14,2025-03-19,Delivered
SHP001705,ORD001705,DTDC,2025-05-25,2025-05-27,Delivered
SHP001706,ORD001706,BlueDart,2025-02-01,2025-02-05,Delivered
SHP001707,ORD001707,BlueDart,2025-03-19,,Shipped
SHP001708,ORD001708,Ekart,2025-05-20,,Processing
SHP001709,ORD001709,DTDC,2025-03-26,2025-03-30,Delivered
SHP001710,ORD001710,XpressBees,2025-06-05,2025-06-10,Delivered
SHP001711,ORD001711,Amazon Logistics,2025-04-04,2025-04-10,Delivered
SHP001712,ORD001712,Delhivery,2025-06-19,2025-06-25,Delivered
SHP001713,ORD001713,XpressBees,2025-06-12,2025-06-18,Delivered
SHP001714,ORD001714,BlueDart,2025-02-21,2025-02-27,Delivered
SHP001715,ORD001715,Amazon Logistics,2025-06-12,2025-06-18,Delivered
SHP001716,ORD001716,Delhivery,2025-01-02,,Cancelled
SHP001717,ORD001717,BlueDart,2025-04-21,2025-04-24,Delivered
SHP001718,ORD001718,Delhivery,2025-06-02,,Pending
SHP001719,ORD001719,DTDC,2025-05-17,2025-05-20,Delivered
SHP001720,ORD001720,XpressBees,2025-04-23,2025-04-26,Delivered
SHP001721,ORD001721,Amazon Logistics,2025-03-25,2025-03-30,Delivered
SHP001722,ORD001722,Amazon Logistics,2025-05-11,2025-05-13,Delivered
SHP001723,ORD001723,Delhivery,2025-01-20,2025-01-24,Delivered
SHP001724,ORD001724,Amazon Logistics,2025-06-23,,Cancelled
SHP001725,ORD001725,DTDC,2025-04-04,,Cancelled
SHP001726,ORD001726,Ekart,2025-03-27,2025-03-31,Delivered
SHP001727,ORD001727,Amazon Logistics,2025-06-12,,Cancelled
SHP001728,ORD001728,BlueDart,2025-06-11,,Processing
SHP001729,ORD001729,XpressBees,2025-05-08,2025-05-12,Delivered
SHP001730,ORD001730,Delhivery,2025-02-21,2025-02-25,Delivered
SHP001731,ORD001731,DTDC,2025-06-17,,Shipped
SHP001732,ORD001732,DTDC,2025-02-06,2025-02-12,Delivered
SHP001733,ORD001733,BlueDart,2025-06-22,2025-06-24,Delivered
SHP001734,ORD001734,Amazon Logistics,2025-03-06,2025-03-11,Delivered
SHP001735,ORD001735,Ekart,2025-06-20,,Pending
SHP001736,ORD001736,Ekart,2025-06-19,2025-06-24,Delivered
SHP001737,ORD001737,XpressBees,2025-05-23,2025-05-25,Delivered
SHP001738,ORD001738,XpressBees,2025-03-28,2025-04-01,Returned
SHP001739,ORD001739,Delhivery,2025-06-29,,Shipped
SHP001740,ORD001740,Amazon Logistics,2025-05-01,,Shipped
SHP001741,ORD001741,Delhivery,2025-02-14,2025-02-17,Delivered
SHP001742,ORD001742,Delhivery,2025-02-07,2025-02-11,Delivered
SHP001743,ORD001743,XpressBees,2025-02-26,2025-03-02,Delivered
SHP001744,ORD001744,XpressBees,2025-02-12,2025-02-14,Delivered
SHP001745,ORD001745,XpressBees,2025-04-05,,Shipped
SHP001746,ORD001746,Amazon Logistics,2025-04-18,2025-04-21,Delivered
SHP001747,ORD001747,BlueDart,2025-06-02,2025-06-06,Delivered
SHP001748,ORD001748,Ekart,2025-06-03,2025-06-07,Delivered
SHP001749,ORD001749,XpressBees,2025-01-29,2025-01-31,Delivered
SHP001750,ORD001750,Ekart,2025-06-13,,Processing
SHP001751,ORD001751,Ekart,2025-04-16,2025-04-20,Delivered
SHP001752,ORD001752,Ekart,2025-04-14,2025-04-16,Delivered
SHP001753,ORD001753,BlueDart,2025-01-04,2025-01-06,Delivered
SHP001754,ORD001754,XpressBees,2025-03-01,2025-03-07,Delivered
SHP001755,ORD001755,BlueDart,2025-04-13,2025-04-17,Delivered
SHP001756,ORD001756,Ekart,2025-05-29,2025-05-31,Delivered
SHP001757,ORD001757,XpressBees,2025-05-17,2025-05-21,Delivered
SHP001758,ORD001758,Amazon Logistics,2025-06-04,,Processing
SHP001759,ORD001759,XpressBees,2025-06-20,2025-06-25,Delivered
SHP001760,ORD001760,Delhivery,2025-01-25,,Shipped
SHP001761,ORD001761,Ekart,2025-05-25,,Processing
SHP001762,ORD001762,DTDC,2025-02-18,2025-02-23,Delivered
SHP001763,ORD001763,Ekart,2025-03-04,,Processing
SHP001764,ORD001764,BlueDart,2025-01-12,,Processing
SHP001765,ORD001765,Ekart,2025-02-21,2025-02-23,Delivered
SHP001766,ORD001766,XpressBees,2025-02-09,2025-02-15,Delivered
SHP001767,ORD001767,DTDC,2025-05-03,2025-05-09,Delivered
SHP001768,ORD001768,Delhivery,2025-04-24,2025-04-28,Delivered
SHP001769,ORD001769,DTDC,2025-05-11,2025-05-14,Delivered
SHP001770,ORD001770,Ekart,2025-02-12,2025-02-18,Delivered
SHP001771,ORD001771,DTDC,2025-06-17,2025-06-23,Delivered
SHP001772,ORD001772,Delhivery,2025-06-29,2025-07-04,Delivered
SHP001773,ORD001773,Amazon Logistics,2025-05-16,,Pending
SHP001774,ORD001774,Amazon Logistics,2025-02-19,2025-02-22,Delivered
SHP001775,ORD001775,Delhivery,2025-01-02,,Processing
SHP001776,ORD001776,XpressBees,2025-01-19,,Cancelled
SHP001777,ORD001777,Ekart,2025-05-05,2025-05-09,Delivered
SHP001778,ORD001778,Ekart,2025-04-28,,Shipped
SHP001779,ORD001779,Delhivery,2025-01-14,2025-01-18,Delivered
SHP001780,ORD001780,Delhivery,2025-04-07,2025-04-13,Delivered
SHP001781,ORD001781,DTDC,2025-04-04,,Processing
SHP001782,ORD001782,XpressBees,2025-02-27,,Pending
SHP001783,ORD001783,Delhivery,2025-06-20,2025-06-25,Delivered
SHP001784,ORD001784,BlueDart,2025-02-02,2025-02-04,Delivered
SHP001785,ORD001785,Ekart,2025-06-29,2025-07-01,Delivered
SHP001786,ORD001786,BlueDart,2025-02-11,2025-02-17,Delivered
SHP001787,ORD001787,XpressBees,2025-06-01,,Cancelled
SHP001788,ORD001788,Delhivery,2025-05-10,,Processing
SHP001789,ORD001789,Amazon Logistics,2025-06-03,2025-06-06,Delivered
SHP001790,ORD001790,XpressBees,2025-03-08,2025-03-14,Delivered
SHP001791,ORD001791,Amazon Logistics,2025-03-28,2025-04-01,Delivered
SHP001792,ORD001792,Delhivery,2025-05-09,,Pending
SHP001793,ORD001793,XpressBees,2025-06-22,2025-06-25,Delivered
SHP001794,ORD001794,BlueDart,2025-02-19,2025-02-24,Delivered
SHP001795,ORD001795,XpressBees,2025-06-01,2025-06-05,Delivered
SHP001796,ORD001796,Delhivery,2025-04-24,2025-04-30,Delivered
SHP001797,ORD001797,Delhivery,2025-06-14,2025-06-18,Delivered
SHP001798,ORD001798,XpressBees,2025-04-25,2025-04-30,Delivered
SHP001799,ORD001799,Ekart,2025-06-16,,Cancelled
SHP001800,ORD001800,BlueDart,2025-03-17,,Processing
SHP001801,ORD001801,Ekart,2025-04-17,2025-04-21,Delivered
SHP001802,ORD001802,XpressBees,2025-06-22,,Processing
SHP001803,ORD001803,BlueDart,2025-04-15,2025-04-17,Delivered
SHP001804,ORD001804,DTDC,2025-03-18,2025-03-21,Delivered
SHP001805,ORD001805,Ekart,2025-01-27,2025-02-01,Delivered
SHP001806,ORD001806,Amazon Logistics,2025-05-07,2025-05-11,Delivered
SHP001807,ORD001807,Ekart,2025-05-23,2025-05-25,Delivered
SHP001808,ORD001808,Ekart,2025-02-23,,Processing
SHP001809,ORD001809,XpressBees,2025-02-12,2025-02-16,Delivered
SHP001810,ORD001810,BlueDart,2025-06-25,2025-06-29,Delivered
SHP001811,ORD001811,DTDC,2025-02-18,2025-02-23,Delivered
SHP001812,ORD001812,XpressBees,2025-01-24,2025-01-26,Delivered
SHP001813,ORD001813,XpressBees,2025-02-20,2025-02-26,Delivered
SHP001814,ORD001814,Amazon Logistics,2025-06-15,2025-06-17,Delivered
SHP001815,ORD001815,Amazon Logistics,2025-06-20,,Processing
SHP001816,ORD001816,BlueDart,2025-01-11,2025-01-15,Delivered
SHP001817,ORD001817,DTDC,2025-02-08,,Pending
SHP001818,ORD001818,DTDC,2025-04-30,2025-05-04,Delivered
SHP001819,ORD001819,BlueDart,2025-01-18,2025-01-21,Delivered
SHP001820,ORD001820,Amazon Logistics,2025-01-27,,Shipped
SHP001821,ORD001821,BlueDart,2025-01-26,,Processing
SHP001822,ORD001822,XpressBees,2025-01-25,2025-01-30,Delivered
SHP001823,ORD001823,BlueDart,2025-01-28,2025-01-31,Delivered
SHP001824,ORD001824,BlueDart,2025-04-20,2025-04-24,Returned
SHP001825,ORD001825,XpressBees,2025-01-11,2025-01-17,Delivered
SHP001826,ORD001826,Delhivery,2025-04-10,2025-04-13,Delivered
SHP001827,ORD001827,XpressBees,2025-05-16,2025-05-21,Delivered
SHP001828,ORD001828,Ekart,2025-04-27,2025-04-30,Delivered
SHP001829,ORD001829,Ekart,2025-06-04,2025-06-06,Delivered
SHP001830,ORD001830,DTDC,2025-04-13,,Pending
SHP001831,ORD001831,DTDC,2025-06-28,,Processing
SHP001832,ORD001832,BlueDart,2025-02-23,2025-02-25,Delivered
SHP001833,ORD001833,DTDC,2025-05-04,,Pending
SHP001834,ORD001834,BlueDart,2025-03-06,2025-03-10,Delivered
SHP001835,ORD001835,Delhivery,2025-05-15,2025-05-17,Delivered
SHP001836,ORD001836,Delhivery,2025-01-07,,Processing
SHP001837,ORD001837,XpressBees,2025-03-22,2025-03-25,Delivered
SHP001838,ORD001838,BlueDart,2025-02-08,,Pending
SHP001839,ORD001839,Delhivery,2025-05-28,2025-06-01,Delivered
SHP001840,ORD001840,BlueDart,2025-03-26,2025-03-28,Delivered
SHP001841,ORD001841,Amazon Logistics,2025-04-24,2025-04-28,Delivered
SHP001842,ORD001842,Amazon Logistics,2025-04-11,2025-04-13,Delivered
SHP001843,ORD001843,BlueDart,2025-02-08,,Processing
SHP001844,ORD001844,BlueDart,2025-06-27,2025-06-29,Delivered
SHP001845,ORD001845,DTDC,2025-02-27,,Pending
SHP001846,ORD001846,Ekart,2025-04-28,,Shipped
SHP001847,ORD001847,BlueDart,2025-03-24,2025-03-26,Delivered
SHP001848,ORD001848,XpressBees,2025-02-01,2025-02-07,Delivered
SHP001849,ORD001849,Delhivery,2025-06-12,2025-06-14,Delivered
SHP001850,ORD001850,Delhivery,2025-05-10,2025-05-14,Delivered
SHP001851,ORD001851,Amazon Logistics,2025-05-19,,Processing
SHP001852,ORD001852,DTDC,2025-03-23,2025-03-25,Delivered
SHP001853,ORD001853,DTDC,2025-03-07,2025-03-11,Delivered
SHP001854,ORD001854,Delhivery,2025-01-12,,Pending
SHP001855,ORD001855,Amazon Logistics,2025-05-14,,Shipped
SHP001856,ORD001856,BlueDart,2025-05-22,2025-05-26,Delivered
SHP001857,ORD001857,DTDC,2025-01-17,2025-01-20,Delivered
SHP001858,ORD001858,Amazon Logistics,2025-06-25,2025-06-29,Delivered
SHP001859,ORD001859,DTDC,2025-05-27,2025-05-29,Delivered
SHP001860,ORD001860,XpressBees,2025-03-14,,Processing
SHP001861,ORD001861,DTDC,2025-06-24,2025-06-27,Delivered
SHP001862,ORD001862,Amazon Logistics,2025-04-05,2025-04-09,Delivered
SHP001863,ORD001863,XpressBees,2025-04-24,,Cancelled
SHP001864,ORD001864,Delhivery,2025-05-08,2025-05-12,Delivered
SHP001865,ORD001865,DTDC,2025-05-24,2025-05-28,Delivered
SHP001866,ORD001866,Delhivery,2025-01-30,,Shipped
SHP001867,ORD001867,BlueDart,2025-02-04,,Pending
SHP001868,ORD001868,BlueDart,2025-05-18,2025-05-20,Delivered
SHP001869,ORD001869,XpressBees,2025-06-21,2025-06-25,Delivered
SHP001870,ORD001870,BlueDart,2025-03-24,2025-03-26,Delivered
SHP001871,ORD001871,DTDC,2025-01-22,2025-01-26,Delivered
SHP001872,ORD001872,BlueDart,2025-04-20,2025-04-24,Returned
SHP001873,ORD001873,XpressBees,2025-01-03,2025-01-07,Delivered
SHP001874,ORD001874,DTDC,2025-05-09,2025-05-15,Delivered
SHP001875,ORD001875,Ekart,2025-03-07,2025-03-11,Delivered
SHP001876,ORD001876,Amazon Logistics,2025-03-31,2025-04-03,Delivered
SHP001877,ORD001877,Amazon Logistics,2025-05-14,,Cancelled
SHP001878,ORD001878,Delhivery,2025-01-05,2025-01-08,Delivered
SHP001879,ORD001879,DTDC,2025-04-02,2025-04-04,Delivered
SHP001880,ORD001880,Amazon Logistics,2025-05-03,2025-05-05,Delivered
SHP001881,ORD001881,DTDC,2025-01-14,,Pending
SHP001882,ORD001882,BlueDart,2025-06-20,,Cancelled
SHP001883,ORD001883,Amazon Logistics,2025-06-05,2025-06-07,Delivered
SHP001884,ORD001884,Ekart,2025-04-17,2025-04-19,Delivered
SHP001885,ORD001885,Ekart,2025-04-24,2025-04-29,Delivered
SHP001886,ORD001886,Ekart,2025-01-22,,Processing
SHP001887,ORD001887,DTDC,2025-05-07,2025-05-09,Delivered
SHP001888,ORD001888,Ekart,2025-05-24,2025-05-30,Delivered
SHP001889,ORD001889,Ekart,2025-03-18,2025-03-20,Delivered
SHP001890,ORD001890,Delhivery,2025-02-03,,Pending
SHP001891,ORD001891,Amazon Logistics,2025-06-17,2025-06-22,Delivered
SHP001892,ORD001892,Delhivery,2025-03-31,2025-04-04,Delivered
SHP001893,ORD001893,XpressBees,2025-05-28,2025-05-30,Delivered
SHP001894,ORD001894,BlueDart,2025-02-17,2025-02-23,Delivered
SHP001895,ORD001895,Delhivery,2025-02-12,2025-02-14,Delivered
SHP001896,ORD001896,XpressBees,2025-05-25,2025-05-28,Delivered
SHP001897,ORD001897,BlueDart,2025-02-07,2025-02-12,Delivered
SHP001898,ORD001898,Ekart,2025-03-23,2025-03-25,Delivered
SHP001899,ORD001899,Ekart,2025-04-08,2025-04-13,Delivered
SHP001900,ORD001900,Amazon Logistics,2025-01-28,2025-02-02,Delivered
SHP001901,ORD001901,Delhivery,2025-05-30,2025-06-03,Delivered
SHP001902,ORD001902,DTDC,2025-04-16,2025-04-18,Delivered
SHP001903,ORD001903,BlueDart,2025-01-26,2025-01-30,Delivered
SHP001904,ORD001904,XpressBees,2025-02-20,2025-02-23,Delivered
SHP001905,ORD001905,Amazon Logistics,2025-04-28,2025-05-04,Delivered
SHP001906,ORD001906,BlueDart,2025-02-02,,Cancelled
SHP001907,ORD001907,Ekart,2025-01-29,,Shipped
SHP001908,ORD001908,BlueDart,2025-02-20,2025-02-22,Delivered
SHP001909,ORD001909,Ekart,2025-06-12,2025-06-15,Delivered
SHP001910,ORD001910,XpressBees,2025-03-21,2025-03-26,Delivered
SHP001911,ORD001911,Delhivery,2025-02-04,,Pending
SHP001912,ORD001912,XpressBees,2025-02-28,2025-03-03,Delivered
SHP001913,ORD001913,DTDC,2025-06-04,2025-06-06,Delivered
SHP001914,ORD001914,Ekart,2025-04-21,2025-04-25,Delivered
SHP001915,ORD001915,Ekart,2025-05-04,2025-05-07,Delivered
SHP001916,ORD001916,Amazon Logistics,2025-02-05,,Shipped
SHP001917,ORD001917,Ekart,2025-06-30,,Cancelled
SHP001918,ORD001918,DTDC,2025-02-04,2025-02-08,Delivered
SHP001919,ORD001919,XpressBees,2025-01-02,2025-01-08,Delivered
SHP001920,ORD001920,Ekart,2025-01-07,2025-01-09,Delivered
SHP001921,ORD001921,XpressBees,2025-04-30,2025-05-06,Delivered
SHP001922,ORD001922,Ekart,2025-05-06,2025-05-09,Delivered
SHP001923,ORD001923,Ekart,2025-06-02,,Processing
SHP001924,ORD001924,Ekart,2025-02-18,,Shipped
SHP001925,ORD001925,BlueDart,2025-03-08,2025-03-12,Delivered
SHP001926,ORD001926,DTDC,2025-04-12,,Cancelled
SHP001927,ORD001927,DTDC,2025-04-24,,Shipped
SHP001928,ORD001928,Amazon Logistics,2025-05-11,,Shipped
SHP001929,ORD001929,DTDC,2025-03-20,2025-03-22,Delivered
SHP001930,ORD001930,DTDC,2025-02-06,,Shipped
SHP001931,ORD001931,BlueDart,2025-06-13,2025-06-17,Delivered
SHP001932,ORD001932,Delhivery,2025-06-17,2025-06-23,Delivered
SHP001933,ORD001933,Amazon Logistics,2025-06-26,2025-07-02,Delivered
SHP001934,ORD001934,XpressBees,2025-03-10,2025-03-12,Delivered
SHP001935,ORD001935,Ekart,2025-05-07,2025-05-11,Delivered
SHP001936,ORD001936,Delhivery,2025-01-19,2025-01-22,Returned
SHP001937,ORD001937,Ekart,2025-01-13,,Shipped
SHP001938,ORD001938,BlueDart,2025-03-26,,Processing
SHP001939,ORD001939,DTDC,2025-04-05,2025-04-08,Delivered
SHP001940,ORD001940,Ekart,2025-04-04,,Pending
SHP001941,ORD001941,Amazon Logistics,2025-06-09,2025-06-13,Delivered
SHP001942,ORD001942,Ekart,2025-04-11,2025-04-14,Delivered
SHP001943,ORD001943,Ekart,2025-05-25,2025-05-29,Delivered
SHP001944,ORD001944,Ekart,2025-06-02,2025-06-05,Delivered
SHP001945,ORD001945,XpressBees,2025-02-23,2025-02-27,Delivered
SHP001946,ORD001946,DTDC,2025-05-10,2025-05-13,Delivered
SHP001947,ORD001947,Delhivery,2025-01-12,2025-01-14,Delivered
SHP001948,ORD001948,XpressBees,2025-04-18,2025-04-23,Delivered
SHP001949,ORD001949,BlueDart,2025-01-04,2025-01-06,Delivered
SHP001950,ORD001950,Ekart,2025-01-17,2025-01-21,Delivered
SHP001951,ORD001951,XpressBees,2025-05-24,2025-05-28,Delivered
SHP001952,ORD001952,XpressBees,2025-06-28,2025-07-03,Delivered
SHP001953,ORD001953,Delhivery,2025-01-06,2025-01-08,Delivered
SHP001954,ORD001954,Delhivery,2025-01-12,,Shipped
SHP001955,ORD001955,Amazon Logistics,2025-04-22,2025-04-28,Delivered
SHP001956,ORD001956,BlueDart,2025-05-08,2025-05-11,Delivered
SHP001957,ORD001957,DTDC,2025-06-06,2025-06-11,Delivered
SHP001958,ORD001958,Delhivery,2025-01-22,,Processing
SHP001959,ORD001959,BlueDart,2025-02-11,,Cancelled
SHP001960,ORD001960,XpressBees,2025-04-19,,Shipped
SHP001961,ORD001961,XpressBees,2025-03-23,2025-03-28,Delivered
SHP001962,ORD001962,XpressBees,2025-02-19,2025-02-21,Delivered
SHP001963,ORD001963,Ekart,2025-02-06,,Pending
SHP001964,ORD001964,Ekart,2025-04-26,2025-05-01,Delivered
SHP001965,ORD001965,Ekart,2025-01-11,,Pending
SHP001966,ORD001966,BlueDart,2025-02-07,2025-02-11,Delivered
SHP001967,ORD001967,XpressBees,2025-06-21,2025-06-27,Delivered
SHP001968,ORD001968,BlueDart,2025-03-18,2025-03-21,Delivered
SHP001969,ORD001969,XpressBees,2025-04-16,2025-04-22,Delivered
SHP001970,ORD001970,XpressBees,2025-03-24,2025-03-29,Delivered
SHP001971,ORD001971,Ekart,2025-05-19,,Pending
SHP001972,ORD001972,Ekart,2025-03-23,,Cancelled
SHP001973,ORD001973,XpressBees,2025-04-11,2025-04-16,Delivered
SHP001974,ORD001974,DTDC,2025-04-17,2025-04-20,Delivered
SHP001975,ORD001975,Amazon Logistics,2025-05-10,,Pending
SHP001976,ORD001976,Delhivery,2025-01-15,2025-01-19,Delivered
SHP001977,ORD001977,XpressBees,2025-05-29,2025-06-02,Delivered
SHP001978,ORD001978,DTDC,2025-05-09,2025-05-15,Delivered
SHP001979,ORD001979,XpressBees,2025-02-16,,Processing
SHP001980,ORD001980,DTDC,2025-01-23,2025-01-25,Delivered
SHP001981,ORD001981,Ekart,2025-02-10,2025-02-13,Delivered
SHP001982,ORD001982,Delhivery,2025-04-03,2025-04-06,Delivered
SHP001983,ORD001983,Ekart,2025-02-27,,Pending
SHP001984,ORD001984,Ekart,2025-02-15,2025-02-17,Delivered
SHP001985,ORD001985,BlueDart,2025-04-15,2025-04-19,Delivered
SHP001986,ORD001986,DTDC,2025-04-10,2025-04-14,Delivered
SHP001987,ORD001987,Delhivery,2025-01-28,2025-01-30,Returned
SHP001988,ORD001988,Amazon Logistics,2025-06-30,2025-07-02,Delivered
SHP001989,ORD001989,Ekart,2025-05-02,2025-05-06,Delivered
SHP001990,ORD001990,DTDC,2025-05-12,2025-05-18,Delivered
SHP001991,ORD001991,Ekart,2025-01-10,2025-01-12,Delivered
SHP001992,ORD001992,DTDC,2025-01-07,,Processing
SHP001993,ORD001993,XpressBees,2025-04-18,,Pending
SHP001994,ORD001994,Amazon Logistics,2025-02-26,2025-03-03,Delivered
SHP001995,ORD001995,Amazon Logistics,2025-05-26,,Cancelled
SHP001996,ORD001996,DTDC,2025-04-10,2025-04-12,Delivered
SHP001997,ORD001997,Delhivery,2025-04-16,,Shipped
SHP001998,ORD001998,DTDC,2025-06-11,2025-06-17,Delivered
SHP001999,ORD001999,Ekart,2025-06-26,,Cancelled
SHP002000,ORD002000,Ekart,2025-05-17,2025-05-21,Delivered
SHP002001,ORD002001,Amazon Logistics,2025-04-04,,Shipped
SHP002002,ORD002002,Ekart,2025-04-01,,Shipped
SHP002003,ORD002003,DTDC,2025-01-03,2025-01-08,Delivered
SHP002004,ORD002004,DTDC,2025-03-02,2025-03-08,Delivered
SHP002005,ORD002005,Delhivery,2025-01-24,,Pending
SHP002006,ORD002006,XpressBees,2025-05-02,,Shipped
SHP002007,ORD002007,BlueDart,2025-01-13,2025-01-16,Delivered
SHP002008,ORD002008,Ekart,2025-05-28,2025-05-31,Delivered
SHP002009,ORD002009,XpressBees,2025-02-26,2025-02-28,Delivered
SHP002010,ORD002010,Amazon Logistics,2025-06-01,2025-06-05,Delivered
SHP002011,ORD002011,DTDC,2025-04-28,2025-04-30,Delivered
SHP002012,ORD002012,BlueDart,2025-02-05,2025-02-09,Delivered
SHP002013,ORD002013,Delhivery,2025-05-05,2025-05-08,Delivered
SHP002014,ORD002014,DTDC,2025-03-19,2025-03-21,Delivered
SHP002015,ORD002015,Ekart,2025-04-26,2025-04-28,Delivered
SHP002016,ORD002016,BlueDart,2025-01-27,2025-01-31,Delivered
SHP002017,ORD002017,Amazon Logistics,2025-02-26,2025-03-04,Delivered
SHP002018,ORD002018,Delhivery,2025-02-17,2025-02-20,Delivered
SHP002019,ORD002019,BlueDart,2025-01-04,2025-01-07,Delivered
SHP002020,ORD002020,Ekart,2025-03-05,2025-03-10,Delivered
SHP002021,ORD002021,XpressBees,2025-01-27,,Shipped
SHP002022,ORD002022,Delhivery,2025-06-17,2025-06-22,Delivered
SHP002023,ORD002023,DTDC,2025-04-21,2025-04-24,Delivered
SHP002024,ORD002024,Amazon Logistics,2025-05-26,2025-05-29,Delivered
SHP002025,ORD002025,Delhivery,2025-05-29,,Shipped
SHP002026,ORD002026,BlueDart,2025-02-23,2025-02-28,Delivered
SHP002027,ORD002027,Ekart,2025-05-10,2025-05-13,Delivered
SHP002028,ORD002028,XpressBees,2025-02-03,2025-02-07,Delivered
SHP002029,ORD002029,Amazon Logistics,2025-02-01,2025-02-05,Delivered
SHP002030,ORD002030,Delhivery,2025-05-19,2025-05-22,Delivered
SHP002031,ORD002031,Delhivery,2025-02-16,2025-02-20,Delivered
SHP002032,ORD002032,Amazon Logistics,2025-04-28,2025-04-30,Delivered
SHP002033,ORD002033,XpressBees,2025-06-20,2025-06-26,Delivered
SHP002034,ORD002034,Ekart,2025-06-12,2025-06-14,Delivered
SHP002035,ORD002035,Ekart,2025-01-29,2025-02-01,Delivered
SHP002036,ORD002036,BlueDart,2025-04-27,2025-05-02,Delivered
SHP002037,ORD002037,Amazon Logistics,2025-05-23,2025-05-28,Delivered
SHP002038,ORD002038,Delhivery,2025-05-28,2025-05-31,Delivered
SHP002039,ORD002039,Amazon Logistics,2025-01-21,2025-01-24,Delivered
SHP002040,ORD002040,BlueDart,2025-05-03,2025-05-09,Delivered
SHP002041,ORD002041,Amazon Logistics,2025-02-20,2025-02-25,Delivered
SHP002042,ORD002042,BlueDart,2025-04-10,2025-04-12,Delivered
SHP002043,ORD002043,Amazon Logistics,2025-01-24,2025-01-26,Delivered
SHP002044,ORD002044,BlueDart,2025-02-22,2025-02-28,Delivered
SHP002045,ORD002045,DTDC,2025-02-23,,Processing
SHP002046,ORD002046,XpressBees,2025-03-24,,Processing
SHP002047,ORD002047,Amazon Logistics,2025-03-31,,Pending
SHP002048,ORD002048,DTDC,2025-02-13,2025-02-19,Delivered
SHP002049,ORD002049,DTDC,2025-03-16,2025-03-21,Delivered
SHP002050,ORD002050,Ekart,2025-06-23,2025-06-27,Delivered
SHP002051,ORD002051,XpressBees,2025-05-10,,Shipped
SHP002052,ORD002052,Amazon Logistics,2025-04-20,,Processing
SHP002053,ORD002053,Delhivery,2025-01-21,2025-01-25,Delivered
SHP002054,ORD002054,Ekart,2025-06-21,2025-06-23,Delivered
SHP002055,ORD002055,Ekart,2025-02-12,2025-02-15,Delivered
SHP002056,ORD002056,XpressBees,2025-05-18,2025-05-20,Delivered
SHP002057,ORD002057,Amazon Logistics,2025-06-08,2025-06-10,Delivered
SHP002058,ORD002058,Amazon Logistics,2025-05-30,2025-06-02,Delivered
SHP002059,ORD002059,BlueDart,2025-04-10,2025-04-13,Delivered
SHP002060,ORD002060,Ekart,2025-04-19,2025-04-25,Delivered
SHP002061,ORD002061,Delhivery,2025-04-11,2025-04-13,Delivered
SHP002062,ORD002062,Amazon Logistics,2025-01-07,2025-01-10,Delivered
SHP002063,ORD002063,DTDC,2025-06-21,,Cancelled
SHP002064,ORD002064,Delhivery,2025-05-31,2025-06-03,Delivered
SHP002065,ORD002065,XpressBees,2025-04-28,2025-05-04,Delivered
SHP002066,ORD002066,Delhivery,2025-05-28,,Cancelled
SHP002067,ORD002067,BlueDart,2025-03-25,2025-03-30,Delivered
SHP002068,ORD002068,Delhivery,2025-02-11,2025-02-14,Delivered
SHP002069,ORD002069,Delhivery,2025-05-09,2025-05-11,Delivered
SHP002070,ORD002070,Delhivery,2025-01-25,2025-01-30,Delivered
SHP002071,ORD002071,Amazon Logistics,2025-05-09,2025-05-13,Delivered
SHP002072,ORD002072,Ekart,2025-02-05,,Shipped
SHP002073,ORD002073,Delhivery,2025-03-15,2025-03-18,Delivered
SHP002074,ORD002074,Delhivery,2025-01-06,2025-01-12,Delivered
SHP002075,ORD002075,BlueDart,2025-05-01,2025-05-03,Delivered
SHP002076,ORD002076,Amazon Logistics,2025-02-18,2025-02-21,Delivered
SHP002077,ORD002077,XpressBees,2025-06-26,2025-06-30,Delivered
SHP002078,ORD002078,BlueDart,2025-03-16,,Processing
SHP002079,ORD002079,DTDC,2025-03-30,,Processing
SHP002080,ORD002080,Delhivery,2025-04-28,,Processing
SHP002081,ORD002081,Ekart,2025-06-11,,Shipped
SHP002082,ORD002082,Delhivery,2025-05-10,2025-05-13,Delivered
SHP002083,ORD002083,Amazon Logistics,2025-04-07,2025-04-13,Delivered
SHP002084,ORD002084,Ekart,2025-04-24,,Shipped
SHP002085,ORD002085,Delhivery,2025-03-03,,Processing
SHP002086,ORD002086,Ekart,2025-05-15,2025-05-18,Delivered
SHP002087,ORD002087,Delhivery,2025-02-08,2025-02-13,Delivered
SHP002088,ORD002088,BlueDart,2025-02-26,,Cancelled
SHP002089,ORD002089,Delhivery,2025-05-15,2025-05-18,Delivered
SHP002090,ORD002090,Delhivery,2025-03-30,2025-04-03,Delivered
SHP002091,ORD002091,XpressBees,2025-01-27,,Shipped
SHP002092,ORD002092,Amazon Logistics,2025-05-06,,Pending
SHP002093,ORD002093,DTDC,2025-06-29,2025-07-04,Delivered
SHP002094,ORD002094,Delhivery,2025-04-22,2025-04-24,Delivered
SHP002095,ORD002095,XpressBees,2025-02-18,,Cancelled
SHP002096,ORD002096,DTDC,2025-02-27,2025-03-05,Delivered
SHP002097,ORD002097,Ekart,2025-02-15,,Shipped
SHP002098,ORD002098,Ekart,2025-02-18,2025-02-20,Delivered
SHP002099,ORD002099,DTDC,2025-03-02,2025-03-06,Delivered
SHP002100,ORD002100,Ekart,2025-05-29,2025-06-01,Delivered
SHP002101,ORD002101,Ekart,2025-02-20,2025-02-23,Delivered
SHP002102,ORD002102,XpressBees,2025-03-29,,Shipped
SHP002103,ORD002103,BlueDart,2025-02-17,2025-02-23,Delivered
SHP002104,ORD002104,BlueDart,2025-02-27,2025-03-02,Delivered
SHP002105,ORD002105,Delhivery,2025-06-26,,Shipped
SHP002106,ORD002106,Ekart,2025-02-23,2025-03-01,Delivered
SHP002107,ORD002107,DTDC,2025-02-04,2025-02-10,Delivered
SHP002108,ORD002108,DTDC,2025-02-25,2025-03-02,Delivered
SHP002109,ORD002109,Delhivery,2025-06-06,2025-06-10,Returned
SHP002110,ORD002110,Ekart,2025-01-06,,Shipped
SHP002111,ORD002111,DTDC,2025-05-14,2025-05-18,Delivered
SHP002112,ORD002112,DTDC,2025-01-20,2025-01-24,Delivered
SHP002113,ORD002113,XpressBees,2025-04-21,2025-04-27,Delivered
SHP002114,ORD002114,Amazon Logistics,2025-05-13,2025-05-17,Delivered
SHP002115,ORD002115,DTDC,2025-05-12,2025-05-16,Delivered
SHP002116,ORD002116,Amazon Logistics,2025-02-14,,Cancelled
SHP002117,ORD002117,BlueDart,2025-02-09,,Pending
SHP002118,ORD002118,Ekart,2025-01-16,2025-01-20,Delivered
SHP002119,ORD002119,DTDC,2025-03-19,2025-03-25,Delivered
SHP002120,ORD002120,XpressBees,2025-04-18,2025-04-22,Delivered
SHP002121,ORD002121,Delhivery,2025-05-22,2025-05-28,Delivered
SHP002122,ORD002122,DTDC,2025-04-03,,Pending
SHP002123,ORD002123,XpressBees,2025-04-06,,Shipped
SHP002124,ORD002124,DTDC,2025-05-16,,Shipped
SHP002125,ORD002125,Ekart,2025-06-08,2025-06-12,Delivered
SHP002126,ORD002126,Amazon Logistics,2025-01-22,,Processing
SHP002127,ORD002127,DTDC,2025-06-27,2025-07-02,Delivered
SHP002128,ORD002128,Ekart,2025-03-16,2025-03-18,Delivered
SHP002129,ORD002129,XpressBees,2025-04-06,2025-04-10,Delivered
SHP002130,ORD002130,Delhivery,2025-05-08,2025-05-10,Delivered
SHP002131,ORD002131,BlueDart,2025-06-29,2025-07-01,Delivered
SHP002132,ORD002132,BlueDart,2025-06-14,,Shipped
SHP002133,ORD002133,Delhivery,2025-03-25,2025-03-27,Delivered
SHP002134,ORD002134,DTDC,2025-04-25,2025-04-28,Delivered
SHP002135,ORD002135,BlueDart,2025-01-02,2025-01-04,Delivered
SHP002136,ORD002136,DTDC,2025-05-12,,Shipped
SHP002137,ORD002137,DTDC,2025-05-15,2025-05-21,Delivered
SHP002138,ORD002138,Delhivery,2025-03-02,2025-03-07,Delivered
SHP002139,ORD002139,BlueDart,2025-06-01,,Processing
SHP002140,ORD002140,XpressBees,2025-03-25,2025-03-28,Delivered
SHP002141,ORD002141,BlueDart,2025-06-30,2025-07-04,Delivered
SHP002142,ORD002142,Delhivery,2025-05-19,2025-05-25,Delivered
SHP002143,ORD002143,Amazon Logistics,2025-06-26,2025-06-28,Delivered
SHP002144,ORD002144,Delhivery,2025-04-29,2025-05-01,Delivered
SHP002145,ORD002145,BlueDart,2025-03-17,2025-03-21,Delivered
SHP002146,ORD002146,Amazon Logistics,2025-01-20,,Shipped
SHP002147,ORD002147,DTDC,2025-01-02,,Shipped
SHP002148,ORD002148,DTDC,2025-01-14,2025-01-20,Delivered
SHP002149,ORD002149,Amazon Logistics,2025-03-19,2025-03-24,Delivered
SHP002150,ORD002150,DTDC,2025-01-12,2025-01-15,Delivered
SHP002151,ORD002151,Amazon Logistics,2025-03-15,2025-03-21,Delivered
SHP002152,ORD002152,Amazon Logistics,2025-01-28,,Cancelled
SHP002153,ORD002153,DTDC,2025-06-29,2025-07-04,Delivered
SHP002154,ORD002154,Amazon Logistics,2025-04-27,,Shipped
SHP002155,ORD002155,XpressBees,2025-05-16,2025-05-22,Delivered
SHP002156,ORD002156,Amazon Logistics,2025-05-03,2025-05-09,Delivered
SHP002157,ORD002157,Amazon Logistics,2025-03-08,2025-03-12,Delivered
SHP002158,ORD002158,XpressBees,2025-04-02,2025-04-07,Delivered
SHP002159,ORD002159,BlueDart,2025-02-19,2025-02-23,Delivered
SHP002160,ORD002160,Delhivery,2025-01-12,2025-01-15,Delivered
SHP002161,ORD002161,Delhivery,2025-05-12,2025-05-18,Delivered
SHP002162,ORD002162,DTDC,2025-01-24,,Shipped
SHP002163,ORD002163,DTDC,2025-05-12,,Shipped
SHP002164,ORD002164,BlueDart,2025-06-21,2025-06-25,Delivered
SHP002165,ORD002165,Ekart,2025-04-17,2025-04-19,Delivered
SHP002166,ORD002166,Delhivery,2025-01-09,2025-01-15,Delivered
SHP002167,ORD002167,DTDC,2025-02-10,,Shipped
SHP002168,ORD002168,Delhivery,2025-01-02,2025-01-04,Delivered
SHP002169,ORD002169,DTDC,2025-05-06,,Processing
SHP002170,ORD002170,Delhivery,2025-01-16,2025-01-18,Delivered
SHP002171,ORD002171,XpressBees,2025-05-27,,Processing
SHP002172,ORD002172,XpressBees,2025-06-27,2025-06-29,Delivered
SHP002173,ORD002173,DTDC,2025-04-16,2025-04-18,Delivered
SHP002174,ORD002174,Amazon Logistics,2025-03-27,,Shipped
SHP002175,ORD002175,XpressBees,2025-04-17,2025-04-21,Delivered
SHP002176,ORD002176,XpressBees,2025-03-14,2025-03-20,Delivered
SHP002177,ORD002177,DTDC,2025-05-06,,Processing
SHP002178,ORD002178,Ekart,2025-07-01,,Processing
SHP002179,ORD002179,Delhivery,2025-05-15,,Processing
SHP002180,ORD002180,BlueDart,2025-01-29,,Shipped
SHP002181,ORD002181,DTDC,2025-01-21,2025-01-23,Delivered
SHP002182,ORD002182,Amazon Logistics,2025-04-08,2025-04-12,Delivered
SHP002183,ORD002183,XpressBees,2025-03-22,,Processing
SHP002184,ORD002184,Amazon Logistics,2025-01-27,,Processing
SHP002185,ORD002185,Ekart,2025-03-01,2025-03-05,Delivered
SHP002186,ORD002186,XpressBees,2025-04-03,,Cancelled
SHP002187,ORD002187,Delhivery,2025-05-08,2025-05-12,Returned
SHP002188,ORD002188,BlueDart,2025-04-26,,Shipped
SHP002189,ORD002189,Delhivery,2025-05-11,,Processing
SHP002190,ORD002190,Ekart,2025-01-19,2025-01-23,Delivered
SHP002191,ORD002191,Ekart,2025-04-29,,Processing
SHP002192,ORD002192,Ekart,2025-05-26,2025-06-01,Delivered
SHP002193,ORD002193,Ekart,2025-05-17,,Pending
SHP002194,ORD002194,BlueDart,2025-04-14,2025-04-17,Delivered
SHP002195,ORD002195,DTDC,2025-01-15,,Shipped
SHP002196,ORD002196,DTDC,2025-06-11,,Shipped
SHP002197,ORD002197,Delhivery,2025-01-29,2025-02-04,Delivered
SHP002198,ORD002198,Amazon Logistics,2025-03-21,,Shipped
SHP002199,ORD002199,Delhivery,2025-06-29,2025-07-03,Delivered
SHP002200,ORD002200,BlueDart,2025-03-25,2025-03-30,Delivered
SHP002201,ORD002201,Ekart,2025-05-25,2025-05-31,Delivered
SHP002202,ORD002202,Amazon Logistics,2025-01-30,2025-02-03,Delivered
SHP002203,ORD002203,DTDC,2025-04-23,,Shipped
SHP002204,ORD002204,Amazon Logistics,2025-03-28,,Cancelled
SHP002205,ORD002205,Ekart,2025-03-11,2025-03-13,Delivered
SHP002206,ORD002206,Amazon Logistics,2025-01-17,2025-01-23,Delivered
SHP002207,ORD002207,Delhivery,2025-05-06,2025-05-08,Delivered
SHP002208,ORD002208,XpressBees,2025-05-23,,Shipped
SHP002209,ORD002209,BlueDart,2025-04-22,2025-04-25,Delivered
SHP002210,ORD002210,Delhivery,2025-03-15,2025-03-21,Delivered
SHP002211,ORD002211,Amazon Logistics,2025-03-29,,Shipped
SHP002212,ORD002212,Delhivery,2025-02-23,2025-02-25,Delivered
SHP002213,ORD002213,XpressBees,2025-02-19,,Pending
SHP002214,ORD002214,Delhivery,2025-04-24,2025-04-29,Delivered
SHP002215,ORD002215,BlueDart,2025-05-08,2025-05-10,Delivered
SHP002216,ORD002216,XpressBees,2025-01-29,,Processing
SHP002217,ORD002217,BlueDart,2025-01-07,,Pending
SHP002218,ORD002218,Ekart,2025-01-21,2025-01-25,Delivered
SHP002219,ORD002219,XpressBees,2025-03-19,2025-03-23,Delivered
SHP002220,ORD002220,BlueDart,2025-02-01,2025-02-04,Delivered
SHP002221,ORD002221,XpressBees,2025-06-12,2025-06-18,Delivered
SHP002222,ORD002222,DTDC,2025-01-09,2025-01-13,Delivered
SHP002223,ORD002223,Amazon Logistics,2025-01-11,,Pending
SHP002224,ORD002224,Amazon Logistics,2025-06-20,,Cancelled
SHP002225,ORD002225,Amazon Logistics,2025-06-01,2025-06-06,Delivered
SHP002226,ORD002226,Delhivery,2025-02-17,2025-02-20,Delivered
SHP002227,ORD002227,XpressBees,2025-01-10,,Pending
SHP002228,ORD002228,Amazon Logistics,2025-04-13,2025-04-15,Delivered
SHP002229,ORD002229,Ekart,2025-05-04,2025-05-09,Delivered
SHP002230,ORD002230,DTDC,2025-03-14,,Processing
SHP002231,ORD002231,XpressBees,2025-06-25,,Cancelled
SHP002232,ORD002232,DTDC,2025-04-03,2025-04-09,Returned
SHP002233,ORD002233,BlueDart,2025-02-16,2025-02-21,Delivered
SHP002234,ORD002234,BlueDart,2025-05-16,2025-05-19,Delivered
SHP002235,ORD002235,DTDC,2025-03-08,2025-03-11,Delivered
SHP002236,ORD002236,Delhivery,2025-05-04,,Processing
SHP002237,ORD002237,BlueDart,2025-03-28,2025-03-31,Delivered
SHP002238,ORD002238,Ekart,2025-03-22,,Processing
SHP002239,ORD002239,Delhivery,2025-05-21,2025-05-24,Delivered
SHP002240,ORD002240,BlueDart,2025-03-11,2025-03-16,Delivered
SHP002241,ORD002241,DTDC,2025-03-13,,Pending
SHP002242,ORD002242,Delhivery,2025-04-22,2025-04-28,Delivered
SHP002243,ORD002243,Delhivery,2025-04-21,2025-04-26,Delivered
SHP002244,ORD002244,DTDC,2025-05-16,,Cancelled
SHP002245,ORD002245,Amazon Logistics,2025-03-03,,Shipped
SHP002246,ORD002246,XpressBees,2025-05-07,2025-05-09,Delivered
SHP002247,ORD002247,XpressBees,2025-01-18,,Cancelled
SHP002248,ORD002248,Ekart,2025-01-26,2025-01-31,Delivered
SHP002249,ORD002249,DTDC,2025-04-29,,Pending
SHP002250,ORD002250,Amazon Logistics,2025-06-21,2025-06-26,Delivered
SHP002251,ORD002251,XpressBees,2025-02-04,,Pending
SHP002252,ORD002252,Delhivery,2025-04-13,2025-04-18,Delivered
SHP002253,ORD002253,Ekart,2025-02-12,2025-02-18,Delivered
SHP002254,ORD002254,XpressBees,2025-04-17,2025-04-21,Delivered
SHP002255,ORD002255,BlueDart,2025-01-15,2025-01-20,Delivered
SHP002256,ORD002256,DTDC,2025-06-23,2025-06-29,Delivered
SHP002257,ORD002257,DTDC,2025-02-10,2025-02-13,Returned
SHP002258,ORD002258,Ekart,2025-03-01,2025-03-03,Delivered
SHP002259,ORD002259,Amazon Logistics,2025-02-09,,Processing
SHP002260,ORD002260,XpressBees,2025-06-29,2025-07-03,Delivered
SHP002261,ORD002261,BlueDart,2025-01-04,,Cancelled
SHP002262,ORD002262,DTDC,2025-03-30,2025-04-02,Delivered
SHP002263,ORD002263,XpressBees,2025-04-04,,Shipped
SHP002264,ORD002264,Ekart,2025-03-08,2025-03-11,Delivered
SHP002265,ORD002265,Ekart,2025-06-07,,Shipped
SHP002266,ORD002266,DTDC,2025-01-16,,Pending
SHP002267,ORD002267,BlueDart,2025-03-01,2025-03-07,Delivered
SHP002268,ORD002268,Delhivery,2025-03-05,2025-03-10,Delivered
SHP002269,ORD002269,Delhivery,2025-01-05,2025-01-08,Delivered
SHP002270,ORD002270,BlueDart,2025-06-08,,Shipped
SHP002271,ORD002271,DTDC,2025-02-13,2025-02-16,Delivered
SHP002272,ORD002272,XpressBees,2025-02-20,2025-02-25,Delivered
SHP002273,ORD002273,DTDC,2025-01-28,2025-02-03,Delivered
SHP002274,ORD002274,Delhivery,2025-05-24,2025-05-27,Delivered
SHP002275,ORD002275,Ekart,2025-05-25,2025-05-30,Delivered
SHP002276,ORD002276,Delhivery,2025-05-14,,Processing
SHP002277,ORD002277,DTDC,2025-06-02,,Pending
SHP002278,ORD002278,Delhivery,2025-03-13,,Pending
SHP002279,ORD002279,BlueDart,2025-04-22,2025-04-27,Delivered
SHP002280,ORD002280,XpressBees,2025-02-04,,Cancelled
SHP002281,ORD002281,DTDC,2025-03-25,2025-03-29,Delivered
SHP002282,ORD002282,BlueDart,2025-02-09,2025-02-12,Delivered
SHP002283,ORD002283,DTDC,2025-02-12,2025-02-14,Delivered
SHP002284,ORD002284,Delhivery,2025-05-18,2025-05-22,Delivered
SHP002285,ORD002285,Amazon Logistics,2025-02-02,2025-02-06,Delivered
SHP002286,ORD002286,DTDC,2025-06-08,,Pending
SHP002287,ORD002287,XpressBees,2025-03-03,2025-03-07,Delivered
SHP002288,ORD002288,BlueDart,2025-06-28,2025-07-03,Delivered
SHP002289,ORD002289,Amazon Logistics,2025-01-22,2025-01-26,Delivered
SHP002290,ORD002290,Ekart,2025-05-04,,Pending
SHP002291,ORD002291,BlueDart,2025-04-07,2025-04-09,Delivered
SHP002292,ORD002292,DTDC,2025-05-10,2025-05-15,Delivered
SHP002293,ORD002293,Delhivery,2025-05-31,2025-06-03,Delivered
SHP002294,ORD002294,Ekart,2025-03-25,2025-03-27,Delivered
SHP002295,ORD002295,DTDC,2025-01-02,2025-01-07,Delivered
SHP002296,ORD002296,Amazon Logistics,2025-03-10,2025-03-14,Delivered
SHP002297,ORD002297,Delhivery,2025-06-08,2025-06-10,Delivered
SHP002298,ORD002298,Ekart,2025-04-02,2025-04-04,Delivered
SHP002299,ORD002299,Delhivery,2025-03-24,2025-03-28,Delivered
SHP002300,ORD002300,BlueDart,2025-04-22,2025-04-25,Delivered
SHP002301,ORD002301,XpressBees,2025-03-15,2025-03-18,Delivered
SHP002302,ORD002302,DTDC,2025-06-26,2025-07-01,Delivered
SHP002303,ORD002303,DTDC,2025-02-13,2025-02-15,Delivered
SHP002304,ORD002304,Ekart,2025-06-25,2025-06-28,Delivered
SHP002305,ORD002305,DTDC,2025-04-30,2025-05-06,Delivered
SHP002306,ORD002306,BlueDart,2025-02-04,2025-02-10,Delivered
SHP002307,ORD002307,Delhivery,2025-01-29,2025-02-04,Delivered
SHP002308,ORD002308,Amazon Logistics,2025-05-04,2025-05-07,Delivered
SHP002309,ORD002309,Amazon Logistics,2025-04-06,2025-04-12,Delivered
SHP002310,ORD002310,DTDC,2025-06-05,,Pending
SHP002311,ORD002311,DTDC,2025-04-27,2025-05-02,Delivered
SHP002312,ORD002312,Delhivery,2025-05-22,,Cancelled
SHP002313,ORD002313,Ekart,2025-03-31,2025-04-06,Delivered
SHP002314,ORD002314,Delhivery,2025-01-30,,Shipped
SHP002315,ORD002315,XpressBees,2025-01-03,2025-01-09,Delivered
SHP002316,ORD002316,Delhivery,2025-04-27,,Shipped
SHP002317,ORD002317,DTDC,2025-01-15,2025-01-17,Delivered
SHP002318,ORD002318,XpressBees,2025-06-04,2025-06-08,Delivered
SHP002319,ORD002319,DTDC,2025-02-26,,Processing
SHP002320,ORD002320,DTDC,2025-01-15,,Processing
SHP002321,ORD002321,Amazon Logistics,2025-03-04,,Shipped
SHP002322,ORD002322,DTDC,2025-05-06,2025-05-09,Delivered
SHP002323,ORD002323,Ekart,2025-04-06,2025-04-11,Delivered
SHP002324,ORD002324,Amazon Logistics,2025-02-10,2025-02-15,Delivered
SHP002325,ORD002325,BlueDart,2025-03-08,2025-03-12,Delivered
SHP002326,ORD002326,Delhivery,2025-01-09,,Cancelled
SHP002327,ORD002327,BlueDart,2025-01-05,2025-01-08,Delivered
SHP002328,ORD002328,Ekart,2025-05-02,2025-05-04,Delivered
SHP002329,ORD002329,Ekart,2025-03-24,,Pending
SHP002330,ORD002330,DTDC,2025-05-29,,Shipped
SHP002331,ORD002331,Delhivery,2025-05-09,2025-05-14,Delivered
SHP002332,ORD002332,Amazon Logistics,2025-03-11,2025-03-13,Delivered
SHP002333,ORD002333,DTDC,2025-01-11,2025-01-16,Delivered
SHP002334,ORD002334,Ekart,2025-03-07,,Shipped
SHP002335,ORD002335,XpressBees,2025-06-08,2025-06-13,Delivered
SHP002336,ORD002336,Amazon Logistics,2025-04-21,2025-04-27,Delivered
SHP002337,ORD002337,XpressBees,2025-06-02,2025-06-07,Delivered
SHP002338,ORD002338,Ekart,2025-01-28,,Processing
SHP002339,ORD002339,Delhivery,2025-01-24,2025-01-29,Delivered
SHP002340,ORD002340,Ekart,2025-01-16,2025-01-21,Delivered
SHP002341,ORD002341,DTDC,2025-02-17,2025-02-23,Delivered
SHP002342,ORD002342,Amazon Logistics,2025-04-25,,Shipped
SHP002343,ORD002343,DTDC,2025-04-05,2025-04-11,Delivered
SHP002344,ORD002344,DTDC,2025-04-14,,Cancelled
SHP002345,ORD002345,Amazon Logistics,2025-04-29,2025-05-02,Delivered
SHP002346,ORD002346,BlueDart,2025-01-18,2025-01-20,Delivered
SHP002347,ORD002347,Amazon Logistics,2025-01-27,,Processing
SHP002348,ORD002348,DTDC,2025-05-20,2025-05-23,Delivered
SHP002349,ORD002349,Ekart,2025-05-07,2025-05-09,Delivered
SHP002350,ORD002350,Amazon Logistics,2025-03-27,2025-03-30,Delivered
SHP002351,ORD002351,Ekart,2025-04-05,2025-04-10,Delivered
SHP002352,ORD002352,XpressBees,2025-01-17,2025-01-21,Returned
SHP002353,ORD002353,DTDC,2025-03-27,,Processing
SHP002354,ORD002354,XpressBees,2025-02-01,2025-02-06,Delivered
SHP002355,ORD002355,BlueDart,2025-01-21,2025-01-24,Delivered
SHP002356,ORD002356,Ekart,2025-02-09,2025-02-13,Delivered
SHP002357,ORD002357,BlueDart,2025-04-23,2025-04-29,Delivered
SHP002358,ORD002358,DTDC,2025-03-12,2025-03-14,Delivered
SHP002359,ORD002359,XpressBees,2025-04-15,,Processing
SHP002360,ORD002360,XpressBees,2025-02-01,2025-02-03,Delivered
SHP002361,ORD002361,Amazon Logistics,2025-01-15,2025-01-17,Delivered
SHP002362,ORD002362,BlueDart,2025-06-08,2025-06-12,Delivered
SHP002363,ORD002363,Amazon Logistics,2025-06-12,,Pending
SHP002364,ORD002364,DTDC,2025-03-29,2025-04-01,Delivered
SHP002365,ORD002365,BlueDart,2025-01-16,2025-01-20,Delivered
SHP002366,ORD002366,BlueDart,2025-05-17,2025-05-21,Delivered
SHP002367,ORD002367,Ekart,2025-06-25,2025-06-27,Delivered
SHP002368,ORD002368,DTDC,2025-06-01,,Cancelled
SHP002369,ORD002369,DTDC,2025-03-13,2025-03-16,Delivered
SHP002370,ORD002370,Amazon Logistics,2025-02-13,2025-02-15,Delivered
SHP002371,ORD002371,XpressBees,2025-05-06,2025-05-09,Delivered
SHP002372,ORD002372,XpressBees,2025-04-03,2025-04-09,Delivered
SHP002373,ORD002373,Amazon Logistics,2025-05-05,2025-05-09,Delivered
SHP002374,ORD002374,DTDC,2025-06-04,2025-06-10,Delivered
SHP002375,ORD002375,XpressBees,2025-05-20,2025-05-22,Delivered
SHP002376,ORD002376,Amazon Logistics,2025-03-25,2025-03-30,Delivered
SHP002377,ORD002377,DTDC,2025-05-16,2025-05-18,Delivered
SHP002378,ORD002378,Amazon Logistics,2025-03-27,2025-04-01,Delivered
SHP002379,ORD002379,Delhivery,2025-04-23,2025-04-26,Delivered
SHP002380,ORD002380,Amazon Logistics,2025-01-16,2025-01-18,Delivered
SHP002381,ORD002381,XpressBees,2025-03-06,,Pending
SHP002382,ORD002382,Amazon Logistics,2025-03-16,2025-03-19,Delivered
SHP002383,ORD002383,XpressBees,2025-03-09,2025-03-12,Delivered
SHP002384,ORD002384,Ekart,2025-04-20,,Processing
SHP002385,ORD002385,Amazon Logistics,2025-05-23,,Shipped
SHP002386,ORD002386,Amazon Logistics,2025-04-19,,Processing
SHP002387,ORD002387,Delhivery,2025-01-25,2025-01-30,Delivered
SHP002388,ORD002388,DTDC,2025-02-17,2025-02-22,Delivered
SHP002389,ORD002389,DTDC,2025-01-05,2025-01-11,Delivered
SHP002390,ORD002390,Delhivery,2025-06-14,2025-06-18,Delivered
SHP002391,ORD002391,DTDC,2025-02-13,2025-02-19,Delivered
SHP002392,ORD002392,Delhivery,2025-01-24,2025-01-27,Delivered
SHP002393,ORD002393,DTDC,2025-02-28,,Pending
SHP002394,ORD002394,Delhivery,2025-04-01,2025-04-06,Delivered
SHP002395,ORD002395,BlueDart,2025-06-23,,Cancelled
SHP002396,ORD002396,BlueDart,2025-06-20,2025-06-23,Delivered
SHP002397,ORD002397,BlueDart,2025-01-31,2025-02-02,Delivered
SHP002398,ORD002398,Delhivery,2025-01-27,2025-01-30,Delivered
SHP002399,ORD002399,Amazon Logistics,2025-04-15,2025-04-19,Delivered
SHP002400,ORD002400,Delhivery,2025-01-11,2025-01-17,Delivered
SHP002401,ORD002401,Ekart,2025-03-10,2025-03-14,Delivered
SHP002402,ORD002402,Delhivery,2025-04-19,2025-04-25,Delivered
SHP002403,ORD002403,Amazon Logistics,2025-04-02,2025-04-07,Returned
SHP002404,ORD002404,Delhivery,2025-04-15,2025-04-21,Delivered
SHP002405,ORD002405,BlueDart,2025-01-19,2025-01-25,Delivered
SHP002406,ORD002406,XpressBees,2025-06-30,2025-07-05,Delivered
SHP002407,ORD002407,DTDC,2025-01-23,,Pending
SHP002408,ORD002408,DTDC,2025-04-09,,Shipped
SHP002409,ORD002409,BlueDart,2025-01-10,2025-01-15,Delivered
SHP002410,ORD002410,Ekart,2025-04-17,2025-04-22,Returned
SHP002411,ORD002411,BlueDart,2025-01-17,,Processing
SHP002412,ORD002412,Amazon Logistics,2025-03-21,2025-03-23,Delivered
SHP002413,ORD002413,DTDC,2025-01-29,2025-02-04,Delivered
SHP002414,ORD002414,Amazon Logistics,2025-01-09,,Pending
SHP002415,ORD002415,DTDC,2025-05-18,2025-05-21,Delivered
SHP002416,ORD002416,Delhivery,2025-03-09,2025-03-11,Delivered
SHP002417,ORD002417,DTDC,2025-04-13,2025-04-17,Delivered
SHP002418,ORD002418,BlueDart,2025-06-01,,Pending
SHP002419,ORD002419,DTDC,2025-03-07,2025-03-13,Delivered
SHP002420,ORD002420,DTDC,2025-03-21,2025-03-25,Delivered
SHP002421,ORD002421,Delhivery,2025-03-14,2025-03-16,Delivered
SHP002422,ORD002422,Delhivery,2025-04-07,,Cancelled
SHP002423,ORD002423,XpressBees,2025-03-03,2025-03-09,Delivered
SHP002424,ORD002424,Ekart,2025-05-25,2025-05-29,Delivered
SHP002425,ORD002425,Amazon Logistics,2025-06-01,2025-06-03,Delivered
SHP002426,ORD002426,Delhivery,2025-04-30,,Shipped
SHP002427,ORD002427,XpressBees,2025-06-09,,Pending
SHP002428,ORD002428,Amazon Logistics,2025-01-11,2025-01-16,Delivered
SHP002429,ORD002429,XpressBees,2025-03-13,,Shipped
SHP002430,ORD002430,BlueDart,2025-02-22,,Processing
SHP002431,ORD002431,Amazon Logistics,2025-02-11,2025-02-14,Delivered
SHP002432,ORD002432,Delhivery,2025-03-15,,Processing
SHP002433,ORD002433,BlueDart,2025-06-10,2025-06-16,Delivered
SHP002434,ORD002434,XpressBees,2025-06-30,,Pending
SHP002435,ORD002435,Amazon Logistics,2025-06-10,2025-06-14,Delivered
SHP002436,ORD002436,Amazon Logistics,2025-06-12,2025-06-18,Delivered
SHP002437,ORD002437,DTDC,2025-06-03,,Processing
SHP002438,ORD002438,XpressBees,2025-02-03,2025-02-06,Delivered
SHP002439,ORD002439,XpressBees,2025-06-03,2025-06-08,Delivered
SHP002440,ORD002440,BlueDart,2025-03-08,,Cancelled
SHP002441,ORD002441,Ekart,2025-02-09,2025-02-11,Delivered
SHP002442,ORD002442,DTDC,2025-06-23,2025-06-25,Delivered
SHP002443,ORD002443,DTDC,2025-01-11,2025-01-15,Delivered
SHP002444,ORD002444,BlueDart,2025-02-07,,Pending
SHP002445,ORD002445,BlueDart,2025-05-26,2025-05-29,Delivered
SHP002446,ORD002446,BlueDart,2025-01-27,2025-01-30,Delivered
SHP002447,ORD002447,BlueDart,2025-05-26,2025-05-30,Delivered
SHP002448,ORD002448,BlueDart,2025-03-15,2025-03-21,Delivered
SHP002449,ORD002449,Ekart,2025-02-23,2025-02-28,Delivered
SHP002450,ORD002450,Ekart,2025-05-23,2025-05-27,Delivered
SHP002451,ORD002451,Amazon Logistics,2025-01-14,2025-01-19,Delivered
SHP002452,ORD002452,Amazon Logistics,2025-02-01,,Processing
SHP002453,ORD002453,Amazon Logistics,2025-03-11,2025-03-13,Delivered
SHP002454,ORD002454,Delhivery,2025-01-30,,Cancelled
SHP002455,ORD002455,XpressBees,2025-03-06,2025-03-12,Delivered
SHP002456,ORD002456,Ekart,2025-01-29,2025-02-03,Delivered
SHP002457,ORD002457,DTDC,2025-01-02,2025-01-07,Delivered
SHP002458,ORD002458,BlueDart,2025-01-05,2025-01-11,Delivered
SHP002459,ORD002459,DTDC,2025-06-09,,Processing
SHP002460,ORD002460,Delhivery,2025-03-12,,Shipped
SHP002461,ORD002461,Amazon Logistics,2025-02-11,2025-02-16,Delivered
SHP002462,ORD002462,XpressBees,2025-02-18,2025-02-23,Delivered
SHP002463,ORD002463,Amazon Logistics,2025-05-01,2025-05-06,Delivered
SHP002464,ORD002464,DTDC,2025-06-14,2025-06-17,Delivered
SHP002465,ORD002465,Delhivery,2025-06-30,2025-07-03,Delivered
SHP002466,ORD002466,BlueDart,2025-05-26,2025-05-28,Delivered
SHP002467,ORD002467,Amazon Logistics,2025-03-26,2025-03-30,Delivered
SHP002468,ORD002468,Ekart,2025-06-06,2025-06-12,Delivered
SHP002469,ORD002469,Delhivery,2025-03-17,2025-03-22,Delivered
SHP002470,ORD002470,DTDC,2025-03-26,2025-03-30,Delivered
SHP002471,ORD002471,BlueDart,2025-03-16,2025-03-22,Delivered
SHP002472,ORD002472,Amazon Logistics,2025-01-21,2025-01-24,Delivered
SHP002473,ORD002473,XpressBees,2025-06-06,,Shipped
SHP002474,ORD002474,Delhivery,2025-06-20,,Processing
SHP002475,ORD002475,Ekart,2025-04-02,,Processing
SHP002476,ORD002476,Amazon Logistics,2025-01-17,2025-01-23,Delivered
SHP002477,ORD002477,DTDC,2025-03-23,,Cancelled
SHP002478,ORD002478,DTDC,2025-06-03,2025-06-09,Delivered
SHP002479,ORD002479,Ekart,2025-01-28,,Pending
SHP002480,ORD002480,Ekart,2025-05-19,2025-05-21,Delivered
SHP002481,ORD002481,XpressBees,2025-01-22,,Processing
SHP002482,ORD002482,BlueDart,2025-02-25,,Shipped
SHP002483,ORD002483,Delhivery,2025-03-06,2025-03-08,Delivered
SHP002484,ORD002484,DTDC,2025-03-08,2025-03-10,Delivered
SHP002485,ORD002485,Amazon Logistics,2025-03-07,,Shipped
SHP002486,ORD002486,DTDC,2025-05-01,2025-05-03,Delivered
SHP002487,ORD002487,BlueDart,2025-05-19,2025-05-25,Delivered
SHP002488,ORD002488,Delhivery,2025-05-18,,Shipped
SHP002489,ORD002489,Delhivery,2025-05-23,,Processing
SHP002490,ORD002490,Ekart,2025-04-21,2025-04-23,Delivered
SHP002491,ORD002491,Ekart,2025-01-02,2025-01-05,Delivered
SHP002492,ORD002492,Delhivery,2025-04-21,,Shipped
SHP002493,ORD002493,BlueDart,2025-02-27,2025-03-05,Delivered
SHP002494,ORD002494,BlueDart,2025-03-19,2025-03-21,Delivered
SHP002495,ORD002495,Amazon Logistics,2025-02-08,2025-02-13,Delivered
SHP002496,ORD002496,Amazon Logistics,2025-01-05,2025-01-07,Delivered
SHP002497,ORD002497,DTDC,2025-04-25,,Shipped
SHP002498,ORD002498,Ekart,2025-06-16,2025-06-22,Delivered
SHP002499,ORD002499,Ekart,2025-01-11,2025-01-14,Delivered
SHP002500,ORD002500,Delhivery,2025-05-04,,Processing
SHP002501,ORD002501,XpressBees,2025-01-26,,Shipped
SHP002502,ORD002502,XpressBees,2025-04-19,,Pending
SHP002503,ORD002503,BlueDart,2025-03-06,,Pending
SHP002504,ORD002504,BlueDart,2025-06-04,2025-06-10,Delivered
SHP002505,ORD002505,Delhivery,2025-06-18,2025-06-23,Delivered
SHP002506,ORD002506,Amazon Logistics,2025-04-23,2025-04-27,Delivered
SHP002507,ORD002507,XpressBees,2025-01-16,2025-01-19,Delivered
SHP002508,ORD002508,Amazon Logistics,2025-03-17,,Shipped
SHP002509,ORD002509,Amazon Logistics,2025-02-09,,Shipped
SHP002510,ORD002510,Delhivery,2025-06-05,2025-06-07,Delivered
SHP002511,ORD002511,XpressBees,2025-06-23,2025-06-26,Delivered
SHP002512,ORD002512,DTDC,2025-02-08,2025-02-11,Delivered
SHP002513,ORD002513,XpressBees,2025-03-24,2025-03-30,Delivered
SHP002514,ORD002514,BlueDart,2025-02-25,,Processing
SHP002515,ORD002515,XpressBees,2025-05-15,2025-05-21,Delivered
SHP002516,ORD002516,XpressBees,2025-06-01,,Shipped
SHP002517,ORD002517,BlueDart,2025-06-14,2025-06-17,Delivered
SHP002518,ORD002518,Ekart,2025-06-07,2025-06-12,Delivered
SHP002519,ORD002519,XpressBees,2025-05-22,2025-05-26,Delivered
SHP002520,ORD002520,XpressBees,2025-04-06,2025-04-08,Delivered
SHP002521,ORD002521,DTDC,2025-05-04,2025-05-09,Delivered
SHP002522,ORD002522,Delhivery,2025-01-25,2025-01-31,Delivered
SHP002523,ORD002523,XpressBees,2025-06-16,2025-06-22,Delivered
SHP002524,ORD002524,Amazon Logistics,2025-02-09,,Cancelled
SHP002525,ORD002525,XpressBees,2025-04-30,,Cancelled
SHP002526,ORD002526,Delhivery,2025-01-20,2025-01-23,Returned
SHP002527,ORD002527,Amazon Logistics,2025-01-05,2025-01-10,Delivered
SHP002528,ORD002528,Ekart,2025-03-28,2025-04-03,Delivered
SHP002529,ORD002529,Delhivery,2025-05-29,,Processing
SHP002530,ORD002530,DTDC,2025-03-09,2025-03-14,Delivered
SHP002531,ORD002531,Amazon Logistics,2025-05-18,2025-05-21,Delivered
SHP002532,ORD002532,Ekart,2025-03-14,,Shipped
SHP002533,ORD002533,XpressBees,2025-05-05,2025-05-11,Delivered
SHP002534,ORD002534,Amazon Logistics,2025-03-30,,Shipped
SHP002535,ORD002535,XpressBees,2025-04-15,2025-04-20,Delivered
SHP002536,ORD002536,Ekart,2025-04-15,,Cancelled
SHP002537,ORD002537,Amazon Logistics,2025-02-14,2025-02-20,Delivered
SHP002538,ORD002538,DTDC,2025-04-08,2025-04-12,Delivered
SHP002539,ORD002539,XpressBees,2025-01-29,2025-02-04,Delivered
SHP002540,ORD002540,Amazon Logistics,2025-04-06,2025-04-08,Delivered
SHP002541,ORD002541,XpressBees,2025-04-07,2025-04-11,Delivered
SHP002542,ORD002542,BlueDart,2025-02-13,2025-02-17,Delivered
SHP002543,ORD002543,DTDC,2025-03-24,2025-03-26,Delivered
SHP002544,ORD002544,BlueDart,2025-02-03,2025-02-09,Delivered
SHP002545,ORD002545,Amazon Logistics,2025-01-11,2025-01-15,Delivered
SHP002546,ORD002546,Delhivery,2025-03-19,2025-03-21,Returned
SHP002547,ORD002547,DTDC,2025-04-22,2025-04-27,Delivered
SHP002548,ORD002548,DTDC,2025-03-13,2025-03-15,Delivered
SHP002549,ORD002549,Amazon Logistics,2025-04-17,2025-04-22,Delivered
SHP002550,ORD002550,XpressBees,2025-03-02,2025-03-08,Delivered
SHP002551,ORD002551,Amazon Logistics,2025-04-28,2025-05-01,Delivered
SHP002552,ORD002552,XpressBees,2025-01-02,2025-01-06,Delivered
SHP002553,ORD002553,Delhivery,2025-02-28,2025-03-05,Returned
SHP002554,ORD002554,DTDC,2025-03-21,,Pending
SHP002555,ORD002555,DTDC,2025-06-16,2025-06-22,Delivered
SHP002556,ORD002556,Amazon Logistics,2025-06-30,2025-07-05,Delivered
SHP002557,ORD002557,Amazon Logistics,2025-05-27,,Cancelled
SHP002558,ORD002558,XpressBees,2025-02-04,2025-02-07,Delivered
SHP002559,ORD002559,Delhivery,2025-01-23,2025-01-27,Delivered
SHP002560,ORD002560,XpressBees,2025-06-26,2025-06-30,Delivered
SHP002561,ORD002561,BlueDart,2025-06-17,2025-06-20,Delivered
SHP002562,ORD002562,Ekart,2025-06-06,2025-06-08,Delivered
SHP002563,ORD002563,Amazon Logistics,2025-04-20,2025-04-23,Returned
SHP002564,ORD002564,DTDC,2025-04-19,,Processing
SHP002565,ORD002565,DTDC,2025-02-23,2025-02-25,Delivered
SHP002566,ORD002566,Ekart,2025-04-20,2025-04-22,Delivered
SHP002567,ORD002567,Amazon Logistics,2025-05-18,2025-05-24,Delivered
SHP002568,ORD002568,Amazon Logistics,2025-02-11,2025-02-15,Delivered
SHP002569,ORD002569,Amazon Logistics,2025-05-25,2025-05-29,Delivered
SHP002570,ORD002570,Delhivery,2025-02-26,2025-03-04,Delivered
SHP002571,ORD002571,XpressBees,2025-02-06,2025-02-10,Delivered
SHP002572,ORD002572,DTDC,2025-06-01,,Shipped
SHP002573,ORD002573,Amazon Logistics,2025-02-10,,Processing
SHP002574,ORD002574,DTDC,2025-01-18,2025-01-21,Delivered
SHP002575,ORD002575,Amazon Logistics,2025-05-29,2025-06-03,Delivered
SHP002576,ORD002576,Delhivery,2025-04-01,2025-04-03,Delivered
SHP002577,ORD002577,BlueDart,2025-05-28,2025-06-01,Delivered
SHP002578,ORD002578,Ekart,2025-03-12,2025-03-16,Delivered
SHP002579,ORD002579,Delhivery,2025-01-29,,Processing
SHP002580,ORD002580,BlueDart,2025-05-16,2025-05-18,Delivered
SHP002581,ORD002581,Ekart,2025-03-20,,Processing
SHP002582,ORD002582,BlueDart,2025-03-08,2025-03-13,Delivered
SHP002583,ORD002583,Delhivery,2025-06-16,2025-06-20,Delivered
SHP002584,ORD002584,Delhivery,2025-01-20,2025-01-26,Delivered
SHP002585,ORD002585,XpressBees,2025-04-06,2025-04-09,Delivered
SHP002586,ORD002586,Amazon Logistics,2025-02-19,,Processing
SHP002587,ORD002587,BlueDart,2025-06-13,2025-06-17,Delivered
SHP002588,ORD002588,BlueDart,2025-05-14,2025-05-16,Delivered
SHP002589,ORD002589,XpressBees,2025-03-04,2025-03-07,Delivered
SHP002590,ORD002590,DTDC,2025-06-02,2025-06-06,Delivered
SHP002591,ORD002591,DTDC,2025-06-20,2025-06-26,Delivered
SHP002592,ORD002592,Amazon Logistics,2025-03-03,,Shipped
SHP002593,ORD002593,Amazon Logistics,2025-02-18,2025-02-22,Delivered
SHP002594,ORD002594,XpressBees,2025-01-02,2025-01-08,Delivered
SHP002595,ORD002595,Delhivery,2025-03-05,2025-03-10,Delivered
SHP002596,ORD002596,Amazon Logistics,2025-03-11,,Shipped
SHP002597,ORD002597,Ekart,2025-01-28,2025-01-31,Delivered
SHP002598,ORD002598,Amazon Logistics,2025-04-24,2025-04-30,Delivered
SHP002599,ORD002599,Ekart,2025-01-20,2025-01-24,Delivered
SHP002600,ORD002600,XpressBees,2025-06-24,2025-06-27,Delivered
SHP002601,ORD002601,DTDC,2025-04-03,2025-04-07,Delivered
SHP002602,ORD002602,DTDC,2025-02-03,2025-02-05,Delivered
SHP002603,ORD002603,Ekart,2025-04-04,,Pending
SHP002604,ORD002604,Delhivery,2025-04-16,2025-04-21,Delivered
SHP002605,ORD002605,Ekart,2025-04-28,,Shipped
SHP002606,ORD002606,BlueDart,2025-01-26,2025-01-31,Delivered
SHP002607,ORD002607,DTDC,2025-06-17,2025-06-20,Delivered
SHP002608,ORD002608,BlueDart,2025-03-26,2025-03-28,Delivered
SHP002609,ORD002609,Ekart,2025-01-19,2025-01-22,Delivered
SHP002610,ORD002610,BlueDart,2025-05-17,2025-05-19,Delivered
SHP002611,ORD002611,DTDC,2025-03-31,,Cancelled
SHP002612,ORD002612,Ekart,2025-05-22,2025-05-26,Delivered
SHP002613,ORD002613,Ekart,2025-03-30,,Cancelled
SHP002614,ORD002614,XpressBees,2025-04-09,2025-04-15,Delivered
SHP002615,ORD002615,BlueDart,2025-01-30,2025-02-01,Delivered
SHP002616,ORD002616,BlueDart,2025-03-30,2025-04-02,Delivered
SHP002617,ORD002617,DTDC,2025-01-10,2025-01-15,Delivered
SHP002618,ORD002618,Amazon Logistics,2025-04-22,2025-04-26,Delivered
SHP002619,ORD002619,XpressBees,2025-04-06,,Cancelled
SHP002620,ORD002620,XpressBees,2025-04-12,2025-04-16,Delivered
SHP002621,ORD002621,Ekart,2025-06-13,2025-06-17,Delivered
SHP002622,ORD002622,XpressBees,2025-04-15,2025-04-18,Delivered
SHP002623,ORD002623,XpressBees,2025-02-18,,Cancelled
SHP002624,ORD002624,Delhivery,2025-02-25,2025-02-28,Delivered
SHP002625,ORD002625,Delhivery,2025-02-22,2025-02-26,Delivered
SHP002626,ORD002626,XpressBees,2025-01-29,,Shipped
SHP002627,ORD002627,BlueDart,2025-01-25,2025-01-29,Delivered
SHP002628,ORD002628,DTDC,2025-01-17,2025-01-21,Delivered
SHP002629,ORD002629,XpressBees,2025-03-16,2025-03-22,Delivered
SHP002630,ORD002630,BlueDart,2025-02-17,,Cancelled
SHP002631,ORD002631,BlueDart,2025-02-11,2025-02-17,Delivered
SHP002632,ORD002632,XpressBees,2025-03-13,2025-03-16,Delivered
SHP002633,ORD002633,Amazon Logistics,2025-06-18,2025-06-21,Delivered
SHP002634,ORD002634,DTDC,2025-01-09,2025-01-11,Delivered
SHP002635,ORD002635,XpressBees,2025-02-05,2025-02-09,Delivered
SHP002636,ORD002636,XpressBees,2025-05-24,2025-05-26,Delivered
SHP002637,ORD002637,XpressBees,2025-06-29,2025-07-03,Delivered
SHP002638,ORD002638,XpressBees,2025-02-08,2025-02-12,Delivered
SHP002639,ORD002639,DTDC,2025-02-25,2025-02-27,Delivered
SHP002640,ORD002640,BlueDart,2025-04-29,2025-05-04,Delivered
SHP002641,ORD002641,Ekart,2025-02-20,,Pending
SHP002642,ORD002642,Ekart,2025-04-26,2025-05-01,Delivered
SHP002643,ORD002643,BlueDart,2025-02-26,2025-03-02,Delivered
SHP002644,ORD002644,Ekart,2025-05-13,2025-05-19,Delivered
SHP002645,ORD002645,BlueDart,2025-01-29,2025-02-01,Delivered
SHP002646,ORD002646,Ekart,2025-04-13,,Cancelled
SHP002647,ORD002647,Delhivery,2025-05-19,2025-05-22,Delivered
SHP002648,ORD002648,DTDC,2025-01-08,,Shipped
SHP002649,ORD002649,XpressBees,2025-01-05,2025-01-09,Delivered
SHP002650,ORD002650,BlueDart,2025-01-26,2025-01-30,Delivered
SHP002651,ORD002651,DTDC,2025-05-22,2025-05-25,Delivered
SHP002652,ORD002652,Amazon Logistics,2025-02-03,2025-02-07,Delivered
SHP002653,ORD002653,Delhivery,2025-03-11,2025-03-13,Delivered
SHP002654,ORD002654,Amazon Logistics,2025-06-05,,Processing
SHP002655,ORD002655,DTDC,2025-01-17,2025-01-20,Delivered
SHP002656,ORD002656,Amazon Logistics,2025-03-04,2025-03-07,Delivered
SHP002657,ORD002657,Delhivery,2025-06-12,2025-06-15,Delivered
SHP002658,ORD002658,Delhivery,2025-01-17,,Processing
SHP002659,ORD002659,Amazon Logistics,2025-03-05,,Shipped
SHP002660,ORD002660,BlueDart,2025-04-20,2025-04-24,Delivered
SHP002661,ORD002661,XpressBees,2025-04-02,2025-04-06,Delivered
SHP002662,ORD002662,Delhivery,2025-05-28,2025-06-03,Delivered
SHP002663,ORD002663,BlueDart,2025-06-28,2025-07-04,Delivered
SHP002664,ORD002664,Delhivery,2025-04-08,,Cancelled
SHP002665,ORD002665,BlueDart,2025-02-05,,Shipped
SHP002666,ORD002666,BlueDart,2025-01-26,,Shipped
SHP002667,ORD002667,Amazon Logistics,2025-01-24,2025-01-28,Delivered
SHP002668,ORD002668,Ekart,2025-05-01,2025-05-05,Delivered
SHP002669,ORD002669,DTDC,2025-03-30,2025-04-01,Delivered
SHP002670,ORD002670,Ekart,2025-02-07,2025-02-10,Delivered
SHP002671,ORD002671,XpressBees,2025-06-01,2025-06-03,Delivered
SHP002672,ORD002672,Ekart,2025-06-30,2025-07-03,Delivered
SHP002673,ORD002673,Ekart,2025-05-18,2025-05-22,Delivered
SHP002674,ORD002674,DTDC,2025-04-14,,Shipped
SHP002675,ORD002675,BlueDart,2025-06-04,,Processing
SHP002676,ORD002676,BlueDart,2025-01-14,2025-01-16,Delivered
SHP002677,ORD002677,DTDC,2025-01-28,2025-02-02,Delivered
SHP002678,ORD002678,Amazon Logistics,2025-05-02,2025-05-04,Delivered
SHP002679,ORD002679,XpressBees,2025-02-21,2025-02-25,Delivered
SHP002680,ORD002680,Ekart,2025-06-24,,Shipped
SHP002681,ORD002681,Delhivery,2025-03-02,2025-03-08,Delivered
SHP002682,ORD002682,Amazon Logistics,2025-01-21,,Cancelled
SHP002683,ORD002683,Ekart,2025-05-24,,Processing
SHP002684,ORD002684,XpressBees,2025-05-21,2025-05-23,Delivered
SHP002685,ORD002685,Delhivery,2025-05-28,2025-06-02,Delivered
SHP002686,ORD002686,BlueDart,2025-02-23,2025-02-27,Delivered
SHP002687,ORD002687,Amazon Logistics,2025-06-29,2025-07-03,Delivered
SHP002688,ORD002688,BlueDart,2025-01-14,2025-01-18,Delivered
SHP002689,ORD002689,Ekart,2025-01-03,2025-01-09,Delivered
SHP002690,ORD002690,BlueDart,2025-04-05,2025-04-07,Delivered
SHP002691,ORD002691,Ekart,2025-05-17,2025-05-20,Delivered
SHP002692,ORD002692,BlueDart,2025-02-02,2025-02-04,Delivered
SHP002693,ORD002693,XpressBees,2025-02-27,2025-03-02,Delivered
SHP002694,ORD002694,Amazon Logistics,2025-05-29,2025-05-31,Delivered
SHP002695,ORD002695,BlueDart,2025-04-30,,Pending
SHP002696,ORD002696,Delhivery,2025-03-03,,Shipped
SHP002697,ORD002697,Delhivery,2025-06-14,2025-06-17,Delivered
SHP002698,ORD002698,XpressBees,2025-03-05,2025-03-07,Delivered
SHP002699,ORD002699,Amazon Logistics,2025-05-24,,Processing
SHP002700,ORD002700,Delhivery,2025-04-27,2025-04-30,Delivered
SHP002701,ORD002701,BlueDart,2025-01-30,2025-02-02,Delivered
SHP002702,ORD002702,BlueDart,2025-05-02,2025-05-05,Delivered
SHP002703,ORD002703,XpressBees,2025-05-15,2025-05-20,Delivered
SHP002704,ORD002704,BlueDart,2025-05-10,,Shipped
SHP002705,ORD002705,Amazon Logistics,2025-07-01,,Processing
SHP002706,ORD002706,BlueDart,2025-05-23,2025-05-25,Delivered
SHP002707,ORD002707,Amazon Logistics,2025-03-27,,Pending
SHP002708,ORD002708,Ekart,2025-02-03,2025-02-08,Delivered
SHP002709,ORD002709,DTDC,2025-04-23,2025-04-28,Delivered
SHP002710,ORD002710,Ekart,2025-06-10,2025-06-12,Delivered
SHP002711,ORD002711,DTDC,2025-02-24,,Shipped
SHP002712,ORD002712,Delhivery,2025-06-15,2025-06-19,Delivered
SHP002713,ORD002713,XpressBees,2025-04-28,2025-05-04,Delivered
SHP002714,ORD002714,XpressBees,2025-01-20,2025-01-23,Delivered
SHP002715,ORD002715,XpressBees,2025-04-22,2025-04-26,Delivered
SHP002716,ORD002716,XpressBees,2025-05-02,2025-05-06,Delivered
SHP002717,ORD002717,Amazon Logistics,2025-01-17,2025-01-20,Delivered
SHP002718,ORD002718,DTDC,2025-05-19,2025-05-23,Delivered
SHP002719,ORD002719,Delhivery,2025-04-16,2025-04-22,Delivered
SHP002720,ORD002720,Ekart,2025-04-10,2025-04-14,Delivered
SHP002721,ORD002721,Delhivery,2025-05-26,,Shipped
SHP002722,ORD002722,Delhivery,2025-04-08,2025-04-13,Delivered
SHP002723,ORD002723,DTDC,2025-03-05,2025-03-10,Delivered
SHP002724,ORD002724,Amazon Logistics,2025-01-04,2025-01-06,Delivered
SHP002725,ORD002725,XpressBees,2025-04-04,2025-04-08,Delivered
SHP002726,ORD002726,Delhivery,2025-04-05,,Processing
SHP002727,ORD002727,Delhivery,2025-01-28,2025-01-31,Delivered
SHP002728,ORD002728,Amazon Logistics,2025-03-26,2025-03-31,Delivered
SHP002729,ORD002729,DTDC,2025-02-12,,Pending
SHP002730,ORD002730,XpressBees,2025-03-07,2025-03-11,Returned
SHP002731,ORD002731,Delhivery,2025-06-08,,Cancelled
SHP002732,ORD002732,Ekart,2025-04-15,,Pending
SHP002733,ORD002733,XpressBees,2025-04-15,2025-04-19,Delivered
SHP002734,ORD002734,DTDC,2025-05-03,2025-05-08,Delivered
SHP002735,ORD002735,Amazon Logistics,2025-05-06,,Processing
SHP002736,ORD002736,Delhivery,2025-06-30,2025-07-02,Delivered
SHP002737,ORD002737,XpressBees,2025-05-15,2025-05-21,Delivered
SHP002738,ORD002738,XpressBees,2025-04-07,2025-04-09,Delivered
SHP002739,ORD002739,Delhivery,2025-07-01,2025-07-04,Delivered
SHP002740,ORD002740,Ekart,2025-02-02,2025-02-04,Delivered
SHP002741,ORD002741,XpressBees,2025-01-20,2025-01-22,Delivered
SHP002742,ORD002742,Ekart,2025-04-11,2025-04-15,Delivered
SHP002743,ORD002743,Amazon Logistics,2025-04-12,,Cancelled
SHP002744,ORD002744,DTDC,2025-01-12,2025-01-14,Delivered
SHP002745,ORD002745,Ekart,2025-05-11,2025-05-14,Delivered
SHP002746,ORD002746,XpressBees,2025-06-24,2025-06-30,Delivered
SHP002747,ORD002747,Amazon Logistics,2025-04-14,2025-04-20,Delivered
SHP002748,ORD002748,DTDC,2025-03-23,2025-03-27,Delivered
SHP002749,ORD002749,XpressBees,2025-06-09,,Shipped
SHP002750,ORD002750,Amazon Logistics,2025-07-01,2025-07-04,Delivered
SHP002751,ORD002751,Delhivery,2025-05-14,2025-05-17,Delivered
SHP002752,ORD002752,Delhivery,2025-01-26,,Shipped
SHP002753,ORD002753,XpressBees,2025-05-29,2025-06-01,Delivered
SHP002754,ORD002754,Ekart,2025-06-03,2025-06-07,Delivered
SHP002755,ORD002755,Amazon Logistics,2025-04-12,,Pending
SHP002756,ORD002756,XpressBees,2025-05-05,,Processing
SHP002757,ORD002757,BlueDart,2025-02-19,,Processing
SHP002758,ORD002758,Ekart,2025-01-23,2025-01-29,Delivered
SHP002759,ORD002759,Delhivery,2025-01-30,2025-02-03,Delivered
SHP002760,ORD002760,Ekart,2025-05-26,2025-05-31,Delivered
SHP002761,ORD002761,BlueDart,2025-03-03,,Shipped
SHP002762,ORD002762,BlueDart,2025-04-05,2025-04-08,Delivered
SHP002763,ORD002763,Amazon Logistics,2025-03-20,2025-03-26,Delivered
SHP002764,ORD002764,BlueDart,2025-01-30,2025-02-01,Delivered
SHP002765,ORD002765,XpressBees,2025-05-15,2025-05-21,Delivered
SHP002766,ORD002766,Amazon Logistics,2025-05-08,,Shipped
SHP002767,ORD002767,DTDC,2025-04-01,,Shipped
SHP002768,ORD002768,BlueDart,2025-03-29,2025-04-04,Delivered
SHP002769,ORD002769,Delhivery,2025-01-10,2025-01-12,Delivered
SHP002770,ORD002770,Delhivery,2025-06-07,2025-06-12,Delivered
SHP002771,ORD002771,Amazon Logistics,2025-05-19,,Shipped
SHP002772,ORD002772,BlueDart,2025-01-15,2025-01-19,Delivered
SHP002773,ORD002773,XpressBees,2025-02-22,2025-02-26,Delivered
SHP002774,ORD002774,Delhivery,2025-04-02,,Shipped
SHP002775,ORD002775,Delhivery,2025-06-17,,Shipped
SHP002776,ORD002776,XpressBees,2025-05-06,,Pending
SHP002777,ORD002777,XpressBees,2025-06-15,2025-06-17,Delivered
SHP002778,ORD002778,DTDC,2025-05-03,,Pending
SHP002779,ORD002779,BlueDart,2025-04-29,2025-05-04,Delivered
SHP002780,ORD002780,BlueDart,2025-02-17,2025-02-19,Delivered
SHP002781,ORD002781,BlueDart,2025-06-14,2025-06-16,Delivered
SHP002782,ORD002782,Delhivery,2025-05-07,,Processing
SHP002783,ORD002783,XpressBees,2025-01-29,2025-02-02,Delivered
SHP002784,ORD002784,XpressBees,2025-06-04,2025-06-10,Delivered
SHP002785,ORD002785,Amazon Logistics,2025-03-22,2025-03-24,Delivered
SHP002786,ORD002786,XpressBees,2025-02-01,2025-02-03,Delivered
SHP002787,ORD002787,Delhivery,2025-05-21,,Shipped
SHP002788,ORD002788,XpressBees,2025-02-25,2025-03-03,Delivered
SHP002789,ORD002789,Ekart,2025-06-22,2025-06-27,Delivered
SHP002790,ORD002790,Amazon Logistics,2025-01-12,,Shipped
SHP002791,ORD002791,BlueDart,2025-06-26,2025-06-28,Delivered
SHP002792,ORD002792,XpressBees,2025-02-17,2025-02-21,Delivered
SHP002793,ORD002793,Amazon Logistics,2025-02-27,2025-03-04,Delivered
SHP002794,ORD002794,BlueDart,2025-03-06,,Shipped
SHP002795,ORD002795,Delhivery,2025-02-17,2025-02-23,Delivered
SHP002796,ORD002796,XpressBees,2025-01-11,2025-01-16,Delivered
SHP002797,ORD002797,BlueDart,2025-01-13,,Processing
SHP002798,ORD002798,Delhivery,2025-06-02,2025-06-05,Delivered
SHP002799,ORD002799,XpressBees,2025-03-16,2025-03-21,Returned
SHP002800,ORD002800,BlueDart,2025-01-15,2025-01-20,Delivered
SHP002801,ORD002801,DTDC,2025-03-04,,Shipped
SHP002802,ORD002802,DTDC,2025-06-29,2025-07-05,Delivered
SHP002803,ORD002803,Delhivery,2025-02-15,2025-02-18,Delivered
SHP002804,ORD002804,XpressBees,2025-03-10,,Processing
SHP002805,ORD002805,Ekart,2025-06-03,,Cancelled
SHP002806,ORD002806,Amazon Logistics,2025-03-16,2025-03-19,Delivered
SHP002807,ORD002807,DTDC,2025-04-22,2025-04-25,Delivered
SHP002808,ORD002808,Ekart,2025-01-26,2025-01-30,Delivered
SHP002809,ORD002809,Ekart,2025-03-06,2025-03-09,Delivered
SHP002810,ORD002810,Ekart,2025-06-04,2025-06-08,Returned
SHP002811,ORD002811,DTDC,2025-03-21,,Pending
SHP002812,ORD002812,XpressBees,2025-06-26,2025-06-28,Delivered
SHP002813,ORD002813,Ekart,2025-03-23,2025-03-26,Delivered
SHP002814,ORD002814,Amazon Logistics,2025-05-15,2025-05-19,Delivered
SHP002815,ORD002815,Ekart,2025-05-21,,Shipped
SHP002816,ORD002816,XpressBees,2025-06-07,2025-06-11,Delivered
SHP002817,ORD002817,XpressBees,2025-02-06,2025-02-08,Delivered
SHP002818,ORD002818,XpressBees,2025-03-29,2025-03-31,Delivered
SHP002819,ORD002819,Delhivery,2025-01-18,,Processing
SHP002820,ORD002820,Delhivery,2025-03-12,2025-03-17,Delivered
SHP002821,ORD002821,XpressBees,2025-02-22,,Processing
SHP002822,ORD002822,Amazon Logistics,2025-05-20,2025-05-24,Delivered
SHP002823,ORD002823,BlueDart,2025-06-29,2025-07-03,Delivered
SHP002824,ORD002824,Delhivery,2025-02-06,2025-02-09,Delivered
SHP002825,ORD002825,Ekart,2025-03-03,2025-03-07,Delivered
SHP002826,ORD002826,Ekart,2025-03-27,2025-04-02,Delivered
SHP002827,ORD002827,Delhivery,2025-01-29,2025-02-02,Delivered
SHP002828,ORD002828,Amazon Logistics,2025-03-23,2025-03-28,Delivered
SHP002829,ORD002829,Amazon Logistics,2025-05-29,2025-06-01,Returned
SHP002830,ORD002830,Ekart,2025-06-09,,Pending
SHP002831,ORD002831,DTDC,2025-02-23,2025-02-25,Delivered
SHP002832,ORD002832,BlueDart,2025-02-07,2025-02-09,Delivered
SHP002833,ORD002833,Ekart,2025-02-20,,Cancelled
SHP002834,ORD002834,DTDC,2025-03-20,2025-03-26,Delivered
SHP002835,ORD002835,Delhivery,2025-05-28,2025-06-03,Delivered
SHP002836,ORD002836,BlueDart,2025-01-15,,Processing
SHP002837,ORD002837,Delhivery,2025-05-13,2025-05-19,Delivered
SHP002838,ORD002838,DTDC,2025-02-05,2025-02-09,Delivered
SHP002839,ORD002839,Amazon Logistics,2025-04-11,2025-04-17,Delivered
SHP002840,ORD002840,Ekart,2025-05-11,,Cancelled
SHP002841,ORD002841,Ekart,2025-02-22,2025-02-26,Delivered
SHP002842,ORD002842,Delhivery,2025-03-21,,Shipped
SHP002843,ORD002843,Ekart,2025-05-16,,Shipped
SHP002844,ORD002844,Delhivery,2025-03-31,2025-04-02,Delivered
SHP002845,ORD002845,Amazon Logistics,2025-02-02,2025-02-08,Delivered
SHP002846,ORD002846,DTDC,2025-01-13,2025-01-15,Delivered
SHP002847,ORD002847,Ekart,2025-02-17,2025-02-22,Delivered
SHP002848,ORD002848,BlueDart,2025-04-08,2025-04-13,Delivered
SHP002849,ORD002849,DTDC,2025-03-11,2025-03-15,Delivered
SHP002850,ORD002850,DTDC,2025-02-04,,Processing
SHP002851,ORD002851,Amazon Logistics,2025-01-11,,Shipped
SHP002852,ORD002852,XpressBees,2025-02-07,,Cancelled
SHP002853,ORD002853,Amazon Logistics,2025-02-28,,Shipped
SHP002854,ORD002854,DTDC,2025-03-26,2025-03-30,Delivered
SHP002855,ORD002855,BlueDart,2025-06-28,2025-07-02,Delivered
SHP002856,ORD002856,DTDC,2025-01-12,2025-01-16,Delivered
SHP002857,ORD002857,DTDC,2025-02-26,,Cancelled
SHP002858,ORD002858,DTDC,2025-01-10,2025-01-15,Delivered
SHP002859,ORD002859,Amazon Logistics,2025-02-05,,Pending
SHP002860,ORD002860,XpressBees,2025-03-01,2025-03-05,Delivered
SHP002861,ORD002861,XpressBees,2025-04-15,,Pending
SHP002862,ORD002862,Ekart,2025-06-17,,Processing
SHP002863,ORD002863,XpressBees,2025-02-15,2025-02-20,Delivered
SHP002864,ORD002864,Delhivery,2025-06-03,2025-06-07,Delivered
SHP002865,ORD002865,Ekart,2025-02-09,2025-02-13,Delivered
SHP002866,ORD002866,XpressBees,2025-03-03,2025-03-09,Delivered
SHP002867,ORD002867,BlueDart,2025-01-13,,Processing
SHP002868,ORD002868,BlueDart,2025-03-02,2025-03-07,Delivered
SHP002869,ORD002869,DTDC,2025-05-18,2025-05-24,Delivered
SHP002870,ORD002870,BlueDart,2025-03-15,2025-03-17,Delivered
SHP002871,ORD002871,DTDC,2025-02-25,,Shipped
SHP002872,ORD002872,Amazon Logistics,2025-05-21,2025-05-25,Delivered
SHP002873,ORD002873,Ekart,2025-04-03,2025-04-08,Delivered
SHP002874,ORD002874,Ekart,2025-02-26,2025-03-04,Returned
SHP002875,ORD002875,Delhivery,2025-01-26,2025-02-01,Delivered
SHP002876,ORD002876,Ekart,2025-01-02,2025-01-04,Delivered
SHP002877,ORD002877,Amazon Logistics,2025-03-28,,Shipped
SHP002878,ORD002878,XpressBees,2025-05-13,2025-05-16,Delivered
SHP002879,ORD002879,Delhivery,2025-01-16,,Cancelled
SHP002880,ORD002880,DTDC,2025-02-17,,Shipped
SHP002881,ORD002881,Ekart,2025-01-13,,Processing
SHP002882,ORD002882,XpressBees,2025-06-01,,Processing
SHP002883,ORD002883,Delhivery,2025-04-10,,Shipped
SHP002884,ORD002884,XpressBees,2025-05-25,2025-05-29,Returned
SHP002885,ORD002885,Ekart,2025-02-08,2025-02-13,Delivered
SHP002886,ORD002886,XpressBees,2025-06-21,2025-06-25,Delivered
SHP002887,ORD002887,BlueDart,2025-05-03,2025-05-05,Delivered
SHP002888,ORD002888,Ekart,2025-01-05,2025-01-07,Delivered
SHP002889,ORD002889,Delhivery,2025-04-16,,Shipped
SHP002890,ORD002890,Ekart,2025-05-25,,Pending
SHP002891,ORD002891,Delhivery,2025-02-27,2025-03-04,Delivered
SHP002892,ORD002892,Ekart,2025-03-18,2025-03-24,Delivered
SHP002893,ORD002893,XpressBees,2025-05-30,2025-06-04,Delivered
SHP002894,ORD002894,XpressBees,2025-06-10,2025-06-15,Delivered
SHP002895,ORD002895,XpressBees,2025-02-07,2025-02-11,Delivered
SHP002896,ORD002896,Delhivery,2025-06-01,,Cancelled
SHP002897,ORD002897,Amazon Logistics,2025-05-10,2025-05-13,Delivered
SHP002898,ORD002898,DTDC,2025-02-02,2025-02-04,Delivered
SHP002899,ORD002899,Ekart,2025-01-22,2025-01-25,Delivered
SHP002900,ORD002900,Amazon Logistics,2025-02-07,2025-02-09,Delivered
SHP002901,ORD002901,Ekart,2025-06-09,,Cancelled
SHP002902,ORD002902,Amazon Logistics,2025-02-21,2025-02-25,Delivered
SHP002903,ORD002903,XpressBees,2025-05-08,2025-05-10,Delivered
SHP002904,ORD002904,DTDC,2025-05-27,,Processing
SHP002905,ORD002905,Ekart,2025-02-22,,Pending
SHP002906,ORD002906,Amazon Logistics,2025-04-23,2025-04-25,Delivered
SHP002907,ORD002907,XpressBees,2025-06-19,2025-06-24,Delivered
SHP002908,ORD002908,XpressBees,2025-01-19,,Shipped
SHP002909,ORD002909,DTDC,2025-01-14,2025-01-17,Delivered
SHP002910,ORD002910,Delhivery,2025-04-12,2025-04-16,Delivered
SHP002911,ORD002911,Amazon Logistics,2025-03-23,2025-03-26,Delivered
SHP002912,ORD002912,BlueDart,2025-04-15,2025-04-17,Delivered
SHP002913,ORD002913,DTDC,2025-01-06,2025-01-08,Delivered
SHP002914,ORD002914,Amazon Logistics,2025-02-17,,Processing
SHP002915,ORD002915,Delhivery,2025-05-12,2025-05-16,Delivered
SHP002916,ORD002916,Ekart,2025-04-12,2025-04-18,Delivered
SHP002917,ORD002917,BlueDart,2025-04-29,2025-05-03,Delivered
SHP002918,ORD002918,XpressBees,2025-02-27,,Shipped
SHP002919,ORD002919,Ekart,2025-04-27,2025-04-29,Delivered
SHP002920,ORD002920,Amazon Logistics,2025-04-20,2025-04-25,Delivered
SHP002921,ORD002921,BlueDart,2025-02-24,2025-02-28,Delivered
SHP002922,ORD002922,Delhivery,2025-04-18,2025-04-22,Delivered
SHP002923,ORD002923,Amazon Logistics,2025-01-28,2025-01-30,Delivered
SHP002924,ORD002924,XpressBees,2025-02-08,2025-02-10,Delivered
SHP002925,ORD002925,XpressBees,2025-02-27,2025-03-02,Delivered
SHP002926,ORD002926,Delhivery,2025-06-26,2025-07-01,Delivered
SHP002927,ORD002927,Amazon Logistics,2025-03-17,2025-03-19,Delivered
SHP002928,ORD002928,BlueDart,2025-03-13,2025-03-15,Delivered
SHP002929,ORD002929,Amazon Logistics,2025-05-24,,Processing
SHP002930,ORD002930,Ekart,2025-04-11,2025-04-14,Delivered
SHP002931,ORD002931,Amazon Logistics,2025-02-10,2025-02-16,Delivered
SHP002932,ORD002932,DTDC,2025-04-04,2025-04-09,Delivered
SHP002933,ORD002933,Ekart,2025-02-18,2025-02-24,Delivered
SHP002934,ORD002934,Delhivery,2025-06-18,,Pending
SHP002935,ORD002935,Amazon Logistics,2025-04-18,2025-04-22,Delivered
SHP002936,ORD002936,BlueDart,2025-02-03,,Processing
SHP002937,ORD002937,Amazon Logistics,2025-04-21,,Processing
SHP002938,ORD002938,DTDC,2025-03-17,,Processing
SHP002939,ORD002939,Amazon Logistics,2025-04-22,,Cancelled
SHP002940,ORD002940,BlueDart,2025-05-27,2025-05-31,Delivered
SHP002941,ORD002941,DTDC,2025-03-07,2025-03-13,Delivered
SHP002942,ORD002942,Delhivery,2025-05-15,2025-05-21,Delivered
SHP002943,ORD002943,BlueDart,2025-01-16,2025-01-19,Delivered
SHP002944,ORD002944,Amazon Logistics,2025-04-23,,Pending
SHP002945,ORD002945,DTDC,2025-03-30,2025-04-04,Delivered
SHP002946,ORD002946,Ekart,2025-05-28,2025-05-31,Delivered
SHP002947,ORD002947,Ekart,2025-02-19,2025-02-21,Delivered
SHP002948,ORD002948,DTDC,2025-02-23,2025-03-01,Delivered
SHP002949,ORD002949,BlueDart,2025-06-14,2025-06-17,Delivered
SHP002950,ORD002950,BlueDart,2025-04-07,2025-04-09,Delivered
SHP002951,ORD002951,Ekart,2025-05-10,2025-05-13,Delivered
SHP002952,ORD002952,DTDC,2025-06-26,2025-07-02,Delivered
SHP002953,ORD002953,Amazon Logistics,2025-02-11,2025-02-17,Delivered
SHP002954,ORD002954,DTDC,2025-02-23,2025-02-28,Delivered
SHP002955,ORD002955,XpressBees,2025-05-13,2025-05-18,Delivered
SHP002956,ORD002956,BlueDart,2025-05-17,2025-05-23,Delivered
SHP002957,ORD002957,Ekart,2025-01-21,2025-01-25,Delivered
SHP002958,ORD002958,DTDC,2025-05-19,,Pending
SHP002959,ORD002959,Ekart,2025-06-05,,Processing
SHP002960,ORD002960,DTDC,2025-04-10,2025-04-16,Delivered
SHP002961,ORD002961,Ekart,2025-01-16,2025-01-19,Delivered
SHP002962,ORD002962,Ekart,2025-02-12,,Processing
SHP002963,ORD002963,XpressBees,2025-04-19,2025-04-23,Delivered
SHP002964,ORD002964,BlueDart,2025-03-11,2025-03-14,Delivered
SHP002965,ORD002965,XpressBees,2025-05-14,2025-05-16,Delivered
SHP002966,ORD002966,DTDC,2025-03-08,,Pending
SHP002967,ORD002967,Ekart,2025-05-07,,Shipped
SHP002968,ORD002968,DTDC,2025-04-05,,Processing
SHP002969,ORD002969,BlueDart,2025-01-26,2025-01-29,Delivered
SHP002970,ORD002970,XpressBees,2025-06-17,2025-06-21,Delivered
SHP002971,ORD002971,XpressBees,2025-03-18,,Cancelled
SHP002972,ORD002972,BlueDart,2025-06-14,,Shipped
SHP002973,ORD002973,Amazon Logistics,2025-04-16,2025-04-22,Delivered
SHP002974,ORD002974,BlueDart,2025-06-25,2025-07-01,Delivered
SHP002975,ORD002975,Ekart,2025-03-16,2025-03-21,Delivered
SHP002976,ORD002976,BlueDart,2025-05-17,,Cancelled
SHP002977,ORD002977,Amazon Logistics,2025-06-14,2025-06-16,Delivered
SHP002978,ORD002978,BlueDart,2025-05-23,2025-05-25,Delivered
SHP002979,ORD002979,Amazon Logistics,2025-02-02,,Processing
SHP002980,ORD002980,Delhivery,2025-05-26,2025-05-30,Delivered
SHP002981,ORD002981,Amazon Logistics,2025-04-15,,Shipped
SHP002982,ORD002982,Delhivery,2025-06-15,,Processing
SHP002983,ORD002983,Amazon Logistics,2025-06-30,,Pending
SHP002984,ORD002984,BlueDart,2025-03-23,,Cancelled
SHP002985,ORD002985,DTDC,2025-03-20,2025-03-22,Delivered
SHP002986,ORD002986,DTDC,2025-06-01,,Shipped
SHP002987,ORD002987,XpressBees,2025-04-12,,Shipped
SHP002988,ORD002988,BlueDart,2025-06-08,2025-06-10,Delivered
SHP002989,ORD002989,Amazon Logistics,2025-03-14,2025-03-17,Delivered
SHP002990,ORD002990,XpressBees,2025-04-04,2025-04-07,Delivered
SHP002991,ORD002991,BlueDart,2025-05-31,2025-06-02,Delivered
SHP002992,ORD002992,BlueDart,2025-05-22,2025-05-27,Delivered
SHP002993,ORD002993,Delhivery,2025-04-21,2025-04-24,Delivered
SHP002994,ORD002994,Ekart,2025-01-27,,Processing
SHP002995,ORD002995,DTDC,2025-05-01,,Shipped
SHP002996,ORD002996,DTDC,2025-03-15,,Shipped
SHP002997,ORD002997,Amazon Logistics,2025-06-30,2025-07-02,Delivered
SHP002998,ORD002998,Amazon Logistics,2025-01-13,2025-01-18,Delivered
SHP002999,ORD002999,Amazon Logistics,2025-03-01,,Pending
SHP003000,ORD003000,XpressBees,2025-02-08,2025-02-14,Delivered
SHP003001,ORD003001,Delhivery,2025-01-19,2025-01-24,Delivered
SHP003002,ORD003002,Ekart,2025-02-02,,Processing
SHP003003,ORD003003,Ekart,2025-05-16,2025-05-18,Delivered
SHP003004,ORD003004,DTDC,2025-06-22,2025-06-25,Delivered
SHP003005,ORD003005,Amazon Logistics,2025-06-09,2025-06-15,Delivered
SHP003006,ORD003006,BlueDart,2025-01-21,2025-01-24,Delivered
SHP003007,ORD003007,XpressBees,2025-06-11,,Processing
SHP003008,ORD003008,BlueDart,2025-03-12,2025-03-18,Delivered
SHP003009,ORD003009,DTDC,2025-05-30,2025-06-03,Delivered
SHP003010,ORD003010,XpressBees,2025-06-10,,Processing
SHP003011,ORD003011,BlueDart,2025-02-09,2025-02-12,Delivered
SHP003012,ORD003012,Delhivery,2025-06-19,,Processing
SHP003013,ORD003013,XpressBees,2025-03-27,2025-03-30,Delivered
SHP003014,ORD003014,Ekart,2025-05-15,2025-05-20,Delivered
SHP003015,ORD003015,BlueDart,2025-02-01,2025-02-04,Delivered
SHP003016,ORD003016,BlueDart,2025-02-15,2025-02-18,Delivered
SHP003017,ORD003017,Ekart,2025-02-19,2025-02-25,Delivered
SHP003018,ORD003018,XpressBees,2025-06-05,2025-06-09,Delivered
SHP003019,ORD003019,DTDC,2025-02-02,2025-02-05,Delivered
SHP003020,ORD003020,BlueDart,2025-01-02,,Cancelled
SHP003021,ORD003021,DTDC,2025-02-01,2025-02-04,Delivered
SHP003022,ORD003022,Ekart,2025-05-09,,Processing
SHP003023,ORD003023,BlueDart,2025-03-07,2025-03-09,Delivered
SHP003024,ORD003024,DTDC,2025-06-20,2025-06-23,Delivered
SHP003025,ORD003025,XpressBees,2025-03-16,2025-03-22,Delivered
SHP003026,ORD003026,DTDC,2025-05-16,2025-05-22,Delivered
SHP003027,ORD003027,Ekart,2025-02-03,,Shipped
SHP003028,ORD003028,DTDC,2025-06-24,2025-06-26,Delivered
SHP003029,ORD003029,Ekart,2025-05-12,2025-05-18,Delivered
SHP003030,ORD003030,BlueDart,2025-03-29,,Processing
SHP003031,ORD003031,DTDC,2025-01-23,2025-01-29,Delivered
SHP003032,ORD003032,XpressBees,2025-01-07,2025-01-09,Delivered
SHP003033,ORD003033,Ekart,2025-01-02,2025-01-04,Delivered
SHP003034,ORD003034,XpressBees,2025-03-25,,Processing
SHP003035,ORD003035,DTDC,2025-06-08,,Shipped
SHP003036,ORD003036,Delhivery,2025-02-09,2025-02-11,Delivered
SHP003037,ORD003037,DTDC,2025-02-25,2025-02-28,Delivered
SHP003038,ORD003038,Ekart,2025-06-13,,Cancelled
SHP003039,ORD003039,Ekart,2025-03-08,,Shipped
SHP003040,ORD003040,XpressBees,2025-03-01,,Pending
SHP003041,ORD003041,DTDC,2025-03-15,,Pending
SHP003042,ORD003042,BlueDart,2025-01-19,2025-01-24,Delivered
SHP003043,ORD003043,Amazon Logistics,2025-01-13,,Pending
SHP003044,ORD003044,Amazon Logistics,2025-03-14,2025-03-18,Delivered
SHP003045,ORD003045,Ekart,2025-03-05,2025-03-10,Delivered
SHP003046,ORD003046,DTDC,2025-03-29,,Processing
SHP003047,ORD003047,XpressBees,2025-02-20,2025-02-23,Delivered
SHP003048,ORD003048,XpressBees,2025-05-07,2025-05-09,Delivered
SHP003049,ORD003049,DTDC,2025-03-24,2025-03-27,Delivered
SHP003050,ORD003050,Delhivery,2025-03-19,2025-03-21,Delivered
SHP003051,ORD003051,Amazon Logistics,2025-04-05,2025-04-09,Delivered
SHP003052,ORD003052,Ekart,2025-02-22,,Cancelled
SHP003053,ORD003053,Delhivery,2025-06-11,2025-06-15,Delivered
SHP003054,ORD003054,Amazon Logistics,2025-06-19,,Processing
SHP003055,ORD003055,DTDC,2025-06-28,2025-06-30,Delivered
SHP003056,ORD003056,Delhivery,2025-02-04,2025-02-10,Delivered
SHP003057,ORD003057,Ekart,2025-05-17,2025-05-22,Delivered
SHP003058,ORD003058,Amazon Logistics,2025-04-10,2025-04-13,Delivered
SHP003059,ORD003059,DTDC,2025-04-24,2025-04-29,Delivered
SHP003060,ORD003060,Ekart,2025-03-05,2025-03-07,Delivered
SHP003061,ORD003061,Ekart,2025-02-09,2025-02-11,Delivered
SHP003062,ORD003062,DTDC,2025-01-25,,Shipped
SHP003063,ORD003063,Ekart,2025-01-25,,Processing
SHP003064,ORD003064,XpressBees,2025-02-06,2025-02-11,Delivered
SHP003065,ORD003065,DTDC,2025-03-02,,Processing
SHP003066,ORD003066,Amazon Logistics,2025-02-01,2025-02-07,Delivered
SHP003067,ORD003067,Ekart,2025-05-22,2025-05-28,Delivered
SHP003068,ORD003068,Amazon Logistics,2025-06-08,2025-06-11,Delivered
SHP003069,ORD003069,DTDC,2025-05-07,2025-05-11,Delivered
SHP003070,ORD003070,DTDC,2025-02-22,,Processing
SHP003071,ORD003071,Delhivery,2025-06-03,2025-06-05,Delivered
SHP003072,ORD003072,BlueDart,2025-03-11,2025-03-16,Delivered
SHP003073,ORD003073,BlueDart,2025-04-23,2025-04-26,Delivered
SHP003074,ORD003074,XpressBees,2025-04-25,2025-04-29,Delivered
SHP003075,ORD003075,BlueDart,2025-05-20,,Cancelled
SHP003076,ORD003076,DTDC,2025-05-16,2025-05-20,Delivered
SHP003077,ORD003077,BlueDart,2025-04-30,2025-05-02,Delivered
SHP003078,ORD003078,XpressBees,2025-06-10,2025-06-14,Delivered
SHP003079,ORD003079,BlueDart,2025-02-10,2025-02-14,Delivered
SHP003080,ORD003080,BlueDart,2025-03-03,2025-03-08,Delivered
SHP003081,ORD003081,Delhivery,2025-07-01,2025-07-05,Delivered
SHP003082,ORD003082,Amazon Logistics,2025-06-26,2025-06-29,Delivered
SHP003083,ORD003083,Ekart,2025-01-04,,Pending
SHP003084,ORD003084,Ekart,2025-05-02,2025-05-06,Delivered
SHP003085,ORD003085,BlueDart,2025-04-18,,Shipped
SHP003086,ORD003086,Delhivery,2025-04-29,2025-05-02,Delivered
SHP003087,ORD003087,DTDC,2025-05-25,2025-05-29,Delivered
SHP003088,ORD003088,XpressBees,2025-02-04,2025-02-10,Delivered
SHP003089,ORD003089,Delhivery,2025-06-26,2025-06-30,Delivered
SHP003090,ORD003090,DTDC,2025-06-27,2025-07-02,Delivered
SHP003091,ORD003091,Delhivery,2025-05-26,2025-06-01,Delivered
SHP003092,ORD003092,Delhivery,2025-01-20,2025-01-26,Delivered
SHP003093,ORD003093,XpressBees,2025-05-04,,Processing
SHP003094,ORD003094,Amazon Logistics,2025-03-09,,Cancelled
SHP003095,ORD003095,BlueDart,2025-04-28,2025-05-02,Delivered
SHP003096,ORD003096,Amazon Logistics,2025-04-05,2025-04-10,Delivered
SHP003097,ORD003097,Ekart,2025-03-04,,Processing
SHP003098,ORD003098,Ekart,2025-06-23,2025-06-26,Delivered
SHP003099,ORD003099,BlueDart,2025-05-11,2025-05-13,Delivered
SHP003100,ORD003100,Ekart,2025-02-18,,Processing
SHP003101,ORD003101,Amazon Logistics,2025-04-26,2025-05-02,Delivered
SHP003102,ORD003102,Amazon Logistics,2025-03-22,2025-03-26,Delivered
SHP003103,ORD003103,BlueDart,2025-01-21,2025-01-23,Delivered
SHP003104,ORD003104,Amazon Logistics,2025-05-11,2025-05-13,Delivered
SHP003105,ORD003105,XpressBees,2025-06-20,2025-06-22,Delivered
SHP003106,ORD003106,BlueDart,2025-04-27,,Cancelled
SHP003107,ORD003107,Delhivery,2025-01-24,2025-01-26,Delivered
SHP003108,ORD003108,Ekart,2025-03-28,2025-03-30,Delivered
SHP003109,ORD003109,BlueDart,2025-06-21,2025-06-24,Delivered
SHP003110,ORD003110,BlueDart,2025-01-26,2025-01-29,Delivered
SHP003111,ORD003111,Delhivery,2025-02-02,2025-02-08,Delivered
SHP003112,ORD003112,Amazon Logistics,2025-04-23,2025-04-26,Delivered
SHP003113,ORD003113,BlueDart,2025-01-17,2025-01-21,Delivered
SHP003114,ORD003114,XpressBees,2025-03-09,2025-03-14,Delivered
SHP003115,ORD003115,Ekart,2025-05-07,2025-05-13,Delivered
SHP003116,ORD003116,DTDC,2025-06-28,,Pending
SHP003117,ORD003117,Ekart,2025-01-14,2025-01-19,Delivered
SHP003118,ORD003118,Ekart,2025-04-28,2025-04-30,Delivered
SHP003119,ORD003119,Ekart,2025-07-01,2025-07-07,Delivered
SHP003120,ORD003120,XpressBees,2025-04-18,,Shipped
SHP003121,ORD003121,XpressBees,2025-02-19,,Processing
SHP003122,ORD003122,Ekart,2025-05-16,,Shipped
SHP003123,ORD003123,DTDC,2025-05-10,,Cancelled
SHP003124,ORD003124,Delhivery,2025-02-13,2025-02-16,Delivered
SHP003125,ORD003125,BlueDart,2025-02-01,2025-02-06,Delivered
SHP003126,ORD003126,BlueDart,2025-04-28,2025-05-01,Delivered
SHP003127,ORD003127,DTDC,2025-04-07,2025-04-11,Delivered
SHP003128,ORD003128,Amazon Logistics,2025-03-31,2025-04-02,Delivered
SHP003129,ORD003129,Amazon Logistics,2025-03-15,2025-03-18,Delivered
SHP003130,ORD003130,Amazon Logistics,2025-05-28,2025-05-31,Delivered
SHP003131,ORD003131,Ekart,2025-03-30,2025-04-01,Delivered
SHP003132,ORD003132,DTDC,2025-04-25,2025-04-30,Returned
SHP003133,ORD003133,XpressBees,2025-03-29,2025-04-02,Delivered
SHP003134,ORD003134,Delhivery,2025-04-07,2025-04-09,Delivered
SHP003135,ORD003135,Ekart,2025-01-08,2025-01-10,Delivered
SHP003136,ORD003136,BlueDart,2025-05-29,2025-06-04,Delivered
SHP003137,ORD003137,BlueDart,2025-02-21,2025-02-24,Delivered
SHP003138,ORD003138,DTDC,2025-07-01,,Pending
SHP003139,ORD003139,DTDC,2025-01-11,2025-01-16,Delivered
SHP003140,ORD003140,Ekart,2025-03-02,2025-03-07,Delivered
SHP003141,ORD003141,BlueDart,2025-03-30,2025-04-04,Delivered
SHP003142,ORD003142,DTDC,2025-02-16,2025-02-21,Delivered
SHP003143,ORD003143,Amazon Logistics,2025-06-22,2025-06-28,Delivered
SHP003144,ORD003144,Delhivery,2025-06-13,2025-06-18,Delivered
SHP003145,ORD003145,DTDC,2025-05-11,2025-05-16,Delivered
SHP003146,ORD003146,XpressBees,2025-03-04,,Processing
SHP003147,ORD003147,DTDC,2025-05-24,2025-05-28,Delivered
SHP003148,ORD003148,Delhivery,2025-02-11,2025-02-17,Delivered
SHP003149,ORD003149,XpressBees,2025-02-18,2025-02-23,Delivered
SHP003150,ORD003150,Amazon Logistics,2025-01-20,,Cancelled
SHP003151,ORD003151,XpressBees,2025-02-23,2025-03-01,Delivered
SHP003152,ORD003152,DTDC,2025-01-02,2025-01-05,Delivered
SHP003153,ORD003153,BlueDart,2025-02-13,2025-02-15,Delivered
SHP003154,ORD003154,Delhivery,2025-02-26,2025-03-03,Delivered
SHP003155,ORD003155,DTDC,2025-01-17,2025-01-22,Delivered
SHP003156,ORD003156,BlueDart,2025-04-02,2025-04-06,Delivered
SHP003157,ORD003157,Delhivery,2025-01-28,2025-01-31,Delivered
SHP003158,ORD003158,BlueDart,2025-06-24,2025-06-30,Delivered
SHP003159,ORD003159,BlueDart,2025-06-24,,Shipped
SHP003160,ORD003160,Delhivery,2025-03-29,,Cancelled
SHP003161,ORD003161,BlueDart,2025-05-02,2025-05-08,Delivered
SHP003162,ORD003162,XpressBees,2025-05-16,2025-05-20,Delivered
SHP003163,ORD003163,Delhivery,2025-05-22,,Pending
SHP003164,ORD003164,Delhivery,2025-01-12,2025-01-15,Delivered
SHP003165,ORD003165,Ekart,2025-03-10,,Shipped
SHP003166,ORD003166,DTDC,2025-02-28,2025-03-05,Delivered
SHP003167,ORD003167,XpressBees,2025-06-06,,Cancelled
SHP003168,ORD003168,Delhivery,2025-06-04,2025-06-09,Delivered
SHP003169,ORD003169,Delhivery,2025-06-23,,Pending
SHP003170,ORD003170,XpressBees,2025-06-09,2025-06-14,Delivered
SHP003171,ORD003171,XpressBees,2025-01-06,2025-01-12,Delivered
SHP003172,ORD003172,Ekart,2025-06-30,2025-07-02,Delivered
SHP003173,ORD003173,DTDC,2025-01-26,2025-01-30,Delivered
SHP003174,ORD003174,DTDC,2025-03-25,2025-03-31,Returned
SHP003175,ORD003175,XpressBees,2025-05-12,2025-05-15,Delivered
SHP003176,ORD003176,Delhivery,2025-04-09,2025-04-11,Delivered
SHP003177,ORD003177,Delhivery,2025-01-28,2025-02-03,Delivered
SHP003178,ORD003178,BlueDart,2025-06-09,2025-06-15,Delivered
SHP003179,ORD003179,DTDC,2025-06-22,2025-06-28,Delivered
SHP003180,ORD003180,DTDC,2025-03-05,2025-03-07,Delivered
SHP003181,ORD003181,Ekart,2025-03-04,,Shipped
SHP003182,ORD003182,Delhivery,2025-06-25,2025-06-28,Delivered
SHP003183,ORD003183,Ekart,2025-03-03,2025-03-09,Delivered
SHP003184,ORD003184,Delhivery,2025-01-17,2025-01-20,Delivered
SHP003185,ORD003185,Ekart,2025-01-27,2025-01-30,Delivered
SHP003186,ORD003186,XpressBees,2025-03-17,2025-03-20,Delivered
SHP003187,ORD003187,Ekart,2025-01-07,2025-01-11,Delivered
SHP003188,ORD003188,Delhivery,2025-02-14,2025-02-18,Delivered
SHP003189,ORD003189,BlueDart,2025-06-25,2025-06-27,Delivered
SHP003190,ORD003190,Delhivery,2025-02-14,2025-02-20,Delivered
SHP003191,ORD003191,DTDC,2025-05-02,,Processing
SHP003192,ORD003192,Amazon Logistics,2025-06-27,2025-07-03,Delivered
SHP003193,ORD003193,BlueDart,2025-03-09,2025-03-12,Delivered
SHP003194,ORD003194,Ekart,2025-02-14,2025-02-18,Delivered
SHP003195,ORD003195,Delhivery,2025-02-15,,Processing
SHP003196,ORD003196,BlueDart,2025-06-22,,Shipped
SHP003197,ORD003197,Delhivery,2025-03-11,2025-03-14,Delivered
SHP003198,ORD003198,Ekart,2025-05-06,2025-05-09,Delivered
SHP003199,ORD003199,Amazon Logistics,2025-02-17,,Cancelled
SHP003200,ORD003200,DTDC,2025-03-20,2025-03-24,Delivered
SHP003201,ORD003201,BlueDart,2025-04-10,,Pending
SHP003202,ORD003202,XpressBees,2025-02-18,2025-02-22,Delivered
SHP003203,ORD003203,BlueDart,2025-04-04,,Processing
SHP003204,ORD003204,XpressBees,2025-05-10,2025-05-14,Delivered
SHP003205,ORD003205,Delhivery,2025-01-06,2025-01-10,Delivered
SHP003206,ORD003206,XpressBees,2025-03-16,,Processing
SHP003207,ORD003207,Delhivery,2025-05-09,,Shipped
SHP003208,ORD003208,BlueDart,2025-04-04,2025-04-08,Delivered
SHP003209,ORD003209,Delhivery,2025-04-06,2025-04-11,Delivered
SHP003210,ORD003210,DTDC,2025-02-03,2025-02-07,Delivered
SHP003211,ORD003211,XpressBees,2025-05-31,2025-06-05,Delivered
SHP003212,ORD003212,DTDC,2025-05-25,,Pending
SHP003213,ORD003213,Delhivery,2025-04-24,2025-04-27,Delivered
SHP003214,ORD003214,Ekart,2025-01-17,,Processing
SHP003215,ORD003215,DTDC,2025-03-24,2025-03-28,Delivered
SHP003216,ORD003216,Ekart,2025-06-30,2025-07-06,Delivered
SHP003217,ORD003217,BlueDart,2025-01-08,,Shipped
SHP003218,ORD003218,Delhivery,2025-04-05,2025-04-11,Delivered
SHP003219,ORD003219,Amazon Logistics,2025-04-28,2025-04-30,Delivered
SHP003220,ORD003220,Amazon Logistics,2025-05-05,2025-05-09,Delivered
SHP003221,ORD003221,BlueDart,2025-06-11,2025-06-14,Delivered
SHP003222,ORD003222,DTDC,2025-04-23,,Shipped
SHP003223,ORD003223,Ekart,2025-06-13,2025-06-19,Delivered
SHP003224,ORD003224,BlueDart,2025-01-27,2025-01-30,Delivered
SHP003225,ORD003225,Ekart,2025-02-15,2025-02-21,Delivered
SHP003226,ORD003226,XpressBees,2025-02-07,,Pending
SHP003227,ORD003227,DTDC,2025-05-13,2025-05-19,Delivered
SHP003228,ORD003228,Delhivery,2025-04-06,,Processing
SHP003229,ORD003229,XpressBees,2025-03-16,2025-03-19,Delivered
SHP003230,ORD003230,Amazon Logistics,2025-04-10,2025-04-12,Delivered
SHP003231,ORD003231,Delhivery,2025-03-06,2025-03-09,Delivered
SHP003232,ORD003232,XpressBees,2025-02-02,,Processing
SHP003233,ORD003233,Amazon Logistics,2025-02-23,2025-02-25,Delivered
SHP003234,ORD003234,Delhivery,2025-06-15,,Cancelled
SHP003235,ORD003235,DTDC,2025-05-11,2025-05-16,Delivered
SHP003236,ORD003236,Ekart,2025-02-21,2025-02-24,Delivered
SHP003237,ORD003237,Amazon Logistics,2025-03-20,,Processing
SHP003238,ORD003238,BlueDart,2025-01-18,2025-01-20,Delivered
SHP003239,ORD003239,DTDC,2025-06-26,2025-06-29,Delivered
SHP003240,ORD003240,Ekart,2025-03-19,2025-03-24,Delivered
SHP003241,ORD003241,Ekart,2025-05-19,,Shipped
SHP003242,ORD003242,BlueDart,2025-04-15,2025-04-17,Delivered
SHP003243,ORD003243,Delhivery,2025-04-10,2025-04-13,Delivered
SHP003244,ORD003244,Ekart,2025-06-14,2025-06-20,Delivered
SHP003245,ORD003245,Ekart,2025-01-31,,Processing
SHP003246,ORD003246,XpressBees,2025-06-23,2025-06-26,Delivered
SHP003247,ORD003247,BlueDart,2025-01-03,2025-01-07,Delivered
SHP003248,ORD003248,Ekart,2025-04-28,,Shipped
SHP003249,ORD003249,Delhivery,2025-05-06,2025-05-09,Delivered
SHP003250,ORD003250,Amazon Logistics,2025-05-01,,Pending
SHP003251,ORD003251,BlueDart,2025-05-23,2025-05-28,Delivered
SHP003252,ORD003252,Delhivery,2025-05-11,2025-05-17,Delivered
SHP003253,ORD003253,XpressBees,2025-03-29,2025-04-03,Delivered
SHP003254,ORD003254,BlueDart,2025-06-22,2025-06-24,Delivered
SHP003255,ORD003255,Amazon Logistics,2025-02-15,2025-02-21,Delivered
SHP003256,ORD003256,Delhivery,2025-02-12,2025-02-14,Delivered
SHP003257,ORD003257,BlueDart,2025-03-27,2025-03-30,Delivered
SHP003258,ORD003258,Amazon Logistics,2025-06-15,,Shipped
SHP003259,ORD003259,BlueDart,2025-04-12,2025-04-14,Delivered
SHP003260,ORD003260,Delhivery,2025-06-09,2025-06-15,Delivered
SHP003261,ORD003261,Ekart,2025-03-27,2025-04-01,Returned
SHP003262,ORD003262,DTDC,2025-03-31,2025-04-03,Delivered
SHP003263,ORD003263,DTDC,2025-05-25,2025-05-28,Delivered
SHP003264,ORD003264,DTDC,2025-05-05,2025-05-10,Delivered
SHP003265,ORD003265,XpressBees,2025-06-25,,Processing
SHP003266,ORD003266,Amazon Logistics,2025-06-24,2025-06-26,Delivered
SHP003267,ORD003267,Delhivery,2025-03-02,,Shipped
SHP003268,ORD003268,Amazon Logistics,2025-02-12,2025-02-15,Delivered
SHP003269,ORD003269,Delhivery,2025-04-02,2025-04-07,Delivered
SHP003270,ORD003270,Delhivery,2025-05-16,2025-05-21,Delivered
SHP003271,ORD003271,Ekart,2025-06-14,2025-06-17,Delivered
SHP003272,ORD003272,XpressBees,2025-01-09,2025-01-13,Delivered
SHP003273,ORD003273,Delhivery,2025-05-04,2025-05-09,Delivered
SHP003274,ORD003274,Delhivery,2025-02-07,2025-02-12,Returned
SHP003275,ORD003275,XpressBees,2025-03-23,2025-03-27,Delivered
SHP003276,ORD003276,Ekart,2025-03-27,,Shipped
SHP003277,ORD003277,DTDC,2025-05-05,,Cancelled
SHP003278,ORD003278,Ekart,2025-02-07,2025-02-12,Delivered
SHP003279,ORD003279,DTDC,2025-01-11,,Pending
SHP003280,ORD003280,XpressBees,2025-05-31,,Shipped
SHP003281,ORD003281,DTDC,2025-06-18,,Pending
SHP003282,ORD003282,Ekart,2025-01-28,2025-02-01,Delivered
SHP003283,ORD003283,DTDC,2025-01-26,2025-02-01,Delivered
SHP003284,ORD003284,DTDC,2025-03-19,2025-03-22,Delivered
SHP003285,ORD003285,BlueDart,2025-03-23,2025-03-26,Delivered
SHP003286,ORD003286,Amazon Logistics,2025-01-18,,Cancelled
SHP003287,ORD003287,Delhivery,2025-01-24,2025-01-29,Delivered
SHP003288,ORD003288,DTDC,2025-02-27,2025-03-02,Delivered
SHP003289,ORD003289,DTDC,2025-01-20,2025-01-22,Delivered
SHP003290,ORD003290,BlueDart,2025-05-18,2025-05-23,Delivered
SHP003291,ORD003291,BlueDart,2025-01-05,2025-01-08,Delivered
SHP003292,ORD003292,Ekart,2025-02-03,2025-02-09,Delivered
SHP003293,ORD003293,XpressBees,2025-03-05,2025-03-09,Delivered
SHP003294,ORD003294,DTDC,2025-02-28,2025-03-02,Delivered
SHP003295,ORD003295,BlueDart,2025-02-19,2025-02-22,Delivered
SHP003296,ORD003296,Delhivery,2025-04-16,2025-04-20,Delivered
SHP003297,ORD003297,XpressBees,2025-01-14,,Shipped
SHP003298,ORD003298,BlueDart,2025-01-29,2025-01-31,Delivered
SHP003299,ORD003299,BlueDart,2025-03-18,2025-03-24,Delivered
SHP003300,ORD003300,DTDC,2025-06-18,2025-06-23,Delivered
SHP003301,ORD003301,BlueDart,2025-05-31,2025-06-03,Delivered
SHP003302,ORD003302,Ekart,2025-05-19,,Processing
SHP003303,ORD003303,Amazon Logistics,2025-06-29,2025-07-05,Delivered
SHP003304,ORD003304,BlueDart,2025-02-11,2025-02-14,Delivered
SHP003305,ORD003305,BlueDart,2025-04-02,,Pending
SHP003306,ORD003306,Amazon Logistics,2025-03-23,2025-03-27,Delivered
SHP003307,ORD003307,Ekart,2025-01-05,,Processing
SHP003308,ORD003308,BlueDart,2025-05-28,2025-05-31,Delivered
SHP003309,ORD003309,Ekart,2025-01-09,2025-01-13,Delivered
SHP003310,ORD003310,Ekart,2025-03-31,2025-04-05,Delivered
SHP003311,ORD003311,Amazon Logistics,2025-05-21,2025-05-26,Delivered
SHP003312,ORD003312,XpressBees,2025-06-24,2025-06-27,Delivered
SHP003313,ORD003313,Amazon Logistics,2025-03-03,2025-03-07,Delivered
SHP003314,ORD003314,DTDC,2025-05-15,,Cancelled
SHP003315,ORD003315,XpressBees,2025-01-10,,Shipped
SHP003316,ORD003316,Ekart,2025-03-10,2025-03-15,Delivered
SHP003317,ORD003317,Ekart,2025-03-19,2025-03-25,Delivered
SHP003318,ORD003318,Amazon Logistics,2025-05-24,2025-05-28,Delivered
SHP003319,ORD003319,Delhivery,2025-04-06,,Cancelled
SHP003320,ORD003320,Ekart,2025-05-20,2025-05-25,Delivered
SHP003321,ORD003321,XpressBees,2025-05-22,2025-05-25,Delivered
SHP003322,ORD003322,Ekart,2025-05-07,2025-05-09,Delivered
SHP003323,ORD003323,DTDC,2025-05-20,,Pending
SHP003324,ORD003324,Amazon Logistics,2025-03-04,2025-03-08,Delivered
SHP003325,ORD003325,Ekart,2025-06-20,,Shipped
SHP003326,ORD003326,DTDC,2025-01-07,2025-01-13,Delivered
SHP003327,ORD003327,Ekart,2025-04-16,2025-04-22,Delivered
SHP003328,ORD003328,XpressBees,2025-01-09,2025-01-13,Delivered
SHP003329,ORD003329,DTDC,2025-05-06,2025-05-09,Delivered
SHP003330,ORD003330,Delhivery,2025-05-17,2025-05-19,Delivered
SHP003331,ORD003331,Amazon Logistics,2025-01-23,,Shipped
SHP003332,ORD003332,DTDC,2025-04-10,,Cancelled
SHP003333,ORD003333,Delhivery,2025-05-02,2025-05-08,Delivered
SHP003334,ORD003334,Ekart,2025-02-16,2025-02-21,Delivered
SHP003335,ORD003335,Amazon Logistics,2025-03-16,2025-03-20,Delivered
SHP003336,ORD003336,BlueDart,2025-05-15,,Processing
SHP003337,ORD003337,XpressBees,2025-03-09,2025-03-12,Delivered
SHP003338,ORD003338,XpressBees,2025-04-07,2025-04-09,Delivered
SHP003339,ORD003339,XpressBees,2025-03-05,2025-03-10,Delivered
SHP003340,ORD003340,XpressBees,2025-03-19,2025-03-22,Delivered
SHP003341,ORD003341,BlueDart,2025-03-25,2025-03-28,Delivered
SHP003342,ORD003342,Ekart,2025-06-10,,Cancelled
SHP003343,ORD003343,Delhivery,2025-06-11,2025-06-14,Delivered
SHP003344,ORD003344,BlueDart,2025-04-03,2025-04-05,Delivered
SHP003345,ORD003345,XpressBees,2025-01-06,2025-01-09,Delivered
SHP003346,ORD003346,Ekart,2025-03-30,,Cancelled
SHP003347,ORD003347,DTDC,2025-06-12,2025-06-15,Delivered
SHP003348,ORD003348,Amazon Logistics,2025-04-13,2025-04-18,Delivered
SHP003349,ORD003349,Ekart,2025-03-21,2025-03-24,Delivered
SHP003350,ORD003350,Amazon Logistics,2025-01-23,2025-01-25,Delivered
SHP003351,ORD003351,XpressBees,2025-05-09,2025-05-11,Delivered
SHP003352,ORD003352,Amazon Logistics,2025-01-03,,Processing
SHP003353,ORD003353,DTDC,2025-02-16,2025-02-20,Delivered
SHP003354,ORD003354,XpressBees,2025-06-03,2025-06-07,Delivered
SHP003355,ORD003355,Amazon Logistics,2025-06-02,2025-06-07,Delivered
SHP003356,ORD003356,Amazon Logistics,2025-03-23,2025-03-28,Delivered
SHP003357,ORD003357,DTDC,2025-02-02,2025-02-06,Returned
SHP003358,ORD003358,Amazon Logistics,2025-01-25,2025-01-29,Delivered
SHP003359,ORD003359,Ekart,2025-02-26,2025-03-04,Delivered
SHP003360,ORD003360,Ekart,2025-02-07,2025-02-10,Delivered
SHP003361,ORD003361,Delhivery,2025-06-28,2025-07-04,Delivered
SHP003362,ORD003362,Delhivery,2025-01-22,,Shipped
SHP003363,ORD003363,XpressBees,2025-01-17,2025-01-20,Delivered
SHP003364,ORD003364,Delhivery,2025-04-10,,Processing
SHP003365,ORD003365,Amazon Logistics,2025-05-29,2025-06-02,Delivered
SHP003366,ORD003366,Ekart,2025-03-01,2025-03-05,Delivered
SHP003367,ORD003367,XpressBees,2025-03-13,2025-03-16,Delivered
SHP003368,ORD003368,BlueDart,2025-05-30,,Processing
SHP003369,ORD003369,Ekart,2025-04-23,,Cancelled
SHP003370,ORD003370,Amazon Logistics,2025-05-21,2025-05-26,Delivered
SHP003371,ORD003371,DTDC,2025-03-09,,Processing
SHP003372,ORD003372,Ekart,2025-04-15,2025-04-18,Delivered
SHP003373,ORD003373,Delhivery,2025-01-08,,Pending
SHP003374,ORD003374,DTDC,2025-03-03,,Shipped
SHP003375,ORD003375,Amazon Logistics,2025-04-26,2025-04-30,Delivered
SHP003376,ORD003376,Amazon Logistics,2025-04-11,2025-04-15,Delivered
SHP003377,ORD003377,Delhivery,2025-01-18,,Pending
SHP003378,ORD003378,Delhivery,2025-06-26,2025-07-01,Delivered
SHP003379,ORD003379,BlueDart,2025-01-12,2025-01-16,Delivered
SHP003380,ORD003380,Amazon Logistics,2025-05-20,,Cancelled
SHP003381,ORD003381,Delhivery,2025-05-17,2025-05-21,Delivered
SHP003382,ORD003382,Amazon Logistics,2025-06-08,2025-06-14,Delivered
SHP003383,ORD003383,Delhivery,2025-02-01,2025-02-03,Delivered
SHP003384,ORD003384,Amazon Logistics,2025-04-04,2025-04-06,Delivered
SHP003385,ORD003385,DTDC,2025-03-29,2025-04-03,Delivered
SHP003386,ORD003386,Delhivery,2025-04-20,2025-04-24,Delivered
SHP003387,ORD003387,Ekart,2025-05-31,2025-06-04,Delivered
SHP003388,ORD003388,DTDC,2025-05-17,2025-05-20,Returned
SHP003389,ORD003389,Ekart,2025-03-12,2025-03-17,Delivered
SHP003390,ORD003390,BlueDart,2025-05-10,2025-05-14,Delivered
SHP003391,ORD003391,DTDC,2025-03-20,2025-03-23,Delivered
SHP003392,ORD003392,BlueDart,2025-04-21,2025-04-26,Delivered
SHP003393,ORD003393,Amazon Logistics,2025-06-22,,Cancelled
SHP003394,ORD003394,Ekart,2025-03-01,2025-03-07,Delivered
SHP003395,ORD003395,BlueDart,2025-06-03,2025-06-09,Delivered
SHP003396,ORD003396,Amazon Logistics,2025-04-21,2025-04-24,Delivered
SHP003397,ORD003397,Delhivery,2025-03-11,,Shipped
SHP003398,ORD003398,Ekart,2025-06-09,2025-06-13,Delivered
SHP003399,ORD003399,Amazon Logistics,2025-04-22,,Shipped
SHP003400,ORD003400,XpressBees,2025-06-05,2025-06-09,Delivered
SHP003401,ORD003401,BlueDart,2025-05-12,,Shipped
SHP003402,ORD003402,Amazon Logistics,2025-03-26,2025-03-30,Delivered
SHP003403,ORD003403,Ekart,2025-02-09,2025-02-12,Delivered
SHP003404,ORD003404,Delhivery,2025-06-02,2025-06-06,Delivered
SHP003405,ORD003405,DTDC,2025-06-11,2025-06-17,Delivered
SHP003406,ORD003406,XpressBees,2025-01-26,2025-02-01,Delivered
SHP003407,ORD003407,XpressBees,2025-06-11,2025-06-15,Delivered
SHP003408,ORD003408,Ekart,2025-05-05,2025-05-10,Delivered
SHP003409,ORD003409,Delhivery,2025-03-17,2025-03-22,Delivered
SHP003410,ORD003410,Ekart,2025-05-25,2025-05-28,Delivered
SHP003411,ORD003411,Ekart,2025-01-08,,Processing
SHP003412,ORD003412,BlueDart,2025-04-08,2025-04-11,Delivered
SHP003413,ORD003413,XpressBees,2025-05-04,,Processing
SHP003414,ORD003414,Amazon Logistics,2025-05-01,2025-05-04,Delivered
SHP003415,ORD003415,DTDC,2025-02-12,2025-02-14,Delivered
SHP003416,ORD003416,BlueDart,2025-03-23,2025-03-25,Delivered
SHP003417,ORD003417,Ekart,2025-04-10,2025-04-14,Delivered
SHP003418,ORD003418,Amazon Logistics,2025-01-10,2025-01-15,Delivered
SHP003419,ORD003419,Amazon Logistics,2025-05-30,2025-06-02,Returned
SHP003420,ORD003420,Amazon Logistics,2025-05-10,2025-05-14,Delivered
SHP003421,ORD003421,Amazon Logistics,2025-04-17,,Processing
SHP003422,ORD003422,XpressBees,2025-01-08,,Processing
SHP003423,ORD003423,Ekart,2025-04-12,,Cancelled
SHP003424,ORD003424,Delhivery,2025-04-06,2025-04-09,Delivered
SHP003425,ORD003425,DTDC,2025-01-05,2025-01-07,Delivered
SHP003426,ORD003426,Delhivery,2025-03-02,,Processing
SHP003427,ORD003427,Ekart,2025-02-14,2025-02-20,Delivered
SHP003428,ORD003428,XpressBees,2025-04-12,,Cancelled
SHP003429,ORD003429,Delhivery,2025-06-20,2025-06-25,Delivered
SHP003430,ORD003430,DTDC,2025-04-06,2025-04-09,Delivered
SHP003431,ORD003431,BlueDart,2025-01-21,2025-01-23,Delivered
SHP003432,ORD003432,Ekart,2025-03-27,2025-04-02,Delivered
SHP003433,ORD003433,Delhivery,2025-01-18,2025-01-22,Delivered
SHP003434,ORD003434,BlueDart,2025-02-26,2025-03-03,Delivered
SHP003435,ORD003435,Amazon Logistics,2025-02-17,,Shipped
SHP003436,ORD003436,Amazon Logistics,2025-06-30,2025-07-02,Delivered
SHP003437,ORD003437,Ekart,2025-01-21,2025-01-25,Delivered
SHP003438,ORD003438,Amazon Logistics,2025-06-12,2025-06-14,Delivered
SHP003439,ORD003439,BlueDart,2025-05-26,,Shipped
SHP003440,ORD003440,Ekart,2025-05-24,2025-05-27,Delivered
SHP003441,ORD003441,Ekart,2025-03-02,,Cancelled
SHP003442,ORD003442,DTDC,2025-02-03,2025-02-05,Delivered
SHP003443,ORD003443,Amazon Logistics,2025-03-29,,Shipped
SHP003444,ORD003444,BlueDart,2025-03-12,2025-03-16,Delivered
SHP003445,ORD003445,Amazon Logistics,2025-05-09,,Shipped
SHP003446,ORD003446,Amazon Logistics,2025-05-17,,Cancelled
SHP003447,ORD003447,DTDC,2025-04-26,2025-05-02,Delivered
SHP003448,ORD003448,Delhivery,2025-03-12,2025-03-17,Delivered
SHP003449,ORD003449,DTDC,2025-06-30,2025-07-03,Delivered
SHP003450,ORD003450,BlueDart,2025-05-14,,Shipped
SHP003451,ORD003451,Ekart,2025-02-05,2025-02-10,Delivered
SHP003452,ORD003452,DTDC,2025-06-06,,Pending
SHP003453,ORD003453,Amazon Logistics,2025-02-05,,Processing
SHP003454,ORD003454,Amazon Logistics,2025-04-29,,Processing
SHP003455,ORD003455,XpressBees,2025-01-10,2025-01-14,Delivered
SHP003456,ORD003456,Delhivery,2025-04-17,2025-04-20,Returned
SHP003457,ORD003457,BlueDart,2025-04-14,2025-04-17,Delivered
SHP003458,ORD003458,BlueDart,2025-02-14,2025-02-16,Delivered
SHP003459,ORD003459,BlueDart,2025-06-08,2025-06-10,Delivered
SHP003460,ORD003460,Amazon Logistics,2025-03-26,2025-03-31,Delivered
SHP003461,ORD003461,XpressBees,2025-01-03,,Shipped
SHP003462,ORD003462,Ekart,2025-05-30,2025-06-04,Delivered
SHP003463,ORD003463,Ekart,2025-05-07,,Shipped
SHP003464,ORD003464,DTDC,2025-05-05,2025-05-09,Delivered
SHP003465,ORD003465,XpressBees,2025-03-03,2025-03-06,Delivered
SHP003466,ORD003466,BlueDart,2025-04-19,2025-04-25,Delivered
SHP003467,ORD003467,Delhivery,2025-02-05,2025-02-09,Delivered
SHP003468,ORD003468,XpressBees,2025-03-07,2025-03-09,Delivered
SHP003469,ORD003469,Ekart,2025-03-01,2025-03-07,Delivered
SHP003470,ORD003470,Amazon Logistics,2025-04-29,2025-05-05,Delivered
SHP003471,ORD003471,DTDC,2025-06-21,2025-06-25,Delivered
SHP003472,ORD003472,DTDC,2025-06-04,,Processing
SHP003473,ORD003473,DTDC,2025-04-14,,Pending
SHP003474,ORD003474,XpressBees,2025-04-18,2025-04-24,Delivered
SHP003475,ORD003475,Delhivery,2025-02-04,2025-02-08,Delivered
SHP003476,ORD003476,Delhivery,2025-06-20,2025-06-24,Delivered
SHP003477,ORD003477,DTDC,2025-02-04,2025-02-07,Delivered
SHP003478,ORD003478,XpressBees,2025-03-14,2025-03-18,Delivered
SHP003479,ORD003479,XpressBees,2025-03-25,,Cancelled
SHP003480,ORD003480,Ekart,2025-03-25,2025-03-28,Delivered
SHP003481,ORD003481,Delhivery,2025-05-22,2025-05-24,Delivered
SHP003482,ORD003482,Delhivery,2025-05-06,,Shipped
SHP003483,ORD003483,XpressBees,2025-01-26,,Pending
SHP003484,ORD003484,XpressBees,2025-05-21,2025-05-26,Delivered
SHP003485,ORD003485,Amazon Logistics,2025-01-02,2025-01-05,Delivered
SHP003486,ORD003486,XpressBees,2025-06-06,,Processing
SHP003487,ORD003487,BlueDart,2025-06-26,2025-06-30,Delivered
SHP003488,ORD003488,Ekart,2025-01-30,,Cancelled
SHP003489,ORD003489,Delhivery,2025-06-10,2025-06-12,Delivered
SHP003490,ORD003490,Ekart,2025-02-17,2025-02-21,Delivered
SHP003491,ORD003491,Delhivery,2025-04-14,2025-04-17,Delivered
SHP003492,ORD003492,XpressBees,2025-02-28,2025-03-02,Delivered
SHP003493,ORD003493,XpressBees,2025-02-27,2025-03-02,Delivered
SHP003494,ORD003494,Ekart,2025-01-23,,Processing
SHP003495,ORD003495,DTDC,2025-01-06,2025-01-09,Delivered
SHP003496,ORD003496,XpressBees,2025-02-11,2025-02-16,Delivered
SHP003497,ORD003497,DTDC,2025-05-03,2025-05-07,Delivered
SHP003498,ORD003498,DTDC,2025-04-06,2025-04-10,Delivered
SHP003499,ORD003499,Ekart,2025-05-04,2025-05-10,Delivered
SHP003500,ORD003500,XpressBees,2025-02-01,2025-02-05,Delivered
SHP003501,ORD003501,XpressBees,2025-03-10,2025-03-14,Delivered
SHP003502,ORD003502,Ekart,2025-01-14,,Cancelled
SHP003503,ORD003503,Amazon Logistics,2025-05-18,2025-05-23,Delivered
SHP003504,ORD003504,XpressBees,2025-01-25,2025-01-31,Returned
SHP003505,ORD003505,Ekart,2025-05-01,2025-05-05,Delivered
SHP003506,ORD003506,DTDC,2025-04-06,,Shipped
SHP003507,ORD003507,Ekart,2025-05-14,2025-05-20,Delivered
SHP003508,ORD003508,DTDC,2025-04-17,,Shipped
SHP003509,ORD003509,BlueDart,2025-04-01,,Processing
SHP003510,ORD003510,XpressBees,2025-06-07,2025-06-13,Delivered
SHP003511,ORD003511,BlueDart,2025-04-18,2025-04-24,Delivered
SHP003512,ORD003512,BlueDart,2025-06-10,2025-06-15,Delivered
SHP003513,ORD003513,Ekart,2025-04-22,2025-04-28,Delivered
SHP003514,ORD003514,XpressBees,2025-05-04,2025-05-09,Delivered
SHP003515,ORD003515,XpressBees,2025-03-13,2025-03-18,Delivered
SHP003516,ORD003516,BlueDart,2025-06-26,,Shipped
SHP003517,ORD003517,XpressBees,2025-03-25,2025-03-29,Delivered
SHP003518,ORD003518,XpressBees,2025-03-12,2025-03-18,Delivered
SHP003519,ORD003519,Delhivery,2025-01-28,2025-02-03,Delivered
SHP003520,ORD003520,Ekart,2025-04-21,2025-04-24,Delivered
SHP003521,ORD003521,Amazon Logistics,2025-02-10,2025-02-16,Delivered
SHP003522,ORD003522,DTDC,2025-01-12,,Processing
SHP003523,ORD003523,Delhivery,2025-04-08,,Pending
SHP003524,ORD003524,DTDC,2025-05-26,2025-05-31,Delivered
SHP003525,ORD003525,Delhivery,2025-06-01,2025-06-05,Delivered
SHP003526,ORD003526,DTDC,2025-06-02,2025-06-05,Delivered
SHP003527,ORD003527,XpressBees,2025-01-02,2025-01-07,Delivered
SHP003528,ORD003528,Ekart,2025-02-14,2025-02-18,Delivered
SHP003529,ORD003529,Ekart,2025-02-19,2025-02-22,Delivered
SHP003530,ORD003530,DTDC,2025-03-07,2025-03-13,Delivered
SHP003531,ORD003531,DTDC,2025-06-09,2025-06-12,Delivered
SHP003532,ORD003532,BlueDart,2025-03-21,,Shipped
SHP003533,ORD003533,Ekart,2025-06-08,2025-06-11,Delivered
SHP003534,ORD003534,Ekart,2025-04-10,,Processing
SHP003535,ORD003535,BlueDart,2025-03-19,,Shipped
SHP003536,ORD003536,BlueDart,2025-03-30,2025-04-04,Delivered
SHP003537,ORD003537,Delhivery,2025-03-29,2025-04-01,Delivered
SHP003538,ORD003538,DTDC,2025-02-16,2025-02-20,Delivered
SHP003539,ORD003539,DTDC,2025-05-15,2025-05-21,Delivered
SHP003540,ORD003540,Amazon Logistics,2025-03-25,2025-03-28,Delivered
SHP003541,ORD003541,DTDC,2025-04-28,2025-05-01,Delivered
SHP003542,ORD003542,DTDC,2025-02-07,2025-02-10,Returned
SHP003543,ORD003543,XpressBees,2025-06-29,2025-07-02,Delivered
SHP003544,ORD003544,Ekart,2025-03-25,2025-03-31,Delivered
SHP003545,ORD003545,DTDC,2025-02-12,2025-02-16,Delivered
SHP003546,ORD003546,BlueDart,2025-06-02,2025-06-06,Delivered
SHP003547,ORD003547,XpressBees,2025-05-23,2025-05-26,Delivered
SHP003548,ORD003548,Ekart,2025-01-12,2025-01-17,Delivered
SHP003549,ORD003549,Ekart,2025-01-25,2025-01-30,Delivered
SHP003550,ORD003550,Amazon Logistics,2025-04-24,2025-04-27,Delivered
SHP003551,ORD003551,DTDC,2025-06-13,2025-06-17,Delivered
SHP003552,ORD003552,XpressBees,2025-03-13,2025-03-18,Delivered
SHP003553,ORD003553,DTDC,2025-01-29,2025-01-31,Delivered
SHP003554,ORD003554,Amazon Logistics,2025-04-07,2025-04-10,Delivered
SHP003555,ORD003555,XpressBees,2025-06-22,2025-06-25,Delivered
SHP003556,ORD003556,XpressBees,2025-05-06,,Pending
SHP003557,ORD003557,XpressBees,2025-01-27,2025-01-30,Delivered
SHP003558,ORD003558,DTDC,2025-02-20,,Cancelled
SHP003559,ORD003559,BlueDart,2025-03-27,2025-04-02,Delivered
SHP003560,ORD003560,Amazon Logistics,2025-05-24,,Shipped
SHP003561,ORD003561,Amazon Logistics,2025-03-12,2025-03-14,Delivered
SHP003562,ORD003562,Amazon Logistics,2025-04-18,2025-04-22,Returned
SHP003563,ORD003563,XpressBees,2025-06-14,2025-06-16,Delivered
SHP003564,ORD003564,DTDC,2025-06-02,2025-06-08,Delivered
SHP003565,ORD003565,XpressBees,2025-06-06,2025-06-10,Delivered
SHP003566,ORD003566,Amazon Logistics,2025-05-24,2025-05-28,Delivered
SHP003567,ORD003567,DTDC,2025-05-21,2025-05-24,Delivered
SHP003568,ORD003568,Delhivery,2025-01-11,,Processing
SHP003569,ORD003569,DTDC,2025-06-12,,Shipped
SHP003570,ORD003570,XpressBees,2025-06-13,2025-06-15,Delivered
SHP003571,ORD003571,DTDC,2025-05-29,2025-06-01,Delivered
SHP003572,ORD003572,Amazon Logistics,2025-02-14,2025-02-19,Delivered
SHP003573,ORD003573,BlueDart,2025-01-22,,Pending
SHP003574,ORD003574,DTDC,2025-04-23,2025-04-29,Delivered
SHP003575,ORD003575,Ekart,2025-04-28,2025-05-04,Delivered
SHP003576,ORD003576,BlueDart,2025-03-31,,Processing
SHP003577,ORD003577,Amazon Logistics,2025-04-07,2025-04-12,Delivered
SHP003578,ORD003578,DTDC,2025-06-11,2025-06-14,Delivered
SHP003579,ORD003579,XpressBees,2025-05-11,,Cancelled
SHP003580,ORD003580,XpressBees,2025-02-15,2025-02-20,Delivered
SHP003581,ORD003581,XpressBees,2025-06-19,2025-06-25,Delivered
SHP003582,ORD003582,Amazon Logistics,2025-02-11,,Shipped
SHP003583,ORD003583,XpressBees,2025-05-16,2025-05-22,Delivered
SHP003584,ORD003584,Delhivery,2025-03-02,2025-03-06,Delivered
SHP003585,ORD003585,Delhivery,2025-03-02,,Cancelled
SHP003586,ORD003586,DTDC,2025-04-26,2025-04-30,Delivered
SHP003587,ORD003587,Amazon Logistics,2025-05-26,2025-06-01,Delivered
SHP003588,ORD003588,Ekart,2025-02-17,2025-02-20,Delivered
SHP003589,ORD003589,Delhivery,2025-02-23,2025-02-28,Delivered
SHP003590,ORD003590,Amazon Logistics,2025-03-28,2025-04-03,Delivered
SHP003591,ORD003591,Delhivery,2025-04-06,2025-04-08,Delivered
SHP003592,ORD003592,BlueDart,2025-02-07,2025-02-13,Delivered
SHP003593,ORD003593,Delhivery,2025-01-19,2025-01-24,Delivered
SHP003594,ORD003594,Delhivery,2025-02-18,2025-02-21,Delivered
SHP003595,ORD003595,XpressBees,2025-04-12,2025-04-17,Delivered
SHP003596,ORD003596,Amazon Logistics,2025-03-30,2025-04-03,Delivered
SHP003597,ORD003597,Delhivery,2025-01-04,,Pending
SHP003598,ORD003598,Amazon Logistics,2025-05-25,2025-05-29,Delivered
SHP003599,ORD003599,Ekart,2025-06-12,,Processing
SHP003600,ORD003600,BlueDart,2025-04-26,,Pending
SHP003601,ORD003601,Delhivery,2025-02-27,2025-03-01,Delivered
SHP003602,ORD003602,XpressBees,2025-03-18,2025-03-22,Delivered
SHP003603,ORD003603,BlueDart,2025-06-30,,Shipped
SHP003604,ORD003604,Delhivery,2025-05-15,2025-05-18,Delivered
SHP003605,ORD003605,Amazon Logistics,2025-01-08,2025-01-10,Delivered
SHP003606,ORD003606,Ekart,2025-05-24,2025-05-26,Delivered
SHP003607,ORD003607,Delhivery,2025-04-27,2025-05-03,Delivered
SHP003608,ORD003608,XpressBees,2025-01-21,2025-01-27,Delivered
SHP003609,ORD003609,BlueDart,2025-04-30,2025-05-03,Delivered
SHP003610,ORD003610,BlueDart,2025-02-10,,Shipped
SHP003611,ORD003611,BlueDart,2025-04-22,2025-04-28,Delivered
SHP003612,ORD003612,Delhivery,2025-04-07,2025-04-12,Delivered
SHP003613,ORD003613,DTDC,2025-01-21,2025-01-26,Delivered
SHP003614,ORD003614,BlueDart,2025-05-26,2025-05-30,Delivered
SHP003615,ORD003615,XpressBees,2025-03-10,2025-03-13,Delivered
SHP003616,ORD003616,Ekart,2025-05-04,2025-05-07,Delivered
SHP003617,ORD003617,Delhivery,2025-02-07,,Shipped
SHP003618,ORD003618,BlueDart,2025-05-04,,Shipped
SHP003619,ORD003619,Amazon Logistics,2025-01-03,2025-01-06,Delivered
SHP003620,ORD003620,Ekart,2025-02-25,2025-02-27,Delivered
SHP003621,ORD003621,XpressBees,2025-04-23,2025-04-25,Delivered
SHP003622,ORD003622,Delhivery,2025-05-04,2025-05-09,Returned
SHP003623,ORD003623,XpressBees,2025-02-27,,Processing
SHP003624,ORD003624,XpressBees,2025-06-29,,Shipped
SHP003625,ORD003625,XpressBees,2025-04-26,,Cancelled
SHP003626,ORD003626,Delhivery,2025-02-26,,Shipped
SHP003627,ORD003627,BlueDart,2025-04-27,,Pending
SHP003628,ORD003628,XpressBees,2025-01-22,2025-01-25,Delivered
SHP003629,ORD003629,Ekart,2025-05-15,,Cancelled
SHP003630,ORD003630,Delhivery,2025-04-28,,Shipped
SHP003631,ORD003631,XpressBees,2025-06-05,2025-06-10,Delivered
SHP003632,ORD003632,BlueDart,2025-01-09,2025-01-12,Delivered
SHP003633,ORD003633,BlueDart,2025-05-31,2025-06-06,Delivered
SHP003634,ORD003634,Amazon Logistics,2025-03-16,2025-03-21,Delivered
SHP003635,ORD003635,Amazon Logistics,2025-05-13,2025-05-15,Delivered
SHP003636,ORD003636,Delhivery,2025-05-17,,Processing
SHP003637,ORD003637,Delhivery,2025-01-09,2025-01-12,Delivered
SHP003638,ORD003638,XpressBees,2025-05-13,2025-05-18,Delivered
SHP003639,ORD003639,DTDC,2025-05-27,2025-05-31,Delivered
SHP003640,ORD003640,DTDC,2025-02-13,2025-02-17,Delivered
SHP003641,ORD003641,DTDC,2025-06-05,,Pending
SHP003642,ORD003642,BlueDart,2025-05-06,2025-05-11,Delivered
SHP003643,ORD003643,XpressBees,2025-05-09,2025-05-15,Delivered
SHP003644,ORD003644,DTDC,2025-03-31,2025-04-05,Delivered
SHP003645,ORD003645,DTDC,2025-06-22,2025-06-24,Returned
SHP003646,ORD003646,Amazon Logistics,2025-01-14,2025-01-18,Delivered
SHP003647,ORD003647,Delhivery,2025-01-15,2025-01-17,Delivered
SHP003648,ORD003648,Ekart,2025-06-24,,Processing
SHP003649,ORD003649,BlueDart,2025-03-19,2025-03-21,Delivered
SHP003650,ORD003650,Ekart,2025-06-15,2025-06-18,Delivered
SHP003651,ORD003651,Delhivery,2025-02-06,,Shipped
SHP003652,ORD003652,XpressBees,2025-06-17,2025-06-23,Delivered
SHP003653,ORD003653,DTDC,2025-05-14,,Shipped
SHP003654,ORD003654,Delhivery,2025-04-10,2025-04-13,Delivered
SHP003655,ORD003655,Delhivery,2025-03-19,,Processing
SHP003656,ORD003656,Ekart,2025-03-24,2025-03-29,Delivered
SHP003657,ORD003657,Delhivery,2025-02-19,2025-02-25,Delivered
SHP003658,ORD003658,DTDC,2025-04-03,2025-04-05,Returned
SHP003659,ORD003659,DTDC,2025-02-16,2025-02-18,Delivered
SHP003660,ORD003660,Amazon Logistics,2025-06-08,,Processing
SHP003661,ORD003661,XpressBees,2025-03-16,,Processing
SHP003662,ORD003662,BlueDart,2025-02-25,,Processing
SHP003663,ORD003663,BlueDart,2025-01-31,2025-02-06,Delivered
SHP003664,ORD003664,Amazon Logistics,2025-06-13,,Cancelled
SHP003665,ORD003665,DTDC,2025-05-23,2025-05-27,Delivered
SHP003666,ORD003666,Ekart,2025-05-27,2025-06-01,Delivered
SHP003667,ORD003667,Ekart,2025-05-08,2025-05-14,Delivered
SHP003668,ORD003668,Delhivery,2025-04-23,,Shipped
SHP003669,ORD003669,Amazon Logistics,2025-06-05,2025-06-11,Delivered
SHP003670,ORD003670,XpressBees,2025-04-17,2025-04-21,Delivered
SHP003671,ORD003671,BlueDart,2025-06-11,2025-06-16,Delivered
SHP003672,ORD003672,XpressBees,2025-06-04,2025-06-10,Delivered
SHP003673,ORD003673,DTDC,2025-04-19,2025-04-24,Delivered
SHP003674,ORD003674,BlueDart,2025-02-03,,Shipped
SHP003675,ORD003675,Delhivery,2025-06-22,,Processing
SHP003676,ORD003676,Amazon Logistics,2025-02-16,,Shipped
SHP003677,ORD003677,XpressBees,2025-03-14,2025-03-16,Delivered
SHP003678,ORD003678,Ekart,2025-03-29,2025-04-01,Delivered
SHP003679,ORD003679,Ekart,2025-03-10,2025-03-12,Delivered
SHP003680,ORD003680,DTDC,2025-01-14,2025-01-20,Delivered
SHP003681,ORD003681,XpressBees,2025-01-14,,Processing
SHP003682,ORD003682,BlueDart,2025-06-21,2025-06-23,Delivered
SHP003683,ORD003683,Delhivery,2025-06-17,2025-06-22,Delivered
SHP003684,ORD003684,BlueDart,2025-01-23,2025-01-26,Delivered
SHP003685,ORD003685,XpressBees,2025-05-10,2025-05-14,Delivered
SHP003686,ORD003686,Delhivery,2025-05-07,2025-05-12,Delivered
SHP003687,ORD003687,BlueDart,2025-04-27,2025-04-30,Delivered
SHP003688,ORD003688,BlueDart,2025-05-26,2025-05-29,Delivered
SHP003689,ORD003689,XpressBees,2025-02-04,2025-02-09,Delivered
SHP003690,ORD003690,Delhivery,2025-03-17,2025-03-22,Delivered
SHP003691,ORD003691,DTDC,2025-04-11,2025-04-17,Delivered
SHP003692,ORD003692,DTDC,2025-02-25,2025-03-01,Delivered
SHP003693,ORD003693,Ekart,2025-03-25,2025-03-29,Delivered
SHP003694,ORD003694,BlueDart,2025-04-16,2025-04-20,Delivered
SHP003695,ORD003695,Delhivery,2025-02-12,2025-02-18,Delivered
SHP003696,ORD003696,Amazon Logistics,2025-03-26,2025-03-28,Delivered
SHP003697,ORD003697,Ekart,2025-06-01,,Shipped
SHP003698,ORD003698,BlueDart,2025-01-14,,Shipped
SHP003699,ORD003699,Delhivery,2025-04-27,2025-05-01,Delivered
SHP003700,ORD003700,Ekart,2025-02-14,2025-02-19,Delivered
SHP003701,ORD003701,Amazon Logistics,2025-03-02,2025-03-08,Returned
SHP003702,ORD003702,Amazon Logistics,2025-05-06,2025-05-11,Delivered
SHP003703,ORD003703,Delhivery,2025-06-02,,Processing
SHP003704,ORD003704,Amazon Logistics,2025-05-28,2025-06-03,Delivered
SHP003705,ORD003705,Delhivery,2025-05-23,,Processing
SHP003706,ORD003706,Delhivery,2025-03-29,2025-04-03,Delivered
SHP003707,ORD003707,DTDC,2025-06-07,2025-06-12,Delivered
SHP003708,ORD003708,Ekart,2025-03-21,,Processing
SHP003709,ORD003709,Delhivery,2025-01-25,2025-01-31,Delivered
SHP003710,ORD003710,Ekart,2025-02-28,2025-03-04,Delivered
SHP003711,ORD003711,Ekart,2025-05-12,,Shipped
SHP003712,ORD003712,Ekart,2025-02-27,2025-03-02,Delivered
SHP003713,ORD003713,Ekart,2025-02-05,,Cancelled
SHP003714,ORD003714,BlueDart,2025-04-19,2025-04-21,Delivered
SHP003715,ORD003715,Delhivery,2025-03-28,,Shipped
SHP003716,ORD003716,Ekart,2025-01-07,2025-01-13,Delivered
SHP003717,ORD003717,XpressBees,2025-03-01,2025-03-07,Delivered
SHP003718,ORD003718,Delhivery,2025-03-31,2025-04-03,Delivered
SHP003719,ORD003719,Amazon Logistics,2025-04-04,,Shipped
SHP003720,ORD003720,Delhivery,2025-01-18,2025-01-20,Delivered
SHP003721,ORD003721,Amazon Logistics,2025-03-14,2025-03-17,Delivered
SHP003722,ORD003722,Amazon Logistics,2025-02-04,2025-02-09,Delivered
SHP003723,ORD003723,XpressBees,2025-02-23,2025-02-27,Delivered
SHP003724,ORD003724,Delhivery,2025-03-08,2025-03-13,Delivered
SHP003725,ORD003725,Ekart,2025-06-16,,Shipped
SHP003726,ORD003726,Ekart,2025-04-10,,Cancelled
SHP003727,ORD003727,Delhivery,2025-05-01,2025-05-07,Delivered
SHP003728,ORD003728,Ekart,2025-01-24,2025-01-30,Delivered
SHP003729,ORD003729,BlueDart,2025-06-19,2025-06-24,Delivered
SHP003730,ORD003730,Delhivery,2025-01-21,2025-01-24,Delivered
SHP003731,ORD003731,DTDC,2025-04-07,2025-04-11,Delivered
SHP003732,ORD003732,DTDC,2025-05-08,2025-05-14,Delivered
SHP003733,ORD003733,Ekart,2025-03-19,2025-03-23,Delivered
SHP003734,ORD003734,XpressBees,2025-06-02,2025-06-06,Delivered
SHP003735,ORD003735,Delhivery,2025-02-14,,Shipped
SHP003736,ORD003736,Delhivery,2025-03-20,2025-03-26,Delivered
SHP003737,ORD003737,Delhivery,2025-05-30,,Processing
SHP003738,ORD003738,Ekart,2025-06-29,2025-07-02,Delivered
SHP003739,ORD003739,DTDC,2025-06-24,,Cancelled
SHP003740,ORD003740,XpressBees,2025-05-17,,Cancelled
SHP003741,ORD003741,DTDC,2025-06-20,2025-06-25,Delivered
SHP003742,ORD003742,Amazon Logistics,2025-04-14,,Shipped
SHP003743,ORD003743,DTDC,2025-02-09,2025-02-15,Delivered
SHP003744,ORD003744,Amazon Logistics,2025-05-25,,Processing
SHP003745,ORD003745,Delhivery,2025-05-22,2025-05-25,Delivered
SHP003746,ORD003746,Amazon Logistics,2025-02-03,2025-02-08,Delivered
SHP003747,ORD003747,Delhivery,2025-05-25,2025-05-30,Delivered
SHP003748,ORD003748,Ekart,2025-02-28,,Processing
SHP003749,ORD003749,Amazon Logistics,2025-03-10,2025-03-12,Returned
SHP003750,ORD003750,Ekart,2025-03-15,2025-03-21,Returned
SHP003751,ORD003751,Ekart,2025-05-16,2025-05-20,Delivered
SHP003752,ORD003752,Ekart,2025-06-21,,Processing
SHP003753,ORD003753,DTDC,2025-01-07,,Pending
SHP003754,ORD003754,Ekart,2025-02-19,2025-02-21,Delivered
SHP003755,ORD003755,Amazon Logistics,2025-05-06,2025-05-12,Delivered
SHP003756,ORD003756,DTDC,2025-04-19,2025-04-21,Delivered
SHP003757,ORD003757,XpressBees,2025-05-06,2025-05-10,Delivered
SHP003758,ORD003758,Delhivery,2025-03-04,,Shipped
SHP003759,ORD003759,Ekart,2025-06-27,2025-07-03,Delivered
SHP003760,ORD003760,DTDC,2025-01-17,,Cancelled
SHP003761,ORD003761,Amazon Logistics,2025-02-20,,Cancelled
SHP003762,ORD003762,XpressBees,2025-01-07,,Shipped
SHP003763,ORD003763,BlueDart,2025-01-22,2025-01-24,Delivered
SHP003764,ORD003764,DTDC,2025-05-13,2025-05-16,Delivered
SHP003765,ORD003765,Ekart,2025-03-11,,Shipped
SHP003766,ORD003766,Ekart,2025-01-31,2025-02-03,Delivered
SHP003767,ORD003767,DTDC,2025-04-25,2025-04-27,Delivered
SHP003768,ORD003768,Delhivery,2025-02-13,2025-02-16,Delivered
SHP003769,ORD003769,Amazon Logistics,2025-01-11,2025-01-15,Delivered
SHP003770,ORD003770,Ekart,2025-04-26,2025-05-02,Delivered
SHP003771,ORD003771,XpressBees,2025-01-20,,Processing
SHP003772,ORD003772,Delhivery,2025-05-17,2025-05-22,Delivered
SHP003773,ORD003773,Amazon Logistics,2025-03-01,2025-03-07,Delivered
SHP003774,ORD003774,DTDC,2025-03-05,,Processing
SHP003775,ORD003775,Delhivery,2025-06-13,2025-06-19,Delivered
SHP003776,ORD003776,XpressBees,2025-04-13,,Processing
SHP003777,ORD003777,Delhivery,2025-04-06,2025-04-09,Delivered
SHP003778,ORD003778,XpressBees,2025-07-01,2025-07-06,Delivered
SHP003779,ORD003779,XpressBees,2025-01-17,2025-01-20,Delivered
SHP003780,ORD003780,Delhivery,2025-01-13,,Processing
SHP003781,ORD003781,Delhivery,2025-05-18,,Processing
SHP003782,ORD003782,Ekart,2025-05-04,2025-05-09,Delivered
SHP003783,ORD003783,Amazon Logistics,2025-04-07,,Shipped
SHP003784,ORD003784,Amazon Logistics,2025-01-28,,Shipped
SHP003785,ORD003785,BlueDart,2025-06-29,2025-07-05,Delivered
SHP003786,ORD003786,Amazon Logistics,2025-06-19,2025-06-21,Delivered
SHP003787,ORD003787,Amazon Logistics,2025-01-06,2025-01-11,Delivered
SHP003788,ORD003788,Delhivery,2025-06-08,2025-06-13,Delivered
SHP003789,ORD003789,BlueDart,2025-03-16,2025-03-19,Delivered
SHP003790,ORD003790,Delhivery,2025-01-11,2025-01-17,Delivered
SHP003791,ORD003791,XpressBees,2025-01-10,2025-01-13,Delivered
SHP003792,ORD003792,DTDC,2025-02-17,2025-02-23,Delivered
SHP003793,ORD003793,Ekart,2025-04-23,2025-04-27,Delivered
SHP003794,ORD003794,DTDC,2025-01-29,2025-02-03,Delivered
SHP003795,ORD003795,Amazon Logistics,2025-05-07,,Shipped
SHP003796,ORD003796,BlueDart,2025-02-14,2025-02-19,Delivered
SHP003797,ORD003797,XpressBees,2025-03-19,,Cancelled
SHP003798,ORD003798,BlueDart,2025-05-31,2025-06-06,Delivered
SHP003799,ORD003799,BlueDart,2025-01-14,2025-01-17,Delivered
SHP003800,ORD003800,DTDC,2025-01-05,2025-01-10,Delivered
SHP003801,ORD003801,Ekart,2025-06-10,2025-06-13,Delivered
SHP003802,ORD003802,Delhivery,2025-04-25,,Processing
SHP003803,ORD003803,Delhivery,2025-05-14,2025-05-16,Delivered
SHP003804,ORD003804,Amazon Logistics,2025-04-09,2025-04-14,Delivered
SHP003805,ORD003805,Ekart,2025-02-26,2025-02-28,Returned
SHP003806,ORD003806,Ekart,2025-06-23,2025-06-29,Delivered
SHP003807,ORD003807,XpressBees,2025-02-24,,Pending
SHP003808,ORD003808,BlueDart,2025-05-17,2025-05-21,Delivered
SHP003809,ORD003809,DTDC,2025-04-30,2025-05-03,Delivered
SHP003810,ORD003810,XpressBees,2025-01-12,2025-01-15,Delivered
SHP003811,ORD003811,XpressBees,2025-06-10,2025-06-14,Delivered
SHP003812,ORD003812,XpressBees,2025-04-19,2025-04-25,Delivered
SHP003813,ORD003813,Amazon Logistics,2025-05-31,2025-06-04,Delivered
SHP003814,ORD003814,Amazon Logistics,2025-04-07,,Shipped
SHP003815,ORD003815,XpressBees,2025-06-04,2025-06-06,Delivered
SHP003816,ORD003816,DTDC,2025-03-28,,Shipped
SHP003817,ORD003817,Amazon Logistics,2025-04-02,,Pending
SHP003818,ORD003818,Delhivery,2025-06-09,2025-06-13,Delivered
SHP003819,ORD003819,Ekart,2025-04-14,2025-04-18,Delivered
SHP003820,ORD003820,XpressBees,2025-05-18,2025-05-23,Delivered
SHP003821,ORD003821,XpressBees,2025-04-12,,Cancelled
SHP003822,ORD003822,Delhivery,2025-06-10,,Pending
SHP003823,ORD003823,DTDC,2025-05-04,2025-05-08,Delivered
SHP003824,ORD003824,DTDC,2025-04-06,2025-04-09,Delivered
SHP003825,ORD003825,Amazon Logistics,2025-04-12,,Shipped
SHP003826,ORD003826,Amazon Logistics,2025-06-29,2025-07-03,Delivered
SHP003827,ORD003827,Amazon Logistics,2025-04-24,2025-04-29,Delivered
SHP003828,ORD003828,Amazon Logistics,2025-05-29,2025-06-03,Delivered
SHP003829,ORD003829,Ekart,2025-06-30,,Shipped
SHP003830,ORD003830,Delhivery,2025-06-16,2025-06-20,Delivered
SHP003831,ORD003831,XpressBees,2025-01-22,2025-01-28,Delivered
SHP003832,ORD003832,Ekart,2025-04-28,2025-05-03,Delivered
SHP003833,ORD003833,BlueDart,2025-05-27,2025-05-30,Delivered
SHP003834,ORD003834,XpressBees,2025-04-09,2025-04-11,Delivered
SHP003835,ORD003835,Amazon Logistics,2025-04-11,,Cancelled
SHP003836,ORD003836,Ekart,2025-04-21,2025-04-23,Delivered
SHP003837,ORD003837,Amazon Logistics,2025-05-04,2025-05-06,Delivered
SHP003838,ORD003838,Ekart,2025-03-26,,Processing
SHP003839,ORD003839,BlueDart,2025-04-06,2025-04-10,Delivered
SHP003840,ORD003840,XpressBees,2025-02-28,2025-03-02,Delivered
SHP003841,ORD003841,Delhivery,2025-02-25,2025-02-28,Returned
SHP003842,ORD003842,DTDC,2025-01-27,2025-01-30,Delivered
SHP003843,ORD003843,Delhivery,2025-03-11,,Shipped
SHP003844,ORD003844,Ekart,2025-01-06,2025-01-09,Delivered
SHP003845,ORD003845,Ekart,2025-03-27,2025-03-29,Delivered
SHP003846,ORD003846,Delhivery,2025-04-04,2025-04-07,Delivered
SHP003847,ORD003847,Amazon Logistics,2025-03-29,2025-04-03,Delivered
SHP003848,ORD003848,Amazon Logistics,2025-06-17,2025-06-23,Delivered
SHP003849,ORD003849,Delhivery,2025-03-23,2025-03-26,Returned
SHP003850,ORD003850,XpressBees,2025-06-27,,Pending
SHP003851,ORD003851,BlueDart,2025-02-11,2025-02-15,Delivered
SHP003852,ORD003852,Delhivery,2025-05-16,2025-05-22,Delivered
SHP003853,ORD003853,Delhivery,2025-05-10,2025-05-12,Delivered
SHP003854,ORD003854,Amazon Logistics,2025-06-15,2025-06-21,Delivered
SHP003855,ORD003855,BlueDart,2025-06-04,2025-06-08,Delivered
SHP003856,ORD003856,Delhivery,2025-06-28,2025-07-01,Delivered
SHP003857,ORD003857,Delhivery,2025-03-04,2025-03-06,Delivered
SHP003858,ORD003858,XpressBees,2025-02-05,2025-02-10,Delivered
SHP003859,ORD003859,BlueDart,2025-01-20,2025-01-23,Delivered
SHP003860,ORD003860,Delhivery,2025-01-19,2025-01-23,Delivered
SHP003861,ORD003861,DTDC,2025-04-06,2025-04-09,Delivered
SHP003862,ORD003862,Amazon Logistics,2025-02-28,2025-03-04,Delivered
SHP003863,ORD003863,Delhivery,2025-05-27,2025-05-29,Delivered
SHP003864,ORD003864,Delhivery,2025-06-29,2025-07-02,Delivered
SHP003865,ORD003865,XpressBees,2025-02-22,,Processing
SHP003866,ORD003866,XpressBees,2025-05-09,2025-05-14,Delivered
SHP003867,ORD003867,BlueDart,2025-05-16,2025-05-21,Delivered
SHP003868,ORD003868,BlueDart,2025-06-24,2025-06-28,Delivered
SHP003869,ORD003869,Ekart,2025-05-09,2025-05-13,Delivered
SHP003870,ORD003870,Ekart,2025-02-14,2025-02-19,Delivered
SHP003871,ORD003871,Delhivery,2025-01-07,2025-01-13,Delivered
SHP003872,ORD003872,Delhivery,2025-04-16,2025-04-18,Delivered
SHP003873,ORD003873,XpressBees,2025-07-01,2025-07-05,Delivered
SHP003874,ORD003874,Ekart,2025-04-09,,Pending
SHP003875,ORD003875,Ekart,2025-01-27,2025-01-29,Delivered
SHP003876,ORD003876,XpressBees,2025-03-31,2025-04-03,Delivered
SHP003877,ORD003877,Amazon Logistics,2025-01-22,2025-01-28,Delivered
SHP003878,ORD003878,Amazon Logistics,2025-01-11,,Cancelled
SHP003879,ORD003879,XpressBees,2025-06-24,2025-06-27,Delivered
SHP003880,ORD003880,Ekart,2025-05-14,2025-05-20,Delivered
SHP003881,ORD003881,BlueDart,2025-05-28,2025-06-02,Delivered
SHP003882,ORD003882,DTDC,2025-02-24,2025-02-26,Delivered
SHP003883,ORD003883,BlueDart,2025-06-04,2025-06-06,Delivered
SHP003884,ORD003884,Amazon Logistics,2025-04-03,2025-04-06,Delivered
SHP003885,ORD003885,Amazon Logistics,2025-06-04,2025-06-10,Delivered
SHP003886,ORD003886,Amazon Logistics,2025-04-14,2025-04-18,Delivered
SHP003887,ORD003887,Amazon Logistics,2025-04-30,,Processing
SHP003888,ORD003888,Ekart,2025-05-22,2025-05-28,Delivered
SHP003889,ORD003889,Delhivery,2025-01-21,2025-01-27,Delivered
SHP003890,ORD003890,XpressBees,2025-06-27,2025-06-30,Delivered
SHP003891,ORD003891,BlueDart,2025-05-27,2025-05-29,Delivered
SHP003892,ORD003892,XpressBees,2025-03-19,2025-03-24,Delivered
SHP003893,ORD003893,Delhivery,2025-01-22,,Shipped
SHP003894,ORD003894,DTDC,2025-02-25,2025-02-28,Delivered
SHP003895,ORD003895,BlueDart,2025-06-12,2025-06-15,Delivered
SHP003896,ORD003896,DTDC,2025-05-25,,Cancelled
SHP003897,ORD003897,XpressBees,2025-03-22,2025-03-27,Delivered
SHP003898,ORD003898,BlueDart,2025-02-09,2025-02-14,Delivered
SHP003899,ORD003899,DTDC,2025-03-07,,Shipped
SHP003900,ORD003900,DTDC,2025-05-04,2025-05-10,Delivered
SHP003901,ORD003901,Delhivery,2025-03-30,2025-04-05,Delivered
SHP003902,ORD003902,Ekart,2025-05-10,2025-05-16,Delivered
SHP003903,ORD003903,DTDC,2025-04-17,2025-04-22,Delivered
SHP003904,ORD003904,XpressBees,2025-02-18,2025-02-20,Delivered
SHP003905,ORD003905,Amazon Logistics,2025-01-07,2025-01-09,Delivered
SHP003906,ORD003906,BlueDart,2025-05-04,2025-05-09,Delivered
SHP003907,ORD003907,BlueDart,2025-03-25,2025-03-29,Delivered
SHP003908,ORD003908,DTDC,2025-03-07,2025-03-12,Delivered
SHP003909,ORD003909,Amazon Logistics,2025-04-20,2025-04-25,Delivered
SHP003910,ORD003910,Amazon Logistics,2025-05-06,2025-05-09,Delivered
SHP003911,ORD003911,Delhivery,2025-03-22,2025-03-28,Delivered
SHP003912,ORD003912,Amazon Logistics,2025-03-28,,Pending
SHP003913,ORD003913,DTDC,2025-03-10,2025-03-16,Delivered
SHP003914,ORD003914,BlueDart,2025-05-23,2025-05-29,Delivered
SHP003915,ORD003915,DTDC,2025-02-07,,Cancelled
SHP003916,ORD003916,Amazon Logistics,2025-01-06,2025-01-11,Delivered
SHP003917,ORD003917,Amazon Logistics,2025-06-20,,Processing
SHP003918,ORD003918,DTDC,2025-03-06,2025-03-08,Delivered
SHP003919,ORD003919,BlueDart,2025-03-03,2025-03-06,Delivered
SHP003920,ORD003920,BlueDart,2025-02-15,2025-02-20,Delivered
SHP003921,ORD003921,Amazon Logistics,2025-05-25,2025-05-27,Delivered
SHP003922,ORD003922,DTDC,2025-04-03,2025-04-09,Delivered
SHP003923,ORD003923,BlueDart,2025-03-21,2025-03-26,Delivered
SHP003924,ORD003924,DTDC,2025-06-12,,Shipped
SHP003925,ORD003925,XpressBees,2025-06-28,,Cancelled
SHP003926,ORD003926,BlueDart,2025-01-09,2025-01-15,Delivered
SHP003927,ORD003927,Ekart,2025-01-12,2025-01-14,Delivered
SHP003928,ORD003928,BlueDart,2025-02-27,,Shipped
SHP003929,ORD003929,XpressBees,2025-05-20,,Pending
SHP003930,ORD003930,BlueDart,2025-05-01,2025-05-06,Delivered
SHP003931,ORD003931,Delhivery,2025-04-10,2025-04-14,Delivered
SHP003932,ORD003932,Amazon Logistics,2025-04-05,2025-04-08,Delivered
SHP003933,ORD003933,XpressBees,2025-06-18,2025-06-24,Delivered
SHP003934,ORD003934,DTDC,2025-02-25,,Cancelled
SHP003935,ORD003935,Ekart,2025-03-10,2025-03-13,Delivered
SHP003936,ORD003936,Amazon Logistics,2025-02-03,2025-02-09,Delivered
SHP003937,ORD003937,Amazon Logistics,2025-02-24,2025-02-27,Delivered
SHP003938,ORD003938,DTDC,2025-01-27,2025-01-30,Delivered
SHP003939,ORD003939,Amazon Logistics,2025-06-19,2025-06-22,Delivered
SHP003940,ORD003940,Ekart,2025-01-08,,Pending
SHP003941,ORD003941,XpressBees,2025-01-17,2025-01-20,Delivered
SHP003942,ORD003942,Delhivery,2025-01-12,,Pending
SHP003943,ORD003943,DTDC,2025-02-11,2025-02-16,Returned
SHP003944,ORD003944,BlueDart,2025-01-20,,Pending
SHP003945,ORD003945,XpressBees,2025-04-29,2025-05-03,Delivered
SHP003946,ORD003946,DTDC,2025-02-25,2025-03-03,Delivered
SHP003947,ORD003947,BlueDart,2025-03-12,2025-03-18,Delivered
SHP003948,ORD003948,DTDC,2025-02-19,2025-02-25,Delivered
SHP003949,ORD003949,Amazon Logistics,2025-02-01,2025-02-04,Delivered
SHP003950,ORD003950,DTDC,2025-03-27,,Cancelled
SHP003951,ORD003951,DTDC,2025-06-08,,Shipped
SHP003952,ORD003952,XpressBees,2025-05-31,2025-06-03,Delivered
SHP003953,ORD003953,BlueDart,2025-02-26,,Pending
SHP003954,ORD003954,DTDC,2025-06-12,,Pending
SHP003955,ORD003955,XpressBees,2025-04-16,,Processing
SHP003956,ORD003956,Delhivery,2025-03-10,2025-03-15,Delivered
SHP003957,ORD003957,BlueDart,2025-05-03,2025-05-09,Delivered
SHP003958,ORD003958,Amazon Logistics,2025-05-26,2025-05-31,Delivered
SHP003959,ORD003959,DTDC,2025-03-19,2025-03-23,Delivered
SHP003960,ORD003960,BlueDart,2025-01-07,2025-01-11,Delivered
SHP003961,ORD003961,DTDC,2025-01-27,2025-01-30,Delivered
SHP003962,ORD003962,BlueDart,2025-04-17,,Shipped
SHP003963,ORD003963,Ekart,2025-03-15,2025-03-17,Delivered
SHP003964,ORD003964,Delhivery,2025-04-13,2025-04-15,Delivered
SHP003965,ORD003965,Amazon Logistics,2025-06-29,,Pending
SHP003966,ORD003966,Ekart,2025-05-16,2025-05-18,Delivered
SHP003967,ORD003967,Amazon Logistics,2025-06-16,2025-06-21,Delivered
SHP003968,ORD003968,XpressBees,2025-01-20,2025-01-23,Delivered
SHP003969,ORD003969,BlueDart,2025-03-12,2025-03-15,Delivered
SHP003970,ORD003970,XpressBees,2025-01-29,2025-02-02,Delivered
SHP003971,ORD003971,Delhivery,2025-01-03,2025-01-07,Delivered
SHP003972,ORD003972,BlueDart,2025-06-30,2025-07-06,Delivered
SHP003973,ORD003973,BlueDart,2025-03-30,,Shipped
SHP003974,ORD003974,BlueDart,2025-05-12,2025-05-16,Delivered
SHP003975,ORD003975,Delhivery,2025-02-23,,Shipped
SHP003976,ORD003976,Ekart,2025-01-28,2025-01-30,Delivered
SHP003977,ORD003977,DTDC,2025-04-04,,Shipped
SHP003978,ORD003978,Amazon Logistics,2025-06-24,,Processing
SHP003979,ORD003979,BlueDart,2025-05-23,2025-05-27,Delivered
SHP003980,ORD003980,DTDC,2025-04-30,2025-05-05,Delivered
SHP003981,ORD003981,BlueDart,2025-03-10,,Shipped
SHP003982,ORD003982,Delhivery,2025-01-27,2025-02-01,Delivered
SHP003983,ORD003983,Amazon Logistics,2025-04-16,2025-04-19,Delivered
SHP003984,ORD003984,XpressBees,2025-01-30,2025-02-03,Delivered
SHP003985,ORD003985,DTDC,2025-03-08,2025-03-12,Delivered
SHP003986,ORD003986,Ekart,2025-06-21,,Cancelled
SHP003987,ORD003987,Amazon Logistics,2025-02-14,2025-02-20,Delivered
SHP003988,ORD003988,Ekart,2025-02-11,2025-02-13,Delivered
SHP003989,ORD003989,BlueDart,2025-02-14,,Processing
SHP003990,ORD003990,Delhivery,2025-05-19,2025-05-22,Delivered
SHP003991,ORD003991,XpressBees,2025-06-07,2025-06-12,Delivered
SHP003992,ORD003992,Ekart,2025-06-14,2025-06-18,Delivered
SHP003993,ORD003993,XpressBees,2025-04-09,2025-04-11,Delivered
SHP003994,ORD003994,BlueDart,2025-01-05,2025-01-08,Delivered
SHP003995,ORD003995,XpressBees,2025-01-24,2025-01-30,Delivered
SHP003996,ORD003996,Amazon Logistics,2025-05-01,,Processing
SHP003997,ORD003997,XpressBees,2025-04-03,2025-04-05,Delivered
SHP003998,ORD003998,BlueDart,2025-06-08,2025-06-10,Delivered
SHP003999,ORD003999,Delhivery,2025-03-12,,Processing
SHP004000,ORD004000,XpressBees,2025-06-13,2025-06-19,Delivered
SHP004001,ORD004001,Amazon Logistics,2025-05-12,2025-05-15,Delivered
SHP004002,ORD004002,XpressBees,2025-03-14,2025-03-18,Delivered
SHP004003,ORD004003,Ekart,2025-03-20,,Pending
SHP004004,ORD004004,BlueDart,2025-03-10,2025-03-16,Delivered
SHP004005,ORD004005,Ekart,2025-03-15,2025-03-19,Delivered
SHP004006,ORD004006,DTDC,2025-01-09,2025-01-11,Delivered
SHP004007,ORD004007,Ekart,2025-02-03,2025-02-06,Delivered
SHP004008,ORD004008,Amazon Logistics,2025-04-02,,Processing
SHP004009,ORD004009,XpressBees,2025-03-24,,Processing
SHP004010,ORD004010,BlueDart,2025-06-22,,Pending
SHP004011,ORD004011,DTDC,2025-01-19,2025-01-22,Delivered
SHP004012,ORD004012,XpressBees,2025-06-07,2025-06-10,Delivered
SHP004013,ORD004013,BlueDart,2025-01-02,,Shipped
SHP004014,ORD004014,DTDC,2025-04-08,2025-04-11,Delivered
SHP004015,ORD004015,BlueDart,2025-01-31,,Processing
SHP004016,ORD004016,Amazon Logistics,2025-04-05,2025-04-07,Delivered
SHP004017,ORD004017,BlueDart,2025-05-06,,Cancelled
SHP004018,ORD004018,Delhivery,2025-03-18,,Cancelled
SHP004019,ORD004019,Ekart,2025-05-30,2025-06-04,Delivered
SHP004020,ORD004020,Ekart,2025-04-04,2025-04-07,Delivered
SHP004021,ORD004021,Amazon Logistics,2025-06-05,2025-06-11,Delivered
SHP004022,ORD004022,Delhivery,2025-04-29,2025-05-03,Delivered
SHP004023,ORD004023,DTDC,2025-06-07,,Shipped
SHP004024,ORD004024,DTDC,2025-04-14,2025-04-18,Delivered
SHP004025,ORD004025,Delhivery,2025-03-11,2025-03-13,Delivered
SHP004026,ORD004026,BlueDart,2025-06-03,2025-06-08,Delivered
SHP004027,ORD004027,Ekart,2025-03-09,2025-03-14,Delivered
SHP004028,ORD004028,Ekart,2025-01-19,2025-01-25,Delivered
SHP004029,ORD004029,BlueDart,2025-02-01,2025-02-05,Delivered
SHP004030,ORD004030,Ekart,2025-04-06,2025-04-11,Delivered
SHP004031,ORD004031,Amazon Logistics,2025-02-23,,Processing
SHP004032,ORD004032,Ekart,2025-03-09,2025-03-15,Delivered
SHP004033,ORD004033,Ekart,2025-01-24,2025-01-29,Delivered
SHP004034,ORD004034,Amazon Logistics,2025-01-30,2025-02-01,Delivered
SHP004035,ORD004035,Amazon Logistics,2025-01-15,2025-01-18,Delivered
SHP004036,ORD004036,DTDC,2025-06-20,,Shipped
SHP004037,ORD004037,Delhivery,2025-06-03,,Shipped
SHP004038,ORD004038,BlueDart,2025-04-02,2025-04-04,Delivered
SHP004039,ORD004039,Ekart,2025-06-23,2025-06-28,Delivered
SHP004040,ORD004040,XpressBees,2025-03-27,2025-03-31,Delivered
SHP004041,ORD004041,XpressBees,2025-06-15,,Cancelled
SHP004042,ORD004042,Ekart,2025-04-30,2025-05-05,Delivered
SHP004043,ORD004043,Ekart,2025-03-18,2025-03-22,Delivered
SHP004044,ORD004044,DTDC,2025-01-22,2025-01-28,Delivered
SHP004045,ORD004045,DTDC,2025-02-13,2025-02-15,Delivered
SHP004046,ORD004046,Delhivery,2025-02-19,2025-02-24,Returned
SHP004047,ORD004047,BlueDart,2025-06-03,2025-06-07,Delivered
SHP004048,ORD004048,Delhivery,2025-04-02,,Cancelled
SHP004049,ORD004049,Amazon Logistics,2025-05-17,,Processing
SHP004050,ORD004050,Delhivery,2025-06-12,2025-06-17,Delivered
SHP004051,ORD004051,XpressBees,2025-06-25,2025-06-29,Delivered
SHP004052,ORD004052,XpressBees,2025-05-26,2025-05-30,Delivered
SHP004053,ORD004053,DTDC,2025-03-12,2025-03-16,Delivered
SHP004054,ORD004054,DTDC,2025-06-10,,Pending
SHP004055,ORD004055,Ekart,2025-04-19,,Processing
SHP004056,ORD004056,XpressBees,2025-02-22,2025-02-28,Delivered
SHP004057,ORD004057,Amazon Logistics,2025-03-15,2025-03-21,Delivered
SHP004058,ORD004058,BlueDart,2025-02-18,2025-02-23,Delivered
SHP004059,ORD004059,XpressBees,2025-01-02,2025-01-04,Delivered
SHP004060,ORD004060,Delhivery,2025-06-02,2025-06-06,Delivered
SHP004061,ORD004061,Delhivery,2025-03-26,2025-03-31,Delivered
SHP004062,ORD004062,Delhivery,2025-04-18,2025-04-20,Delivered
SHP004063,ORD004063,Delhivery,2025-03-02,2025-03-07,Delivered
SHP004064,ORD004064,XpressBees,2025-01-02,2025-01-04,Delivered
SHP004065,ORD004065,Delhivery,2025-05-03,,Shipped
SHP004066,ORD004066,XpressBees,2025-05-23,2025-05-26,Delivered
SHP004067,ORD004067,BlueDart,2025-04-12,2025-04-15,Delivered
SHP004068,ORD004068,BlueDart,2025-01-21,,Cancelled
SHP004069,ORD004069,DTDC,2025-05-20,2025-05-24,Delivered
SHP004070,ORD004070,BlueDart,2025-04-03,2025-04-08,Delivered
SHP004071,ORD004071,Delhivery,2025-06-13,2025-06-16,Delivered
SHP004072,ORD004072,Ekart,2025-03-05,,Processing
SHP004073,ORD004073,Delhivery,2025-03-19,2025-03-21,Delivered
SHP004074,ORD004074,Delhivery,2025-02-26,,Pending
SHP004075,ORD004075,XpressBees,2025-04-04,2025-04-09,Delivered
SHP004076,ORD004076,BlueDart,2025-02-25,2025-02-27,Delivered
SHP004077,ORD004077,Ekart,2025-02-25,2025-02-27,Delivered
SHP004078,ORD004078,XpressBees,2025-02-09,,Cancelled
SHP004079,ORD004079,XpressBees,2025-03-06,2025-03-09,Delivered
SHP004080,ORD004080,Ekart,2025-02-14,,Processing
SHP004081,ORD004081,DTDC,2025-03-08,2025-03-10,Delivered
SHP004082,ORD004082,DTDC,2025-06-15,2025-06-19,Delivered
SHP004083,ORD004083,Amazon Logistics,2025-03-03,2025-03-07,Delivered
SHP004084,ORD004084,Amazon Logistics,2025-03-07,2025-03-10,Delivered
SHP004085,ORD004085,Amazon Logistics,2025-02-07,2025-02-11,Delivered
SHP004086,ORD004086,Ekart,2025-01-11,2025-01-16,Delivered
SHP004087,ORD004087,BlueDart,2025-06-10,2025-06-13,Delivered
SHP004088,ORD004088,Amazon Logistics,2025-03-23,2025-03-25,Delivered
SHP004089,ORD004089,DTDC,2025-04-20,2025-04-22,Delivered
SHP004090,ORD004090,Delhivery,2025-03-21,2025-03-25,Delivered
SHP004091,ORD004091,DTDC,2025-03-02,2025-03-06,Delivered
SHP004092,ORD004092,Amazon Logistics,2025-06-20,,Cancelled
SHP004093,ORD004093,Amazon Logistics,2025-02-27,2025-03-01,Delivered
SHP004094,ORD004094,DTDC,2025-02-13,,Pending
SHP004095,ORD004095,DTDC,2025-04-09,2025-04-12,Delivered
SHP004096,ORD004096,Ekart,2025-06-27,2025-07-02,Delivered
SHP004097,ORD004097,Amazon Logistics,2025-04-15,2025-04-17,Delivered
SHP004098,ORD004098,XpressBees,2025-05-12,2025-05-18,Delivered
SHP004099,ORD004099,DTDC,2025-01-17,2025-01-23,Delivered
SHP004100,ORD004100,Delhivery,2025-01-09,,Processing
SHP004101,ORD004101,Delhivery,2025-04-26,2025-05-01,Delivered
SHP004102,ORD004102,DTDC,2025-03-19,2025-03-22,Delivered
SHP004103,ORD004103,Ekart,2025-03-15,,Shipped
SHP004104,ORD004104,DTDC,2025-04-04,2025-04-06,Returned
SHP004105,ORD004105,Ekart,2025-06-22,2025-06-24,Delivered
SHP004106,ORD004106,Delhivery,2025-03-30,2025-04-04,Delivered
SHP004107,ORD004107,XpressBees,2025-06-25,,Processing
SHP004108,ORD004108,Delhivery,2025-06-27,2025-07-03,Delivered
SHP004109,ORD004109,XpressBees,2025-04-26,2025-05-01,Delivered
SHP004110,ORD004110,XpressBees,2025-06-02,2025-06-08,Delivered
SHP004111,ORD004111,Amazon Logistics,2025-01-31,2025-02-03,Delivered
SHP004112,ORD004112,Ekart,2025-05-20,2025-05-23,Delivered
SHP004113,ORD004113,Ekart,2025-05-15,2025-05-21,Delivered
SHP004114,ORD004114,BlueDart,2025-06-28,2025-07-03,Delivered
SHP004115,ORD004115,BlueDart,2025-05-24,,Processing
SHP004116,ORD004116,Delhivery,2025-06-02,2025-06-05,Delivered
SHP004117,ORD004117,Delhivery,2025-06-27,,Shipped
SHP004118,ORD004118,Ekart,2025-06-14,2025-06-17,Delivered
SHP004119,ORD004119,BlueDart,2025-03-24,2025-03-26,Delivered
SHP004120,ORD004120,DTDC,2025-04-22,2025-04-26,Delivered
SHP004121,ORD004121,DTDC,2025-06-01,,Shipped
SHP004122,ORD004122,XpressBees,2025-03-03,2025-03-08,Delivered
SHP004123,ORD004123,BlueDart,2025-03-07,2025-03-12,Delivered
SHP004124,ORD004124,BlueDart,2025-06-20,2025-06-26,Delivered
SHP004125,ORD004125,Delhivery,2025-01-28,2025-02-03,Delivered
SHP004126,ORD004126,XpressBees,2025-01-17,,Shipped
SHP004127,ORD004127,BlueDart,2025-06-23,,Processing
SHP004128,ORD004128,DTDC,2025-06-23,2025-06-25,Delivered
SHP004129,ORD004129,DTDC,2025-02-13,2025-02-16,Delivered
SHP004130,ORD004130,BlueDart,2025-03-03,2025-03-06,Delivered
SHP004131,ORD004131,XpressBees,2025-02-02,2025-02-05,Delivered
SHP004132,ORD004132,Delhivery,2025-06-05,,Cancelled
SHP004133,ORD004133,Delhivery,2025-05-14,,Processing
SHP004134,ORD004134,XpressBees,2025-06-16,,Processing
SHP004135,ORD004135,Ekart,2025-03-16,2025-03-21,Delivered
SHP004136,ORD004136,XpressBees,2025-05-25,,Shipped
SHP004137,ORD004137,BlueDart,2025-04-07,,Shipped
SHP004138,ORD004138,XpressBees,2025-05-07,,Shipped
SHP004139,ORD004139,Ekart,2025-04-13,,Pending
SHP004140,ORD004140,BlueDart,2025-02-06,,Shipped
SHP004141,ORD004141,Delhivery,2025-05-20,2025-05-22,Delivered
SHP004142,ORD004142,Amazon Logistics,2025-05-05,2025-05-10,Delivered
SHP004143,ORD004143,XpressBees,2025-06-15,2025-06-20,Delivered
SHP004144,ORD004144,XpressBees,2025-04-20,,Processing
SHP004145,ORD004145,BlueDart,2025-01-18,2025-01-23,Delivered
SHP004146,ORD004146,Delhivery,2025-04-28,2025-05-01,Delivered
SHP004147,ORD004147,BlueDart,2025-04-11,2025-04-15,Delivered
SHP004148,ORD004148,BlueDart,2025-06-23,2025-06-26,Delivered
SHP004149,ORD004149,Ekart,2025-03-16,2025-03-22,Delivered
SHP004150,ORD004150,BlueDart,2025-06-27,2025-07-01,Delivered
SHP004151,ORD004151,XpressBees,2025-04-09,2025-04-15,Delivered
SHP004152,ORD004152,Amazon Logistics,2025-01-18,,Cancelled
SHP004153,ORD004153,XpressBees,2025-05-20,2025-05-25,Delivered
SHP004154,ORD004154,Amazon Logistics,2025-01-22,2025-01-26,Delivered
SHP004155,ORD004155,BlueDart,2025-06-04,,Cancelled
SHP004156,ORD004156,Ekart,2025-02-10,,Processing
SHP004157,ORD004157,XpressBees,2025-01-14,2025-01-19,Delivered
SHP004158,ORD004158,Ekart,2025-02-17,,Processing
SHP004159,ORD004159,XpressBees,2025-02-15,2025-02-20,Delivered
SHP004160,ORD004160,Delhivery,2025-01-11,2025-01-13,Delivered
SHP004161,ORD004161,DTDC,2025-03-16,,Pending
SHP004162,ORD004162,XpressBees,2025-03-23,2025-03-25,Delivered
SHP004163,ORD004163,Ekart,2025-02-17,2025-02-23,Delivered
SHP004164,ORD004164,Amazon Logistics,2025-06-08,2025-06-14,Delivered
SHP004165,ORD004165,Ekart,2025-01-08,2025-01-14,Delivered
SHP004166,ORD004166,Delhivery,2025-01-25,2025-01-28,Delivered
SHP004167,ORD004167,BlueDart,2025-06-02,2025-06-04,Delivered
SHP004168,ORD004168,XpressBees,2025-03-31,2025-04-05,Delivered
SHP004169,ORD004169,DTDC,2025-06-15,2025-06-17,Delivered
SHP004170,ORD004170,Amazon Logistics,2025-03-30,2025-04-04,Delivered
SHP004171,ORD004171,Ekart,2025-06-03,2025-06-06,Delivered
SHP004172,ORD004172,BlueDart,2025-01-30,2025-02-01,Delivered
SHP004173,ORD004173,Ekart,2025-02-22,2025-02-28,Delivered
SHP004174,ORD004174,DTDC,2025-02-25,2025-03-03,Delivered
SHP004175,ORD004175,Delhivery,2025-04-06,2025-04-11,Delivered
SHP004176,ORD004176,Delhivery,2025-05-22,,Cancelled
SHP004177,ORD004177,XpressBees,2025-05-14,,Pending
SHP004178,ORD004178,XpressBees,2025-01-06,,Cancelled
SHP004179,ORD004179,Ekart,2025-03-04,2025-03-07,Delivered
SHP004180,ORD004180,BlueDart,2025-02-17,2025-02-21,Delivered
SHP004181,ORD004181,Ekart,2025-02-23,2025-02-26,Delivered
SHP004182,ORD004182,Ekart,2025-05-26,2025-05-29,Delivered
SHP004183,ORD004183,XpressBees,2025-05-11,2025-05-15,Delivered
SHP004184,ORD004184,DTDC,2025-05-11,2025-05-15,Delivered
SHP004185,ORD004185,Ekart,2025-01-11,2025-01-16,Delivered
SHP004186,ORD004186,Ekart,2025-06-22,2025-06-26,Delivered
SHP004187,ORD004187,DTDC,2025-04-02,2025-04-08,Delivered
SHP004188,ORD004188,DTDC,2025-05-29,2025-06-04,Delivered
SHP004189,ORD004189,Delhivery,2025-04-20,2025-04-26,Delivered
SHP004190,ORD004190,BlueDart,2025-01-27,2025-01-30,Delivered
SHP004191,ORD004191,XpressBees,2025-03-31,,Pending
SHP004192,ORD004192,XpressBees,2025-04-25,2025-04-29,Delivered
SHP004193,ORD004193,XpressBees,2025-01-31,2025-02-05,Delivered
SHP004194,ORD004194,Amazon Logistics,2025-01-05,,Pending
SHP004195,ORD004195,XpressBees,2025-05-22,2025-05-25,Delivered
SHP004196,ORD004196,Ekart,2025-01-20,2025-01-23,Delivered
SHP004197,ORD004197,XpressBees,2025-05-07,2025-05-11,Delivered
SHP004198,ORD004198,Amazon Logistics,2025-06-20,2025-06-26,Delivered
SHP004199,ORD004199,Ekart,2025-01-21,,Shipped
SHP004200,ORD004200,BlueDart,2025-02-13,2025-02-16,Delivered
SHP004201,ORD004201,Amazon Logistics,2025-01-13,2025-01-16,Delivered
SHP004202,ORD004202,Ekart,2025-05-19,,Shipped
SHP004203,ORD004203,Ekart,2025-05-21,2025-05-27,Delivered
SHP004204,ORD004204,Delhivery,2025-03-11,,Pending
SHP004205,ORD004205,XpressBees,2025-01-09,2025-01-11,Delivered
SHP004206,ORD004206,BlueDart,2025-02-21,2025-02-24,Delivered
SHP004207,ORD004207,BlueDart,2025-06-26,2025-07-01,Delivered
SHP004208,ORD004208,XpressBees,2025-05-23,,Pending
SHP004209,ORD004209,Amazon Logistics,2025-05-29,2025-06-04,Delivered
SHP004210,ORD004210,Amazon Logistics,2025-03-20,,Processing
SHP004211,ORD004211,DTDC,2025-03-14,,Processing
SHP004212,ORD004212,Delhivery,2025-02-10,2025-02-14,Delivered
SHP004213,ORD004213,Amazon Logistics,2025-05-28,2025-06-03,Delivered
SHP004214,ORD004214,BlueDart,2025-02-25,2025-03-01,Delivered
SHP004215,ORD004215,XpressBees,2025-03-07,,Pending
SHP004216,ORD004216,Delhivery,2025-06-06,,Shipped
SHP004217,ORD004217,Ekart,2025-06-01,,Shipped
SHP004218,ORD004218,BlueDart,2025-07-01,2025-07-04,Delivered
SHP004219,ORD004219,XpressBees,2025-05-09,,Shipped
SHP004220,ORD004220,XpressBees,2025-03-15,,Processing
SHP004221,ORD004221,XpressBees,2025-06-23,2025-06-25,Delivered
SHP004222,ORD004222,Delhivery,2025-03-09,2025-03-14,Returned
SHP004223,ORD004223,Delhivery,2025-04-11,,Cancelled
SHP004224,ORD004224,Ekart,2025-07-01,,Shipped
SHP004225,ORD004225,BlueDart,2025-01-22,2025-01-27,Delivered
SHP004226,ORD004226,Delhivery,2025-03-25,2025-03-27,Delivered
SHP004227,ORD004227,Amazon Logistics,2025-05-19,2025-05-21,Delivered
SHP004228,ORD004228,Delhivery,2025-02-08,2025-02-11,Delivered
SHP004229,ORD004229,DTDC,2025-04-06,2025-04-11,Delivered
SHP004230,ORD004230,BlueDart,2025-02-14,2025-02-19,Delivered
SHP004231,ORD004231,BlueDart,2025-05-30,2025-06-01,Delivered
SHP004232,ORD004232,BlueDart,2025-03-05,2025-03-08,Delivered
SHP004233,ORD004233,Ekart,2025-03-26,2025-04-01,Delivered
SHP004234,ORD004234,XpressBees,2025-03-03,2025-03-07,Delivered
SHP004235,ORD004235,Delhivery,2025-01-12,2025-01-17,Delivered
SHP004236,ORD004236,Delhivery,2025-05-30,2025-06-01,Delivered
SHP004237,ORD004237,Delhivery,2025-03-30,2025-04-04,Delivered
SHP004238,ORD004238,XpressBees,2025-04-28,,Pending
SHP004239,ORD004239,XpressBees,2025-06-25,2025-06-28,Delivered
SHP004240,ORD004240,Amazon Logistics,2025-02-20,2025-02-22,Delivered
SHP004241,ORD004241,Amazon Logistics,2025-03-04,,Shipped
SHP004242,ORD004242,Ekart,2025-04-17,2025-04-22,Delivered
SHP004243,ORD004243,DTDC,2025-04-15,2025-04-18,Delivered
SHP004244,ORD004244,Amazon Logistics,2025-03-23,2025-03-27,Delivered
SHP004245,ORD004245,DTDC,2025-03-26,2025-04-01,Delivered
SHP004246,ORD004246,Amazon Logistics,2025-04-23,,Processing
SHP004247,ORD004247,BlueDart,2025-04-19,2025-04-23,Delivered
SHP004248,ORD004248,DTDC,2025-06-21,,Shipped
SHP004249,ORD004249,Ekart,2025-04-29,2025-05-01,Delivered
SHP004250,ORD004250,BlueDart,2025-05-02,,Pending
SHP004251,ORD004251,DTDC,2025-05-09,2025-05-15,Delivered
SHP004252,ORD004252,Ekart,2025-02-25,2025-02-28,Delivered
SHP004253,ORD004253,DTDC,2025-03-27,,Processing
SHP004254,ORD004254,BlueDart,2025-02-24,2025-03-02,Delivered
SHP004255,ORD004255,BlueDart,2025-04-09,2025-04-13,Delivered
SHP004256,ORD004256,Amazon Logistics,2025-02-01,,Shipped
SHP004257,ORD004257,Amazon Logistics,2025-04-06,2025-04-11,Delivered
SHP004258,ORD004258,Ekart,2025-02-12,2025-02-18,Delivered
SHP004259,ORD004259,Delhivery,2025-05-14,2025-05-16,Delivered
SHP004260,ORD004260,BlueDart,2025-01-03,2025-01-08,Delivered
SHP004261,ORD004261,Ekart,2025-01-27,2025-01-30,Delivered
SHP004262,ORD004262,BlueDart,2025-03-22,2025-03-28,Delivered
SHP004263,ORD004263,Delhivery,2025-04-20,,Shipped
SHP004264,ORD004264,Delhivery,2025-01-11,,Processing
SHP004265,ORD004265,DTDC,2025-01-16,2025-01-20,Delivered
SHP004266,ORD004266,DTDC,2025-01-21,,Shipped
SHP004267,ORD004267,BlueDart,2025-04-16,2025-04-21,Delivered
SHP004268,ORD004268,DTDC,2025-03-13,2025-03-15,Delivered
SHP004269,ORD004269,DTDC,2025-04-22,,Shipped
SHP004270,ORD004270,Ekart,2025-03-18,2025-03-21,Delivered
SHP004271,ORD004271,BlueDart,2025-01-07,2025-01-13,Delivered
SHP004272,ORD004272,Delhivery,2025-03-14,2025-03-20,Delivered
SHP004273,ORD004273,Delhivery,2025-03-30,2025-04-05,Delivered
SHP004274,ORD004274,BlueDart,2025-06-04,2025-06-08,Delivered
SHP004275,ORD004275,DTDC,2025-04-26,,Shipped
SHP004276,ORD004276,Amazon Logistics,2025-05-21,2025-05-26,Delivered
SHP004277,ORD004277,Delhivery,2025-03-18,2025-03-23,Delivered
SHP004278,ORD004278,Amazon Logistics,2025-01-18,2025-01-23,Delivered
SHP004279,ORD004279,Ekart,2025-07-01,2025-07-06,Delivered
SHP004280,ORD004280,XpressBees,2025-06-22,2025-06-27,Delivered
SHP004281,ORD004281,BlueDart,2025-04-11,2025-04-13,Delivered
SHP004282,ORD004282,Amazon Logistics,2025-06-03,2025-06-08,Delivered
SHP004283,ORD004283,DTDC,2025-01-08,,Pending
SHP004284,ORD004284,Amazon Logistics,2025-02-08,2025-02-11,Delivered
SHP004285,ORD004285,DTDC,2025-02-24,,Shipped
SHP004286,ORD004286,BlueDart,2025-02-21,,Cancelled
SHP004287,ORD004287,BlueDart,2025-03-13,2025-03-18,Delivered
SHP004288,ORD004288,Ekart,2025-06-10,2025-06-12,Delivered
SHP004289,ORD004289,Delhivery,2025-03-01,2025-03-07,Delivered
SHP004290,ORD004290,Ekart,2025-03-20,2025-03-23,Delivered
SHP004291,ORD004291,DTDC,2025-06-23,2025-06-29,Delivered
SHP004292,ORD004292,DTDC,2025-07-01,2025-07-06,Delivered
SHP004293,ORD004293,Amazon Logistics,2025-04-26,,Pending
SHP004294,ORD004294,XpressBees,2025-01-18,2025-01-23,Delivered
SHP004295,ORD004295,Delhivery,2025-05-15,2025-05-18,Delivered
SHP004296,ORD004296,DTDC,2025-06-01,,Processing
SHP004297,ORD004297,Ekart,2025-04-02,,Pending
SHP004298,ORD004298,Amazon Logistics,2025-05-29,,Processing
SHP004299,ORD004299,XpressBees,2025-04-10,,Cancelled
SHP004300,ORD004300,DTDC,2025-04-19,2025-04-24,Delivered
SHP004301,ORD004301,Delhivery,2025-05-31,2025-06-04,Delivered
SHP004302,ORD004302,Amazon Logistics,2025-04-06,2025-04-08,Delivered
SHP004303,ORD004303,Amazon Logistics,2025-01-10,2025-01-14,Delivered
SHP004304,ORD004304,Ekart,2025-02-24,2025-03-01,Delivered
SHP004305,ORD004305,BlueDart,2025-04-01,2025-04-07,Delivered
SHP004306,ORD004306,XpressBees,2025-02-26,2025-03-01,Delivered
SHP004307,ORD004307,DTDC,2025-04-07,2025-04-11,Delivered
SHP004308,ORD004308,Ekart,2025-03-05,2025-03-07,Delivered
SHP004309,ORD004309,Ekart,2025-04-10,2025-04-12,Delivered
SHP004310,ORD004310,DTDC,2025-01-20,2025-01-25,Delivered
SHP004311,ORD004311,Delhivery,2025-03-17,,Cancelled
SHP004312,ORD004312,DTDC,2025-06-27,,Cancelled
SHP004313,ORD004313,Ekart,2025-04-19,2025-04-21,Delivered
SHP004314,ORD004314,Amazon Logistics,2025-04-19,,Pending
SHP004315,ORD004315,Amazon Logistics,2025-02-10,,Cancelled
SHP004316,ORD004316,BlueDart,2025-01-11,2025-01-15,Delivered
SHP004317,ORD004317,Ekart,2025-06-08,,Processing
SHP004318,ORD004318,BlueDart,2025-06-03,,Shipped
SHP004319,ORD004319,Ekart,2025-02-18,,Processing
SHP004320,ORD004320,Ekart,2025-06-18,2025-06-20,Delivered
SHP004321,ORD004321,DTDC,2025-06-04,,Processing
SHP004322,ORD004322,Ekart,2025-01-20,2025-01-22,Delivered
SHP004323,ORD004323,XpressBees,2025-06-18,2025-06-22,Delivered
SHP004324,ORD004324,XpressBees,2025-01-29,,Pending
SHP004325,ORD004325,Amazon Logistics,2025-04-03,2025-04-07,Delivered
SHP004326,ORD004326,Ekart,2025-04-14,2025-04-19,Delivered
SHP004327,ORD004327,Delhivery,2025-06-03,2025-06-07,Delivered
SHP004328,ORD004328,Delhivery,2025-02-06,2025-02-09,Delivered
SHP004329,ORD004329,Ekart,2025-05-27,2025-05-29,Delivered
SHP004330,ORD004330,XpressBees,2025-01-12,2025-01-15,Delivered
SHP004331,ORD004331,DTDC,2025-04-22,2025-04-26,Delivered
SHP004332,ORD004332,Delhivery,2025-04-10,2025-04-12,Delivered
SHP004333,ORD004333,XpressBees,2025-03-26,,Pending
SHP004334,ORD004334,XpressBees,2025-06-22,2025-06-28,Delivered
SHP004335,ORD004335,Delhivery,2025-05-16,,Shipped
SHP004336,ORD004336,XpressBees,2025-01-15,2025-01-20,Delivered
SHP004337,ORD004337,Delhivery,2025-06-20,2025-06-25,Delivered
SHP004338,ORD004338,Ekart,2025-02-10,,Shipped
SHP004339,ORD004339,BlueDart,2025-01-12,2025-01-18,Delivered
SHP004340,ORD004340,Ekart,2025-03-16,,Cancelled
SHP004341,ORD004341,Ekart,2025-03-18,2025-03-21,Delivered
SHP004342,ORD004342,Delhivery,2025-05-23,,Shipped
SHP004343,ORD004343,Delhivery,2025-02-21,,Pending
SHP004344,ORD004344,DTDC,2025-04-20,,Shipped
SHP004345,ORD004345,Amazon Logistics,2025-01-28,,Cancelled
SHP004346,ORD004346,BlueDart,2025-05-30,2025-06-01,Delivered
SHP004347,ORD004347,Ekart,2025-05-26,2025-06-01,Delivered
SHP004348,ORD004348,BlueDart,2025-06-03,2025-06-06,Delivered
SHP004349,ORD004349,XpressBees,2025-06-16,,Cancelled
SHP004350,ORD004350,Amazon Logistics,2025-06-27,2025-06-29,Delivered
SHP004351,ORD004351,XpressBees,2025-03-15,2025-03-19,Returned
SHP004352,ORD004352,Amazon Logistics,2025-06-01,,Shipped
SHP004353,ORD004353,XpressBees,2025-03-11,2025-03-17,Delivered
SHP004354,ORD004354,DTDC,2025-02-07,2025-02-11,Delivered
SHP004355,ORD004355,Ekart,2025-06-18,2025-06-22,Delivered
SHP004356,ORD004356,BlueDart,2025-06-30,2025-07-03,Delivered
SHP004357,ORD004357,BlueDart,2025-01-23,,Shipped
SHP004358,ORD004358,Ekart,2025-01-17,2025-01-22,Delivered
SHP004359,ORD004359,Delhivery,2025-01-17,2025-01-19,Delivered
SHP004360,ORD004360,Delhivery,2025-03-04,2025-03-06,Delivered
SHP004361,ORD004361,Delhivery,2025-04-29,,Shipped
SHP004362,ORD004362,Delhivery,2025-06-24,2025-06-29,Delivered
SHP004363,ORD004363,DTDC,2025-02-06,2025-02-10,Delivered
SHP004364,ORD004364,BlueDart,2025-02-27,2025-03-01,Delivered
SHP004365,ORD004365,XpressBees,2025-03-04,,Pending
SHP004366,ORD004366,XpressBees,2025-05-27,2025-05-29,Delivered
SHP004367,ORD004367,BlueDart,2025-01-24,2025-01-27,Returned
SHP004368,ORD004368,Delhivery,2025-05-03,,Processing
SHP004369,ORD004369,DTDC,2025-04-02,2025-04-08,Delivered
SHP004370,ORD004370,Amazon Logistics,2025-04-23,2025-04-25,Delivered
SHP004371,ORD004371,Delhivery,2025-06-09,2025-06-14,Delivered
SHP004372,ORD004372,Amazon Logistics,2025-06-01,2025-06-05,Delivered
SHP004373,ORD004373,Delhivery,2025-06-29,,Shipped
SHP004374,ORD004374,BlueDart,2025-02-04,2025-02-09,Delivered
SHP004375,ORD004375,Ekart,2025-05-01,2025-05-05,Delivered
SHP004376,ORD004376,XpressBees,2025-04-30,2025-05-02,Delivered
SHP004377,ORD004377,XpressBees,2025-05-01,2025-05-05,Delivered
SHP004378,ORD004378,Amazon Logistics,2025-01-02,2025-01-07,Delivered
SHP004379,ORD004379,DTDC,2025-05-10,2025-05-12,Delivered
SHP004380,ORD004380,Delhivery,2025-03-12,2025-03-15,Delivered
SHP004381,ORD004381,DTDC,2025-04-30,2025-05-05,Delivered
SHP004382,ORD004382,Ekart,2025-06-24,2025-06-27,Delivered
SHP004383,ORD004383,DTDC,2025-02-20,2025-02-23,Delivered
SHP004384,ORD004384,XpressBees,2025-03-04,,Pending
SHP004385,ORD004385,DTDC,2025-06-23,,Shipped
SHP004386,ORD004386,Ekart,2025-04-22,2025-04-28,Delivered
SHP004387,ORD004387,Ekart,2025-07-01,2025-07-07,Delivered
SHP004388,ORD004388,DTDC,2025-04-07,,Processing
SHP004389,ORD004389,DTDC,2025-04-06,2025-04-08,Delivered
SHP004390,ORD004390,Ekart,2025-01-11,2025-01-15,Delivered
SHP004391,ORD004391,BlueDart,2025-06-21,2025-06-25,Delivered
SHP004392,ORD004392,BlueDart,2025-02-10,,Pending
SHP004393,ORD004393,Delhivery,2025-01-30,2025-02-03,Delivered
SHP004394,ORD004394,Delhivery,2025-04-30,,Shipped
SHP004395,ORD004395,Amazon Logistics,2025-02-25,,Shipped
SHP004396,ORD004396,DTDC,2025-01-10,,Processing
SHP004397,ORD004397,Ekart,2025-03-26,2025-03-28,Delivered
SHP004398,ORD004398,Delhivery,2025-02-17,2025-02-23,Delivered
SHP004399,ORD004399,DTDC,2025-03-17,2025-03-19,Delivered
SHP004400,ORD004400,DTDC,2025-03-10,,Pending
SHP004401,ORD004401,Amazon Logistics,2025-04-01,2025-04-06,Delivered
SHP004402,ORD004402,DTDC,2025-03-19,,Shipped
SHP004403,ORD004403,Ekart,2025-04-05,,Cancelled
SHP004404,ORD004404,BlueDart,2025-06-14,2025-06-18,Delivered
SHP004405,ORD004405,XpressBees,2025-01-31,2025-02-03,Delivered
SHP004406,ORD004406,DTDC,2025-01-07,2025-01-09,Delivered
SHP004407,ORD004407,DTDC,2025-05-25,2025-05-31,Delivered
SHP004408,ORD004408,XpressBees,2025-04-16,,Shipped
SHP004409,ORD004409,XpressBees,2025-03-27,,Pending
SHP004410,ORD004410,Amazon Logistics,2025-04-14,2025-04-20,Delivered
SHP004411,ORD004411,Amazon Logistics,2025-05-23,2025-05-29,Delivered
SHP004412,ORD004412,XpressBees,2025-03-09,2025-03-11,Delivered
SHP004413,ORD004413,DTDC,2025-03-12,,Cancelled
SHP004414,ORD004414,BlueDart,2025-05-14,2025-05-20,Delivered
SHP004415,ORD004415,Amazon Logistics,2025-06-10,2025-06-13,Delivered
SHP004416,ORD004416,DTDC,2025-04-18,,Processing
SHP004417,ORD004417,Delhivery,2025-02-06,2025-02-11,Delivered
SHP004418,ORD004418,Delhivery,2025-05-02,2025-05-04,Delivered
SHP004419,ORD004419,XpressBees,2025-05-06,,Processing
SHP004420,ORD004420,XpressBees,2025-02-20,2025-02-24,Delivered
SHP004421,ORD004421,Ekart,2025-01-08,,Shipped
SHP004422,ORD004422,Amazon Logistics,2025-02-02,2025-02-07,Delivered
SHP004423,ORD004423,Ekart,2025-04-30,2025-05-03,Delivered
SHP004424,ORD004424,DTDC,2025-06-03,2025-06-06,Delivered
SHP004425,ORD004425,Amazon Logistics,2025-04-23,2025-04-28,Delivered
SHP004426,ORD004426,XpressBees,2025-03-16,2025-03-18,Delivered
SHP004427,ORD004427,XpressBees,2025-01-10,2025-01-13,Delivered
SHP004428,ORD004428,Amazon Logistics,2025-01-05,,Processing
SHP004429,ORD004429,Delhivery,2025-06-25,2025-06-30,Delivered
SHP004430,ORD004430,BlueDart,2025-03-06,2025-03-11,Delivered
SHP004431,ORD004431,Delhivery,2025-06-15,2025-06-19,Delivered
SHP004432,ORD004432,Delhivery,2025-03-04,,Shipped
SHP004433,ORD004433,Delhivery,2025-01-31,,Shipped
SHP004434,ORD004434,Delhivery,2025-06-03,,Shipped
SHP004435,ORD004435,Amazon Logistics,2025-04-05,,Shipped
SHP004436,ORD004436,Delhivery,2025-04-06,2025-04-10,Delivered
SHP004437,ORD004437,BlueDart,2025-02-02,2025-02-05,Delivered
SHP004438,ORD004438,Ekart,2025-02-07,2025-02-12,Delivered
SHP004439,ORD004439,Delhivery,2025-01-09,2025-01-11,Delivered
SHP004440,ORD004440,BlueDart,2025-01-21,2025-01-26,Delivered
SHP004441,ORD004441,Ekart,2025-01-02,2025-01-04,Delivered
SHP004442,ORD004442,BlueDart,2025-05-11,2025-05-14,Delivered
SHP004443,ORD004443,Delhivery,2025-04-27,2025-05-03,Delivered
SHP004444,ORD004444,DTDC,2025-05-26,2025-05-30,Delivered
SHP004445,ORD004445,Delhivery,2025-02-02,2025-02-06,Delivered
SHP004446,ORD004446,Amazon Logistics,2025-03-27,2025-04-02,Delivered
SHP004447,ORD004447,BlueDart,2025-03-05,2025-03-10,Delivered
SHP004448,ORD004448,BlueDart,2025-02-17,2025-02-23,Delivered
SHP004449,ORD004449,XpressBees,2025-06-01,2025-06-07,Delivered
SHP004450,ORD004450,Ekart,2025-04-28,2025-05-02,Delivered
SHP004451,ORD004451,BlueDart,2025-04-08,2025-04-11,Delivered
SHP004452,ORD004452,DTDC,2025-05-09,2025-05-11,Delivered
SHP004453,ORD004453,Delhivery,2025-06-11,2025-06-17,Delivered
SHP004454,ORD004454,Ekart,2025-03-25,2025-03-29,Delivered
SHP004455,ORD004455,Amazon Logistics,2025-06-05,,Pending
SHP004456,ORD004456,Amazon Logistics,2025-06-30,2025-07-03,Delivered
SHP004457,ORD004457,BlueDart,2025-01-29,2025-01-31,Delivered
SHP004458,ORD004458,DTDC,2025-04-11,,Shipped
SHP004459,ORD004459,XpressBees,2025-03-17,2025-03-23,Delivered
SHP004460,ORD004460,Ekart,2025-02-25,2025-03-01,Delivered
SHP004461,ORD004461,Amazon Logistics,2025-04-16,2025-04-22,Delivered
SHP004462,ORD004462,DTDC,2025-03-10,2025-03-14,Delivered
SHP004463,ORD004463,Delhivery,2025-02-16,,Shipped
SHP004464,ORD004464,BlueDart,2025-03-29,,Processing
SHP004465,ORD004465,DTDC,2025-02-19,2025-02-23,Delivered
SHP004466,ORD004466,XpressBees,2025-06-05,2025-06-09,Delivered
SHP004467,ORD004467,XpressBees,2025-04-02,2025-04-08,Delivered
SHP004468,ORD004468,Ekart,2025-01-29,2025-01-31,Delivered
SHP004469,ORD004469,Amazon Logistics,2025-01-27,2025-01-29,Delivered
SHP004470,ORD004470,Ekart,2025-02-15,2025-02-20,Delivered
SHP004471,ORD004471,Delhivery,2025-04-16,2025-04-21,Delivered
SHP004472,ORD004472,Delhivery,2025-02-06,2025-02-09,Delivered
SHP004473,ORD004473,Delhivery,2025-06-01,,Shipped
SHP004474,ORD004474,BlueDart,2025-04-18,2025-04-23,Delivered
SHP004475,ORD004475,Amazon Logistics,2025-05-19,2025-05-23,Delivered
SHP004476,ORD004476,DTDC,2025-05-16,2025-05-22,Delivered
SHP004477,ORD004477,DTDC,2025-06-17,2025-06-23,Returned
SHP004478,ORD004478,Ekart,2025-01-05,2025-01-07,Delivered
SHP004479,ORD004479,Ekart,2025-05-02,2025-05-05,Returned
SHP004480,ORD004480,BlueDart,2025-01-29,2025-02-02,Delivered
SHP004481,ORD004481,XpressBees,2025-03-22,2025-03-28,Delivered
SHP004482,ORD004482,Delhivery,2025-02-20,,Shipped
SHP004483,ORD004483,Ekart,2025-03-02,,Shipped
SHP004484,ORD004484,XpressBees,2025-05-27,2025-06-01,Delivered
SHP004485,ORD004485,BlueDart,2025-03-15,2025-03-17,Delivered
SHP004486,ORD004486,Delhivery,2025-06-15,2025-06-20,Delivered
SHP004487,ORD004487,Ekart,2025-03-23,2025-03-29,Delivered
SHP004488,ORD004488,BlueDart,2025-05-27,2025-05-31,Delivered
SHP004489,ORD004489,XpressBees,2025-06-22,,Processing
SHP004490,ORD004490,BlueDart,2025-03-05,2025-03-07,Delivered
SHP004491,ORD004491,DTDC,2025-07-01,,Pending
SHP004492,ORD004492,Delhivery,2025-04-18,,Pending
SHP004493,ORD004493,DTDC,2025-05-18,2025-05-23,Delivered
SHP004494,ORD004494,Amazon Logistics,2025-02-26,,Shipped
SHP004495,ORD004495,Amazon Logistics,2025-02-04,2025-02-10,Delivered
SHP004496,ORD004496,DTDC,2025-05-24,2025-05-26,Delivered
SHP004497,ORD004497,BlueDart,2025-03-03,2025-03-07,Delivered
SHP004498,ORD004498,BlueDart,2025-05-25,,Pending
SHP004499,ORD004499,Amazon Logistics,2025-01-31,,Cancelled
SHP004500,ORD004500,Delhivery,2025-04-02,2025-04-08,Delivered
SHP004501,ORD004501,Amazon Logistics,2025-05-10,,Pending
SHP004502,ORD004502,XpressBees,2025-05-22,,Shipped
SHP004503,ORD004503,Delhivery,2025-06-29,,Shipped
SHP004504,ORD004504,Amazon Logistics,2025-01-31,2025-02-02,Delivered
SHP004505,ORD004505,DTDC,2025-03-14,,Shipped
SHP004506,ORD004506,XpressBees,2025-03-02,,Cancelled
SHP004507,ORD004507,Ekart,2025-05-15,,Pending
SHP004508,ORD004508,Delhivery,2025-01-14,2025-01-17,Delivered
SHP004509,ORD004509,XpressBees,2025-05-24,2025-05-27,Delivered
SHP004510,ORD004510,Ekart,2025-01-26,2025-02-01,Delivered
SHP004511,ORD004511,XpressBees,2025-03-08,2025-03-11,Delivered
SHP004512,ORD004512,DTDC,2025-01-14,,Cancelled
SHP004513,ORD004513,DTDC,2025-03-18,,Processing
SHP004514,ORD004514,Amazon Logistics,2025-06-27,2025-06-30,Delivered
SHP004515,ORD004515,XpressBees,2025-06-25,2025-06-28,Delivered
SHP004516,ORD004516,Ekart,2025-01-24,2025-01-29,Delivered
SHP004517,ORD004517,Delhivery,2025-05-23,2025-05-27,Delivered
SHP004518,ORD004518,DTDC,2025-01-09,2025-01-11,Delivered
SHP004519,ORD004519,XpressBees,2025-01-22,,Cancelled
SHP004520,ORD004520,DTDC,2025-02-27,2025-03-02,Delivered
SHP004521,ORD004521,Amazon Logistics,2025-02-08,2025-02-13,Delivered
SHP004522,ORD004522,BlueDart,2025-01-13,2025-01-17,Delivered
SHP004523,ORD004523,DTDC,2025-04-12,2025-04-14,Delivered
SHP004524,ORD004524,Delhivery,2025-06-28,,Cancelled
SHP004525,ORD004525,Delhivery,2025-01-30,2025-02-01,Delivered
SHP004526,ORD004526,Delhivery,2025-02-11,2025-02-14,Delivered
SHP004527,ORD004527,Delhivery,2025-06-24,2025-06-27,Delivered
SHP004528,ORD004528,Ekart,2025-01-29,,Shipped
SHP004529,ORD004529,Ekart,2025-01-23,,Cancelled
SHP004530,ORD004530,BlueDart,2025-05-02,2025-05-07,Delivered
SHP004531,ORD004531,XpressBees,2025-03-20,,Processing
SHP004532,ORD004532,XpressBees,2025-04-13,2025-04-16,Delivered
SHP004533,ORD004533,Ekart,2025-06-11,2025-06-16,Delivered
SHP004534,ORD004534,XpressBees,2025-04-20,2025-04-24,Delivered
SHP004535,ORD004535,Ekart,2025-06-28,2025-07-01,Delivered
SHP004536,ORD004536,XpressBees,2025-06-27,2025-06-29,Delivered
SHP004537,ORD004537,Ekart,2025-04-01,,Cancelled
SHP004538,ORD004538,Amazon Logistics,2025-03-30,2025-04-01,Delivered
SHP004539,ORD004539,DTDC,2025-01-06,2025-01-12,Delivered
SHP004540,ORD004540,BlueDart,2025-05-18,2025-05-22,Delivered
SHP004541,ORD004541,DTDC,2025-05-16,,Pending
SHP004542,ORD004542,XpressBees,2025-05-27,,Processing
SHP004543,ORD004543,DTDC,2025-03-02,2025-03-04,Delivered
SHP004544,ORD004544,Delhivery,2025-04-26,2025-04-28,Delivered
SHP004545,ORD004545,BlueDart,2025-04-07,,Shipped
SHP004546,ORD004546,DTDC,2025-03-14,,Shipped
SHP004547,ORD004547,Ekart,2025-02-24,,Shipped
SHP004548,ORD004548,DTDC,2025-04-10,2025-04-16,Delivered
SHP004549,ORD004549,Ekart,2025-03-10,2025-03-15,Delivered
SHP004550,ORD004550,Ekart,2025-05-15,2025-05-20,Delivered
SHP004551,ORD004551,Delhivery,2025-02-12,2025-02-15,Delivered
SHP004552,ORD004552,Amazon Logistics,2025-05-15,2025-05-18,Returned
SHP004553,ORD004553,BlueDart,2025-04-29,2025-05-01,Delivered
SHP004554,ORD004554,DTDC,2025-01-25,2025-01-29,Delivered
SHP004555,ORD004555,Delhivery,2025-06-03,,Shipped
SHP004556,ORD004556,Delhivery,2025-02-03,2025-02-09,Delivered
SHP004557,ORD004557,Delhivery,2025-06-19,2025-06-23,Delivered
SHP004558,ORD004558,Delhivery,2025-03-12,2025-03-17,Delivered
SHP004559,ORD004559,Delhivery,2025-02-01,2025-02-06,Delivered
SHP004560,ORD004560,DTDC,2025-06-07,2025-06-12,Delivered
SHP004561,ORD004561,Amazon Logistics,2025-04-11,2025-04-14,Delivered
SHP004562,ORD004562,Ekart,2025-03-07,2025-03-13,Delivered
SHP004563,ORD004563,Amazon Logistics,2025-06-19,,Processing
SHP004564,ORD004564,Delhivery,2025-03-04,2025-03-09,Delivered
SHP004565,ORD004565,Delhivery,2025-01-06,2025-01-12,Delivered
SHP004566,ORD004566,Ekart,2025-06-05,2025-06-09,Delivered
SHP004567,ORD004567,XpressBees,2025-04-04,2025-04-06,Delivered
SHP004568,ORD004568,Ekart,2025-04-29,,Pending
SHP004569,ORD004569,Amazon Logistics,2025-04-12,2025-04-18,Delivered
SHP004570,ORD004570,Amazon Logistics,2025-03-23,2025-03-28,Delivered
SHP004571,ORD004571,Amazon Logistics,2025-05-19,,Processing
SHP004572,ORD004572,Amazon Logistics,2025-02-27,2025-03-02,Delivered
SHP004573,ORD004573,Delhivery,2025-04-05,2025-04-11,Delivered
SHP004574,ORD004574,XpressBees,2025-04-27,2025-04-29,Delivered
SHP004575,ORD004575,XpressBees,2025-05-13,,Cancelled
SHP004576,ORD004576,Amazon Logistics,2025-04-11,2025-04-14,Delivered
SHP004577,ORD004577,XpressBees,2025-06-22,,Shipped
SHP004578,ORD004578,DTDC,2025-06-14,2025-06-19,Delivered
SHP004579,ORD004579,XpressBees,2025-01-06,2025-01-12,Delivered
SHP004580,ORD004580,XpressBees,2025-01-11,2025-01-16,Delivered
SHP004581,ORD004581,Amazon Logistics,2025-04-26,,Shipped
SHP004582,ORD004582,Ekart,2025-02-02,2025-02-05,Delivered
SHP004583,ORD004583,Ekart,2025-05-22,,Shipped
SHP004584,ORD004584,Ekart,2025-04-15,2025-04-20,Delivered
SHP004585,ORD004585,Delhivery,2025-03-27,,Shipped
SHP004586,ORD004586,BlueDart,2025-04-28,,Shipped
SHP004587,ORD004587,Ekart,2025-01-24,2025-01-28,Delivered
SHP004588,ORD004588,Amazon Logistics,2025-06-12,,Processing
SHP004589,ORD004589,XpressBees,2025-05-19,2025-05-23,Delivered
SHP004590,ORD004590,Amazon Logistics,2025-01-06,2025-01-09,Delivered
SHP004591,ORD004591,Ekart,2025-04-06,,Cancelled
SHP004592,ORD004592,DTDC,2025-01-11,2025-01-15,Delivered
SHP004593,ORD004593,Delhivery,2025-05-10,,Shipped
SHP004594,ORD004594,DTDC,2025-06-01,,Shipped
SHP004595,ORD004595,XpressBees,2025-05-22,,Shipped
SHP004596,ORD004596,DTDC,2025-05-15,2025-05-20,Delivered
SHP004597,ORD004597,Ekart,2025-06-22,2025-06-26,Delivered
SHP004598,ORD004598,Ekart,2025-04-15,2025-04-19,Delivered
SHP004599,ORD004599,XpressBees,2025-03-09,2025-03-14,Delivered
SHP004600,ORD004600,DTDC,2025-03-23,2025-03-25,Delivered
SHP004601,ORD004601,Delhivery,2025-03-09,2025-03-12,Delivered
SHP004602,ORD004602,DTDC,2025-05-18,,Shipped
SHP004603,ORD004603,XpressBees,2025-06-18,,Processing
SHP004604,ORD004604,XpressBees,2025-04-25,,Cancelled
SHP004605,ORD004605,XpressBees,2025-01-26,2025-01-31,Delivered
SHP004606,ORD004606,BlueDart,2025-04-23,2025-04-27,Delivered
SHP004607,ORD004607,DTDC,2025-03-16,,Pending
SHP004608,ORD004608,Ekart,2025-02-08,,Processing
SHP004609,ORD004609,Amazon Logistics,2025-06-06,,Cancelled
SHP004610,ORD004610,BlueDart,2025-06-28,2025-07-04,Delivered
SHP004611,ORD004611,Delhivery,2025-02-19,,Shipped
SHP004612,ORD004612,Amazon Logistics,2025-02-23,2025-02-27,Delivered
SHP004613,ORD004613,BlueDart,2025-02-24,2025-02-26,Delivered
SHP004614,ORD004614,Ekart,2025-01-07,2025-01-09,Delivered
SHP004615,ORD004615,Delhivery,2025-04-17,2025-04-20,Delivered
SHP004616,ORD004616,Delhivery,2025-01-03,2025-01-06,Delivered
SHP004617,ORD004617,Ekart,2025-03-11,2025-03-16,Delivered
SHP004618,ORD004618,XpressBees,2025-02-14,2025-02-16,Delivered
SHP004619,ORD004619,Amazon Logistics,2025-05-06,2025-05-12,Delivered
SHP004620,ORD004620,XpressBees,2025-04-18,2025-04-22,Delivered
SHP004621,ORD004621,Amazon Logistics,2025-05-19,2025-05-23,Delivered
SHP004622,ORD004622,XpressBees,2025-02-08,,Processing
SHP004623,ORD004623,DTDC,2025-05-02,,Processing
SHP004624,ORD004624,BlueDart,2025-04-16,2025-04-20,Delivered
SHP004625,ORD004625,Ekart,2025-05-12,,Pending
SHP004626,ORD004626,Amazon Logistics,2025-02-19,,Pending
SHP004627,ORD004627,Delhivery,2025-05-05,2025-05-07,Delivered
SHP004628,ORD004628,Ekart,2025-01-26,2025-01-28,Delivered
SHP004629,ORD004629,Amazon Logistics,2025-01-10,2025-01-16,Delivered
SHP004630,ORD004630,DTDC,2025-06-07,2025-06-10,Delivered
SHP004631,ORD004631,Ekart,2025-06-16,,Pending
SHP004632,ORD004632,DTDC,2025-01-31,2025-02-03,Delivered
SHP004633,ORD004633,XpressBees,2025-04-05,,Shipped
SHP004634,ORD004634,Delhivery,2025-05-26,,Shipped
SHP004635,ORD004635,XpressBees,2025-02-16,,Processing
SHP004636,ORD004636,Amazon Logistics,2025-06-01,2025-06-07,Delivered
SHP004637,ORD004637,Delhivery,2025-02-06,2025-02-10,Delivered
SHP004638,ORD004638,DTDC,2025-04-02,2025-04-08,Delivered
SHP004639,ORD004639,Amazon Logistics,2025-02-05,2025-02-07,Returned
SHP004640,ORD004640,DTDC,2025-02-02,2025-02-07,Delivered
SHP004641,ORD004641,XpressBees,2025-06-18,2025-06-22,Delivered
SHP004642,ORD004642,Delhivery,2025-04-24,2025-04-28,Delivered
SHP004643,ORD004643,Amazon Logistics,2025-01-20,2025-01-24,Delivered
SHP004644,ORD004644,Delhivery,2025-03-03,,Processing
SHP004645,ORD004645,BlueDart,2025-01-13,2025-01-15,Delivered
SHP004646,ORD004646,Delhivery,2025-04-28,2025-05-02,Delivered
SHP004647,ORD004647,Ekart,2025-01-14,2025-01-18,Delivered
SHP004648,ORD004648,Delhivery,2025-06-20,2025-06-23,Delivered
SHP004649,ORD004649,Delhivery,2025-05-06,2025-05-09,Delivered
SHP004650,ORD004650,BlueDart,2025-06-20,,Cancelled
SHP004651,ORD004651,Ekart,2025-01-25,2025-01-30,Delivered
SHP004652,ORD004652,XpressBees,2025-01-26,2025-01-30,Delivered
SHP004653,ORD004653,Ekart,2025-05-29,2025-06-04,Delivered
SHP004654,ORD004654,Delhivery,2025-04-08,2025-04-13,Delivered
SHP004655,ORD004655,Amazon Logistics,2025-05-27,2025-06-01,Delivered
SHP004656,ORD004656,Ekart,2025-06-13,2025-06-16,Delivered
SHP004657,ORD004657,DTDC,2025-01-12,2025-01-15,Delivered
SHP004658,ORD004658,Ekart,2025-01-17,2025-01-19,Delivered
SHP004659,ORD004659,XpressBees,2025-02-23,2025-02-27,Delivered
SHP004660,ORD004660,Amazon Logistics,2025-02-17,,Shipped
SHP004661,ORD004661,DTDC,2025-03-06,2025-03-11,Delivered
SHP004662,ORD004662,XpressBees,2025-03-15,,Processing
SHP004663,ORD004663,Delhivery,2025-06-07,,Shipped
SHP004664,ORD004664,Ekart,2025-01-10,2025-01-12,Delivered
SHP004665,ORD004665,Amazon Logistics,2025-02-23,,Shipped
SHP004666,ORD004666,XpressBees,2025-02-11,2025-02-13,Delivered
SHP004667,ORD004667,DTDC,2025-02-05,,Processing
SHP004668,ORD004668,XpressBees,2025-06-15,,Processing
SHP004669,ORD004669,Delhivery,2025-05-30,2025-06-03,Delivered
SHP004670,ORD004670,DTDC,2025-05-17,2025-05-23,Delivered
SHP004671,ORD004671,BlueDart,2025-01-09,,Pending
SHP004672,ORD004672,BlueDart,2025-02-08,2025-02-10,Delivered
SHP004673,ORD004673,DTDC,2025-01-24,2025-01-26,Delivered
SHP004674,ORD004674,XpressBees,2025-04-16,2025-04-20,Delivered
SHP004675,ORD004675,Amazon Logistics,2025-06-25,2025-06-27,Delivered
SHP004676,ORD004676,Amazon Logistics,2025-06-02,,Shipped
SHP004677,ORD004677,Ekart,2025-04-23,2025-04-27,Delivered
SHP004678,ORD004678,Delhivery,2025-03-27,2025-03-30,Delivered
SHP004679,ORD004679,DTDC,2025-06-25,2025-07-01,Delivered
SHP004680,ORD004680,BlueDart,2025-02-17,2025-02-20,Delivered
SHP004681,ORD004681,XpressBees,2025-06-23,,Cancelled
SHP004682,ORD004682,Amazon Logistics,2025-03-14,2025-03-19,Delivered
SHP004683,ORD004683,Amazon Logistics,2025-02-01,,Shipped
SHP004684,ORD004684,Amazon Logistics,2025-04-08,2025-04-10,Delivered
SHP004685,ORD004685,Amazon Logistics,2025-02-17,2025-02-21,Delivered
SHP004686,ORD004686,Ekart,2025-03-19,2025-03-24,Delivered
SHP004687,ORD004687,DTDC,2025-06-20,2025-06-22,Delivered
SHP004688,ORD004688,BlueDart,2025-05-26,,Cancelled
SHP004689,ORD004689,XpressBees,2025-01-23,2025-01-29,Delivered
SHP004690,ORD004690,Amazon Logistics,2025-05-03,2025-05-08,Delivered
SHP004691,ORD004691,BlueDart,2025-02-19,2025-02-25,Delivered
SHP004692,ORD004692,Ekart,2025-05-07,2025-05-12,Delivered
SHP004693,ORD004693,Ekart,2025-02-12,2025-02-15,Delivered
SHP004694,ORD004694,DTDC,2025-01-14,,Shipped
SHP004695,ORD004695,Amazon Logistics,2025-03-23,2025-03-25,Delivered
SHP004696,ORD004696,Ekart,2025-06-21,2025-06-27,Delivered
SHP004697,ORD004697,XpressBees,2025-02-04,2025-02-09,Delivered
SHP004698,ORD004698,XpressBees,2025-04-01,2025-04-07,Delivered
SHP004699,ORD004699,Delhivery,2025-03-13,,Processing
SHP004700,ORD004700,DTDC,2025-03-08,2025-03-13,Delivered
SHP004701,ORD004701,BlueDart,2025-05-31,,Processing
SHP004702,ORD004702,BlueDart,2025-04-17,,Shipped
SHP004703,ORD004703,BlueDart,2025-05-01,2025-05-03,Delivered
SHP004704,ORD004704,XpressBees,2025-03-01,2025-03-07,Delivered
SHP004705,ORD004705,Ekart,2025-06-12,,Cancelled
SHP004706,ORD004706,Amazon Logistics,2025-03-17,2025-03-23,Delivered
SHP004707,ORD004707,Amazon Logistics,2025-03-08,,Processing
SHP004708,ORD004708,Delhivery,2025-01-02,,Shipped
SHP004709,ORD004709,Ekart,2025-03-17,2025-03-22,Delivered
SHP004710,ORD004710,BlueDart,2025-01-25,2025-01-30,Delivered
SHP004711,ORD004711,Amazon Logistics,2025-05-19,2025-05-21,Delivered
SHP004712,ORD004712,XpressBees,2025-01-18,2025-01-24,Delivered
SHP004713,ORD004713,Amazon Logistics,2025-02-27,,Cancelled
SHP004714,ORD004714,Ekart,2025-02-16,2025-02-20,Delivered
SHP004715,ORD004715,Amazon Logistics,2025-01-22,2025-01-27,Delivered
SHP004716,ORD004716,DTDC,2025-03-13,2025-03-16,Delivered
SHP004717,ORD004717,XpressBees,2025-01-05,2025-01-10,Delivered
SHP004718,ORD004718,BlueDart,2025-05-02,2025-05-04,Delivered
SHP004719,ORD004719,Delhivery,2025-02-06,2025-02-10,Delivered
SHP004720,ORD004720,XpressBees,2025-06-04,2025-06-08,Delivered
SHP004721,ORD004721,Amazon Logistics,2025-03-02,,Pending
SHP004722,ORD004722,Ekart,2025-05-22,2025-05-28,Delivered
SHP004723,ORD004723,BlueDart,2025-05-08,2025-05-12,Delivered
SHP004724,ORD004724,DTDC,2025-02-19,2025-02-24,Delivered
SHP004725,ORD004725,DTDC,2025-02-28,2025-03-06,Delivered
SHP004726,ORD004726,DTDC,2025-03-22,2025-03-27,Delivered
SHP004727,ORD004727,DTDC,2025-04-12,,Processing
SHP004728,ORD004728,XpressBees,2025-05-05,2025-05-11,Delivered
SHP004729,ORD004729,Amazon Logistics,2025-06-27,2025-06-30,Delivered
SHP004730,ORD004730,Amazon Logistics,2025-02-07,2025-02-10,Delivered
SHP004731,ORD004731,XpressBees,2025-01-10,,Shipped
SHP004732,ORD004732,DTDC,2025-05-21,2025-05-26,Delivered
SHP004733,ORD004733,DTDC,2025-04-10,2025-04-16,Delivered
SHP004734,ORD004734,Amazon Logistics,2025-03-26,2025-03-29,Delivered
SHP004735,ORD004735,DTDC,2025-06-12,2025-06-17,Delivered
SHP004736,ORD004736,DTDC,2025-04-22,2025-04-26,Delivered
SHP004737,ORD004737,Ekart,2025-05-03,2025-05-07,Delivered
SHP004738,ORD004738,Amazon Logistics,2025-02-20,,Cancelled
SHP004739,ORD004739,Delhivery,2025-04-22,,Cancelled
SHP004740,ORD004740,Ekart,2025-04-21,2025-04-26,Delivered
SHP004741,ORD004741,Ekart,2025-05-29,2025-06-03,Returned
SHP004742,ORD004742,Ekart,2025-02-01,2025-02-06,Delivered
SHP004743,ORD004743,Ekart,2025-05-25,2025-05-31,Delivered
SHP004744,ORD004744,XpressBees,2025-06-17,,Cancelled
SHP004745,ORD004745,XpressBees,2025-05-07,,Shipped
SHP004746,ORD004746,Delhivery,2025-06-13,2025-06-15,Delivered
SHP004747,ORD004747,XpressBees,2025-04-26,,Cancelled
SHP004748,ORD004748,Delhivery,2025-06-17,2025-06-23,Delivered
SHP004749,ORD004749,XpressBees,2025-03-15,2025-03-19,Delivered
SHP004750,ORD004750,Delhivery,2025-04-04,,Processing
SHP004751,ORD004751,XpressBees,2025-03-23,2025-03-27,Delivered
SHP004752,ORD004752,XpressBees,2025-03-30,2025-04-03,Delivered
SHP004753,ORD004753,XpressBees,2025-04-09,,Cancelled
SHP004754,ORD004754,Ekart,2025-04-22,2025-04-28,Delivered
SHP004755,ORD004755,DTDC,2025-03-09,2025-03-13,Delivered
SHP004756,ORD004756,Amazon Logistics,2025-02-11,2025-02-17,Delivered
SHP004757,ORD004757,BlueDart,2025-03-27,2025-04-02,Delivered
SHP004758,ORD004758,BlueDart,2025-04-28,,Pending
SHP004759,ORD004759,DTDC,2025-01-22,,Shipped
SHP004760,ORD004760,XpressBees,2025-05-05,,Shipped
SHP004761,ORD004761,XpressBees,2025-03-23,2025-03-29,Delivered
SHP004762,ORD004762,XpressBees,2025-05-07,2025-05-10,Delivered
SHP004763,ORD004763,BlueDart,2025-01-13,2025-01-16,Delivered
SHP004764,ORD004764,BlueDart,2025-06-27,2025-07-03,Delivered
SHP004765,ORD004765,BlueDart,2025-04-11,2025-04-17,Delivered
SHP004766,ORD004766,Ekart,2025-06-02,2025-06-06,Delivered
SHP004767,ORD004767,Ekart,2025-04-12,2025-04-18,Delivered
SHP004768,ORD004768,DTDC,2025-01-15,2025-01-21,Delivered
SHP004769,ORD004769,Delhivery,2025-06-21,,Shipped
SHP004770,ORD004770,BlueDart,2025-06-15,2025-06-21,Delivered
SHP004771,ORD004771,DTDC,2025-04-18,2025-04-24,Delivered
SHP004772,ORD004772,Ekart,2025-05-26,2025-06-01,Delivered
SHP004773,ORD004773,Amazon Logistics,2025-02-08,2025-02-10,Delivered
SHP004774,ORD004774,DTDC,2025-04-20,,Processing
SHP004775,ORD004775,Amazon Logistics,2025-03-13,,Shipped
SHP004776,ORD004776,BlueDart,2025-04-18,,Processing
SHP004777,ORD004777,Amazon Logistics,2025-03-14,,Cancelled
SHP004778,ORD004778,Amazon Logistics,2025-05-30,2025-06-02,Delivered
SHP004779,ORD004779,Amazon Logistics,2025-02-15,2025-02-18,Delivered
SHP004780,ORD004780,XpressBees,2025-03-06,2025-03-09,Delivered
SHP004781,ORD004781,Delhivery,2025-02-27,2025-03-04,Delivered
SHP004782,ORD004782,Amazon Logistics,2025-02-26,2025-02-28,Delivered
SHP004783,ORD004783,BlueDart,2025-02-22,2025-02-25,Delivered
SHP004784,ORD004784,Amazon Logistics,2025-01-21,,Processing
SHP004785,ORD004785,BlueDart,2025-05-31,2025-06-06,Delivered
SHP004786,ORD004786,Delhivery,2025-06-12,,Pending
SHP004787,ORD004787,Amazon Logistics,2025-01-02,2025-01-06,Delivered
SHP004788,ORD004788,Amazon Logistics,2025-03-14,2025-03-20,Delivered
SHP004789,ORD004789,BlueDart,2025-04-09,,Shipped
SHP004790,ORD004790,Delhivery,2025-03-14,,Shipped
SHP004791,ORD004791,XpressBees,2025-02-15,2025-02-17,Delivered
SHP004792,ORD004792,Ekart,2025-02-04,2025-02-08,Delivered
SHP004793,ORD004793,BlueDart,2025-06-14,2025-06-18,Delivered
SHP004794,ORD004794,BlueDart,2025-03-19,2025-03-23,Delivered
SHP004795,ORD004795,DTDC,2025-05-22,,Pending
SHP004796,ORD004796,Ekart,2025-01-14,,Processing
SHP004797,ORD004797,DTDC,2025-07-01,2025-07-03,Delivered
SHP004798,ORD004798,XpressBees,2025-06-26,2025-06-29,Delivered
SHP004799,ORD004799,BlueDart,2025-01-20,2025-01-25,Delivered
SHP004800,ORD004800,BlueDart,2025-01-03,2025-01-07,Delivered
SHP004801,ORD004801,BlueDart,2025-02-05,2025-02-11,Delivered
SHP004802,ORD004802,DTDC,2025-02-05,,Shipped
SHP004803,ORD004803,Ekart,2025-01-05,2025-01-07,Delivered
SHP004804,ORD004804,XpressBees,2025-01-15,2025-01-20,Delivered
SHP004805,ORD004805,BlueDart,2025-02-06,2025-02-10,Delivered
SHP004806,ORD004806,BlueDart,2025-02-19,2025-02-23,Delivered
SHP004807,ORD004807,BlueDart,2025-03-15,2025-03-21,Delivered
SHP004808,ORD004808,Amazon Logistics,2025-02-24,2025-02-26,Delivered
SHP004809,ORD004809,DTDC,2025-03-18,2025-03-20,Delivered
SHP004810,ORD004810,Delhivery,2025-02-09,,Processing
SHP004811,ORD004811,Amazon Logistics,2025-02-05,2025-02-11,Delivered
SHP004812,ORD004812,Ekart,2025-02-19,,Processing
SHP004813,ORD004813,Amazon Logistics,2025-02-26,2025-03-03,Delivered
SHP004814,ORD004814,XpressBees,2025-05-24,,Shipped
SHP004815,ORD004815,Ekart,2025-04-11,2025-04-15,Delivered
SHP004816,ORD004816,Amazon Logistics,2025-04-17,2025-04-22,Delivered
SHP004817,ORD004817,Delhivery,2025-04-13,2025-04-18,Delivered
SHP004818,ORD004818,BlueDart,2025-06-26,2025-06-28,Delivered
SHP004819,ORD004819,XpressBees,2025-05-30,2025-06-03,Delivered
SHP004820,ORD004820,BlueDart,2025-01-04,2025-01-07,Delivered
SHP004821,ORD004821,Ekart,2025-01-28,2025-01-30,Delivered
SHP004822,ORD004822,XpressBees,2025-06-25,,Cancelled
SHP004823,ORD004823,DTDC,2025-06-18,2025-06-24,Delivered
SHP004824,ORD004824,XpressBees,2025-06-21,,Cancelled
SHP004825,ORD004825,XpressBees,2025-01-02,2025-01-05,Delivered
SHP004826,ORD004826,DTDC,2025-02-05,2025-02-10,Delivered
SHP004827,ORD004827,XpressBees,2025-02-26,,Shipped
SHP004828,ORD004828,DTDC,2025-03-01,2025-03-04,Delivered
SHP004829,ORD004829,XpressBees,2025-01-02,2025-01-04,Delivered
SHP004830,ORD004830,XpressBees,2025-02-03,2025-02-08,Delivered
SHP004831,ORD004831,Delhivery,2025-06-23,2025-06-26,Delivered
SHP004832,ORD004832,Amazon Logistics,2025-04-14,2025-04-18,Delivered
SHP004833,ORD004833,Delhivery,2025-01-04,2025-01-08,Returned
SHP004834,ORD004834,Delhivery,2025-02-08,2025-02-14,Delivered
SHP004835,ORD004835,BlueDart,2025-02-28,2025-03-02,Delivered
SHP004836,ORD004836,XpressBees,2025-04-30,2025-05-04,Delivered
SHP004837,ORD004837,XpressBees,2025-02-08,,Shipped
SHP004838,ORD004838,Ekart,2025-01-25,2025-01-29,Delivered
SHP004839,ORD004839,Amazon Logistics,2025-04-26,2025-04-28,Delivered
SHP004840,ORD004840,BlueDart,2025-03-30,,Processing
SHP004841,ORD004841,Delhivery,2025-01-02,2025-01-05,Delivered
SHP004842,ORD004842,BlueDart,2025-03-04,,Shipped
SHP004843,ORD004843,Ekart,2025-05-21,,Pending
SHP004844,ORD004844,Ekart,2025-04-24,,Pending
SHP004845,ORD004845,Delhivery,2025-06-06,,Pending
SHP004846,ORD004846,DTDC,2025-01-30,,Cancelled
SHP004847,ORD004847,XpressBees,2025-02-23,2025-02-27,Delivered
SHP004848,ORD004848,DTDC,2025-03-27,,Shipped
SHP004849,ORD004849,Delhivery,2025-04-02,2025-04-07,Delivered
SHP004850,ORD004850,Delhivery,2025-03-03,,Pending
SHP004851,ORD004851,Amazon Logistics,2025-02-01,2025-02-03,Delivered
SHP004852,ORD004852,DTDC,2025-05-18,,Shipped
SHP004853,ORD004853,XpressBees,2025-05-03,2025-05-06,Delivered
SHP004854,ORD004854,XpressBees,2025-05-08,,Shipped
SHP004855,ORD004855,BlueDart,2025-01-25,,Shipped
SHP004856,ORD004856,Delhivery,2025-01-11,2025-01-16,Delivered
SHP004857,ORD004857,Delhivery,2025-03-23,2025-03-26,Delivered
SHP004858,ORD004858,Amazon Logistics,2025-03-01,,Shipped
SHP004859,ORD004859,Ekart,2025-03-17,,Processing
SHP004860,ORD004860,DTDC,2025-04-25,2025-04-27,Delivered
SHP004861,ORD004861,Ekart,2025-06-29,2025-07-02,Delivered
SHP004862,ORD004862,BlueDart,2025-02-07,,Shipped
SHP004863,ORD004863,Amazon Logistics,2025-04-14,,Processing
SHP004864,ORD004864,BlueDart,2025-05-31,2025-06-06,Delivered
SHP004865,ORD004865,BlueDart,2025-02-08,2025-02-14,Delivered
SHP004866,ORD004866,DTDC,2025-02-21,2025-02-23,Delivered
SHP004867,ORD004867,Ekart,2025-02-26,,Processing
SHP004868,ORD004868,DTDC,2025-06-15,2025-06-18,Delivered
SHP004869,ORD004869,Ekart,2025-02-09,2025-02-13,Delivered
SHP004870,ORD004870,Amazon Logistics,2025-04-09,2025-04-11,Delivered
SHP004871,ORD004871,DTDC,2025-03-15,2025-03-18,Delivered
SHP004872,ORD004872,Delhivery,2025-04-12,,Processing
SHP004873,ORD004873,DTDC,2025-03-03,2025-03-06,Delivered
SHP004874,ORD004874,XpressBees,2025-01-02,2025-01-07,Delivered
SHP004875,ORD004875,Delhivery,2025-02-20,2025-02-26,Delivered
SHP004876,ORD004876,Amazon Logistics,2025-02-01,2025-02-04,Delivered
SHP004877,ORD004877,Delhivery,2025-01-14,,Cancelled
SHP004878,ORD004878,Amazon Logistics,2025-03-13,2025-03-16,Delivered
SHP004879,ORD004879,Delhivery,2025-04-07,2025-04-12,Delivered
SHP004880,ORD004880,Ekart,2025-06-13,2025-06-17,Delivered
SHP004881,ORD004881,Delhivery,2025-03-22,,Shipped
SHP004882,ORD004882,Ekart,2025-05-23,,Processing
SHP004883,ORD004883,XpressBees,2025-02-15,2025-02-20,Delivered
SHP004884,ORD004884,XpressBees,2025-01-25,,Shipped
SHP004885,ORD004885,BlueDart,2025-05-28,,Shipped
SHP004886,ORD004886,Delhivery,2025-03-27,,Processing
SHP004887,ORD004887,Delhivery,2025-02-07,,Pending
SHP004888,ORD004888,BlueDart,2025-01-11,2025-01-15,Delivered
SHP004889,ORD004889,Ekart,2025-01-09,2025-01-11,Delivered
SHP004890,ORD004890,Delhivery,2025-01-29,2025-02-01,Delivered
SHP004891,ORD004891,BlueDart,2025-01-12,,Shipped
SHP004892,ORD004892,Delhivery,2025-01-27,2025-02-02,Delivered
SHP004893,ORD004893,BlueDart,2025-01-02,,Cancelled
SHP004894,ORD004894,DTDC,2025-05-30,2025-06-03,Delivered
SHP004895,ORD004895,BlueDart,2025-06-30,2025-07-05,Delivered
SHP004896,ORD004896,XpressBees,2025-02-07,2025-02-13,Delivered
SHP004897,ORD004897,Ekart,2025-02-13,,Processing
SHP004898,ORD004898,XpressBees,2025-04-16,2025-04-18,Delivered
SHP004899,ORD004899,Ekart,2025-06-21,2025-06-24,Delivered
SHP004900,ORD004900,Delhivery,2025-01-15,2025-01-17,Delivered
SHP004901,ORD004901,BlueDart,2025-06-27,,Pending
SHP004902,ORD004902,XpressBees,2025-03-30,2025-04-05,Delivered
SHP004903,ORD004903,BlueDart,2025-05-25,,Pending
SHP004904,ORD004904,DTDC,2025-04-02,2025-04-04,Delivered
SHP004905,ORD004905,BlueDart,2025-03-23,2025-03-26,Delivered
SHP004906,ORD004906,XpressBees,2025-06-23,2025-06-25,Delivered
SHP004907,ORD004907,BlueDart,2025-06-19,,Processing
SHP004908,ORD004908,Ekart,2025-03-02,,Pending
SHP004909,ORD004909,Amazon Logistics,2025-02-23,,Shipped
SHP004910,ORD004910,BlueDart,2025-01-13,,Cancelled
SHP004911,ORD004911,Ekart,2025-03-21,2025-03-23,Delivered
SHP004912,ORD004912,BlueDart,2025-06-26,,Processing
SHP004913,ORD004913,XpressBees,2025-06-12,,Pending
SHP004914,ORD004914,Amazon Logistics,2025-06-17,2025-06-19,Delivered
SHP004915,ORD004915,Amazon Logistics,2025-03-21,2025-03-23,Returned
SHP004916,ORD004916,Delhivery,2025-06-29,2025-07-01,Delivered
SHP004917,ORD004917,Amazon Logistics,2025-06-01,2025-06-05,Returned
SHP004918,ORD004918,Amazon Logistics,2025-01-17,,Pending
SHP004919,ORD004919,Ekart,2025-01-21,2025-01-25,Delivered
SHP004920,ORD004920,DTDC,2025-03-16,,Cancelled
SHP004921,ORD004921,Delhivery,2025-04-03,2025-04-05,Delivered
SHP004922,ORD004922,XpressBees,2025-05-21,2025-05-25,Returned
SHP004923,ORD004923,Ekart,2025-02-08,2025-02-12,Delivered
SHP004924,ORD004924,XpressBees,2025-06-26,2025-06-29,Delivered
SHP004925,ORD004925,Delhivery,2025-06-10,2025-06-16,Delivered
SHP004926,ORD004926,Ekart,2025-05-22,2025-05-24,Delivered
SHP004927,ORD004927,Amazon Logistics,2025-01-21,2025-01-27,Delivered
SHP004928,ORD004928,BlueDart,2025-06-30,,Processing
SHP004929,ORD004929,Delhivery,2025-04-26,2025-04-30,Delivered
SHP004930,ORD004930,Delhivery,2025-01-22,2025-01-27,Delivered
SHP004931,ORD004931,BlueDart,2025-02-18,2025-02-23,Delivered
SHP004932,ORD004932,Ekart,2025-02-19,,Cancelled
SHP004933,ORD004933,Amazon Logistics,2025-04-20,2025-04-23,Delivered
SHP004934,ORD004934,BlueDart,2025-01-04,2025-01-08,Delivered
SHP004935,ORD004935,XpressBees,2025-02-06,2025-02-12,Delivered
SHP004936,ORD004936,Ekart,2025-06-13,2025-06-19,Delivered
SHP004937,ORD004937,BlueDart,2025-04-14,2025-04-18,Delivered
SHP004938,ORD004938,Amazon Logistics,2025-01-10,2025-01-12,Delivered
SHP004939,ORD004939,Delhivery,2025-01-05,,Processing
SHP004940,ORD004940,BlueDart,2025-05-14,2025-05-17,Delivered
SHP004941,ORD004941,BlueDart,2025-01-11,2025-01-15,Delivered
SHP004942,ORD004942,XpressBees,2025-06-05,2025-06-08,Delivered
SHP004943,ORD004943,BlueDart,2025-02-02,2025-02-06,Delivered
SHP004944,ORD004944,Amazon Logistics,2025-02-13,2025-02-19,Delivered
SHP004945,ORD004945,XpressBees,2025-03-09,2025-03-12,Delivered
SHP004946,ORD004946,XpressBees,2025-04-23,2025-04-27,Delivered
SHP004947,ORD004947,Ekart,2025-04-05,,Processing
SHP004948,ORD004948,DTDC,2025-01-27,2025-02-02,Delivered
SHP004949,ORD004949,Delhivery,2025-05-31,,Shipped
SHP004950,ORD004950,XpressBees,2025-03-09,2025-03-14,Delivered
SHP004951,ORD004951,Ekart,2025-06-23,2025-06-26,Delivered
SHP004952,ORD004952,Delhivery,2025-01-12,2025-01-15,Delivered
SHP004953,ORD004953,XpressBees,2025-01-05,,Shipped
SHP004954,ORD004954,BlueDart,2025-03-05,2025-03-11,Delivered
SHP004955,ORD004955,Delhivery,2025-04-25,2025-04-28,Delivered
SHP004956,ORD004956,BlueDart,2025-02-27,2025-03-04,Delivered
SHP004957,ORD004957,Ekart,2025-05-18,2025-05-21,Delivered
SHP004958,ORD004958,XpressBees,2025-02-02,2025-02-04,Delivered
SHP004959,ORD004959,DTDC,2025-04-07,2025-04-11,Delivered
SHP004960,ORD004960,Delhivery,2025-04-08,,Pending
SHP004961,ORD004961,Amazon Logistics,2025-02-01,2025-02-07,Delivered
SHP004962,ORD004962,Delhivery,2025-03-07,2025-03-12,Delivered
SHP004963,ORD004963,BlueDart,2025-03-07,2025-03-12,Delivered
SHP004964,ORD004964,XpressBees,2025-01-10,2025-01-12,Delivered
SHP004965,ORD004965,Amazon Logistics,2025-03-09,2025-03-11,Delivered
SHP004966,ORD004966,XpressBees,2025-02-26,2025-03-03,Delivered
SHP004967,ORD004967,BlueDart,2025-04-27,2025-05-01,Delivered
SHP004968,ORD004968,BlueDart,2025-02-17,2025-02-23,Delivered
SHP004969,ORD004969,BlueDart,2025-04-21,,Shipped
SHP004970,ORD004970,Ekart,2025-01-14,,Shipped
SHP004971,ORD004971,XpressBees,2025-04-08,2025-04-10,Delivered
SHP004972,ORD004972,Amazon Logistics,2025-01-20,,Shipped
SHP004973,ORD004973,Delhivery,2025-02-28,2025-03-06,Delivered
SHP004974,ORD004974,XpressBees,2025-02-25,,Processing
SHP004975,ORD004975,Amazon Logistics,2025-03-18,2025-03-23,Delivered
SHP004976,ORD004976,BlueDart,2025-03-18,2025-03-20,Returned
SHP004977,ORD004977,Amazon Logistics,2025-06-13,2025-06-16,Delivered
SHP004978,ORD004978,Ekart,2025-01-09,,Cancelled
SHP004979,ORD004979,BlueDart,2025-05-18,,Pending
SHP004980,ORD004980,Delhivery,2025-05-09,2025-05-13,Delivered
SHP004981,ORD004981,Amazon Logistics,2025-04-09,2025-04-12,Delivered
SHP004982,ORD004982,Delhivery,2025-04-16,2025-04-19,Delivered
SHP004983,ORD004983,Delhivery,2025-02-08,2025-02-11,Delivered
SHP004984,ORD004984,XpressBees,2025-01-23,2025-01-26,Delivered
SHP004985,ORD004985,XpressBees,2025-04-03,2025-04-06,Delivered
SHP004986,ORD004986,Amazon Logistics,2025-06-05,2025-06-11,Delivered
SHP004987,ORD004987,DTDC,2025-03-08,2025-03-12,Delivered
SHP004988,ORD004988,XpressBees,2025-04-26,2025-04-28,Delivered
SHP004989,ORD004989,DTDC,2025-02-12,2025-02-14,Delivered
SHP004990,ORD004990,Amazon Logistics,2025-05-10,2025-05-12,Delivered
SHP004991,ORD004991,DTDC,2025-06-01,,Shipped
SHP004992,ORD004992,DTDC,2025-05-25,,Shipped
SHP004993,ORD004993,Amazon Logistics,2025-04-20,2025-04-23,Delivered
SHP004994,ORD004994,Amazon Logistics,2025-02-14,2025-02-19,Delivered
SHP004995,ORD004995,XpressBees,2025-02-10,2025-02-14,Delivered
SHP004996,ORD004996,DTDC,2025-06-16,2025-06-19,Delivered
SHP004997,ORD004997,Amazon Logistics,2025-04-28,2025-04-30,Returned
SHP004998,ORD004998,Amazon Logistics,2025-01-23,,Processing
SHP004999,ORD004999,Amazon Logistics,2025-03-04,,Cancelled
SHP005000,ORD005000,Ekart,2025-04-06,,Processing
SHP005001,ORD005001,BlueDart,2025-04-16,2025-04-22,Delivered
SHP005002,ORD005002,Amazon Logistics,2025-03-28,2025-04-03,Delivered
SHP005003,ORD005003,Delhivery,2025-03-09,,Processing
SHP005004,ORD005004,XpressBees,2025-01-10,2025-01-13,Delivered
SHP005005,ORD005005,BlueDart,2025-05-20,2025-05-23,Delivered
SHP005006,ORD005006,Amazon Logistics,2025-05-06,,Pending
SHP005007,ORD005007,BlueDart,2025-01-19,2025-01-25,Delivered
SHP005008,ORD005008,Ekart,2025-04-04,,Cancelled
SHP005009,ORD005009,BlueDart,2025-02-13,,Pending
SHP005010,ORD005010,Amazon Logistics,2025-05-24,2025-05-29,Delivered
SHP005011,ORD005011,Delhivery,2025-03-11,2025-03-15,Delivered
SHP005012,ORD005012,Amazon Logistics,2025-03-31,2025-04-03,Delivered
SHP005013,ORD005013,BlueDart,2025-05-18,2025-05-24,Delivered
SHP005014,ORD005014,BlueDart,2025-04-05,2025-04-09,Delivered
SHP005015,ORD005015,Amazon Logistics,2025-02-08,2025-02-10,Returned
SHP005016,ORD005016,Delhivery,2025-03-17,2025-03-20,Delivered
SHP005017,ORD005017,XpressBees,2025-06-03,2025-06-08,Delivered
SHP005018,ORD005018,DTDC,2025-04-22,2025-04-24,Delivered
SHP005019,ORD005019,XpressBees,2025-01-05,,Shipped
SHP005020,ORD005020,Delhivery,2025-01-27,2025-01-29,Delivered
SHP005021,ORD005021,XpressBees,2025-05-29,2025-06-02,Delivered
SHP005022,ORD005022,Ekart,2025-01-19,2025-01-23,Delivered
SHP005023,ORD005023,Ekart,2025-04-08,2025-04-12,Delivered
SHP005024,ORD005024,XpressBees,2025-02-25,,Cancelled
SHP005025,ORD005025,Ekart,2025-05-22,2025-05-25,Delivered
SHP005026,ORD005026,DTDC,2025-01-27,2025-01-30,Delivered
SHP005027,ORD005027,Amazon Logistics,2025-02-28,2025-03-06,Delivered
SHP005028,ORD005028,BlueDart,2025-05-21,2025-05-27,Delivered
SHP005029,ORD005029,Delhivery,2025-02-23,2025-02-25,Delivered
SHP005030,ORD005030,Delhivery,2025-01-28,2025-01-31,Delivered
SHP005031,ORD005031,XpressBees,2025-07-01,2025-07-07,Delivered
SHP005032,ORD005032,Ekart,2025-04-20,,Pending
SHP005033,ORD005033,Amazon Logistics,2025-05-12,2025-05-17,Delivered
SHP005034,ORD005034,Delhivery,2025-01-14,2025-01-19,Delivered
SHP005035,ORD005035,Delhivery,2025-05-18,,Processing
SHP005036,ORD005036,DTDC,2025-05-25,2025-05-31,Delivered
SHP005037,ORD005037,Ekart,2025-07-01,,Processing
SHP005038,ORD005038,Ekart,2025-05-26,2025-05-31,Delivered
SHP005039,ORD005039,BlueDart,2025-05-10,2025-05-15,Delivered
SHP005040,ORD005040,DTDC,2025-02-25,,Cancelled
SHP005041,ORD005041,Amazon Logistics,2025-02-08,,Processing
SHP005042,ORD005042,Ekart,2025-04-26,2025-04-29,Delivered
SHP005043,ORD005043,XpressBees,2025-04-16,2025-04-20,Delivered
SHP005044,ORD005044,DTDC,2025-05-08,2025-05-12,Delivered
SHP005045,ORD005045,DTDC,2025-06-20,2025-06-22,Delivered
SHP005046,ORD005046,Delhivery,2025-06-24,2025-06-28,Delivered
SHP005047,ORD005047,Ekart,2025-05-05,2025-05-09,Delivered
SHP005048,ORD005048,DTDC,2025-03-10,2025-03-16,Delivered
SHP005049,ORD005049,Ekart,2025-01-17,,Processing
SHP005050,ORD005050,Delhivery,2025-05-20,2025-05-23,Delivered
SHP005051,ORD005051,DTDC,2025-02-22,,Processing
SHP005052,ORD005052,Delhivery,2025-02-23,2025-02-25,Delivered
SHP005053,ORD005053,Ekart,2025-01-24,2025-01-26,Delivered
SHP005054,ORD005054,BlueDart,2025-05-01,2025-05-05,Delivered
SHP005055,ORD005055,Delhivery,2025-04-11,,Shipped
SHP005056,ORD005056,Ekart,2025-05-19,2025-05-24,Delivered
SHP005057,ORD005057,XpressBees,2025-05-30,2025-06-02,Delivered
SHP005058,ORD005058,Delhivery,2025-02-26,2025-03-04,Delivered
SHP005059,ORD005059,XpressBees,2025-04-15,2025-04-19,Delivered
SHP005060,ORD005060,BlueDart,2025-06-06,2025-06-09,Delivered
SHP005061,ORD005061,Ekart,2025-03-24,2025-03-26,Delivered
SHP005062,ORD005062,Amazon Logistics,2025-01-26,2025-01-29,Delivered
SHP005063,ORD005063,Delhivery,2025-06-01,2025-06-04,Delivered
SHP005064,ORD005064,BlueDart,2025-06-10,,Cancelled
SHP005065,ORD005065,Delhivery,2025-05-24,2025-05-26,Delivered
SHP005066,ORD005066,Delhivery,2025-01-16,2025-01-22,Delivered
SHP005067,ORD005067,Ekart,2025-01-17,2025-01-19,Delivered
SHP005068,ORD005068,DTDC,2025-02-21,2025-02-26,Delivered
SHP005069,ORD005069,Delhivery,2025-05-21,2025-05-24,Delivered
SHP005070,ORD005070,Delhivery,2025-04-09,,Shipped
SHP005071,ORD005071,BlueDart,2025-06-19,2025-06-23,Delivered
SHP005072,ORD005072,Ekart,2025-02-23,2025-02-26,Delivered
SHP005073,ORD005073,XpressBees,2025-03-31,2025-04-03,Delivered
SHP005074,ORD005074,XpressBees,2025-04-08,2025-04-13,Delivered
SHP005075,ORD005075,XpressBees,2025-01-11,2025-01-13,Delivered
SHP005076,ORD005076,DTDC,2025-02-03,2025-02-07,Delivered
SHP005077,ORD005077,XpressBees,2025-06-24,2025-06-30,Delivered
SHP005078,ORD005078,Ekart,2025-04-22,2025-04-26,Delivered
SHP005079,ORD005079,DTDC,2025-01-17,2025-01-22,Returned
SHP005080,ORD005080,BlueDart,2025-01-09,,Pending
SHP005081,ORD005081,Ekart,2025-02-19,,Processing
SHP005082,ORD005082,DTDC,2025-03-31,2025-04-02,Delivered
SHP005083,ORD005083,Ekart,2025-03-28,2025-04-03,Delivered
SHP005084,ORD005084,Ekart,2025-05-21,2025-05-25,Delivered
SHP005085,ORD005085,Ekart,2025-05-20,2025-05-25,Delivered
SHP005086,ORD005086,BlueDart,2025-06-16,2025-06-22,Delivered
SHP005087,ORD005087,DTDC,2025-03-02,2025-03-08,Delivered
SHP005088,ORD005088,DTDC,2025-03-16,2025-03-18,Delivered
SHP005089,ORD005089,Delhivery,2025-01-09,2025-01-14,Delivered
SHP005090,ORD005090,Amazon Logistics,2025-06-02,2025-06-04,Delivered
SHP005091,ORD005091,Amazon Logistics,2025-01-31,2025-02-02,Delivered
SHP005092,ORD005092,Amazon Logistics,2025-05-04,2025-05-06,Delivered
SHP005093,ORD005093,BlueDart,2025-03-17,,Pending
SHP005094,ORD005094,Ekart,2025-03-01,2025-03-03,Delivered
SHP005095,ORD005095,DTDC,2025-05-02,2025-05-07,Delivered
SHP005096,ORD005096,DTDC,2025-06-11,,Shipped
SHP005097,ORD005097,Delhivery,2025-03-24,,Processing
SHP005098,ORD005098,BlueDart,2025-05-19,,Pending
SHP005099,ORD005099,Delhivery,2025-02-04,2025-02-07,Delivered
SHP005100,ORD005100,DTDC,2025-01-04,2025-01-09,Delivered
SHP005101,ORD005101,XpressBees,2025-06-16,,Shipped
SHP005102,ORD005102,Delhivery,2025-05-01,2025-05-05,Delivered
SHP005103,ORD005103,Amazon Logistics,2025-01-24,2025-01-30,Delivered
SHP005104,ORD005104,BlueDart,2025-03-03,,Cancelled
SHP005105,ORD005105,Delhivery,2025-01-28,2025-02-02,Delivered
SHP005106,ORD005106,Delhivery,2025-05-31,,Shipped
SHP005107,ORD005107,Amazon Logistics,2025-06-13,2025-06-16,Delivered
SHP005108,ORD005108,Amazon Logistics,2025-02-02,,Pending
SHP005109,ORD005109,Delhivery,2025-03-17,2025-03-19,Delivered
SHP005110,ORD005110,Amazon Logistics,2025-03-28,2025-04-01,Delivered
SHP005111,ORD005111,Delhivery,2025-03-28,2025-03-30,Delivered
SHP005112,ORD005112,DTDC,2025-04-03,2025-04-08,Delivered
SHP005113,ORD005113,DTDC,2025-03-03,2025-03-05,Delivered
SHP005114,ORD005114,BlueDart,2025-04-16,,Processing
SHP005115,ORD005115,Ekart,2025-04-18,2025-04-22,Delivered
SHP005116,ORD005116,XpressBees,2025-04-08,2025-04-10,Delivered
SHP005117,ORD005117,XpressBees,2025-03-05,2025-03-07,Delivered
SHP005118,ORD005118,XpressBees,2025-01-13,,Shipped
SHP005119,ORD005119,XpressBees,2025-03-13,,Processing
SHP005120,ORD005120,Delhivery,2025-03-23,2025-03-25,Delivered
SHP005121,ORD005121,Delhivery,2025-01-13,2025-01-19,Delivered
SHP005122,ORD005122,XpressBees,2025-04-18,2025-04-24,Delivered
SHP005123,ORD005123,DTDC,2025-06-06,2025-06-09,Delivered
SHP005124,ORD005124,Delhivery,2025-01-24,,Processing
SHP005125,ORD005125,Ekart,2025-06-06,2025-06-10,Delivered
SHP005126,ORD005126,Amazon Logistics,2025-02-28,2025-03-04,Delivered
SHP005127,ORD005127,BlueDart,2025-05-23,2025-05-25,Delivered
SHP005128,ORD005128,Ekart,2025-01-25,,Shipped
SHP005129,ORD005129,Delhivery,2025-01-26,2025-02-01,Delivered
SHP005130,ORD005130,Delhivery,2025-01-02,2025-01-08,Delivered
SHP005131,ORD005131,BlueDart,2025-06-09,2025-06-14,Delivered
SHP005132,ORD005132,Ekart,2025-03-27,2025-04-01,Delivered
SHP005133,ORD005133,XpressBees,2025-03-10,,Processing
SHP005134,ORD005134,XpressBees,2025-04-01,2025-04-05,Delivered
SHP005135,ORD005135,Delhivery,2025-03-30,,Shipped
SHP005136,ORD005136,DTDC,2025-04-21,2025-04-27,Delivered
SHP005137,ORD005137,Delhivery,2025-06-18,2025-06-22,Delivered
SHP005138,ORD005138,DTDC,2025-03-02,,Processing
SHP005139,ORD005139,Ekart,2025-03-12,,Cancelled
SHP005140,ORD005140,Amazon Logistics,2025-05-09,2025-05-14,Delivered
SHP005141,ORD005141,Delhivery,2025-01-04,2025-01-10,Delivered
SHP005142,ORD005142,BlueDart,2025-03-22,2025-03-28,Delivered
SHP005143,ORD005143,XpressBees,2025-01-08,2025-01-14,Delivered
SHP005144,ORD005144,XpressBees,2025-06-03,,Shipped
SHP005145,ORD005145,XpressBees,2025-03-01,2025-03-04,Delivered
SHP005146,ORD005146,Delhivery,2025-06-13,2025-06-19,Delivered
SHP005147,ORD005147,Delhivery,2025-03-09,2025-03-12,Delivered
SHP005148,ORD005148,Delhivery,2025-04-13,,Pending
SHP005149,ORD005149,Amazon Logistics,2025-05-07,2025-05-11,Delivered
SHP005150,ORD005150,Ekart,2025-06-02,2025-06-05,Delivered
SHP005151,ORD005151,BlueDart,2025-06-13,2025-06-18,Delivered
SHP005152,ORD005152,Delhivery,2025-03-21,2025-03-23,Delivered
SHP005153,ORD005153,Amazon Logistics,2025-05-07,2025-05-13,Delivered
SHP005154,ORD005154,Amazon Logistics,2025-02-05,2025-02-07,Delivered
SHP005155,ORD005155,Amazon Logistics,2025-01-05,2025-01-10,Delivered
SHP005156,ORD005156,XpressBees,2025-03-21,2025-03-27,Delivered
SHP005157,ORD005157,Amazon Logistics,2025-02-20,2025-02-25,Delivered
SHP005158,ORD005158,BlueDart,2025-02-09,,Cancelled
SHP005159,ORD005159,Ekart,2025-03-27,,Pending
SHP005160,ORD005160,DTDC,2025-06-10,,Pending
SHP005161,ORD005161,DTDC,2025-04-23,2025-04-28,Delivered
SHP005162,ORD005162,DTDC,2025-01-07,2025-01-09,Delivered
SHP005163,ORD005163,DTDC,2025-06-15,2025-06-18,Delivered
SHP005164,ORD005164,Ekart,2025-05-13,,Shipped
SHP005165,ORD005165,Delhivery,2025-02-09,2025-02-11,Returned
SHP005166,ORD005166,BlueDart,2025-05-03,2025-05-07,Delivered
SHP005167,ORD005167,DTDC,2025-06-24,,Processing
SHP005168,ORD005168,Delhivery,2025-03-05,,Processing
SHP005169,ORD005169,Amazon Logistics,2025-03-09,2025-03-15,Delivered
SHP005170,ORD005170,DTDC,2025-01-19,2025-01-22,Delivered
SHP005171,ORD005171,BlueDart,2025-04-21,2025-04-25,Delivered
SHP005172,ORD005172,BlueDart,2025-02-01,2025-02-04,Delivered
SHP005173,ORD005173,Amazon Logistics,2025-02-25,,Shipped
SHP005174,ORD005174,Ekart,2025-06-05,,Processing
SHP005175,ORD005175,BlueDart,2025-04-23,2025-04-26,Delivered
SHP005176,ORD005176,Ekart,2025-04-25,,Shipped
SHP005177,ORD005177,Amazon Logistics,2025-05-13,,Shipped
SHP005178,ORD005178,Amazon Logistics,2025-04-03,,Processing
SHP005179,ORD005179,BlueDart,2025-01-09,,Shipped
SHP005180,ORD005180,Ekart,2025-01-30,,Processing
SHP005181,ORD005181,DTDC,2025-05-05,,Shipped
SHP005182,ORD005182,XpressBees,2025-01-13,2025-01-19,Delivered
SHP005183,ORD005183,XpressBees,2025-03-06,2025-03-08,Delivered
SHP005184,ORD005184,XpressBees,2025-04-23,2025-04-28,Delivered
SHP005185,ORD005185,Amazon Logistics,2025-03-03,2025-03-06,Delivered
SHP005186,ORD005186,DTDC,2025-02-09,2025-02-12,Delivered
SHP005187,ORD005187,Ekart,2025-03-24,2025-03-27,Delivered
SHP005188,ORD005188,XpressBees,2025-06-06,2025-06-09,Delivered
SHP005189,ORD005189,XpressBees,2025-03-10,,Shipped
SHP005190,ORD005190,Delhivery,2025-06-29,2025-07-03,Delivered
SHP005191,ORD005191,DTDC,2025-05-01,,Cancelled
SHP005192,ORD005192,Delhivery,2025-05-28,2025-05-30,Delivered
SHP005193,ORD005193,Ekart,2025-03-02,2025-03-07,Delivered
SHP005194,ORD005194,Amazon Logistics,2025-01-10,2025-01-15,Delivered
SHP005195,ORD005195,Delhivery,2025-04-26,2025-04-30,Delivered
SHP005196,ORD005196,BlueDart,2025-01-14,2025-01-20,Delivered
SHP005197,ORD005197,XpressBees,2025-01-26,2025-02-01,Returned
SHP005198,ORD005198,XpressBees,2025-06-02,,Processing
SHP005199,ORD005199,Amazon Logistics,2025-01-14,2025-01-17,Delivered
SHP005200,ORD005200,Delhivery,2025-05-09,,Shipped
SHP005201,ORD005201,Amazon Logistics,2025-01-22,2025-01-25,Delivered
SHP005202,ORD005202,DTDC,2025-03-21,2025-03-27,Delivered
SHP005203,ORD005203,DTDC,2025-01-21,2025-01-27,Delivered
SHP005204,ORD005204,Amazon Logistics,2025-05-28,2025-06-01,Delivered
SHP005205,ORD005205,DTDC,2025-01-29,2025-02-02,Delivered
SHP005206,ORD005206,Ekart,2025-02-08,,Cancelled
SHP005207,ORD005207,XpressBees,2025-06-10,2025-06-13,Delivered
SHP005208,ORD005208,Delhivery,2025-01-18,2025-01-24,Delivered
SHP005209,ORD005209,DTDC,2025-03-09,,Cancelled
SHP005210,ORD005210,XpressBees,2025-04-04,2025-04-08,Delivered
SHP005211,ORD005211,Ekart,2025-06-14,2025-06-19,Delivered
SHP005212,ORD005212,DTDC,2025-03-14,2025-03-19,Delivered
SHP005213,ORD005213,Amazon Logistics,2025-06-14,2025-06-20,Delivered
SHP005214,ORD005214,Delhivery,2025-02-27,,Pending
SHP005215,ORD005215,BlueDart,2025-02-15,2025-02-18,Delivered
SHP005216,ORD005216,XpressBees,2025-03-25,2025-03-27,Delivered
SHP005217,ORD005217,Amazon Logistics,2025-03-12,2025-03-17,Delivered
SHP005218,ORD005218,XpressBees,2025-04-30,2025-05-06,Delivered
SHP005219,ORD005219,Amazon Logistics,2025-02-08,,Processing
SHP005220,ORD005220,Amazon Logistics,2025-05-21,2025-05-24,Delivered
SHP005221,ORD005221,DTDC,2025-02-02,2025-02-05,Delivered
SHP005222,ORD005222,Amazon Logistics,2025-03-25,2025-03-30,Delivered
SHP005223,ORD005223,BlueDart,2025-06-19,2025-06-23,Delivered
SHP005224,ORD005224,Delhivery,2025-03-24,,Processing
SHP005225,ORD005225,Amazon Logistics,2025-01-14,2025-01-20,Delivered
SHP005226,ORD005226,Ekart,2025-04-02,2025-04-08,Delivered
SHP005227,ORD005227,DTDC,2025-04-24,2025-04-29,Delivered
SHP005228,ORD005228,Ekart,2025-04-20,2025-04-25,Delivered
SHP005229,ORD005229,Delhivery,2025-03-26,2025-03-31,Delivered
SHP005230,ORD005230,Ekart,2025-06-22,,Cancelled
SHP005231,ORD005231,Delhivery,2025-05-14,,Processing
SHP005232,ORD005232,BlueDart,2025-05-16,2025-05-21,Delivered
SHP005233,ORD005233,Amazon Logistics,2025-01-26,2025-01-31,Delivered
SHP005234,ORD005234,Amazon Logistics,2025-06-02,2025-06-04,Delivered
SHP005235,ORD005235,Amazon Logistics,2025-02-22,2025-02-24,Delivered
SHP005236,ORD005236,Delhivery,2025-01-18,,Cancelled
SHP005237,ORD005237,Delhivery,2025-01-10,,Cancelled
SHP005238,ORD005238,BlueDart,2025-04-03,,Processing
SHP005239,ORD005239,BlueDart,2025-03-02,,Pending
SHP005240,ORD005240,DTDC,2025-01-03,2025-01-05,Delivered
SHP005241,ORD005241,XpressBees,2025-03-26,2025-03-31,Returned
SHP005242,ORD005242,Delhivery,2025-03-22,2025-03-27,Delivered
SHP005243,ORD005243,DTDC,2025-05-28,,Cancelled
SHP005244,ORD005244,BlueDart,2025-02-03,2025-02-08,Delivered
SHP005245,ORD005245,BlueDart,2025-06-14,2025-06-17,Delivered
SHP005246,ORD005246,DTDC,2025-04-18,,Processing
SHP005247,ORD005247,Delhivery,2025-06-20,,Shipped
SHP005248,ORD005248,BlueDart,2025-02-06,2025-02-11,Returned
SHP005249,ORD005249,BlueDart,2025-06-30,,Processing
SHP005250,ORD005250,Ekart,2025-03-25,2025-03-30,Delivered
SHP005251,ORD005251,Amazon Logistics,2025-03-08,,Pending
SHP005252,ORD005252,Delhivery,2025-03-03,2025-03-06,Delivered
SHP005253,ORD005253,DTDC,2025-06-25,2025-06-27,Delivered
SHP005254,ORD005254,Delhivery,2025-05-11,2025-05-16,Delivered
SHP005255,ORD005255,DTDC,2025-03-01,2025-03-03,Delivered
SHP005256,ORD005256,Amazon Logistics,2025-03-06,2025-03-11,Delivered
SHP005257,ORD005257,BlueDart,2025-04-08,2025-04-14,Delivered
SHP005258,ORD005258,Delhivery,2025-05-22,,Shipped
SHP005259,ORD005259,Delhivery,2025-03-30,2025-04-04,Delivered
SHP005260,ORD005260,XpressBees,2025-04-26,2025-04-30,Delivered
SHP005261,ORD005261,Amazon Logistics,2025-06-19,2025-06-22,Delivered
SHP005262,ORD005262,Ekart,2025-03-05,2025-03-08,Delivered
SHP005263,ORD005263,BlueDart,2025-04-06,2025-04-10,Delivered
SHP005264,ORD005264,Ekart,2025-01-12,2025-01-14,Delivered
SHP005265,ORD005265,BlueDart,2025-05-20,2025-05-24,Delivered
SHP005266,ORD005266,Ekart,2025-04-09,2025-04-15,Delivered
SHP005267,ORD005267,BlueDart,2025-03-29,2025-04-02,Delivered
SHP005268,ORD005268,Delhivery,2025-04-02,,Processing
SHP005269,ORD005269,BlueDart,2025-01-29,,Shipped
SHP005270,ORD005270,Ekart,2025-03-06,2025-03-12,Delivered
SHP005271,ORD005271,XpressBees,2025-05-29,2025-06-01,Delivered
SHP005272,ORD005272,Amazon Logistics,2025-07-01,2025-07-03,Delivered
SHP005273,ORD005273,XpressBees,2025-03-30,2025-04-04,Delivered
SHP005274,ORD005274,DTDC,2025-03-20,2025-03-24,Delivered
SHP005275,ORD005275,BlueDart,2025-05-13,,Processing
SHP005276,ORD005276,XpressBees,2025-06-12,,Cancelled
SHP005277,ORD005277,XpressBees,2025-03-06,2025-03-09,Delivered
SHP005278,ORD005278,Amazon Logistics,2025-02-23,2025-02-26,Delivered
SHP005279,ORD005279,DTDC,2025-02-02,,Shipped
SHP005280,ORD005280,XpressBees,2025-05-08,2025-05-11,Delivered
SHP005281,ORD005281,Amazon Logistics,2025-02-22,2025-02-25,Delivered
SHP005282,ORD005282,BlueDart,2025-01-09,2025-01-14,Delivered
SHP005283,ORD005283,Amazon Logistics,2025-04-25,2025-04-28,Delivered
SHP005284,ORD005284,Ekart,2025-04-12,2025-04-18,Delivered
SHP005285,ORD005285,Ekart,2025-01-16,,Cancelled
SHP005286,ORD005286,Amazon Logistics,2025-05-02,2025-05-07,Delivered
SHP005287,ORD005287,Ekart,2025-04-03,2025-04-06,Delivered
SHP005288,ORD005288,Ekart,2025-01-09,,Pending
SHP005289,ORD005289,Amazon Logistics,2025-06-02,2025-06-05,Delivered
SHP005290,ORD005290,DTDC,2025-02-28,2025-03-02,Returned
SHP005291,ORD005291,XpressBees,2025-03-01,2025-03-07,Delivered
SHP005292,ORD005292,DTDC,2025-05-14,2025-05-17,Delivered
SHP005293,ORD005293,XpressBees,2025-03-05,,Cancelled
SHP005294,ORD005294,Delhivery,2025-03-24,2025-03-26,Delivered
SHP005295,ORD005295,Amazon Logistics,2025-06-02,2025-06-04,Delivered
SHP005296,ORD005296,DTDC,2025-02-01,,Shipped
SHP005297,ORD005297,Amazon Logistics,2025-01-24,,Pending
SHP005298,ORD005298,Delhivery,2025-03-26,2025-04-01,Delivered
SHP005299,ORD005299,Ekart,2025-03-25,2025-03-28,Delivered
SHP005300,ORD005300,BlueDart,2025-05-09,2025-05-11,Delivered
SHP005301,ORD005301,Ekart,2025-02-02,2025-02-08,Delivered
SHP005302,ORD005302,DTDC,2025-03-30,2025-04-02,Delivered
SHP005303,ORD005303,BlueDart,2025-01-03,2025-01-05,Delivered
SHP005304,ORD005304,XpressBees,2025-06-12,,Processing
SHP005305,ORD005305,Amazon Logistics,2025-06-08,,Shipped
SHP005306,ORD005306,Delhivery,2025-01-11,,Processing
SHP005307,ORD005307,BlueDart,2025-04-13,2025-04-16,Delivered
SHP005308,ORD005308,Ekart,2025-06-07,2025-06-10,Delivered
SHP005309,ORD005309,BlueDart,2025-02-06,,Processing
SHP005310,ORD005310,Ekart,2025-03-16,2025-03-21,Delivered
SHP005311,ORD005311,Ekart,2025-06-06,2025-06-09,Delivered
SHP005312,ORD005312,DTDC,2025-03-10,2025-03-16,Delivered
SHP005313,ORD005313,Ekart,2025-05-19,,Cancelled
SHP005314,ORD005314,Ekart,2025-04-16,2025-04-18,Delivered
SHP005315,ORD005315,Amazon Logistics,2025-02-09,2025-02-14,Delivered
SHP005316,ORD005316,DTDC,2025-06-12,,Processing
SHP005317,ORD005317,XpressBees,2025-06-08,2025-06-12,Delivered
SHP005318,ORD005318,DTDC,2025-05-14,,Shipped
SHP005319,ORD005319,Amazon Logistics,2025-06-10,2025-06-13,Delivered
SHP005320,ORD005320,BlueDart,2025-01-05,2025-01-10,Delivered
SHP005321,ORD005321,BlueDart,2025-03-24,2025-03-29,Delivered
SHP005322,ORD005322,DTDC,2025-05-17,,Pending
SHP005323,ORD005323,BlueDart,2025-01-27,2025-01-31,Delivered
SHP005324,ORD005324,XpressBees,2025-05-26,2025-05-31,Delivered
SHP005325,ORD005325,DTDC,2025-06-05,,Cancelled
SHP005326,ORD005326,Delhivery,2025-01-24,2025-01-30,Delivered
SHP005327,ORD005327,BlueDart,2025-05-17,,Shipped
SHP005328,ORD005328,Amazon Logistics,2025-05-31,2025-06-05,Delivered
SHP005329,ORD005329,XpressBees,2025-03-10,2025-03-12,Delivered
SHP005330,ORD005330,DTDC,2025-01-22,,Cancelled
SHP005331,ORD005331,XpressBees,2025-04-09,2025-04-13,Returned
SHP005332,ORD005332,Ekart,2025-01-23,2025-01-28,Delivered
SHP005333,ORD005333,XpressBees,2025-01-30,,Shipped
SHP005334,ORD005334,XpressBees,2025-02-27,2025-03-01,Delivered
SHP005335,ORD005335,Delhivery,2025-05-11,2025-05-14,Delivered
SHP005336,ORD005336,Ekart,2025-01-04,2025-01-10,Delivered
SHP005337,ORD005337,DTDC,2025-03-17,2025-03-20,Delivered
SHP005338,ORD005338,Delhivery,2025-04-18,2025-04-24,Delivered
SHP005339,ORD005339,Ekart,2025-02-03,2025-02-08,Delivered
SHP005340,ORD005340,Amazon Logistics,2025-04-18,2025-04-23,Delivered
SHP005341,ORD005341,XpressBees,2025-01-05,2025-01-09,Delivered
SHP005342,ORD005342,Ekart,2025-05-07,2025-05-11,Delivered
SHP005343,ORD005343,Ekart,2025-04-01,2025-04-06,Delivered
SHP005344,ORD005344,DTDC,2025-05-01,2025-05-06,Delivered
SHP005345,ORD005345,DTDC,2025-02-22,,Pending
SHP005346,ORD005346,Amazon Logistics,2025-01-24,,Pending
SHP005347,ORD005347,XpressBees,2025-01-12,2025-01-16,Delivered
SHP005348,ORD005348,DTDC,2025-04-23,2025-04-28,Delivered
SHP005349,ORD005349,XpressBees,2025-04-13,,Cancelled
SHP005350,ORD005350,BlueDart,2025-06-27,2025-06-29,Delivered
SHP005351,ORD005351,BlueDart,2025-04-02,,Cancelled
SHP005352,ORD005352,XpressBees,2025-05-17,2025-05-19,Delivered
SHP005353,ORD005353,DTDC,2025-04-08,2025-04-11,Delivered
SHP005354,ORD005354,XpressBees,2025-01-27,2025-01-31,Delivered
SHP005355,ORD005355,DTDC,2025-04-25,2025-04-29,Delivered
SHP005356,ORD005356,Amazon Logistics,2025-03-16,2025-03-20,Delivered
SHP005357,ORD005357,Delhivery,2025-04-20,,Processing
SHP005358,ORD005358,Ekart,2025-04-12,,Pending
SHP005359,ORD005359,BlueDart,2025-05-18,2025-05-24,Delivered
SHP005360,ORD005360,Delhivery,2025-01-03,,Processing
SHP005361,ORD005361,Amazon Logistics,2025-03-24,2025-03-30,Delivered
SHP005362,ORD005362,Delhivery,2025-02-18,2025-02-22,Delivered
SHP005363,ORD005363,Delhivery,2025-06-22,2025-06-28,Delivered
SHP005364,ORD005364,BlueDart,2025-03-23,2025-03-25,Delivered
SHP005365,ORD005365,XpressBees,2025-05-06,2025-05-11,Delivered
SHP005366,ORD005366,Amazon Logistics,2025-05-26,2025-05-28,Delivered
SHP005367,ORD005367,Amazon Logistics,2025-06-27,,Shipped
SHP005368,ORD005368,Delhivery,2025-05-13,,Cancelled
SHP005369,ORD005369,Amazon Logistics,2025-04-15,,Shipped
SHP005370,ORD005370,Ekart,2025-05-30,2025-06-01,Delivered
SHP005371,ORD005371,BlueDart,2025-01-30,2025-02-04,Delivered
SHP005372,ORD005372,BlueDart,2025-01-12,2025-01-14,Delivered
SHP005373,ORD005373,DTDC,2025-02-17,2025-02-22,Delivered
SHP005374,ORD005374,Amazon Logistics,2025-02-20,2025-02-23,Delivered
SHP005375,ORD005375,BlueDart,2025-06-29,2025-07-04,Delivered
SHP005376,ORD005376,Amazon Logistics,2025-04-25,,Shipped
SHP005377,ORD005377,Amazon Logistics,2025-06-27,2025-07-03,Delivered
SHP005378,ORD005378,Amazon Logistics,2025-04-27,2025-05-02,Delivered
SHP005379,ORD005379,Ekart,2025-02-11,2025-02-13,Delivered
SHP005380,ORD005380,DTDC,2025-01-11,2025-01-16,Delivered
SHP005381,ORD005381,BlueDart,2025-06-24,,Pending
SHP005382,ORD005382,BlueDart,2025-01-20,2025-01-25,Delivered
SHP005383,ORD005383,BlueDart,2025-01-03,2025-01-08,Delivered
SHP005384,ORD005384,BlueDart,2025-05-13,2025-05-15,Delivered
SHP005385,ORD005385,Delhivery,2025-02-21,2025-02-26,Delivered
SHP005386,ORD005386,DTDC,2025-03-25,2025-03-27,Returned
SHP005387,ORD005387,Ekart,2025-04-25,,Pending
SHP005388,ORD005388,Amazon Logistics,2025-04-12,2025-04-16,Delivered
SHP005389,ORD005389,BlueDart,2025-02-09,2025-02-13,Delivered
SHP005390,ORD005390,BlueDart,2025-01-24,,Processing
SHP005391,ORD005391,BlueDart,2025-04-10,,Processing
SHP005392,ORD005392,Amazon Logistics,2025-06-17,2025-06-20,Delivered
SHP005393,ORD005393,XpressBees,2025-03-21,2025-03-27,Delivered
SHP005394,ORD005394,DTDC,2025-03-09,2025-03-14,Delivered
SHP005395,ORD005395,DTDC,2025-02-16,2025-02-21,Delivered
SHP005396,ORD005396,XpressBees,2025-02-06,,Shipped
SHP005397,ORD005397,DTDC,2025-02-21,2025-02-27,Delivered
SHP005398,ORD005398,Amazon Logistics,2025-01-21,,Shipped
SHP005399,ORD005399,XpressBees,2025-07-01,2025-07-04,Delivered
SHP005400,ORD005400,DTDC,2025-06-25,2025-06-28,Delivered
SHP005401,ORD005401,Ekart,2025-04-06,2025-04-09,Delivered
SHP005402,ORD005402,BlueDart,2025-04-10,2025-04-16,Delivered
SHP005403,ORD005403,XpressBees,2025-05-13,2025-05-19,Delivered
SHP005404,ORD005404,DTDC,2025-05-09,2025-05-11,Delivered
SHP005405,ORD005405,XpressBees,2025-02-13,,Processing
SHP005406,ORD005406,Ekart,2025-01-04,,Shipped
SHP005407,ORD005407,Amazon Logistics,2025-03-24,2025-03-29,Returned
SHP005408,ORD005408,DTDC,2025-04-10,2025-04-15,Delivered
SHP005409,ORD005409,DTDC,2025-04-14,,Processing
SHP005410,ORD005410,BlueDart,2025-06-18,2025-06-20,Delivered
SHP005411,ORD005411,XpressBees,2025-03-31,2025-04-02,Delivered
SHP005412,ORD005412,XpressBees,2025-06-20,2025-06-24,Delivered
SHP005413,ORD005413,BlueDart,2025-01-28,2025-01-30,Delivered
SHP005414,ORD005414,Amazon Logistics,2025-04-04,,Processing
SHP005415,ORD005415,Amazon Logistics,2025-03-12,2025-03-16,Delivered
SHP005416,ORD005416,XpressBees,2025-05-03,2025-05-08,Returned
SHP005417,ORD005417,Amazon Logistics,2025-01-27,2025-02-01,Delivered
SHP005418,ORD005418,Delhivery,2025-04-18,2025-04-24,Delivered
SHP005419,ORD005419,BlueDart,2025-06-04,2025-06-07,Delivered
SHP005420,ORD005420,DTDC,2025-06-19,2025-06-21,Delivered
SHP005421,ORD005421,BlueDart,2025-01-18,2025-01-20,Delivered
SHP005422,ORD005422,BlueDart,2025-04-14,,Processing
SHP005423,ORD005423,DTDC,2025-04-27,2025-05-03,Delivered
SHP005424,ORD005424,Amazon Logistics,2025-02-27,,Shipped
SHP005425,ORD005425,XpressBees,2025-05-20,2025-05-23,Delivered
SHP005426,ORD005426,Ekart,2025-01-02,,Processing
SHP005427,ORD005427,Amazon Logistics,2025-04-25,,Shipped
SHP005428,ORD005428,Ekart,2025-02-17,,Processing
SHP005429,ORD005429,BlueDart,2025-05-17,,Processing
SHP005430,ORD005430,Ekart,2025-05-01,,Shipped
SHP005431,ORD005431,XpressBees,2025-05-06,2025-05-08,Delivered
SHP005432,ORD005432,DTDC,2025-05-15,2025-05-19,Delivered
SHP005433,ORD005433,Ekart,2025-01-18,2025-01-24,Delivered
SHP005434,ORD005434,Amazon Logistics,2025-02-03,,Shipped
SHP005435,ORD005435,DTDC,2025-04-18,2025-04-23,Delivered
SHP005436,ORD005436,BlueDart,2025-03-18,,Shipped
SHP005437,ORD005437,XpressBees,2025-03-07,2025-03-12,Delivered
SHP005438,ORD005438,BlueDart,2025-06-14,2025-06-20,Delivered
SHP005439,ORD005439,DTDC,2025-05-11,2025-05-15,Delivered
SHP005440,ORD005440,Delhivery,2025-02-14,,Pending
SHP005441,ORD005441,Delhivery,2025-05-12,2025-05-16,Delivered
SHP005442,ORD005442,BlueDart,2025-02-03,,Processing
SHP005443,ORD005443,DTDC,2025-06-11,,Pending
SHP005444,ORD005444,DTDC,2025-03-25,2025-03-30,Delivered
SHP005445,ORD005445,DTDC,2025-06-19,2025-06-23,Delivered
SHP005446,ORD005446,Delhivery,2025-03-03,2025-03-05,Delivered
SHP005447,ORD005447,Ekart,2025-04-17,2025-04-23,Delivered
SHP005448,ORD005448,Amazon Logistics,2025-04-21,2025-04-26,Delivered
SHP005449,ORD005449,XpressBees,2025-01-24,2025-01-26,Delivered
SHP005450,ORD005450,Delhivery,2025-02-15,2025-02-18,Delivered
SHP005451,ORD005451,Amazon Logistics,2025-02-02,2025-02-04,Delivered
SHP005452,ORD005452,BlueDart,2025-06-17,2025-06-21,Delivered
SHP005453,ORD005453,Ekart,2025-03-30,2025-04-05,Delivered
SHP005454,ORD005454,XpressBees,2025-02-13,2025-02-18,Delivered
SHP005455,ORD005455,Ekart,2025-05-23,2025-05-25,Delivered
SHP005456,ORD005456,Amazon Logistics,2025-06-02,2025-06-07,Delivered
SHP005457,ORD005457,XpressBees,2025-03-01,2025-03-05,Delivered
SHP005458,ORD005458,XpressBees,2025-03-08,2025-03-11,Delivered
SHP005459,ORD005459,Ekart,2025-03-10,2025-03-13,Delivered
SHP005460,ORD005460,XpressBees,2025-06-09,,Shipped
SHP005461,ORD005461,Delhivery,2025-03-08,2025-03-12,Delivered
SHP005462,ORD005462,Delhivery,2025-01-03,2025-01-08,Delivered
SHP005463,ORD005463,XpressBees,2025-05-11,2025-05-14,Delivered
SHP005464,ORD005464,BlueDart,2025-01-29,2025-02-01,Delivered
SHP005465,ORD005465,Delhivery,2025-05-16,,Shipped
SHP005466,ORD005466,DTDC,2025-04-01,2025-04-07,Delivered
SHP005467,ORD005467,Ekart,2025-03-15,2025-03-17,Delivered
SHP005468,ORD005468,XpressBees,2025-03-08,2025-03-12,Delivered
SHP005469,ORD005469,Delhivery,2025-04-05,,Processing
SHP005470,ORD005470,XpressBees,2025-01-19,2025-01-25,Delivered
SHP005471,ORD005471,BlueDart,2025-04-29,,Processing
SHP005472,ORD005472,XpressBees,2025-03-08,2025-03-11,Delivered
SHP005473,ORD005473,BlueDart,2025-04-04,2025-04-06,Delivered
SHP005474,ORD005474,Amazon Logistics,2025-03-30,2025-04-04,Delivered
SHP005475,ORD005475,Amazon Logistics,2025-04-11,2025-04-16,Delivered
SHP005476,ORD005476,Delhivery,2025-01-28,2025-01-30,Delivered
SHP005477,ORD005477,Amazon Logistics,2025-04-09,2025-04-13,Delivered
SHP005478,ORD005478,Delhivery,2025-04-26,2025-04-29,Delivered
SHP005479,ORD005479,DTDC,2025-02-28,2025-03-04,Delivered
SHP005480,ORD005480,BlueDart,2025-04-17,,Cancelled
SHP005481,ORD005481,DTDC,2025-02-05,2025-02-10,Delivered
SHP005482,ORD005482,Ekart,2025-06-17,,Shipped
SHP005483,ORD005483,XpressBees,2025-02-07,2025-02-09,Delivered
SHP005484,ORD005484,Amazon Logistics,2025-02-07,2025-02-13,Delivered
SHP005485,ORD005485,Delhivery,2025-03-09,2025-03-15,Delivered
SHP005486,ORD005486,Amazon Logistics,2025-02-06,2025-02-11,Delivered
SHP005487,ORD005487,Delhivery,2025-01-29,2025-02-02,Delivered
SHP005488,ORD005488,Amazon Logistics,2025-06-13,2025-06-19,Delivered
SHP005489,ORD005489,DTDC,2025-05-13,,Pending
SHP005490,ORD005490,DTDC,2025-04-29,,Shipped
SHP005491,ORD005491,DTDC,2025-03-19,2025-03-21,Delivered
SHP005492,ORD005492,Delhivery,2025-06-23,2025-06-26,Delivered
SHP005493,ORD005493,Delhivery,2025-05-30,,Shipped
SHP005494,ORD005494,DTDC,2025-03-13,2025-03-16,Delivered
SHP005495,ORD005495,DTDC,2025-06-20,2025-06-26,Delivered
SHP005496,ORD005496,Delhivery,2025-02-26,2025-03-03,Delivered
SHP005497,ORD005497,XpressBees,2025-02-09,2025-02-11,Delivered
SHP005498,ORD005498,Amazon Logistics,2025-04-11,,Pending
SHP005499,ORD005499,Ekart,2025-01-06,,Cancelled
SHP005500,ORD005500,XpressBees,2025-02-24,2025-02-26,Delivered
SHP005501,ORD005501,Amazon Logistics,2025-06-19,2025-06-23,Delivered
SHP005502,ORD005502,BlueDart,2025-02-25,2025-03-03,Delivered
SHP005503,ORD005503,Amazon Logistics,2025-04-18,2025-04-22,Delivered
SHP005504,ORD005504,DTDC,2025-06-12,2025-06-15,Delivered
SHP005505,ORD005505,Delhivery,2025-06-21,,Cancelled
SHP005506,ORD005506,XpressBees,2025-03-16,2025-03-19,Delivered
SHP005507,ORD005507,Amazon Logistics,2025-05-04,2025-05-07,Returned
SHP005508,ORD005508,BlueDart,2025-05-16,2025-05-19,Delivered
SHP005509,ORD005509,DTDC,2025-01-28,2025-02-01,Delivered
SHP005510,ORD005510,Amazon Logistics,2025-06-28,,Shipped
SHP005511,ORD005511,BlueDart,2025-03-08,,Shipped
SHP005512,ORD005512,DTDC,2025-03-09,2025-03-15,Delivered
SHP005513,ORD005513,BlueDart,2025-05-14,2025-05-16,Delivered
SHP005514,ORD005514,BlueDart,2025-04-23,2025-04-27,Delivered
SHP005515,ORD005515,Delhivery,2025-02-03,2025-02-07,Delivered
SHP005516,ORD005516,Amazon Logistics,2025-04-18,,Cancelled
SHP005517,ORD005517,Delhivery,2025-06-07,2025-06-10,Delivered
SHP005518,ORD005518,Amazon Logistics,2025-03-31,2025-04-06,Delivered
SHP005519,ORD005519,Delhivery,2025-04-28,2025-05-04,Delivered
SHP005520,ORD005520,DTDC,2025-05-21,2025-05-26,Delivered
SHP005521,ORD005521,XpressBees,2025-06-18,,Shipped
SHP005522,ORD005522,Amazon Logistics,2025-06-05,,Cancelled
SHP005523,ORD005523,Amazon Logistics,2025-04-06,2025-04-09,Delivered
SHP005524,ORD005524,Delhivery,2025-02-18,,Cancelled
SHP005525,ORD005525,Ekart,2025-02-26,2025-03-01,Delivered
SHP005526,ORD005526,XpressBees,2025-06-05,2025-06-11,Delivered
SHP005527,ORD005527,BlueDart,2025-01-10,2025-01-12,Delivered
SHP005528,ORD005528,Delhivery,2025-01-26,2025-01-29,Delivered
SHP005529,ORD005529,XpressBees,2025-06-24,2025-06-30,Delivered
SHP005530,ORD005530,XpressBees,2025-04-11,2025-04-16,Delivered
SHP005531,ORD005531,Ekart,2025-06-07,2025-06-11,Delivered
SHP005532,ORD005532,DTDC,2025-05-22,2025-05-27,Delivered
SHP005533,ORD005533,XpressBees,2025-05-26,,Processing
SHP005534,ORD005534,Delhivery,2025-03-29,,Shipped
SHP005535,ORD005535,BlueDart,2025-03-26,2025-03-29,Delivered
SHP005536,ORD005536,DTDC,2025-06-03,,Pending
SHP005537,ORD005537,Delhivery,2025-02-20,2025-02-24,Delivered
SHP005538,ORD005538,DTDC,2025-06-30,2025-07-04,Delivered
SHP005539,ORD005539,DTDC,2025-02-11,2025-02-15,Delivered
SHP005540,ORD005540,XpressBees,2025-03-13,2025-03-18,Delivered
SHP005541,ORD005541,XpressBees,2025-04-16,2025-04-19,Delivered
SHP005542,ORD005542,BlueDart,2025-04-14,2025-04-20,Delivered
SHP005543,ORD005543,XpressBees,2025-06-16,,Shipped
SHP005544,ORD005544,XpressBees,2025-01-17,2025-01-19,Delivered
SHP005545,ORD005545,DTDC,2025-05-24,2025-05-29,Delivered
SHP005546,ORD005546,Delhivery,2025-02-14,2025-02-16,Delivered
SHP005547,ORD005547,Amazon Logistics,2025-04-30,2025-05-02,Delivered
SHP005548,ORD005548,Delhivery,2025-05-08,,Shipped
SHP005549,ORD005549,Amazon Logistics,2025-02-05,2025-02-09,Delivered
SHP005550,ORD005550,XpressBees,2025-01-03,,Processing
SHP005551,ORD005551,Delhivery,2025-06-26,2025-07-02,Delivered
SHP005552,ORD005552,DTDC,2025-06-28,,Processing
SHP005553,ORD005553,Delhivery,2025-03-24,,Shipped
SHP005554,ORD005554,BlueDart,2025-05-05,2025-05-07,Delivered
SHP005555,ORD005555,XpressBees,2025-01-18,2025-01-23,Delivered
SHP005556,ORD005556,DTDC,2025-07-01,2025-07-06,Delivered
SHP005557,ORD005557,Delhivery,2025-06-08,,Shipped
SHP005558,ORD005558,DTDC,2025-04-09,2025-04-12,Delivered
SHP005559,ORD005559,XpressBees,2025-01-25,2025-01-27,Delivered
SHP005560,ORD005560,BlueDart,2025-05-15,2025-05-17,Delivered
SHP005561,ORD005561,Amazon Logistics,2025-03-24,2025-03-30,Delivered
SHP005562,ORD005562,XpressBees,2025-02-14,2025-02-17,Delivered
SHP005563,ORD005563,DTDC,2025-06-28,,Shipped
SHP005564,ORD005564,Amazon Logistics,2025-06-08,2025-06-13,Delivered
SHP005565,ORD005565,BlueDart,2025-03-24,,Pending
SHP005566,ORD005566,DTDC,2025-01-24,,Shipped
SHP005567,ORD005567,Amazon Logistics,2025-04-17,2025-04-22,Delivered
SHP005568,ORD005568,DTDC,2025-02-19,2025-02-24,Delivered
SHP005569,ORD005569,XpressBees,2025-05-08,2025-05-12,Delivered
SHP005570,ORD005570,XpressBees,2025-01-19,,Shipped
SHP005571,ORD005571,DTDC,2025-02-24,2025-02-27,Delivered
SHP005572,ORD005572,Delhivery,2025-04-24,2025-04-26,Delivered
SHP005573,ORD005573,Ekart,2025-05-03,,Cancelled
SHP005574,ORD005574,Delhivery,2025-03-14,2025-03-16,Delivered
SHP005575,ORD005575,DTDC,2025-05-05,2025-05-08,Delivered
SHP005576,ORD005576,DTDC,2025-03-18,2025-03-21,Delivered
SHP005577,ORD005577,Ekart,2025-02-08,2025-02-13,Delivered
SHP005578,ORD005578,BlueDart,2025-02-17,,Shipped
SHP005579,ORD005579,Delhivery,2025-04-17,2025-04-21,Delivered
SHP005580,ORD005580,Delhivery,2025-01-27,,Cancelled
SHP005581,ORD005581,DTDC,2025-01-12,,Pending
SHP005582,ORD005582,DTDC,2025-01-26,2025-01-29,Delivered
SHP005583,ORD005583,XpressBees,2025-02-27,2025-03-03,Delivered
SHP005584,ORD005584,DTDC,2025-01-10,2025-01-16,Delivered
SHP005585,ORD005585,Ekart,2025-02-08,2025-02-13,Delivered
SHP005586,ORD005586,XpressBees,2025-02-28,2025-03-06,Delivered
SHP005587,ORD005587,Delhivery,2025-02-24,,Processing
SHP005588,ORD005588,Delhivery,2025-03-31,2025-04-02,Delivered
SHP005589,ORD005589,Amazon Logistics,2025-01-29,2025-02-01,Delivered
SHP005590,ORD005590,Delhivery,2025-03-20,2025-03-22,Delivered
SHP005591,ORD005591,XpressBees,2025-05-28,,Processing
SHP005592,ORD005592,DTDC,2025-04-21,2025-04-26,Delivered
SHP005593,ORD005593,XpressBees,2025-06-23,2025-06-28,Delivered
SHP005594,ORD005594,BlueDart,2025-02-26,,Pending
SHP005595,ORD005595,BlueDart,2025-01-28,2025-01-31,Delivered
SHP005596,ORD005596,BlueDart,2025-02-16,2025-02-20,Delivered
SHP005597,ORD005597,DTDC,2025-02-23,,Pending
SHP005598,ORD005598,XpressBees,2025-06-02,,Shipped
SHP005599,ORD005599,BlueDart,2025-05-18,,Processing
SHP005600,ORD005600,BlueDart,2025-04-07,,Cancelled
SHP005601,ORD005601,Ekart,2025-04-29,,Processing
SHP005602,ORD005602,Ekart,2025-02-12,,Shipped
SHP005603,ORD005603,DTDC,2025-03-21,2025-03-25,Returned
SHP005604,ORD005604,Delhivery,2025-01-10,,Cancelled
SHP005605,ORD005605,XpressBees,2025-04-03,2025-04-08,Delivered
SHP005606,ORD005606,Ekart,2025-02-21,2025-02-23,Delivered
SHP005607,ORD005607,BlueDart,2025-04-24,2025-04-28,Delivered
SHP005608,ORD005608,Amazon Logistics,2025-03-07,2025-03-09,Delivered
SHP005609,ORD005609,Ekart,2025-03-24,2025-03-30,Delivered
SHP005610,ORD005610,Ekart,2025-02-27,,Shipped
SHP005611,ORD005611,Delhivery,2025-02-15,,Processing
SHP005612,ORD005612,BlueDart,2025-04-13,2025-04-19,Delivered
SHP005613,ORD005613,DTDC,2025-06-01,2025-06-05,Delivered
SHP005614,ORD005614,Delhivery,2025-06-07,,Shipped
SHP005615,ORD005615,Amazon Logistics,2025-05-09,2025-05-13,Delivered
SHP005616,ORD005616,Ekart,2025-04-14,2025-04-17,Delivered
SHP005617,ORD005617,Ekart,2025-03-15,2025-03-19,Delivered
SHP005618,ORD005618,DTDC,2025-02-12,2025-02-15,Delivered
SHP005619,ORD005619,Delhivery,2025-04-24,2025-04-26,Delivered
SHP005620,ORD005620,DTDC,2025-05-09,,Shipped
SHP005621,ORD005621,BlueDart,2025-02-10,2025-02-16,Delivered
SHP005622,ORD005622,BlueDart,2025-05-15,2025-05-20,Delivered
SHP005623,ORD005623,Delhivery,2025-03-01,2025-03-03,Delivered
SHP005624,ORD005624,Ekart,2025-05-25,2025-05-30,Delivered
SHP005625,ORD005625,DTDC,2025-03-22,,Processing
SHP005626,ORD005626,DTDC,2025-04-28,,Pending
SHP005627,ORD005627,DTDC,2025-01-15,,Processing
SHP005628,ORD005628,Ekart,2025-03-14,2025-03-19,Delivered
SHP005629,ORD005629,BlueDart,2025-03-07,,Shipped
SHP005630,ORD005630,Delhivery,2025-02-04,2025-02-06,Delivered
SHP005631,ORD005631,DTDC,2025-05-15,2025-05-17,Delivered
SHP005632,ORD005632,XpressBees,2025-01-19,2025-01-21,Delivered
SHP005633,ORD005633,DTDC,2025-05-07,2025-05-12,Delivered
SHP005634,ORD005634,Amazon Logistics,2025-06-09,,Shipped
SHP005635,ORD005635,Amazon Logistics,2025-03-12,2025-03-15,Delivered
SHP005636,ORD005636,DTDC,2025-04-08,,Pending
SHP005637,ORD005637,Delhivery,2025-02-21,2025-02-27,Delivered
SHP005638,ORD005638,Delhivery,2025-05-29,2025-06-03,Delivered
SHP005639,ORD005639,XpressBees,2025-02-26,2025-02-28,Returned
SHP005640,ORD005640,XpressBees,2025-03-09,2025-03-11,Delivered
SHP005641,ORD005641,XpressBees,2025-01-31,2025-02-04,Delivered
SHP005642,ORD005642,Ekart,2025-01-28,,Pending
SHP005643,ORD005643,Ekart,2025-03-24,2025-03-29,Delivered
SHP005644,ORD005644,XpressBees,2025-05-30,2025-06-01,Delivered
SHP005645,ORD005645,Ekart,2025-06-06,,Processing
SHP005646,ORD005646,BlueDart,2025-04-03,2025-04-09,Delivered
SHP005647,ORD005647,Amazon Logistics,2025-02-01,2025-02-07,Delivered
SHP005648,ORD005648,Ekart,2025-03-24,2025-03-27,Delivered
SHP005649,ORD005649,XpressBees,2025-02-08,,Shipped
SHP005650,ORD005650,XpressBees,2025-01-26,,Shipped
SHP005651,ORD005651,XpressBees,2025-06-15,2025-06-17,Delivered
SHP005652,ORD005652,Delhivery,2025-02-01,2025-02-03,Delivered
SHP005653,ORD005653,BlueDart,2025-01-18,,Cancelled
SHP005654,ORD005654,XpressBees,2025-05-26,,Pending
SHP005655,ORD005655,DTDC,2025-05-11,2025-05-16,Delivered
SHP005656,ORD005656,DTDC,2025-02-24,2025-03-01,Delivered
SHP005657,ORD005657,BlueDart,2025-04-18,,Shipped
SHP005658,ORD005658,XpressBees,2025-05-17,,Shipped
SHP005659,ORD005659,Delhivery,2025-03-11,,Pending
SHP005660,ORD005660,DTDC,2025-03-12,2025-03-14,Delivered
SHP005661,ORD005661,XpressBees,2025-02-15,2025-02-19,Delivered
SHP005662,ORD005662,Ekart,2025-03-01,,Processing
SHP005663,ORD005663,Ekart,2025-01-02,2025-01-05,Delivered
SHP005664,ORD005664,Delhivery,2025-01-27,,Pending
SHP005665,ORD005665,Amazon Logistics,2025-01-04,2025-01-07,Delivered
SHP005666,ORD005666,BlueDart,2025-05-06,,Cancelled
SHP005667,ORD005667,Ekart,2025-05-21,2025-05-26,Delivered
SHP005668,ORD005668,DTDC,2025-03-31,,Shipped
SHP005669,ORD005669,XpressBees,2025-06-18,,Processing
SHP005670,ORD005670,DTDC,2025-05-25,2025-05-29,Delivered
SHP005671,ORD005671,XpressBees,2025-05-13,2025-05-18,Delivered
SHP005672,ORD005672,Ekart,2025-03-23,,Cancelled
SHP005673,ORD005673,Amazon Logistics,2025-05-18,2025-05-24,Delivered
SHP005674,ORD005674,XpressBees,2025-03-10,,Shipped
SHP005675,ORD005675,Amazon Logistics,2025-02-10,2025-02-13,Delivered
SHP005676,ORD005676,Ekart,2025-05-11,2025-05-15,Delivered
SHP005677,ORD005677,BlueDart,2025-02-01,2025-02-03,Delivered
SHP005678,ORD005678,Amazon Logistics,2025-05-07,2025-05-09,Delivered
SHP005679,ORD005679,Delhivery,2025-02-19,,Cancelled
SHP005680,ORD005680,DTDC,2025-01-07,2025-01-12,Delivered
SHP005681,ORD005681,DTDC,2025-03-06,,Shipped
SHP005682,ORD005682,XpressBees,2025-06-30,2025-07-03,Delivered
SHP005683,ORD005683,Ekart,2025-01-28,2025-01-31,Returned
SHP005684,ORD005684,DTDC,2025-04-04,2025-04-07,Delivered
SHP005685,ORD005685,Delhivery,2025-06-11,,Shipped
SHP005686,ORD005686,Ekart,2025-03-26,,Shipped
SHP005687,ORD005687,DTDC,2025-03-21,2025-03-27,Delivered
SHP005688,ORD005688,Amazon Logistics,2025-06-11,2025-06-16,Delivered
SHP005689,ORD005689,Delhivery,2025-03-14,2025-03-19,Delivered
SHP005690,ORD005690,XpressBees,2025-02-17,2025-02-19,Delivered
SHP005691,ORD005691,Delhivery,2025-01-18,2025-01-21,Delivered
SHP005692,ORD005692,Ekart,2025-01-12,2025-01-17,Delivered
SHP005693,ORD005693,BlueDart,2025-04-10,,Pending
SHP005694,ORD005694,XpressBees,2025-01-30,2025-02-03,Delivered
SHP005695,ORD005695,BlueDart,2025-03-04,2025-03-08,Delivered
SHP005696,ORD005696,BlueDart,2025-02-14,2025-02-18,Delivered
SHP005697,ORD005697,Delhivery,2025-05-14,2025-05-19,Delivered
SHP005698,ORD005698,BlueDart,2025-04-11,2025-04-15,Delivered
SHP005699,ORD005699,BlueDart,2025-04-23,,Processing
SHP005700,ORD005700,Delhivery,2025-02-07,,Processing
SHP005701,ORD005701,DTDC,2025-04-23,2025-04-28,Delivered
SHP005702,ORD005702,Amazon Logistics,2025-03-06,,Shipped
SHP005703,ORD005703,Ekart,2025-03-13,2025-03-16,Delivered
SHP005704,ORD005704,Ekart,2025-03-10,2025-03-13,Delivered
SHP005705,ORD005705,DTDC,2025-04-07,,Cancelled
SHP005706,ORD005706,Ekart,2025-05-16,,Processing
SHP005707,ORD005707,DTDC,2025-05-06,2025-05-11,Delivered
SHP005708,ORD005708,Amazon Logistics,2025-06-30,2025-07-06,Delivered
SHP005709,ORD005709,XpressBees,2025-05-26,2025-05-30,Delivered
SHP005710,ORD005710,Amazon Logistics,2025-04-21,2025-04-23,Delivered
SHP005711,ORD005711,Delhivery,2025-02-20,2025-02-25,Delivered
SHP005712,ORD005712,Amazon Logistics,2025-06-28,2025-07-02,Delivered
SHP005713,ORD005713,Amazon Logistics,2025-04-06,2025-04-08,Delivered
SHP005714,ORD005714,BlueDart,2025-05-15,,Processing
SHP005715,ORD005715,Ekart,2025-06-14,2025-06-17,Delivered
SHP005716,ORD005716,BlueDart,2025-02-24,2025-02-28,Delivered
SHP005717,ORD005717,BlueDart,2025-03-04,2025-03-06,Delivered
SHP005718,ORD005718,BlueDart,2025-05-14,,Processing
SHP005719,ORD005719,DTDC,2025-03-12,,Processing
SHP005720,ORD005720,DTDC,2025-01-25,,Shipped
SHP005721,ORD005721,Delhivery,2025-05-24,2025-05-29,Delivered
SHP005722,ORD005722,Amazon Logistics,2025-06-04,2025-06-09,Delivered
SHP005723,ORD005723,BlueDart,2025-03-28,,Processing
SHP005724,ORD005724,BlueDart,2025-01-17,2025-01-20,Delivered
SHP005725,ORD005725,Amazon Logistics,2025-02-09,,Cancelled
SHP005726,ORD005726,XpressBees,2025-03-11,,Shipped
SHP005727,ORD005727,XpressBees,2025-05-30,,Processing
SHP005728,ORD005728,BlueDart,2025-06-03,,Cancelled
SHP005729,ORD005729,XpressBees,2025-05-22,2025-05-24,Delivered
SHP005730,ORD005730,Ekart,2025-04-27,2025-04-30,Delivered
SHP005731,ORD005731,DTDC,2025-06-16,2025-06-22,Delivered
SHP005732,ORD005732,Amazon Logistics,2025-06-11,2025-06-15,Delivered
SHP005733,ORD005733,Delhivery,2025-04-28,,Pending
SHP005734,ORD005734,Amazon Logistics,2025-01-02,2025-01-08,Delivered
SHP005735,ORD005735,DTDC,2025-01-09,2025-01-14,Delivered
SHP005736,ORD005736,Ekart,2025-06-07,2025-06-12,Delivered
SHP005737,ORD005737,Amazon Logistics,2025-02-14,2025-02-19,Delivered
SHP005738,ORD005738,Amazon Logistics,2025-03-05,2025-03-10,Delivered
SHP005739,ORD005739,XpressBees,2025-02-06,2025-02-08,Delivered
SHP005740,ORD005740,Delhivery,2025-01-05,2025-01-11,Delivered
SHP005741,ORD005741,Ekart,2025-04-01,2025-04-03,Delivered
SHP005742,ORD005742,XpressBees,2025-02-13,,Cancelled
SHP005743,ORD005743,XpressBees,2025-01-07,2025-01-09,Delivered
SHP005744,ORD005744,Amazon Logistics,2025-04-10,2025-04-16,Delivered
SHP005745,ORD005745,BlueDart,2025-04-24,2025-04-27,Delivered
SHP005746,ORD005746,BlueDart,2025-02-17,,Processing
SHP005747,ORD005747,Amazon Logistics,2025-05-19,,Cancelled
SHP005748,ORD005748,DTDC,2025-03-05,2025-03-07,Delivered
SHP005749,ORD005749,Delhivery,2025-03-09,2025-03-11,Delivered
SHP005750,ORD005750,Ekart,2025-05-27,2025-05-31,Delivered
SHP005751,ORD005751,Amazon Logistics,2025-01-03,2025-01-07,Delivered
SHP005752,ORD005752,Ekart,2025-02-02,,Processing
SHP005753,ORD005753,DTDC,2025-05-16,2025-05-22,Delivered
SHP005754,ORD005754,Amazon Logistics,2025-02-28,2025-03-02,Delivered
SHP005755,ORD005755,Ekart,2025-02-24,2025-02-27,Delivered
SHP005756,ORD005756,XpressBees,2025-01-06,,Shipped
SHP005757,ORD005757,Ekart,2025-05-26,,Processing
SHP005758,ORD005758,Ekart,2025-04-20,,Processing
SHP005759,ORD005759,XpressBees,2025-06-29,,Processing
SHP005760,ORD005760,Delhivery,2025-03-30,2025-04-03,Delivered
SHP005761,ORD005761,BlueDart,2025-03-15,,Pending
SHP005762,ORD005762,Ekart,2025-04-26,2025-05-02,Delivered
SHP005763,ORD005763,Delhivery,2025-03-16,2025-03-21,Delivered
SHP005764,ORD005764,Delhivery,2025-04-08,2025-04-10,Delivered
SHP005765,ORD005765,Delhivery,2025-03-14,2025-03-16,Delivered
SHP005766,ORD005766,XpressBees,2025-04-13,2025-04-17,Delivered
SHP005767,ORD005767,XpressBees,2025-01-06,2025-01-08,Delivered
SHP005768,ORD005768,DTDC,2025-06-18,2025-06-21,Delivered
SHP005769,ORD005769,XpressBees,2025-04-11,2025-04-15,Delivered
SHP005770,ORD005770,Amazon Logistics,2025-04-11,,Processing
SHP005771,ORD005771,DTDC,2025-04-04,2025-04-09,Delivered
SHP005772,ORD005772,XpressBees,2025-05-01,2025-05-05,Delivered
SHP005773,ORD005773,Delhivery,2025-04-20,2025-04-24,Delivered
SHP005774,ORD005774,Ekart,2025-03-15,,Processing
SHP005775,ORD005775,DTDC,2025-05-09,2025-05-15,Delivered
SHP005776,ORD005776,XpressBees,2025-02-17,2025-02-22,Delivered
SHP005777,ORD005777,Delhivery,2025-05-13,2025-05-16,Delivered
SHP005778,ORD005778,DTDC,2025-01-09,,Processing
SHP005779,ORD005779,BlueDart,2025-04-06,2025-04-10,Delivered
SHP005780,ORD005780,BlueDart,2025-04-03,,Shipped
SHP005781,ORD005781,DTDC,2025-03-21,2025-03-27,Delivered
SHP005782,ORD005782,Delhivery,2025-02-09,2025-02-14,Delivered
SHP005783,ORD005783,Ekart,2025-01-23,2025-01-29,Delivered
SHP005784,ORD005784,Ekart,2025-02-24,,Pending
SHP005785,ORD005785,XpressBees,2025-05-28,2025-05-31,Delivered
SHP005786,ORD005786,Delhivery,2025-06-18,2025-06-21,Delivered
SHP005787,ORD005787,BlueDart,2025-01-24,2025-01-26,Delivered
SHP005788,ORD005788,Amazon Logistics,2025-05-22,2025-05-28,Delivered
SHP005789,ORD005789,XpressBees,2025-01-19,2025-01-23,Delivered
SHP005790,ORD005790,BlueDart,2025-02-08,2025-02-11,Delivered
SHP005791,ORD005791,BlueDart,2025-06-10,,Shipped
SHP005792,ORD005792,BlueDart,2025-02-14,,Processing
SHP005793,ORD005793,Delhivery,2025-05-15,2025-05-20,Delivered
SHP005794,ORD005794,BlueDart,2025-05-28,,Processing
SHP005795,ORD005795,XpressBees,2025-07-01,2025-07-04,Delivered
SHP005796,ORD005796,XpressBees,2025-05-18,,Pending
SHP005797,ORD005797,Ekart,2025-02-09,2025-02-12,Delivered
SHP005798,ORD005798,XpressBees,2025-05-16,2025-05-19,Delivered
SHP005799,ORD005799,DTDC,2025-04-07,2025-04-11,Delivered
SHP005800,ORD005800,Ekart,2025-05-27,2025-05-30,Delivered
SHP005801,ORD005801,DTDC,2025-04-10,2025-04-12,Delivered
SHP005802,ORD005802,BlueDart,2025-06-16,,Processing
SHP005803,ORD005803,Delhivery,2025-02-15,2025-02-18,Delivered
SHP005804,ORD005804,XpressBees,2025-01-04,2025-01-07,Delivered
SHP005805,ORD005805,Ekart,2025-05-16,,Processing
SHP005806,ORD005806,Amazon Logistics,2025-01-10,2025-01-12,Delivered
SHP005807,ORD005807,Ekart,2025-05-18,2025-05-20,Delivered
SHP005808,ORD005808,Ekart,2025-03-29,2025-04-01,Delivered
SHP005809,ORD005809,XpressBees,2025-02-13,,Shipped
SHP005810,ORD005810,Ekart,2025-06-05,2025-06-07,Delivered
SHP005811,ORD005811,Delhivery,2025-06-26,2025-06-28,Delivered
SHP005812,ORD005812,Ekart,2025-01-21,2025-01-24,Delivered
SHP005813,ORD005813,DTDC,2025-06-03,2025-06-06,Delivered
SHP005814,ORD005814,BlueDart,2025-04-18,2025-04-21,Delivered
SHP005815,ORD005815,Ekart,2025-03-07,2025-03-10,Delivered
SHP005816,ORD005816,Delhivery,2025-03-03,,Processing
SHP005817,ORD005817,XpressBees,2025-05-25,2025-05-30,Delivered
SHP005818,ORD005818,XpressBees,2025-01-28,,Shipped
SHP005819,ORD005819,Amazon Logistics,2025-03-25,2025-03-31,Delivered
SHP005820,ORD005820,Delhivery,2025-06-19,,Pending
SHP005821,ORD005821,XpressBees,2025-06-07,2025-06-12,Delivered
SHP005822,ORD005822,DTDC,2025-06-05,2025-06-08,Delivered
SHP005823,ORD005823,XpressBees,2025-04-03,2025-04-07,Delivered
SHP005824,ORD005824,Delhivery,2025-01-16,,Processing
SHP005825,ORD005825,XpressBees,2025-05-05,,Cancelled
SHP005826,ORD005826,BlueDart,2025-03-01,,Processing
SHP005827,ORD005827,Amazon Logistics,2025-05-15,2025-05-20,Delivered
SHP005828,ORD005828,Ekart,2025-05-05,,Shipped
SHP005829,ORD005829,Amazon Logistics,2025-04-12,2025-04-14,Delivered
SHP005830,ORD005830,Delhivery,2025-01-03,,Pending
SHP005831,ORD005831,DTDC,2025-01-07,2025-01-11,Delivered
SHP005832,ORD005832,Amazon Logistics,2025-06-16,2025-06-20,Delivered
SHP005833,ORD005833,Amazon Logistics,2025-04-14,,Processing
SHP005834,ORD005834,Ekart,2025-04-01,2025-04-03,Delivered
SHP005835,ORD005835,Ekart,2025-06-19,2025-06-23,Delivered
SHP005836,ORD005836,Delhivery,2025-01-02,,Processing
SHP005837,ORD005837,Amazon Logistics,2025-06-18,2025-06-20,Delivered
SHP005838,ORD005838,BlueDart,2025-06-21,,Shipped
SHP005839,ORD005839,XpressBees,2025-06-15,2025-06-19,Delivered
SHP005840,ORD005840,Amazon Logistics,2025-01-28,,Processing
SHP005841,ORD005841,Amazon Logistics,2025-06-11,,Cancelled
SHP005842,ORD005842,Amazon Logistics,2025-05-16,,Shipped
SHP005843,ORD005843,Delhivery,2025-01-14,,Shipped
SHP005844,ORD005844,Delhivery,2025-02-20,2025-02-26,Delivered
SHP005845,ORD005845,Amazon Logistics,2025-05-13,,Processing
SHP005846,ORD005846,XpressBees,2025-04-10,2025-04-12,Delivered
SHP005847,ORD005847,DTDC,2025-04-05,2025-04-09,Delivered
SHP005848,ORD005848,XpressBees,2025-06-02,2025-06-05,Delivered
SHP005849,ORD005849,DTDC,2025-04-04,2025-04-09,Delivered
SHP005850,ORD005850,DTDC,2025-01-11,2025-01-15,Delivered
SHP005851,ORD005851,Amazon Logistics,2025-04-12,,Pending
SHP005852,ORD005852,Amazon Logistics,2025-03-09,2025-03-14,Delivered
SHP005853,ORD005853,XpressBees,2025-05-24,2025-05-30,Delivered
SHP005854,ORD005854,BlueDart,2025-05-05,2025-05-10,Delivered
SHP005855,ORD005855,DTDC,2025-03-17,2025-03-20,Delivered
SHP005856,ORD005856,BlueDart,2025-06-20,2025-06-24,Delivered
SHP005857,ORD005857,Delhivery,2025-01-17,,Shipped
SHP005858,ORD005858,BlueDart,2025-02-16,2025-02-21,Delivered
SHP005859,ORD005859,Ekart,2025-04-16,,Cancelled
SHP005860,ORD005860,Amazon Logistics,2025-01-10,2025-01-12,Delivered
SHP005861,ORD005861,Amazon Logistics,2025-02-05,2025-02-11,Delivered
SHP005862,ORD005862,Delhivery,2025-02-27,,Processing
SHP005863,ORD005863,XpressBees,2025-05-28,2025-05-31,Delivered
SHP005864,ORD005864,Ekart,2025-02-24,2025-03-01,Delivered
SHP005865,ORD005865,DTDC,2025-05-18,2025-05-23,Delivered
SHP005866,ORD005866,Ekart,2025-04-17,2025-04-20,Delivered
SHP005867,ORD005867,Amazon Logistics,2025-01-22,2025-01-26,Delivered
SHP005868,ORD005868,BlueDart,2025-06-15,2025-06-21,Delivered
SHP005869,ORD005869,Ekart,2025-03-23,,Pending
SHP005870,ORD005870,Delhivery,2025-02-03,2025-02-05,Delivered
SHP005871,ORD005871,Ekart,2025-04-11,2025-04-17,Delivered
SHP005872,ORD005872,Ekart,2025-01-24,2025-01-26,Delivered
SHP005873,ORD005873,Delhivery,2025-02-09,,Processing
SHP005874,ORD005874,Amazon Logistics,2025-02-04,2025-02-10,Delivered
SHP005875,ORD005875,XpressBees,2025-03-12,2025-03-16,Delivered
SHP005876,ORD005876,BlueDart,2025-02-07,2025-02-12,Delivered
SHP005877,ORD005877,Amazon Logistics,2025-04-07,2025-04-10,Delivered
SHP005878,ORD005878,Delhivery,2025-01-12,2025-01-14,Delivered
SHP005879,ORD005879,Delhivery,2025-01-10,2025-01-15,Delivered
SHP005880,ORD005880,Ekart,2025-03-09,2025-03-15,Delivered
SHP005881,ORD005881,XpressBees,2025-04-22,2025-04-27,Delivered
SHP005882,ORD005882,Delhivery,2025-02-23,2025-02-27,Delivered
SHP005883,ORD005883,Amazon Logistics,2025-06-07,,Pending
SHP005884,ORD005884,BlueDart,2025-03-11,,Shipped
SHP005885,ORD005885,Delhivery,2025-04-04,,Processing
SHP005886,ORD005886,XpressBees,2025-01-11,2025-01-14,Delivered
SHP005887,ORD005887,BlueDart,2025-06-03,,Shipped
SHP005888,ORD005888,Ekart,2025-02-04,,Shipped
SHP005889,ORD005889,BlueDart,2025-06-22,2025-06-28,Delivered
SHP005890,ORD005890,Delhivery,2025-06-19,,Processing
SHP005891,ORD005891,DTDC,2025-04-09,2025-04-12,Delivered
SHP005892,ORD005892,DTDC,2025-01-13,,Processing
SHP005893,ORD005893,BlueDart,2025-01-19,2025-01-21,Delivered
SHP005894,ORD005894,DTDC,2025-02-06,2025-02-12,Delivered
SHP005895,ORD005895,XpressBees,2025-02-04,,Shipped
SHP005896,ORD005896,Amazon Logistics,2025-01-17,,Cancelled
SHP005897,ORD005897,XpressBees,2025-03-28,2025-04-01,Delivered
SHP005898,ORD005898,Ekart,2025-06-01,2025-06-07,Delivered
SHP005899,ORD005899,DTDC,2025-01-08,2025-01-11,Delivered
SHP005900,ORD005900,BlueDart,2025-05-03,2025-05-08,Delivered
SHP005901,ORD005901,Ekart,2025-01-11,,Pending
SHP005902,ORD005902,Amazon Logistics,2025-04-05,2025-04-10,Delivered
SHP005903,ORD005903,Ekart,2025-01-10,2025-01-15,Delivered
SHP005904,ORD005904,DTDC,2025-05-15,2025-05-19,Delivered
SHP005905,ORD005905,Delhivery,2025-01-29,2025-02-02,Delivered
SHP005906,ORD005906,Delhivery,2025-06-17,2025-06-23,Delivered
SHP005907,ORD005907,Ekart,2025-06-29,2025-07-03,Delivered
SHP005908,ORD005908,XpressBees,2025-03-03,,Shipped
SHP005909,ORD005909,DTDC,2025-02-21,2025-02-25,Delivered
SHP005910,ORD005910,BlueDart,2025-01-19,2025-01-22,Delivered
SHP005911,ORD005911,Ekart,2025-06-02,,Pending
SHP005912,ORD005912,XpressBees,2025-03-23,2025-03-29,Delivered
SHP005913,ORD005913,Ekart,2025-03-23,,Cancelled
SHP005914,ORD005914,Amazon Logistics,2025-04-26,2025-05-02,Delivered
SHP005915,ORD005915,Ekart,2025-03-03,,Shipped
SHP005916,ORD005916,Ekart,2025-05-08,,Cancelled
SHP005917,ORD005917,DTDC,2025-04-17,2025-04-20,Delivered
SHP005918,ORD005918,BlueDart,2025-06-14,2025-06-16,Delivered
SHP005919,ORD005919,DTDC,2025-02-18,2025-02-20,Delivered
SHP005920,ORD005920,Amazon Logistics,2025-02-06,2025-02-11,Delivered
SHP005921,ORD005921,BlueDart,2025-03-18,,Processing
SHP005922,ORD005922,XpressBees,2025-02-13,2025-02-15,Delivered
SHP005923,ORD005923,XpressBees,2025-04-27,2025-05-02,Delivered
SHP005924,ORD005924,XpressBees,2025-04-11,2025-04-13,Delivered
SHP005925,ORD005925,Ekart,2025-05-03,,Processing
SHP005926,ORD005926,XpressBees,2025-02-23,2025-02-28,Delivered
SHP005927,ORD005927,Delhivery,2025-05-07,2025-05-11,Delivered
SHP005928,ORD005928,DTDC,2025-04-27,2025-05-02,Delivered
SHP005929,ORD005929,Delhivery,2025-03-04,2025-03-07,Delivered
SHP005930,ORD005930,DTDC,2025-04-26,2025-04-28,Returned
SHP005931,ORD005931,Amazon Logistics,2025-03-11,2025-03-16,Delivered
SHP005932,ORD005932,Delhivery,2025-05-21,2025-05-24,Delivered
SHP005933,ORD005933,Amazon Logistics,2025-04-20,2025-04-24,Delivered
SHP005934,ORD005934,BlueDart,2025-01-13,,Cancelled
SHP005935,ORD005935,Delhivery,2025-03-27,2025-03-31,Delivered
SHP005936,ORD005936,Delhivery,2025-02-03,2025-02-05,Delivered
SHP005937,ORD005937,DTDC,2025-01-04,,Processing
SHP005938,ORD005938,XpressBees,2025-04-15,,Shipped
SHP005939,ORD005939,DTDC,2025-01-14,2025-01-20,Delivered
SHP005940,ORD005940,Amazon Logistics,2025-05-25,,Shipped
SHP005941,ORD005941,Amazon Logistics,2025-01-24,2025-01-28,Delivered
SHP005942,ORD005942,Delhivery,2025-01-05,,Processing
SHP005943,ORD005943,Delhivery,2025-01-21,2025-01-26,Delivered
SHP005944,ORD005944,Amazon Logistics,2025-04-27,2025-05-01,Delivered
SHP005945,ORD005945,Ekart,2025-05-11,2025-05-15,Delivered
SHP005946,ORD005946,XpressBees,2025-01-16,2025-01-19,Delivered
SHP005947,ORD005947,Ekart,2025-05-29,2025-06-03,Delivered
SHP005948,ORD005948,Delhivery,2025-05-30,2025-06-03,Delivered
SHP005949,ORD005949,BlueDart,2025-03-30,,Cancelled
SHP005950,ORD005950,XpressBees,2025-04-06,2025-04-10,Delivered
SHP005951,ORD005951,Ekart,2025-02-04,,Shipped
SHP005952,ORD005952,Ekart,2025-03-31,2025-04-02,Delivered
SHP005953,ORD005953,XpressBees,2025-03-09,2025-03-11,Delivered
SHP005954,ORD005954,Amazon Logistics,2025-02-03,,Pending
SHP005955,ORD005955,Amazon Logistics,2025-05-05,2025-05-09,Delivered
SHP005956,ORD005956,XpressBees,2025-04-09,2025-04-11,Delivered
SHP005957,ORD005957,Amazon Logistics,2025-07-01,2025-07-06,Delivered
SHP005958,ORD005958,XpressBees,2025-04-01,2025-04-07,Delivered
SHP005959,ORD005959,BlueDart,2025-02-24,2025-02-26,Delivered
SHP005960,ORD005960,Delhivery,2025-02-05,2025-02-08,Delivered
SHP005961,ORD005961,BlueDart,2025-01-14,2025-01-17,Delivered
SHP005962,ORD005962,Ekart,2025-05-13,,Processing
SHP005963,ORD005963,XpressBees,2025-02-02,2025-02-04,Delivered
SHP005964,ORD005964,DTDC,2025-05-30,,Pending
SHP005965,ORD005965,XpressBees,2025-05-16,,Processing
SHP005966,ORD005966,DTDC,2025-04-25,2025-04-30,Delivered
SHP005967,ORD005967,Ekart,2025-02-26,,Shipped
SHP005968,ORD005968,Amazon Logistics,2025-01-22,2025-01-24,Delivered
SHP005969,ORD005969,Ekart,2025-01-23,2025-01-26,Delivered
SHP005970,ORD005970,Ekart,2025-05-26,2025-05-28,Delivered
SHP005971,ORD005971,Delhivery,2025-05-03,2025-05-05,Delivered
SHP005972,ORD005972,BlueDart,2025-03-16,2025-03-19,Delivered
SHP005973,ORD005973,Delhivery,2025-05-22,2025-05-24,Delivered
SHP005974,ORD005974,DTDC,2025-06-19,2025-06-24,Delivered
SHP005975,ORD005975,Delhivery,2025-02-01,2025-02-06,Delivered
SHP005976,ORD005976,Ekart,2025-03-14,,Pending
SHP005977,ORD005977,Amazon Logistics,2025-04-17,2025-04-21,Delivered
SHP005978,ORD005978,Amazon Logistics,2025-02-24,,Processing
SHP005979,ORD005979,Ekart,2025-01-05,2025-01-07,Delivered
SHP005980,ORD005980,DTDC,2025-02-19,2025-02-25,Delivered
SHP005981,ORD005981,DTDC,2025-02-18,2025-02-21,Returned
SHP005982,ORD005982,Ekart,2025-06-15,2025-06-17,Delivered
SHP005983,ORD005983,BlueDart,2025-01-22,,Processing
SHP005984,ORD005984,Ekart,2025-02-16,2025-02-21,Delivered
SHP005985,ORD005985,Delhivery,2025-05-28,2025-05-31,Delivered
SHP005986,ORD005986,Delhivery,2025-05-22,2025-05-24,Delivered
SHP005987,ORD005987,Amazon Logistics,2025-01-10,2025-01-15,Delivered
SHP005988,ORD005988,BlueDart,2025-01-15,2025-01-20,Delivered
SHP005989,ORD005989,Delhivery,2025-01-28,2025-02-03,Delivered
SHP005990,ORD005990,DTDC,2025-02-10,2025-02-14,Delivered
SHP005991,ORD005991,Ekart,2025-02-07,,Shipped
SHP005992,ORD005992,Ekart,2025-03-24,2025-03-27,Delivered
SHP005993,ORD005993,Delhivery,2025-04-14,,Pending
SHP005994,ORD005994,BlueDart,2025-01-05,2025-01-10,Delivered
SHP005995,ORD005995,BlueDart,2025-04-09,2025-04-13,Delivered
SHP005996,ORD005996,BlueDart,2025-03-07,,Cancelled
SHP005997,ORD005997,BlueDart,2025-02-14,2025-02-20,Delivered
SHP005998,ORD005998,Amazon Logistics,2025-02-28,2025-03-02,Delivered
SHP005999,ORD005999,Delhivery,2025-06-12,,Pending
SHP006000,ORD006000,Ekart,2025-03-21,2025-03-24,Delivered
SHP006001,ORD006001,Amazon Logistics,2025-06-10,2025-06-13,Delivered
SHP006002,ORD006002,DTDC,2025-03-27,2025-03-30,Delivered
SHP006003,ORD006003,BlueDart,2025-06-02,2025-06-06,Delivered
SHP006004,ORD006004,Delhivery,2025-02-09,,Processing
SHP006005,ORD006005,Amazon Logistics,2025-05-02,2025-05-04,Delivered
SHP006006,ORD006006,BlueDart,2025-05-10,,Processing
SHP006007,ORD006007,XpressBees,2025-06-02,2025-06-05,Delivered
SHP006008,ORD006008,Amazon Logistics,2025-01-27,,Pending
SHP006009,ORD006009,BlueDart,2025-04-03,2025-04-07,Delivered
SHP006010,ORD006010,BlueDart,2025-05-26,2025-05-31,Delivered
SHP006011,ORD006011,BlueDart,2025-05-03,2025-05-09,Delivered
SHP006012,ORD006012,BlueDart,2025-02-02,,Processing
SHP006013,ORD006013,BlueDart,2025-01-17,,Processing
SHP006014,ORD006014,Delhivery,2025-06-25,,Cancelled
SHP006015,ORD006015,Amazon Logistics,2025-02-08,2025-02-14,Delivered
SHP006016,ORD006016,BlueDart,2025-04-19,2025-04-21,Delivered
SHP006017,ORD006017,BlueDart,2025-04-15,2025-04-20,Delivered
SHP006018,ORD006018,DTDC,2025-05-06,,Cancelled
SHP006019,ORD006019,Ekart,2025-05-22,2025-05-26,Delivered
SHP006020,ORD006020,Delhivery,2025-02-15,2025-02-17,Delivered
SHP006021,ORD006021,Delhivery,2025-04-30,,Shipped
SHP006022,ORD006022,XpressBees,2025-03-29,,Processing
SHP006023,ORD006023,Delhivery,2025-01-26,,Processing
SHP006024,ORD006024,XpressBees,2025-03-03,2025-03-05,Delivered
SHP006025,ORD006025,DTDC,2025-05-02,2025-05-07,Delivered
SHP006026,ORD006026,Delhivery,2025-02-28,2025-03-03,Delivered
SHP006027,ORD006027,XpressBees,2025-01-31,2025-02-03,Delivered
SHP006028,ORD006028,XpressBees,2025-05-30,,Cancelled
SHP006029,ORD006029,BlueDart,2025-03-25,2025-03-31,Delivered
SHP006030,ORD006030,DTDC,2025-02-08,2025-02-13,Delivered
SHP006031,ORD006031,Ekart,2025-03-19,,Processing
SHP006032,ORD006032,Delhivery,2025-01-03,2025-01-08,Delivered
SHP006033,ORD006033,Amazon Logistics,2025-01-05,2025-01-08,Delivered
SHP006034,ORD006034,DTDC,2025-05-01,2025-05-05,Delivered
SHP006035,ORD006035,Amazon Logistics,2025-06-23,2025-06-27,Delivered
SHP006036,ORD006036,DTDC,2025-03-12,2025-03-17,Delivered
SHP006037,ORD006037,Delhivery,2025-02-24,2025-03-02,Delivered
SHP006038,ORD006038,Delhivery,2025-03-30,2025-04-05,Delivered
SHP006039,ORD006039,Ekart,2025-01-02,2025-01-06,Delivered
SHP006040,ORD006040,Delhivery,2025-01-17,2025-01-19,Delivered
SHP006041,ORD006041,DTDC,2025-01-28,,Cancelled
SHP006042,ORD006042,Ekart,2025-04-24,2025-04-30,Delivered
SHP006043,ORD006043,Amazon Logistics,2025-02-09,2025-02-13,Delivered
SHP006044,ORD006044,XpressBees,2025-04-18,2025-04-22,Delivered
SHP006045,ORD006045,Amazon Logistics,2025-03-12,2025-03-14,Delivered
SHP006046,ORD006046,Amazon Logistics,2025-01-15,2025-01-21,Delivered
SHP006047,ORD006047,DTDC,2025-02-22,2025-02-25,Delivered
SHP006048,ORD006048,Amazon Logistics,2025-02-09,2025-02-11,Delivered
SHP006049,ORD006049,Ekart,2025-01-15,2025-01-17,Delivered
SHP006050,ORD006050,Ekart,2025-03-01,2025-03-07,Delivered
SHP006051,ORD006051,BlueDart,2025-04-14,,Shipped
SHP006052,ORD006052,XpressBees,2025-04-08,2025-04-14,Delivered
SHP006053,ORD006053,Amazon Logistics,2025-03-13,2025-03-19,Delivered
SHP006054,ORD006054,DTDC,2025-02-15,,Cancelled
SHP006055,ORD006055,BlueDart,2025-02-19,2025-02-21,Delivered
SHP006056,ORD006056,Amazon Logistics,2025-03-06,2025-03-09,Delivered
SHP006057,ORD006057,XpressBees,2025-02-11,2025-02-13,Delivered
SHP006058,ORD006058,Ekart,2025-05-13,2025-05-18,Delivered
SHP006059,ORD006059,Delhivery,2025-01-14,2025-01-17,Delivered
SHP006060,ORD006060,Delhivery,2025-03-19,2025-03-24,Delivered
SHP006061,ORD006061,BlueDart,2025-06-25,,Pending
SHP006062,ORD006062,BlueDart,2025-03-31,2025-04-03,Delivered
SHP006063,ORD006063,XpressBees,2025-06-29,,Shipped
SHP006064,ORD006064,Ekart,2025-01-26,2025-01-28,Delivered
SHP006065,ORD006065,Delhivery,2025-05-13,2025-05-18,Delivered
SHP006066,ORD006066,BlueDart,2025-05-27,,Shipped
SHP006067,ORD006067,XpressBees,2025-03-29,2025-04-04,Delivered
SHP006068,ORD006068,XpressBees,2025-01-21,,Processing
SHP006069,ORD006069,Ekart,2025-02-13,2025-02-15,Returned
SHP006070,ORD006070,DTDC,2025-01-16,2025-01-22,Delivered
SHP006071,ORD006071,Amazon Logistics,2025-04-01,,Processing
SHP006072,ORD006072,Delhivery,2025-04-18,,Processing
SHP006073,ORD006073,Delhivery,2025-04-11,2025-04-17,Delivered
SHP006074,ORD006074,Delhivery,2025-02-07,2025-02-09,Delivered
SHP006075,ORD006075,XpressBees,2025-01-15,2025-01-18,Delivered
SHP006076,ORD006076,Ekart,2025-04-08,2025-04-12,Delivered
SHP006077,ORD006077,Ekart,2025-03-02,,Processing
SHP006078,ORD006078,XpressBees,2025-02-15,2025-02-18,Delivered
SHP006079,ORD006079,DTDC,2025-06-20,2025-06-25,Delivered
SHP006080,ORD006080,Amazon Logistics,2025-01-18,,Shipped
SHP006081,ORD006081,XpressBees,2025-03-10,,Pending
SHP006082,ORD006082,DTDC,2025-06-06,2025-06-10,Delivered
SHP006083,ORD006083,Amazon Logistics,2025-01-27,2025-02-02,Delivered
SHP006084,ORD006084,XpressBees,2025-02-14,,Processing
SHP006085,ORD006085,XpressBees,2025-06-29,2025-07-03,Returned
SHP006086,ORD006086,XpressBees,2025-06-28,2025-07-01,Returned
SHP006087,ORD006087,Amazon Logistics,2025-02-20,2025-02-26,Delivered
SHP006088,ORD006088,Amazon Logistics,2025-04-11,2025-04-14,Delivered
SHP006089,ORD006089,Ekart,2025-04-03,,Shipped
SHP006090,ORD006090,DTDC,2025-05-24,2025-05-26,Delivered
SHP006091,ORD006091,Ekart,2025-02-25,,Pending
SHP006092,ORD006092,DTDC,2025-06-03,2025-06-08,Delivered
SHP006093,ORD006093,Ekart,2025-05-02,2025-05-07,Delivered
SHP006094,ORD006094,XpressBees,2025-02-18,2025-02-22,Delivered
SHP006095,ORD006095,Amazon Logistics,2025-02-24,2025-02-28,Delivered
SHP006096,ORD006096,Delhivery,2025-02-26,2025-03-02,Delivered
SHP006097,ORD006097,BlueDart,2025-03-24,2025-03-30,Delivered
SHP006098,ORD006098,Delhivery,2025-04-13,2025-04-19,Delivered
SHP006099,ORD006099,Delhivery,2025-03-09,2025-03-14,Delivered
SHP006100,ORD006100,XpressBees,2025-05-07,2025-05-09,Delivered
SHP006101,ORD006101,DTDC,2025-01-26,,Cancelled
SHP006102,ORD006102,XpressBees,2025-02-21,,Shipped
SHP006103,ORD006103,Ekart,2025-03-11,2025-03-13,Delivered
SHP006104,ORD006104,BlueDart,2025-03-07,,Shipped
SHP006105,ORD006105,Delhivery,2025-01-16,2025-01-22,Delivered
SHP006106,ORD006106,Ekart,2025-04-05,,Pending
SHP006107,ORD006107,BlueDart,2025-05-16,,Shipped
SHP006108,ORD006108,DTDC,2025-04-08,,Processing
SHP006109,ORD006109,DTDC,2025-07-01,2025-07-06,Delivered
SHP006110,ORD006110,DTDC,2025-03-14,2025-03-16,Delivered
SHP006111,ORD006111,Delhivery,2025-01-13,2025-01-18,Delivered
SHP006112,ORD006112,DTDC,2025-06-23,,Processing
SHP006113,ORD006113,Ekart,2025-06-11,2025-06-15,Delivered
SHP006114,ORD006114,Delhivery,2025-02-12,,Processing
SHP006115,ORD006115,Amazon Logistics,2025-01-02,,Cancelled
SHP006116,ORD006116,Delhivery,2025-01-09,,Shipped
SHP006117,ORD006117,Ekart,2025-06-05,2025-06-11,Delivered
SHP006118,ORD006118,XpressBees,2025-05-09,2025-05-11,Delivered
SHP006119,ORD006119,XpressBees,2025-03-25,2025-03-28,Delivered
SHP006120,ORD006120,DTDC,2025-06-18,,Pending
SHP006121,ORD006121,Delhivery,2025-01-02,2025-01-05,Delivered
SHP006122,ORD006122,DTDC,2025-05-27,2025-05-30,Delivered
SHP006123,ORD006123,Ekart,2025-02-08,,Pending
SHP006124,ORD006124,DTDC,2025-06-07,,Shipped
SHP006125,ORD006125,DTDC,2025-02-07,,Processing
SHP006126,ORD006126,Amazon Logistics,2025-01-22,2025-01-25,Delivered
SHP006127,ORD006127,XpressBees,2025-03-05,2025-03-08,Delivered
SHP006128,ORD006128,Delhivery,2025-06-02,2025-06-05,Delivered
SHP006129,ORD006129,Amazon Logistics,2025-05-03,2025-05-05,Delivered
SHP006130,ORD006130,XpressBees,2025-06-09,2025-06-14,Delivered
SHP006131,ORD006131,BlueDart,2025-01-22,2025-01-26,Delivered
SHP006132,ORD006132,DTDC,2025-01-28,2025-02-02,Delivered
SHP006133,ORD006133,Delhivery,2025-06-18,,Cancelled
SHP006134,ORD006134,BlueDart,2025-01-06,2025-01-08,Delivered
SHP006135,ORD006135,XpressBees,2025-02-17,2025-02-22,Delivered
SHP006136,ORD006136,Ekart,2025-05-21,2025-05-23,Delivered
SHP006137,ORD006137,XpressBees,2025-06-30,2025-07-02,Delivered
SHP006138,ORD006138,Ekart,2025-05-01,2025-05-06,Delivered
SHP006139,ORD006139,Delhivery,2025-04-22,2025-04-24,Delivered
SHP006140,ORD006140,Delhivery,2025-04-06,,Processing
SHP006141,ORD006141,XpressBees,2025-01-14,2025-01-20,Delivered
SHP006142,ORD006142,DTDC,2025-01-04,,Pending
SHP006143,ORD006143,Ekart,2025-05-29,,Shipped
SHP006144,ORD006144,BlueDart,2025-06-20,2025-06-24,Delivered
SHP006145,ORD006145,Ekart,2025-01-10,,Processing
SHP006146,ORD006146,Amazon Logistics,2025-05-17,2025-05-23,Delivered
SHP006147,ORD006147,Amazon Logistics,2025-02-05,2025-02-10,Delivered
SHP006148,ORD006148,BlueDart,2025-01-17,,Cancelled
SHP006149,ORD006149,DTDC,2025-04-08,2025-04-12,Delivered
SHP006150,ORD006150,DTDC,2025-04-01,,Processing
SHP006151,ORD006151,Delhivery,2025-05-17,2025-05-19,Delivered
SHP006152,ORD006152,Ekart,2025-05-16,2025-05-18,Delivered
SHP006153,ORD006153,Delhivery,2025-01-11,2025-01-14,Delivered
SHP006154,ORD006154,BlueDart,2025-04-21,2025-04-27,Delivered
SHP006155,ORD006155,Delhivery,2025-04-11,2025-04-13,Delivered
SHP006156,ORD006156,Ekart,2025-01-29,2025-02-03,Delivered
SHP006157,ORD006157,Delhivery,2025-06-08,2025-06-14,Delivered
SHP006158,ORD006158,Amazon Logistics,2025-01-12,2025-01-16,Delivered
SHP006159,ORD006159,XpressBees,2025-04-25,2025-04-30,Delivered
SHP006160,ORD006160,XpressBees,2025-05-19,,Cancelled
SHP006161,ORD006161,Ekart,2025-06-03,2025-06-05,Delivered
SHP006162,ORD006162,Ekart,2025-05-30,,Processing
SHP006163,ORD006163,Ekart,2025-05-23,2025-05-27,Delivered
SHP006164,ORD006164,Ekart,2025-04-11,2025-04-15,Delivered
SHP006165,ORD006165,DTDC,2025-05-20,2025-05-25,Delivered
SHP006166,ORD006166,XpressBees,2025-01-08,,Pending
SHP006167,ORD006167,XpressBees,2025-05-24,2025-05-28,Delivered
SHP006168,ORD006168,DTDC,2025-05-17,2025-05-22,Delivered
SHP006169,ORD006169,Amazon Logistics,2025-02-06,,Shipped
SHP006170,ORD006170,BlueDart,2025-01-28,,Pending
SHP006171,ORD006171,DTDC,2025-05-05,2025-05-11,Delivered
SHP006172,ORD006172,Amazon Logistics,2025-03-15,,Processing
SHP006173,ORD006173,XpressBees,2025-03-05,2025-03-10,Delivered
SHP006174,ORD006174,XpressBees,2025-02-26,,Shipped
SHP006175,ORD006175,DTDC,2025-06-13,2025-06-19,Delivered
SHP006176,ORD006176,DTDC,2025-01-18,2025-01-22,Delivered
SHP006177,ORD006177,Ekart,2025-06-21,2025-06-23,Delivered
SHP006178,ORD006178,DTDC,2025-01-19,2025-01-25,Delivered
SHP006179,ORD006179,BlueDart,2025-01-15,2025-01-17,Delivered
SHP006180,ORD006180,DTDC,2025-05-12,2025-05-18,Delivered
SHP006181,ORD006181,Amazon Logistics,2025-01-23,2025-01-29,Delivered
SHP006182,ORD006182,Delhivery,2025-03-25,2025-03-29,Delivered
SHP006183,ORD006183,Ekart,2025-05-10,2025-05-13,Delivered
SHP006184,ORD006184,Delhivery,2025-01-28,2025-01-31,Delivered
SHP006185,ORD006185,BlueDart,2025-04-27,2025-05-03,Delivered
SHP006186,ORD006186,Amazon Logistics,2025-01-12,2025-01-14,Delivered
SHP006187,ORD006187,Delhivery,2025-03-20,,Shipped
SHP006188,ORD006188,DTDC,2025-02-06,2025-02-10,Delivered
SHP006189,ORD006189,BlueDart,2025-05-23,,Shipped
SHP006190,ORD006190,BlueDart,2025-02-16,2025-02-20,Delivered
SHP006191,ORD006191,DTDC,2025-02-01,2025-02-07,Delivered
SHP006192,ORD006192,DTDC,2025-04-19,,Pending
SHP006193,ORD006193,DTDC,2025-05-07,2025-05-12,Delivered
SHP006194,ORD006194,DTDC,2025-03-01,,Shipped
SHP006195,ORD006195,Ekart,2025-03-04,2025-03-07,Delivered
SHP006196,ORD006196,XpressBees,2025-06-22,2025-06-24,Delivered
SHP006197,ORD006197,DTDC,2025-04-15,,Cancelled
SHP006198,ORD006198,XpressBees,2025-03-23,,Shipped
SHP006199,ORD006199,BlueDart,2025-05-31,,Processing
SHP006200,ORD006200,DTDC,2025-03-30,2025-04-01,Delivered
SHP006201,ORD006201,XpressBees,2025-02-15,,Pending
SHP006202,ORD006202,BlueDart,2025-02-19,2025-02-24,Delivered
SHP006203,ORD006203,Amazon Logistics,2025-01-04,2025-01-09,Delivered
SHP006204,ORD006204,Ekart,2025-01-30,,Pending
SHP006205,ORD006205,BlueDart,2025-05-15,2025-05-21,Delivered
SHP006206,ORD006206,Ekart,2025-03-28,2025-03-30,Delivered
SHP006207,ORD006207,Amazon Logistics,2025-05-25,2025-05-31,Delivered
SHP006208,ORD006208,BlueDart,2025-01-19,2025-01-24,Delivered
SHP006209,ORD006209,Amazon Logistics,2025-04-22,2025-04-28,Delivered
SHP006210,ORD006210,Amazon Logistics,2025-02-01,2025-02-06,Delivered
SHP006211,ORD006211,XpressBees,2025-05-18,2025-05-23,Delivered
SHP006212,ORD006212,XpressBees,2025-02-08,2025-02-10,Delivered
SHP006213,ORD006213,BlueDart,2025-01-29,2025-02-01,Delivered
SHP006214,ORD006214,Delhivery,2025-05-20,2025-05-22,Delivered
SHP006215,ORD006215,Delhivery,2025-06-02,2025-06-04,Delivered
SHP006216,ORD006216,Delhivery,2025-05-21,,Shipped
SHP006217,ORD006217,XpressBees,2025-01-31,2025-02-02,Delivered
SHP006218,ORD006218,Ekart,2025-03-31,,Pending
SHP006219,ORD006219,XpressBees,2025-05-21,2025-05-23,Delivered
SHP006220,ORD006220,Delhivery,2025-03-01,2025-03-07,Delivered
SHP006221,ORD006221,Delhivery,2025-05-04,,Cancelled
SHP006222,ORD006222,Delhivery,2025-03-26,2025-03-30,Delivered
SHP006223,ORD006223,XpressBees,2025-04-18,2025-04-21,Delivered
SHP006224,ORD006224,BlueDart,2025-02-14,2025-02-19,Delivered
SHP006225,ORD006225,Delhivery,2025-02-27,2025-03-01,Delivered
SHP006226,ORD006226,BlueDart,2025-05-20,,Shipped
SHP006227,ORD006227,DTDC,2025-05-16,2025-05-20,Delivered
SHP006228,ORD006228,BlueDart,2025-02-12,2025-02-17,Delivered
SHP006229,ORD006229,BlueDart,2025-05-23,2025-05-29,Delivered
SHP006230,ORD006230,Delhivery,2025-04-21,2025-04-23,Delivered
SHP006231,ORD006231,DTDC,2025-04-06,2025-04-12,Delivered
SHP006232,ORD006232,DTDC,2025-04-30,2025-05-03,Delivered
SHP006233,ORD006233,XpressBees,2025-03-17,2025-03-22,Delivered
SHP006234,ORD006234,Amazon Logistics,2025-05-20,,Cancelled
SHP006235,ORD006235,Amazon Logistics,2025-06-01,2025-06-03,Delivered
SHP006236,ORD006236,Ekart,2025-05-10,2025-05-15,Delivered
SHP006237,ORD006237,Delhivery,2025-04-26,2025-05-01,Delivered
SHP006238,ORD006238,Delhivery,2025-04-08,,Pending
SHP006239,ORD006239,XpressBees,2025-03-30,2025-04-05,Delivered
SHP006240,ORD006240,BlueDart,2025-06-08,2025-06-14,Delivered
SHP006241,ORD006241,Ekart,2025-03-16,2025-03-22,Delivered
SHP006242,ORD006242,Ekart,2025-03-20,,Processing
SHP006243,ORD006243,Amazon Logistics,2025-04-25,2025-04-27,Delivered
SHP006244,ORD006244,Amazon Logistics,2025-06-23,2025-06-29,Delivered
SHP006245,ORD006245,Ekart,2025-01-14,2025-01-19,Delivered
SHP006246,ORD006246,Ekart,2025-05-26,2025-06-01,Delivered
SHP006247,ORD006247,DTDC,2025-04-10,2025-04-12,Delivered
SHP006248,ORD006248,BlueDart,2025-02-06,2025-02-12,Delivered
SHP006249,ORD006249,BlueDart,2025-02-04,2025-02-09,Delivered
SHP006250,ORD006250,XpressBees,2025-03-06,,Shipped
SHP006251,ORD006251,BlueDart,2025-04-24,,Processing
SHP006252,ORD006252,BlueDart,2025-04-22,2025-04-27,Delivered
SHP006253,ORD006253,DTDC,2025-02-26,2025-03-02,Delivered
SHP006254,ORD006254,BlueDart,2025-01-24,2025-01-26,Delivered
SHP006255,ORD006255,DTDC,2025-06-23,2025-06-25,Delivered
SHP006256,ORD006256,Ekart,2025-02-02,2025-02-05,Delivered
SHP006257,ORD006257,DTDC,2025-01-09,2025-01-13,Delivered
SHP006258,ORD006258,XpressBees,2025-05-09,2025-05-14,Delivered
SHP006259,ORD006259,Ekart,2025-03-10,2025-03-16,Delivered
SHP006260,ORD006260,Ekart,2025-02-13,2025-02-15,Delivered
SHP006261,ORD006261,DTDC,2025-01-11,2025-01-17,Delivered
SHP006262,ORD006262,XpressBees,2025-06-12,2025-06-14,Delivered
SHP006263,ORD006263,BlueDart,2025-01-19,2025-01-25,Delivered
SHP006264,ORD006264,Delhivery,2025-03-21,,Processing
SHP006265,ORD006265,Delhivery,2025-01-30,2025-02-02,Delivered
SHP006266,ORD006266,Delhivery,2025-04-07,2025-04-12,Delivered
SHP006267,ORD006267,DTDC,2025-03-16,2025-03-19,Returned
SHP006268,ORD006268,Amazon Logistics,2025-06-15,,Pending
SHP006269,ORD006269,Delhivery,2025-03-22,2025-03-24,Delivered
SHP006270,ORD006270,Ekart,2025-05-06,2025-05-10,Delivered
SHP006271,ORD006271,XpressBees,2025-04-29,,Pending
SHP006272,ORD006272,DTDC,2025-06-18,2025-06-21,Delivered
SHP006273,ORD006273,Amazon Logistics,2025-01-19,2025-01-25,Delivered
SHP006274,ORD006274,DTDC,2025-06-21,2025-06-24,Delivered
SHP006275,ORD006275,DTDC,2025-01-12,2025-01-18,Delivered
SHP006276,ORD006276,Delhivery,2025-06-23,2025-06-27,Delivered
SHP006277,ORD006277,Amazon Logistics,2025-04-22,2025-04-27,Delivered
SHP006278,ORD006278,Ekart,2025-06-09,,Processing
SHP006279,ORD006279,BlueDart,2025-04-20,2025-04-24,Delivered
SHP006280,ORD006280,Delhivery,2025-04-16,2025-04-19,Delivered
SHP006281,ORD006281,BlueDart,2025-06-28,2025-07-04,Delivered
SHP006282,ORD006282,XpressBees,2025-03-01,2025-03-04,Delivered
SHP006283,ORD006283,DTDC,2025-02-01,,Cancelled
SHP006284,ORD006284,XpressBees,2025-06-20,2025-06-26,Delivered
SHP006285,ORD006285,XpressBees,2025-01-26,,Shipped
SHP006286,ORD006286,Delhivery,2025-04-11,,Cancelled
SHP006287,ORD006287,Amazon Logistics,2025-04-16,,Processing
SHP006288,ORD006288,Delhivery,2025-04-28,2025-05-02,Delivered
SHP006289,ORD006289,XpressBees,2025-06-26,2025-06-28,Delivered
SHP006290,ORD006290,Amazon Logistics,2025-06-21,2025-06-26,Delivered
SHP006291,ORD006291,Amazon Logistics,2025-06-25,2025-07-01,Delivered
SHP006292,ORD006292,Delhivery,2025-06-01,,Cancelled
SHP006293,ORD006293,XpressBees,2025-04-25,2025-04-30,Delivered
SHP006294,ORD006294,Amazon Logistics,2025-04-17,,Shipped
SHP006295,ORD006295,BlueDart,2025-06-23,,Cancelled
SHP006296,ORD006296,XpressBees,2025-03-14,2025-03-16,Delivered
SHP006297,ORD006297,Ekart,2025-04-28,,Processing
SHP006298,ORD006298,Ekart,2025-03-08,2025-03-10,Delivered
SHP006299,ORD006299,Delhivery,2025-03-08,2025-03-11,Delivered
SHP006300,ORD006300,Ekart,2025-03-13,,Cancelled
SHP006301,ORD006301,Amazon Logistics,2025-03-15,2025-03-18,Delivered
SHP006302,ORD006302,Amazon Logistics,2025-03-18,2025-03-22,Delivered
SHP006303,ORD006303,BlueDart,2025-03-03,2025-03-06,Delivered
SHP006304,ORD006304,Delhivery,2025-03-16,2025-03-20,Delivered
SHP006305,ORD006305,DTDC,2025-01-19,2025-01-25,Delivered
SHP006306,ORD006306,BlueDart,2025-03-06,,Processing
SHP006307,ORD006307,Amazon Logistics,2025-05-07,2025-05-09,Delivered
SHP006308,ORD006308,Delhivery,2025-06-22,2025-06-26,Delivered
SHP006309,ORD006309,XpressBees,2025-03-30,2025-04-03,Delivered
SHP006310,ORD006310,Delhivery,2025-03-17,2025-03-20,Delivered
SHP006311,ORD006311,Amazon Logistics,2025-06-26,2025-06-30,Delivered
SHP006312,ORD006312,XpressBees,2025-02-18,2025-02-21,Delivered
SHP006313,ORD006313,Delhivery,2025-06-11,2025-06-15,Delivered
SHP006314,ORD006314,DTDC,2025-03-03,2025-03-08,Delivered
SHP006315,ORD006315,Delhivery,2025-05-10,2025-05-16,Delivered
SHP006316,ORD006316,DTDC,2025-02-24,2025-02-28,Delivered
SHP006317,ORD006317,Ekart,2025-07-01,2025-07-04,Delivered
SHP006318,ORD006318,DTDC,2025-05-11,2025-05-13,Delivered
SHP006319,ORD006319,Delhivery,2025-02-11,2025-02-13,Delivered
SHP006320,ORD006320,BlueDart,2025-04-27,2025-04-30,Returned
SHP006321,ORD006321,BlueDart,2025-04-19,2025-04-23,Returned
SHP006322,ORD006322,Ekart,2025-06-07,,Processing
SHP006323,ORD006323,Amazon Logistics,2025-03-25,,Processing
SHP006324,ORD006324,Ekart,2025-03-19,2025-03-22,Delivered
SHP006325,ORD006325,Delhivery,2025-03-16,,Shipped
SHP006326,ORD006326,Amazon Logistics,2025-01-14,2025-01-17,Delivered
SHP006327,ORD006327,BlueDart,2025-01-15,,Shipped
SHP006328,ORD006328,Ekart,2025-06-28,2025-06-30,Delivered
SHP006329,ORD006329,BlueDart,2025-03-08,,Shipped
SHP006330,ORD006330,DTDC,2025-06-01,,Pending
SHP006331,ORD006331,XpressBees,2025-05-24,2025-05-29,Delivered
SHP006332,ORD006332,BlueDart,2025-05-06,2025-05-08,Delivered
SHP006333,ORD006333,Ekart,2025-02-17,2025-02-23,Delivered
SHP006334,ORD006334,Ekart,2025-01-31,2025-02-02,Delivered
SHP006335,ORD006335,DTDC,2025-06-22,2025-06-27,Delivered
SHP006336,ORD006336,Delhivery,2025-04-24,,Processing
SHP006337,ORD006337,Ekart,2025-05-31,2025-06-05,Delivered
SHP006338,ORD006338,BlueDart,2025-06-24,,Cancelled
SHP006339,ORD006339,Amazon Logistics,2025-03-25,,Cancelled
SHP006340,ORD006340,BlueDart,2025-02-04,,Pending
SHP006341,ORD006341,DTDC,2025-03-25,2025-03-29,Delivered
SHP006342,ORD006342,XpressBees,2025-05-18,2025-05-22,Delivered
SHP006343,ORD006343,BlueDart,2025-07-01,,Processing
SHP006344,ORD006344,Delhivery,2025-06-02,2025-06-04,Delivered
SHP006345,ORD006345,BlueDart,2025-04-20,,Shipped
SHP006346,ORD006346,DTDC,2025-03-17,2025-03-20,Delivered
SHP006347,ORD006347,Delhivery,2025-05-25,,Shipped
SHP006348,ORD006348,Amazon Logistics,2025-03-26,2025-04-01,Delivered
SHP006349,ORD006349,Delhivery,2025-06-07,2025-06-10,Delivered
SHP006350,ORD006350,Amazon Logistics,2025-04-08,2025-04-12,Delivered
SHP006351,ORD006351,Delhivery,2025-02-28,2025-03-02,Delivered
SHP006352,ORD006352,Ekart,2025-03-02,2025-03-07,Delivered
SHP006353,ORD006353,Amazon Logistics,2025-01-05,2025-01-08,Delivered
SHP006354,ORD006354,Ekart,2025-05-07,2025-05-11,Delivered
SHP006355,ORD006355,Delhivery,2025-02-22,2025-02-27,Delivered
SHP006356,ORD006356,Delhivery,2025-06-25,2025-07-01,Delivered
SHP006357,ORD006357,XpressBees,2025-03-14,2025-03-16,Delivered
SHP006358,ORD006358,XpressBees,2025-04-11,,Pending
SHP006359,ORD006359,BlueDart,2025-01-27,,Shipped
SHP006360,ORD006360,BlueDart,2025-06-10,2025-06-14,Delivered
SHP006361,ORD006361,Ekart,2025-02-09,2025-02-12,Delivered
SHP006362,ORD006362,BlueDart,2025-01-24,2025-01-26,Delivered
SHP006363,ORD006363,XpressBees,2025-05-14,,Shipped
SHP006364,ORD006364,XpressBees,2025-06-25,2025-07-01,Delivered
SHP006365,ORD006365,XpressBees,2025-04-10,2025-04-15,Delivered
SHP006366,ORD006366,BlueDart,2025-01-04,,Processing
SHP006367,ORD006367,DTDC,2025-01-24,2025-01-27,Delivered
SHP006368,ORD006368,Amazon Logistics,2025-03-01,2025-03-03,Delivered
SHP006369,ORD006369,DTDC,2025-04-21,2025-04-26,Delivered
SHP006370,ORD006370,Amazon Logistics,2025-01-28,2025-02-01,Delivered
SHP006371,ORD006371,BlueDart,2025-04-18,2025-04-22,Delivered
SHP006372,ORD006372,XpressBees,2025-04-10,,Shipped
SHP006373,ORD006373,XpressBees,2025-05-13,,Processing
SHP006374,ORD006374,Amazon Logistics,2025-03-28,2025-04-01,Delivered
SHP006375,ORD006375,XpressBees,2025-06-15,2025-06-18,Delivered
SHP006376,ORD006376,Amazon Logistics,2025-06-19,2025-06-25,Delivered
SHP006377,ORD006377,DTDC,2025-03-06,2025-03-11,Delivered
SHP006378,ORD006378,DTDC,2025-04-15,2025-04-17,Delivered
SHP006379,ORD006379,Ekart,2025-01-22,2025-01-26,Delivered
SHP006380,ORD006380,BlueDart,2025-05-25,,Shipped
SHP006381,ORD006381,Ekart,2025-04-16,2025-04-19,Delivered
SHP006382,ORD006382,Amazon Logistics,2025-03-19,2025-03-23,Delivered
SHP006383,ORD006383,Amazon Logistics,2025-02-13,2025-02-17,Delivered
SHP006384,ORD006384,XpressBees,2025-02-20,2025-02-25,Returned
SHP006385,ORD006385,Ekart,2025-04-03,2025-04-05,Delivered
SHP006386,ORD006386,DTDC,2025-02-22,2025-02-28,Delivered
SHP006387,ORD006387,Amazon Logistics,2025-05-21,2025-05-24,Delivered
SHP006388,ORD006388,Delhivery,2025-07-01,2025-07-07,Delivered
SHP006389,ORD006389,Amazon Logistics,2025-05-29,2025-05-31,Delivered
SHP006390,ORD006390,Delhivery,2025-03-01,2025-03-05,Delivered
SHP006391,ORD006391,Delhivery,2025-04-17,2025-04-20,Delivered
SHP006392,ORD006392,Ekart,2025-07-01,2025-07-05,Delivered
SHP006393,ORD006393,Amazon Logistics,2025-04-21,2025-04-24,Delivered
SHP006394,ORD006394,Amazon Logistics,2025-03-30,,Shipped
SHP006395,ORD006395,Delhivery,2025-02-09,2025-02-12,Delivered
SHP006396,ORD006396,Delhivery,2025-05-13,2025-05-16,Delivered
SHP006397,ORD006397,BlueDart,2025-01-13,,Processing
SHP006398,ORD006398,BlueDart,2025-05-11,2025-05-17,Delivered
SHP006399,ORD006399,BlueDart,2025-02-24,2025-03-01,Delivered
SHP006400,ORD006400,Delhivery,2025-03-28,2025-04-03,Delivered
SHP006401,ORD006401,Ekart,2025-05-12,2025-05-16,Delivered
SHP006402,ORD006402,XpressBees,2025-06-13,2025-06-17,Delivered
SHP006403,ORD006403,Delhivery,2025-03-30,2025-04-01,Delivered
SHP006404,ORD006404,BlueDart,2025-02-26,2025-03-01,Delivered
SHP006405,ORD006405,XpressBees,2025-06-18,2025-06-22,Delivered
SHP006406,ORD006406,Delhivery,2025-03-10,2025-03-15,Returned
SHP006407,ORD006407,BlueDart,2025-06-22,2025-06-24,Delivered
SHP006408,ORD006408,Delhivery,2025-04-15,2025-04-20,Delivered
SHP006409,ORD006409,BlueDart,2025-03-23,2025-03-28,Delivered
SHP006410,ORD006410,XpressBees,2025-06-22,2025-06-24,Delivered
SHP006411,ORD006411,BlueDart,2025-03-22,2025-03-26,Delivered
SHP006412,ORD006412,Ekart,2025-01-29,2025-01-31,Delivered
SHP006413,ORD006413,Amazon Logistics,2025-01-28,2025-02-01,Delivered
SHP006414,ORD006414,BlueDart,2025-05-02,,Processing
SHP006415,ORD006415,Delhivery,2025-03-18,2025-03-22,Delivered
SHP006416,ORD006416,Delhivery,2025-04-08,2025-04-14,Delivered
SHP006417,ORD006417,XpressBees,2025-03-31,,Processing
SHP006418,ORD006418,DTDC,2025-06-24,2025-06-30,Delivered
SHP006419,ORD006419,Ekart,2025-05-17,2025-05-20,Delivered
SHP006420,ORD006420,BlueDart,2025-04-27,2025-05-03,Delivered
SHP006421,ORD006421,BlueDart,2025-02-14,2025-02-18,Delivered
SHP006422,ORD006422,Delhivery,2025-06-22,2025-06-27,Delivered
SHP006423,ORD006423,Amazon Logistics,2025-04-25,2025-04-29,Delivered
SHP006424,ORD006424,XpressBees,2025-06-09,2025-06-13,Delivered
SHP006425,ORD006425,XpressBees,2025-04-14,2025-04-17,Delivered
SHP006426,ORD006426,BlueDart,2025-05-22,2025-05-28,Delivered
SHP006427,ORD006427,BlueDart,2025-05-21,,Processing
SHP006428,ORD006428,Amazon Logistics,2025-01-19,,Cancelled
SHP006429,ORD006429,BlueDart,2025-05-05,2025-05-11,Delivered
SHP006430,ORD006430,BlueDart,2025-06-08,2025-06-14,Delivered
SHP006431,ORD006431,Amazon Logistics,2025-03-20,2025-03-24,Delivered
SHP006432,ORD006432,Ekart,2025-02-19,2025-02-21,Delivered
SHP006433,ORD006433,Ekart,2025-05-30,,Pending
SHP006434,ORD006434,Amazon Logistics,2025-06-23,,Shipped
SHP006435,ORD006435,DTDC,2025-03-18,2025-03-22,Delivered
SHP006436,ORD006436,Ekart,2025-02-06,2025-02-09,Delivered
SHP006437,ORD006437,Delhivery,2025-01-04,,Shipped
SHP006438,ORD006438,Amazon Logistics,2025-02-05,,Cancelled
SHP006439,ORD006439,Ekart,2025-05-21,2025-05-25,Delivered
SHP006440,ORD006440,Delhivery,2025-05-05,2025-05-10,Delivered
SHP006441,ORD006441,XpressBees,2025-05-06,2025-05-11,Delivered
SHP006442,ORD006442,Amazon Logistics,2025-02-20,2025-02-26,Returned
SHP006443,ORD006443,XpressBees,2025-06-14,,Shipped
SHP006444,ORD006444,Delhivery,2025-03-29,2025-04-04,Delivered
SHP006445,ORD006445,Amazon Logistics,2025-01-31,2025-02-05,Delivered
SHP006446,ORD006446,DTDC,2025-04-11,,Shipped
SHP006447,ORD006447,Delhivery,2025-01-30,2025-02-03,Delivered
SHP006448,ORD006448,BlueDart,2025-04-24,2025-04-29,Delivered
SHP006449,ORD006449,XpressBees,2025-04-27,,Pending
SHP006450,ORD006450,XpressBees,2025-05-17,,Shipped
SHP006451,ORD006451,Amazon Logistics,2025-06-20,2025-06-23,Delivered
SHP006452,ORD006452,Amazon Logistics,2025-05-06,2025-05-11,Delivered
SHP006453,ORD006453,Delhivery,2025-01-17,,Shipped
SHP006454,ORD006454,BlueDart,2025-05-06,,Cancelled
SHP006455,ORD006455,Ekart,2025-05-03,2025-05-07,Delivered
SHP006456,ORD006456,DTDC,2025-04-26,2025-05-02,Delivered
SHP006457,ORD006457,Amazon Logistics,2025-02-10,2025-02-12,Delivered
SHP006458,ORD006458,BlueDart,2025-06-15,2025-06-20,Delivered
SHP006459,ORD006459,Delhivery,2025-04-17,2025-04-20,Delivered
SHP006460,ORD006460,DTDC,2025-01-09,2025-01-14,Delivered
SHP006461,ORD006461,DTDC,2025-05-03,2025-05-08,Delivered
SHP006462,ORD006462,DTDC,2025-06-23,2025-06-25,Delivered
SHP006463,ORD006463,Ekart,2025-03-21,2025-03-25,Delivered
SHP006464,ORD006464,Ekart,2025-04-23,2025-04-25,Delivered
SHP006465,ORD006465,Amazon Logistics,2025-04-14,2025-04-17,Delivered
SHP006466,ORD006466,Amazon Logistics,2025-06-09,2025-06-15,Delivered
SHP006467,ORD006467,Delhivery,2025-04-09,2025-04-13,Delivered
SHP006468,ORD006468,Ekart,2025-02-17,2025-02-22,Delivered
SHP006469,ORD006469,BlueDart,2025-05-02,,Cancelled
SHP006470,ORD006470,Delhivery,2025-02-25,2025-02-27,Delivered
SHP006471,ORD006471,Ekart,2025-01-20,2025-01-22,Delivered
SHP006472,ORD006472,DTDC,2025-02-24,2025-03-01,Delivered
SHP006473,ORD006473,Delhivery,2025-04-10,2025-04-12,Delivered
SHP006474,ORD006474,DTDC,2025-06-24,,Shipped
SHP006475,ORD006475,DTDC,2025-04-28,2025-05-04,Delivered
SHP006476,ORD006476,DTDC,2025-05-30,2025-06-04,Delivered
SHP006477,ORD006477,XpressBees,2025-04-08,2025-04-11,Delivered
SHP006478,ORD006478,Ekart,2025-05-17,,Shipped
SHP006479,ORD006479,Ekart,2025-05-08,,Cancelled
SHP006480,ORD006480,Amazon Logistics,2025-06-10,,Pending
SHP006481,ORD006481,Delhivery,2025-04-30,,Shipped
SHP006482,ORD006482,Amazon Logistics,2025-03-09,2025-03-14,Delivered
SHP006483,ORD006483,Amazon Logistics,2025-06-25,,Processing
SHP006484,ORD006484,BlueDart,2025-02-28,2025-03-04,Delivered
SHP006485,ORD006485,BlueDart,2025-02-02,2025-02-04,Delivered
SHP006486,ORD006486,XpressBees,2025-05-16,2025-05-19,Delivered
SHP006487,ORD006487,DTDC,2025-02-04,2025-02-07,Delivered
SHP006488,ORD006488,Amazon Logistics,2025-06-17,2025-06-21,Delivered
SHP006489,ORD006489,DTDC,2025-04-27,2025-05-03,Delivered
SHP006490,ORD006490,Delhivery,2025-07-01,2025-07-04,Delivered
SHP006491,ORD006491,XpressBees,2025-03-17,2025-03-21,Delivered
SHP006492,ORD006492,DTDC,2025-06-09,2025-06-14,Delivered
SHP006493,ORD006493,BlueDart,2025-05-31,2025-06-04,Delivered
SHP006494,ORD006494,Ekart,2025-03-21,2025-03-24,Delivered
SHP006495,ORD006495,DTDC,2025-02-19,2025-02-24,Delivered
SHP006496,ORD006496,Delhivery,2025-02-23,,Pending
SHP006497,ORD006497,BlueDart,2025-06-14,2025-06-18,Delivered
SHP006498,ORD006498,DTDC,2025-02-04,2025-02-06,Delivered
SHP006499,ORD006499,BlueDart,2025-05-29,2025-06-04,Delivered
SHP006500,ORD006500,Delhivery,2025-02-21,,Pending
SHP006501,ORD006501,BlueDart,2025-04-25,2025-04-30,Delivered
SHP006502,ORD006502,Ekart,2025-03-01,,Processing
SHP006503,ORD006503,Delhivery,2025-05-22,,Shipped
SHP006504,ORD006504,BlueDart,2025-06-16,2025-06-20,Delivered
SHP006505,ORD006505,BlueDart,2025-04-20,2025-04-25,Delivered
SHP006506,ORD006506,Delhivery,2025-03-04,2025-03-07,Delivered
SHP006507,ORD006507,XpressBees,2025-03-31,2025-04-05,Delivered
SHP006508,ORD006508,Ekart,2025-02-23,2025-02-26,Delivered
SHP006509,ORD006509,Amazon Logistics,2025-06-15,2025-06-17,Delivered
SHP006510,ORD006510,Delhivery,2025-01-20,2025-01-25,Delivered
SHP006511,ORD006511,Ekart,2025-01-11,2025-01-13,Delivered
SHP006512,ORD006512,DTDC,2025-04-10,2025-04-12,Delivered
SHP006513,ORD006513,Delhivery,2025-04-25,2025-05-01,Delivered
SHP006514,ORD006514,Ekart,2025-02-21,,Cancelled
SHP006515,ORD006515,BlueDart,2025-05-28,2025-05-31,Delivered
SHP006516,ORD006516,DTDC,2025-03-11,2025-03-16,Delivered
SHP006517,ORD006517,DTDC,2025-04-12,,Pending
SHP006518,ORD006518,Amazon Logistics,2025-03-27,2025-03-29,Delivered
SHP006519,ORD006519,BlueDart,2025-03-16,2025-03-19,Delivered
SHP006520,ORD006520,DTDC,2025-03-03,,Processing
SHP006521,ORD006521,DTDC,2025-06-23,2025-06-26,Delivered
SHP006522,ORD006522,Delhivery,2025-01-16,,Processing
SHP006523,ORD006523,BlueDart,2025-05-17,2025-05-19,Delivered
SHP006524,ORD006524,Amazon Logistics,2025-02-25,2025-03-01,Delivered
SHP006525,ORD006525,XpressBees,2025-06-26,2025-07-01,Delivered
SHP006526,ORD006526,Ekart,2025-03-18,2025-03-24,Delivered
SHP006527,ORD006527,DTDC,2025-03-01,,Cancelled
SHP006528,ORD006528,DTDC,2025-04-26,2025-05-02,Delivered
SHP006529,ORD006529,Amazon Logistics,2025-04-06,2025-04-08,Delivered
SHP006530,ORD006530,DTDC,2025-01-02,2025-01-08,Delivered
SHP006531,ORD006531,DTDC,2025-02-20,2025-02-23,Delivered
SHP006532,ORD006532,Delhivery,2025-01-25,2025-01-31,Delivered
SHP006533,ORD006533,BlueDart,2025-04-17,,Shipped
SHP006534,ORD006534,Delhivery,2025-05-15,2025-05-19,Delivered
SHP006535,ORD006535,BlueDart,2025-03-18,2025-03-22,Delivered
SHP006536,ORD006536,Amazon Logistics,2025-06-06,2025-06-09,Delivered
SHP006537,ORD006537,Ekart,2025-01-30,2025-02-05,Delivered
SHP006538,ORD006538,XpressBees,2025-02-26,2025-03-03,Delivered
SHP006539,ORD006539,Delhivery,2025-04-07,2025-04-09,Delivered
SHP006540,ORD006540,Amazon Logistics,2025-04-19,,Shipped
SHP006541,ORD006541,DTDC,2025-06-07,2025-06-09,Delivered
SHP006542,ORD006542,DTDC,2025-01-14,2025-01-19,Returned
SHP006543,ORD006543,Ekart,2025-03-20,2025-03-22,Delivered
SHP006544,ORD006544,DTDC,2025-06-09,,Pending
SHP006545,ORD006545,XpressBees,2025-06-24,2025-06-29,Delivered
SHP006546,ORD006546,Amazon Logistics,2025-05-27,2025-05-31,Delivered
SHP006547,ORD006547,Delhivery,2025-03-20,2025-03-25,Delivered
SHP006548,ORD006548,DTDC,2025-02-14,2025-02-18,Delivered
SHP006549,ORD006549,DTDC,2025-03-11,2025-03-17,Delivered
SHP006550,ORD006550,Amazon Logistics,2025-03-07,,Processing
SHP006551,ORD006551,DTDC,2025-02-01,2025-02-04,Delivered
SHP006552,ORD006552,Amazon Logistics,2025-06-17,,Pending
SHP006553,ORD006553,Amazon Logistics,2025-05-22,2025-05-27,Delivered
SHP006554,ORD006554,BlueDart,2025-02-10,,Cancelled
SHP006555,ORD006555,Amazon Logistics,2025-04-19,2025-04-21,Delivered
SHP006556,ORD006556,DTDC,2025-03-17,2025-03-20,Delivered
SHP006557,ORD006557,Ekart,2025-06-27,2025-06-29,Delivered
SHP006558,ORD006558,Ekart,2025-06-06,,Cancelled
SHP006559,ORD006559,Delhivery,2025-05-11,,Pending
SHP006560,ORD006560,Amazon Logistics,2025-02-10,,Shipped
SHP006561,ORD006561,XpressBees,2025-01-25,,Shipped
SHP006562,ORD006562,DTDC,2025-06-23,,Cancelled
SHP006563,ORD006563,XpressBees,2025-05-11,2025-05-17,Delivered
SHP006564,ORD006564,Delhivery,2025-05-01,2025-05-07,Delivered
SHP006565,ORD006565,Amazon Logistics,2025-02-22,2025-02-25,Delivered
SHP006566,ORD006566,XpressBees,2025-03-29,2025-04-03,Delivered
SHP006567,ORD006567,Amazon Logistics,2025-03-03,2025-03-08,Delivered
SHP006568,ORD006568,Amazon Logistics,2025-06-11,2025-06-16,Delivered
SHP006569,ORD006569,DTDC,2025-06-22,,Cancelled
SHP006570,ORD006570,XpressBees,2025-06-19,2025-06-21,Delivered
SHP006571,ORD006571,XpressBees,2025-04-30,,Shipped
SHP006572,ORD006572,XpressBees,2025-01-04,2025-01-07,Delivered
SHP006573,ORD006573,Ekart,2025-05-25,2025-05-31,Delivered
SHP006574,ORD006574,DTDC,2025-03-18,,Cancelled
SHP006575,ORD006575,Delhivery,2025-05-25,,Processing
SHP006576,ORD006576,XpressBees,2025-05-18,,Cancelled
SHP006577,ORD006577,XpressBees,2025-01-20,2025-01-22,Delivered
SHP006578,ORD006578,Amazon Logistics,2025-04-10,,Pending
SHP006579,ORD006579,Delhivery,2025-06-28,2025-07-02,Delivered
SHP006580,ORD006580,XpressBees,2025-03-19,2025-03-23,Delivered
SHP006581,ORD006581,Delhivery,2025-02-18,2025-02-21,Delivered
SHP006582,ORD006582,XpressBees,2025-03-12,2025-03-14,Delivered
SHP006583,ORD006583,DTDC,2025-05-11,2025-05-17,Delivered
SHP006584,ORD006584,Amazon Logistics,2025-01-14,,Cancelled
SHP006585,ORD006585,Delhivery,2025-04-12,2025-04-15,Delivered
SHP006586,ORD006586,Ekart,2025-01-24,2025-01-26,Delivered
SHP006587,ORD006587,BlueDart,2025-04-07,,Cancelled
SHP006588,ORD006588,BlueDart,2025-03-17,,Shipped
SHP006589,ORD006589,DTDC,2025-01-17,2025-01-20,Delivered
SHP006590,ORD006590,Delhivery,2025-03-29,2025-04-03,Delivered
SHP006591,ORD006591,DTDC,2025-03-20,2025-03-24,Delivered
SHP006592,ORD006592,Ekart,2025-05-14,2025-05-19,Delivered
SHP006593,ORD006593,DTDC,2025-06-19,2025-06-22,Delivered
SHP006594,ORD006594,BlueDart,2025-01-19,2025-01-23,Delivered
SHP006595,ORD006595,BlueDart,2025-03-25,2025-03-30,Delivered
SHP006596,ORD006596,Ekart,2025-02-03,2025-02-08,Delivered
SHP006597,ORD006597,Amazon Logistics,2025-06-24,2025-06-30,Delivered
SHP006598,ORD006598,Delhivery,2025-06-22,,Cancelled
SHP006599,ORD006599,DTDC,2025-01-08,,Shipped
SHP006600,ORD006600,Ekart,2025-05-09,2025-05-14,Delivered
SHP006601,ORD006601,Delhivery,2025-05-14,2025-05-16,Returned
SHP006602,ORD006602,Amazon Logistics,2025-03-03,2025-03-05,Delivered
SHP006603,ORD006603,BlueDart,2025-01-03,,Pending
SHP006604,ORD006604,Amazon Logistics,2025-03-04,2025-03-08,Delivered
SHP006605,ORD006605,Ekart,2025-06-18,,Shipped
SHP006606,ORD006606,XpressBees,2025-01-14,,Shipped
SHP006607,ORD006607,Delhivery,2025-01-12,2025-01-17,Delivered
SHP006608,ORD006608,Delhivery,2025-06-08,2025-06-14,Delivered
SHP006609,ORD006609,Ekart,2025-05-09,2025-05-13,Delivered
SHP006610,ORD006610,Delhivery,2025-02-14,2025-02-16,Delivered
SHP006611,ORD006611,Ekart,2025-06-17,,Shipped
SHP006612,ORD006612,Amazon Logistics,2025-05-04,2025-05-09,Delivered
SHP006613,ORD006613,BlueDart,2025-05-29,2025-06-01,Delivered
SHP006614,ORD006614,Delhivery,2025-04-18,,Shipped
SHP006615,ORD006615,Amazon Logistics,2025-06-08,2025-06-12,Delivered
SHP006616,ORD006616,Amazon Logistics,2025-03-09,,Shipped
SHP006617,ORD006617,XpressBees,2025-03-23,2025-03-27,Delivered
SHP006618,ORD006618,BlueDart,2025-01-12,2025-01-18,Delivered
SHP006619,ORD006619,BlueDart,2025-03-18,2025-03-22,Delivered
SHP006620,ORD006620,Amazon Logistics,2025-01-15,,Cancelled
SHP006621,ORD006621,Ekart,2025-03-02,2025-03-05,Delivered
SHP006622,ORD006622,DTDC,2025-05-10,2025-05-15,Delivered
SHP006623,ORD006623,DTDC,2025-02-26,2025-03-02,Delivered
SHP006624,ORD006624,XpressBees,2025-01-08,2025-01-12,Delivered
SHP006625,ORD006625,Ekart,2025-01-25,2025-01-29,Delivered
SHP006626,ORD006626,Delhivery,2025-05-01,,Cancelled
SHP006627,ORD006627,Delhivery,2025-03-09,2025-03-13,Delivered
SHP006628,ORD006628,XpressBees,2025-03-19,2025-03-24,Delivered
SHP006629,ORD006629,BlueDart,2025-05-16,,Processing
SHP006630,ORD006630,XpressBees,2025-03-11,,Cancelled
SHP006631,ORD006631,Ekart,2025-04-26,,Pending
SHP006632,ORD006632,Ekart,2025-03-27,2025-03-29,Delivered
SHP006633,ORD006633,Amazon Logistics,2025-04-27,,Cancelled
SHP006634,ORD006634,Ekart,2025-02-05,2025-02-10,Delivered
SHP006635,ORD006635,BlueDart,2025-04-23,2025-04-27,Delivered
SHP006636,ORD006636,Ekart,2025-05-27,2025-06-01,Delivered
SHP006637,ORD006637,Delhivery,2025-06-16,2025-06-18,Delivered
SHP006638,ORD006638,BlueDart,2025-06-05,2025-06-07,Delivered
SHP006639,ORD006639,Ekart,2025-04-22,2025-04-27,Delivered
SHP006640,ORD006640,Amazon Logistics,2025-03-11,2025-03-13,Delivered
SHP006641,ORD006641,Delhivery,2025-01-10,,Shipped
SHP006642,ORD006642,XpressBees,2025-03-02,2025-03-06,Delivered
SHP006643,ORD006643,Ekart,2025-01-28,2025-01-31,Delivered
SHP006644,ORD006644,Amazon Logistics,2025-05-23,2025-05-27,Delivered
SHP006645,ORD006645,BlueDart,2025-04-11,2025-04-17,Delivered
SHP006646,ORD006646,DTDC,2025-04-30,2025-05-03,Delivered
SHP006647,ORD006647,XpressBees,2025-06-18,,Pending
SHP006648,ORD006648,BlueDart,2025-04-11,2025-04-17,Delivered
SHP006649,ORD006649,Ekart,2025-01-05,2025-01-07,Delivered
SHP006650,ORD006650,DTDC,2025-04-02,2025-04-07,Delivered
SHP006651,ORD006651,BlueDart,2025-05-24,2025-05-28,Delivered
SHP006652,ORD006652,BlueDart,2025-03-10,2025-03-12,Delivered
SHP006653,ORD006653,Amazon Logistics,2025-06-09,,Pending
SHP006654,ORD006654,BlueDart,2025-04-29,2025-05-05,Delivered
SHP006655,ORD006655,Delhivery,2025-01-26,2025-02-01,Delivered
SHP006656,ORD006656,Ekart,2025-01-15,2025-01-17,Delivered
SHP006657,ORD006657,XpressBees,2025-04-12,,Pending
SHP006658,ORD006658,Delhivery,2025-01-05,2025-01-11,Delivered
SHP006659,ORD006659,BlueDart,2025-01-20,2025-01-23,Delivered
SHP006660,ORD006660,XpressBees,2025-05-27,,Shipped
SHP006661,ORD006661,BlueDart,2025-05-05,2025-05-09,Delivered
SHP006662,ORD006662,XpressBees,2025-06-14,,Processing
SHP006663,ORD006663,Amazon Logistics,2025-03-26,2025-03-28,Delivered
SHP006664,ORD006664,Amazon Logistics,2025-01-13,2025-01-19,Delivered
SHP006665,ORD006665,BlueDart,2025-04-21,2025-04-26,Delivered
SHP006666,ORD006666,Amazon Logistics,2025-01-17,2025-01-23,Delivered
SHP006667,ORD006667,Amazon Logistics,2025-02-12,2025-02-17,Delivered
SHP006668,ORD006668,XpressBees,2025-03-11,,Processing
SHP006669,ORD006669,XpressBees,2025-04-19,2025-04-22,Delivered
SHP006670,ORD006670,BlueDart,2025-02-04,,Shipped
SHP006671,ORD006671,Delhivery,2025-04-12,2025-04-18,Delivered
SHP006672,ORD006672,Delhivery,2025-01-16,,Shipped
SHP006673,ORD006673,XpressBees,2025-06-26,2025-07-01,Delivered
SHP006674,ORD006674,BlueDart,2025-05-08,2025-05-10,Delivered
SHP006675,ORD006675,BlueDart,2025-02-11,2025-02-13,Delivered
SHP006676,ORD006676,Delhivery,2025-03-02,,Pending
SHP006677,ORD006677,DTDC,2025-02-06,2025-02-11,Delivered
SHP006678,ORD006678,Amazon Logistics,2025-01-26,2025-01-31,Delivered
SHP006679,ORD006679,DTDC,2025-04-16,,Processing
SHP006680,ORD006680,Delhivery,2025-03-14,,Shipped
SHP006681,ORD006681,XpressBees,2025-05-06,2025-05-11,Delivered
SHP006682,ORD006682,Delhivery,2025-03-15,2025-03-20,Delivered
SHP006683,ORD006683,Delhivery,2025-06-15,2025-06-20,Delivered
SHP006684,ORD006684,Delhivery,2025-06-26,2025-06-30,Delivered
SHP006685,ORD006685,Amazon Logistics,2025-02-13,2025-02-17,Delivered
SHP006686,ORD006686,Delhivery,2025-05-10,2025-05-15,Delivered
SHP006687,ORD006687,XpressBees,2025-01-02,2025-01-08,Delivered
SHP006688,ORD006688,DTDC,2025-03-14,2025-03-19,Delivered
SHP006689,ORD006689,Delhivery,2025-06-17,2025-06-21,Delivered
SHP006690,ORD006690,Delhivery,2025-05-13,,Cancelled
SHP006691,ORD006691,Ekart,2025-02-03,2025-02-05,Delivered
SHP006692,ORD006692,Ekart,2025-01-25,2025-01-29,Delivered
SHP006693,ORD006693,Amazon Logistics,2025-05-27,2025-06-01,Delivered
SHP006694,ORD006694,Amazon Logistics,2025-04-01,2025-04-06,Delivered
SHP006695,ORD006695,BlueDart,2025-06-09,2025-06-11,Delivered
SHP006696,ORD006696,BlueDart,2025-02-11,2025-02-16,Delivered
SHP006697,ORD006697,Ekart,2025-01-06,2025-01-10,Delivered
SHP006698,ORD006698,XpressBees,2025-04-18,,Processing
SHP006699,ORD006699,DTDC,2025-06-10,2025-06-12,Delivered
SHP006700,ORD006700,Amazon Logistics,2025-01-17,2025-01-19,Delivered
SHP006701,ORD006701,Amazon Logistics,2025-03-24,2025-03-26,Delivered
SHP006702,ORD006702,DTDC,2025-04-01,2025-04-06,Delivered
SHP006703,ORD006703,BlueDart,2025-06-16,2025-06-19,Delivered
SHP006704,ORD006704,DTDC,2025-04-27,2025-04-30,Delivered
SHP006705,ORD006705,Ekart,2025-05-13,2025-05-18,Delivered
SHP006706,ORD006706,Ekart,2025-02-19,2025-02-22,Delivered
SHP006707,ORD006707,Amazon Logistics,2025-04-20,2025-04-24,Delivered
SHP006708,ORD006708,Ekart,2025-06-11,,Pending
SHP006709,ORD006709,Amazon Logistics,2025-04-20,2025-04-24,Delivered
SHP006710,ORD006710,DTDC,2025-02-01,2025-02-03,Returned
SHP006711,ORD006711,Amazon Logistics,2025-04-04,,Shipped
SHP006712,ORD006712,Delhivery,2025-04-04,2025-04-06,Delivered
SHP006713,ORD006713,Delhivery,2025-03-18,2025-03-23,Delivered
SHP006714,ORD006714,DTDC,2025-03-07,,Cancelled
SHP006715,ORD006715,DTDC,2025-02-11,2025-02-15,Delivered
SHP006716,ORD006716,DTDC,2025-01-13,2025-01-19,Delivered
SHP006717,ORD006717,Ekart,2025-06-04,2025-06-06,Delivered
SHP006718,ORD006718,BlueDart,2025-01-27,2025-01-29,Delivered
SHP006719,ORD006719,Amazon Logistics,2025-03-12,2025-03-16,Delivered
SHP006720,ORD006720,Ekart,2025-06-26,2025-06-28,Delivered
SHP006721,ORD006721,Ekart,2025-01-22,2025-01-25,Delivered
SHP006722,ORD006722,BlueDart,2025-02-28,,Pending
SHP006723,ORD006723,Delhivery,2025-05-28,2025-06-03,Delivered
SHP006724,ORD006724,Delhivery,2025-02-15,2025-02-21,Delivered
SHP006725,ORD006725,XpressBees,2025-03-20,2025-03-25,Delivered
SHP006726,ORD006726,Ekart,2025-06-20,2025-06-24,Delivered
SHP006727,ORD006727,DTDC,2025-05-16,2025-05-20,Delivered
SHP006728,ORD006728,DTDC,2025-01-27,2025-01-29,Delivered
SHP006729,ORD006729,DTDC,2025-06-02,2025-06-04,Delivered
SHP006730,ORD006730,BlueDart,2025-03-17,2025-03-22,Delivered
SHP006731,ORD006731,DTDC,2025-01-21,2025-01-23,Delivered
SHP006732,ORD006732,Ekart,2025-01-27,2025-01-31,Delivered
SHP006733,ORD006733,Amazon Logistics,2025-04-25,,Shipped
SHP006734,ORD006734,BlueDart,2025-05-18,2025-05-21,Delivered
SHP006735,ORD006735,XpressBees,2025-03-22,2025-03-27,Delivered
SHP006736,ORD006736,Ekart,2025-01-23,2025-01-29,Delivered
SHP006737,ORD006737,BlueDart,2025-03-08,,Shipped
SHP006738,ORD006738,BlueDart,2025-04-29,2025-05-04,Delivered
SHP006739,ORD006739,Amazon Logistics,2025-03-20,2025-03-23,Delivered
SHP006740,ORD006740,Delhivery,2025-02-21,2025-02-23,Delivered
SHP006741,ORD006741,XpressBees,2025-03-03,2025-03-08,Delivered
SHP006742,ORD006742,Delhivery,2025-01-10,2025-01-13,Delivered
SHP006743,ORD006743,Ekart,2025-05-03,2025-05-08,Delivered
SHP006744,ORD006744,Ekart,2025-03-19,2025-03-24,Returned
SHP006745,ORD006745,DTDC,2025-03-07,,Shipped
SHP006746,ORD006746,Amazon Logistics,2025-04-20,2025-04-26,Delivered
SHP006747,ORD006747,Amazon Logistics,2025-03-16,2025-03-22,Delivered
SHP006748,ORD006748,Amazon Logistics,2025-02-12,,Shipped
SHP006749,ORD006749,Ekart,2025-03-08,2025-03-11,Delivered
SHP006750,ORD006750,BlueDart,2025-04-16,,Cancelled
SHP006751,ORD006751,Ekart,2025-01-30,2025-02-01,Delivered
SHP006752,ORD006752,XpressBees,2025-03-18,2025-03-20,Delivered
SHP006753,ORD006753,BlueDart,2025-04-17,2025-04-23,Delivered
SHP006754,ORD006754,BlueDart,2025-01-19,2025-01-24,Delivered
SHP006755,ORD006755,BlueDart,2025-06-12,2025-06-16,Delivered
SHP006756,ORD006756,Delhivery,2025-06-21,2025-06-23,Delivered
SHP006757,ORD006757,XpressBees,2025-02-14,2025-02-17,Delivered
SHP006758,ORD006758,Delhivery,2025-03-01,,Shipped
SHP006759,ORD006759,DTDC,2025-05-30,2025-06-04,Delivered
SHP006760,ORD006760,XpressBees,2025-02-28,2025-03-03,Delivered
SHP006761,ORD006761,Ekart,2025-02-22,2025-02-26,Delivered
SHP006762,ORD006762,Ekart,2025-02-01,,Shipped
SHP006763,ORD006763,XpressBees,2025-02-14,,Pending
SHP006764,ORD006764,Amazon Logistics,2025-01-04,2025-01-07,Delivered
SHP006765,ORD006765,BlueDart,2025-04-21,2025-04-23,Delivered
SHP006766,ORD006766,BlueDart,2025-03-10,,Shipped
SHP006767,ORD006767,Amazon Logistics,2025-03-29,2025-04-03,Delivered
SHP006768,ORD006768,XpressBees,2025-01-22,2025-01-28,Delivered
SHP006769,ORD006769,Ekart,2025-02-16,2025-02-20,Delivered
SHP006770,ORD006770,Ekart,2025-06-01,,Processing
SHP006771,ORD006771,BlueDart,2025-06-03,2025-06-05,Delivered
SHP006772,ORD006772,DTDC,2025-01-25,2025-01-27,Delivered
SHP006773,ORD006773,DTDC,2025-06-07,2025-06-13,Delivered
SHP006774,ORD006774,Delhivery,2025-05-29,2025-06-01,Delivered
SHP006775,ORD006775,Delhivery,2025-01-16,2025-01-20,Returned
SHP006776,ORD006776,Delhivery,2025-05-13,2025-05-19,Delivered
SHP006777,ORD006777,Delhivery,2025-04-21,2025-04-26,Delivered
SHP006778,ORD006778,DTDC,2025-04-08,2025-04-12,Delivered
SHP006779,ORD006779,Delhivery,2025-03-27,,Cancelled
SHP006780,ORD006780,Ekart,2025-01-08,,Cancelled
SHP006781,ORD006781,XpressBees,2025-02-24,2025-02-26,Delivered
SHP006782,ORD006782,BlueDart,2025-03-30,,Shipped
SHP006783,ORD006783,Ekart,2025-06-09,,Pending
SHP006784,ORD006784,Ekart,2025-02-15,2025-02-20,Delivered
SHP006785,ORD006785,XpressBees,2025-02-05,2025-02-08,Delivered
SHP006786,ORD006786,XpressBees,2025-04-02,2025-04-06,Delivered
SHP006787,ORD006787,BlueDart,2025-02-05,2025-02-07,Delivered
SHP006788,ORD006788,Ekart,2025-01-18,,Processing
SHP006789,ORD006789,DTDC,2025-01-23,2025-01-28,Delivered
SHP006790,ORD006790,XpressBees,2025-02-09,,Processing
SHP006791,ORD006791,Ekart,2025-03-21,2025-03-24,Delivered
SHP006792,ORD006792,DTDC,2025-01-05,2025-01-09,Delivered
SHP006793,ORD006793,BlueDart,2025-04-20,,Pending
SHP006794,ORD006794,Delhivery,2025-02-28,2025-03-04,Delivered
SHP006795,ORD006795,Ekart,2025-03-11,,Shipped
SHP006796,ORD006796,Ekart,2025-03-05,2025-03-11,Delivered
SHP006797,ORD006797,Amazon Logistics,2025-01-20,,Shipped
SHP006798,ORD006798,Ekart,2025-04-12,2025-04-14,Delivered
SHP006799,ORD006799,Ekart,2025-01-05,,Cancelled
SHP006800,ORD006800,BlueDart,2025-01-03,2025-01-05,Delivered
SHP006801,ORD006801,Delhivery,2025-03-05,2025-03-09,Delivered
SHP006802,ORD006802,XpressBees,2025-05-11,,Shipped
SHP006803,ORD006803,Ekart,2025-06-18,2025-06-21,Delivered
SHP006804,ORD006804,Amazon Logistics,2025-04-27,2025-04-29,Delivered
SHP006805,ORD006805,DTDC,2025-02-05,2025-02-11,Delivered
SHP006806,ORD006806,DTDC,2025-03-27,2025-04-01,Delivered
SHP006807,ORD006807,DTDC,2025-03-02,2025-03-04,Delivered
SHP006808,ORD006808,DTDC,2025-05-05,2025-05-10,Delivered
SHP006809,ORD006809,DTDC,2025-03-07,2025-03-10,Delivered
SHP006810,ORD006810,Ekart,2025-06-30,2025-07-05,Delivered
SHP006811,ORD006811,Ekart,2025-01-14,2025-01-16,Delivered
SHP006812,ORD006812,Delhivery,2025-02-01,2025-02-07,Delivered
SHP006813,ORD006813,DTDC,2025-05-07,2025-05-10,Delivered
SHP006814,ORD006814,DTDC,2025-05-26,2025-05-31,Delivered
SHP006815,ORD006815,Amazon Logistics,2025-04-14,,Processing
SHP006816,ORD006816,Amazon Logistics,2025-06-28,,Shipped
SHP006817,ORD006817,Amazon Logistics,2025-06-22,,Processing
SHP006818,ORD006818,Amazon Logistics,2025-06-21,,Cancelled
SHP006819,ORD006819,Ekart,2025-06-24,2025-06-28,Delivered
SHP006820,ORD006820,XpressBees,2025-05-07,2025-05-10,Delivered
SHP006821,ORD006821,DTDC,2025-04-04,2025-04-06,Delivered
SHP006822,ORD006822,Delhivery,2025-04-13,2025-04-17,Delivered
SHP006823,ORD006823,Ekart,2025-02-20,,Cancelled
SHP006824,ORD006824,BlueDart,2025-06-07,,Cancelled
SHP006825,ORD006825,Ekart,2025-04-15,2025-04-21,Delivered
SHP006826,ORD006826,XpressBees,2025-05-05,2025-05-11,Delivered
SHP006827,ORD006827,XpressBees,2025-01-30,2025-02-02,Delivered
SHP006828,ORD006828,Delhivery,2025-01-09,2025-01-15,Delivered
SHP006829,ORD006829,Amazon Logistics,2025-02-12,2025-02-17,Delivered
SHP006830,ORD006830,BlueDart,2025-03-16,2025-03-19,Delivered
SHP006831,ORD006831,XpressBees,2025-03-13,2025-03-19,Delivered
SHP006832,ORD006832,BlueDart,2025-06-06,2025-06-10,Delivered
SHP006833,ORD006833,XpressBees,2025-04-19,,Pending
SHP006834,ORD006834,XpressBees,2025-03-27,2025-03-29,Delivered
SHP006835,ORD006835,Amazon Logistics,2025-06-27,2025-07-03,Delivered
SHP006836,ORD006836,XpressBees,2025-06-28,,Cancelled
SHP006837,ORD006837,Delhivery,2025-01-26,2025-01-30,Delivered
SHP006838,ORD006838,Delhivery,2025-02-15,2025-02-19,Delivered
SHP006839,ORD006839,Amazon Logistics,2025-05-20,2025-05-25,Delivered
SHP006840,ORD006840,Amazon Logistics,2025-06-07,2025-06-11,Delivered
SHP006841,ORD006841,Delhivery,2025-05-09,2025-05-14,Delivered
SHP006842,ORD006842,BlueDart,2025-03-19,,Pending
SHP006843,ORD006843,XpressBees,2025-03-18,2025-03-22,Delivered
SHP006844,ORD006844,Amazon Logistics,2025-03-04,2025-03-07,Delivered
SHP006845,ORD006845,Delhivery,2025-04-20,2025-04-26,Delivered
SHP006846,ORD006846,Delhivery,2025-03-06,2025-03-10,Delivered
SHP006847,ORD006847,Delhivery,2025-02-11,2025-02-17,Delivered
SHP006848,ORD006848,DTDC,2025-06-07,2025-06-10,Delivered
SHP006849,ORD006849,Delhivery,2025-05-08,2025-05-12,Delivered
SHP006850,ORD006850,Ekart,2025-05-04,2025-05-10,Delivered
SHP006851,ORD006851,Ekart,2025-05-14,,Shipped
SHP006852,ORD006852,XpressBees,2025-01-21,2025-01-27,Delivered
SHP006853,ORD006853,Amazon Logistics,2025-06-19,,Processing
SHP006854,ORD006854,Delhivery,2025-05-12,2025-05-14,Delivered
SHP006855,ORD006855,BlueDart,2025-03-31,,Processing
SHP006856,ORD006856,Ekart,2025-05-01,2025-05-03,Delivered
SHP006857,ORD006857,XpressBees,2025-03-27,2025-03-30,Delivered
SHP006858,ORD006858,XpressBees,2025-05-22,2025-05-26,Delivered
SHP006859,ORD006859,Delhivery,2025-04-15,2025-04-19,Delivered
SHP006860,ORD006860,DTDC,2025-01-30,2025-02-02,Delivered
SHP006861,ORD006861,Delhivery,2025-01-30,2025-02-04,Delivered
SHP006862,ORD006862,Delhivery,2025-01-24,2025-01-30,Delivered
SHP006863,ORD006863,XpressBees,2025-06-01,2025-06-03,Delivered
SHP006864,ORD006864,Amazon Logistics,2025-01-19,2025-01-23,Delivered
SHP006865,ORD006865,DTDC,2025-03-28,,Pending
SHP006866,ORD006866,Ekart,2025-05-22,2025-05-24,Delivered
SHP006867,ORD006867,BlueDart,2025-06-24,2025-06-28,Delivered
SHP006868,ORD006868,Amazon Logistics,2025-03-31,2025-04-02,Delivered
SHP006869,ORD006869,BlueDart,2025-05-09,,Shipped
SHP006870,ORD006870,Ekart,2025-05-06,2025-05-09,Delivered
SHP006871,ORD006871,DTDC,2025-03-01,2025-03-06,Delivered
SHP006872,ORD006872,DTDC,2025-03-08,,Processing
SHP006873,ORD006873,Amazon Logistics,2025-02-24,2025-03-02,Delivered
SHP006874,ORD006874,DTDC,2025-01-06,2025-01-11,Delivered
SHP006875,ORD006875,DTDC,2025-05-21,2025-05-26,Delivered
SHP006876,ORD006876,Ekart,2025-02-27,2025-03-04,Delivered
SHP006877,ORD006877,BlueDart,2025-01-13,,Shipped
SHP006878,ORD006878,XpressBees,2025-05-22,2025-05-28,Delivered
SHP006879,ORD006879,XpressBees,2025-04-02,2025-04-07,Delivered
SHP006880,ORD006880,Ekart,2025-05-05,2025-05-09,Delivered
SHP006881,ORD006881,Amazon Logistics,2025-05-23,,Shipped
SHP006882,ORD006882,BlueDart,2025-03-01,,Pending
SHP006883,ORD006883,Amazon Logistics,2025-05-02,2025-05-08,Delivered
SHP006884,ORD006884,Ekart,2025-04-01,2025-04-03,Delivered
SHP006885,ORD006885,Amazon Logistics,2025-04-02,,Pending
SHP006886,ORD006886,BlueDart,2025-02-19,,Pending
SHP006887,ORD006887,Amazon Logistics,2025-06-21,2025-06-25,Delivered
SHP006888,ORD006888,XpressBees,2025-02-19,,Pending
SHP006889,ORD006889,Delhivery,2025-04-18,2025-04-21,Delivered
SHP006890,ORD006890,BlueDart,2025-02-16,,Pending
SHP006891,ORD006891,Delhivery,2025-06-27,2025-06-29,Delivered
SHP006892,ORD006892,DTDC,2025-06-07,,Cancelled
SHP006893,ORD006893,Delhivery,2025-06-02,2025-06-08,Delivered
SHP006894,ORD006894,Amazon Logistics,2025-06-30,2025-07-02,Delivered
SHP006895,ORD006895,BlueDart,2025-05-09,2025-05-12,Delivered
SHP006896,ORD006896,Ekart,2025-05-27,,Processing
SHP006897,ORD006897,DTDC,2025-03-12,2025-03-18,Delivered
SHP006898,ORD006898,Ekart,2025-01-04,,Cancelled
SHP006899,ORD006899,BlueDart,2025-05-17,,Pending
SHP006900,ORD006900,DTDC,2025-02-12,2025-02-17,Delivered
SHP006901,ORD006901,DTDC,2025-03-23,2025-03-26,Delivered
SHP006902,ORD006902,BlueDart,2025-06-25,2025-07-01,Delivered
SHP006903,ORD006903,Amazon Logistics,2025-04-27,2025-05-02,Delivered
SHP006904,ORD006904,DTDC,2025-06-23,2025-06-25,Delivered
SHP006905,ORD006905,Delhivery,2025-02-21,,Shipped
SHP006906,ORD006906,Amazon Logistics,2025-05-25,2025-05-27,Delivered
SHP006907,ORD006907,Delhivery,2025-05-20,2025-05-24,Delivered
SHP006908,ORD006908,BlueDart,2025-06-11,2025-06-17,Delivered
SHP006909,ORD006909,XpressBees,2025-03-02,,Processing
SHP006910,ORD006910,Ekart,2025-04-28,2025-04-30,Delivered
SHP006911,ORD006911,Ekart,2025-01-24,2025-01-29,Delivered
SHP006912,ORD006912,BlueDart,2025-02-14,,Pending
SHP006913,ORD006913,DTDC,2025-03-01,2025-03-05,Delivered
SHP006914,ORD006914,BlueDart,2025-04-13,2025-04-15,Delivered
SHP006915,ORD006915,XpressBees,2025-02-19,,Cancelled
SHP006916,ORD006916,Delhivery,2025-02-16,,Cancelled
SHP006917,ORD006917,DTDC,2025-05-30,2025-06-04,Delivered
SHP006918,ORD006918,Ekart,2025-03-13,2025-03-18,Delivered
SHP006919,ORD006919,Amazon Logistics,2025-02-11,2025-02-13,Delivered
SHP006920,ORD006920,DTDC,2025-02-19,2025-02-25,Delivered
SHP006921,ORD006921,DTDC,2025-05-05,2025-05-08,Delivered
SHP006922,ORD006922,Delhivery,2025-03-18,,Shipped
SHP006923,ORD006923,Ekart,2025-03-21,2025-03-25,Delivered
SHP006924,ORD006924,Amazon Logistics,2025-03-13,2025-03-18,Delivered
SHP006925,ORD006925,Delhivery,2025-04-11,,Processing
SHP006926,ORD006926,BlueDart,2025-05-28,2025-05-31,Delivered
SHP006927,ORD006927,XpressBees,2025-02-21,,Processing
SHP006928,ORD006928,BlueDart,2025-02-12,2025-02-16,Delivered
SHP006929,ORD006929,Ekart,2025-05-08,2025-05-13,Delivered
SHP006930,ORD006930,Delhivery,2025-05-23,,Shipped
SHP006931,ORD006931,Delhivery,2025-01-25,,Processing
SHP006932,ORD006932,DTDC,2025-05-10,,Shipped
SHP006933,ORD006933,Delhivery,2025-03-15,2025-03-19,Returned
SHP006934,ORD006934,Amazon Logistics,2025-01-20,,Cancelled
SHP006935,ORD006935,BlueDart,2025-06-07,2025-06-12,Delivered
SHP006936,ORD006936,XpressBees,2025-04-22,,Pending
SHP006937,ORD006937,Amazon Logistics,2025-03-25,,Shipped
SHP006938,ORD006938,BlueDart,2025-01-31,,Shipped
SHP006939,ORD006939,DTDC,2025-03-25,2025-03-31,Delivered
SHP006940,ORD006940,XpressBees,2025-01-07,2025-01-11,Delivered
SHP006941,ORD006941,Amazon Logistics,2025-02-16,2025-02-22,Delivered
SHP006942,ORD006942,Ekart,2025-06-30,2025-07-05,Delivered
SHP006943,ORD006943,Amazon Logistics,2025-05-22,,Cancelled
SHP006944,ORD006944,Delhivery,2025-03-28,2025-04-02,Delivered
SHP006945,ORD006945,XpressBees,2025-03-14,2025-03-16,Delivered
SHP006946,ORD006946,BlueDart,2025-04-23,2025-04-28,Delivered
SHP006947,ORD006947,BlueDart,2025-06-15,2025-06-17,Delivered
SHP006948,ORD006948,DTDC,2025-01-19,2025-01-23,Delivered
SHP006949,ORD006949,Ekart,2025-02-12,,Shipped
SHP006950,ORD006950,Delhivery,2025-05-15,2025-05-21,Delivered
SHP006951,ORD006951,Delhivery,2025-03-18,2025-03-24,Delivered
SHP006952,ORD006952,Delhivery,2025-04-09,,Processing
SHP006953,ORD006953,DTDC,2025-03-14,,Cancelled
SHP006954,ORD006954,Ekart,2025-02-08,,Cancelled
SHP006955,ORD006955,Delhivery,2025-02-08,2025-02-10,Delivered
SHP006956,ORD006956,BlueDart,2025-05-16,2025-05-18,Delivered
SHP006957,ORD006957,XpressBees,2025-01-31,,Shipped
SHP006958,ORD006958,Ekart,2025-01-14,,Pending
SHP006959,ORD006959,Ekart,2025-06-02,2025-06-06,Delivered
SHP006960,ORD006960,Ekart,2025-06-18,,Processing
SHP006961,ORD006961,Ekart,2025-04-25,2025-04-29,Delivered
SHP006962,ORD006962,Ekart,2025-02-06,2025-02-09,Delivered
SHP006963,ORD006963,Amazon Logistics,2025-01-09,2025-01-12,Delivered
SHP006964,ORD006964,Ekart,2025-02-07,,Pending
SHP006965,ORD006965,Delhivery,2025-06-28,2025-07-01,Delivered
SHP006966,ORD006966,Amazon Logistics,2025-02-12,2025-02-16,Delivered
SHP006967,ORD006967,XpressBees,2025-03-24,2025-03-29,Delivered
SHP006968,ORD006968,Amazon Logistics,2025-02-15,2025-02-18,Delivered
SHP006969,ORD006969,Delhivery,2025-03-22,2025-03-26,Delivered
SHP006970,ORD006970,Amazon Logistics,2025-05-06,2025-05-12,Delivered
SHP006971,ORD006971,BlueDart,2025-02-17,,Pending
SHP006972,ORD006972,XpressBees,2025-05-07,2025-05-12,Returned
SHP006973,ORD006973,BlueDart,2025-03-20,2025-03-22,Delivered
SHP006974,ORD006974,Delhivery,2025-05-29,2025-06-03,Delivered
SHP006975,ORD006975,Amazon Logistics,2025-01-16,2025-01-21,Delivered
SHP006976,ORD006976,Amazon Logistics,2025-05-03,2025-05-09,Delivered
SHP006977,ORD006977,XpressBees,2025-06-10,,Processing
SHP006978,ORD006978,DTDC,2025-05-14,2025-05-17,Delivered
SHP006979,ORD006979,BlueDart,2025-06-14,2025-06-19,Delivered
SHP006980,ORD006980,BlueDart,2025-06-19,2025-06-22,Delivered
SHP006981,ORD006981,Amazon Logistics,2025-02-10,2025-02-15,Delivered
SHP006982,ORD006982,Delhivery,2025-01-08,2025-01-10,Delivered
SHP006983,ORD006983,Ekart,2025-03-12,2025-03-16,Delivered
SHP006984,ORD006984,DTDC,2025-04-17,2025-04-20,Delivered
SHP006985,ORD006985,XpressBees,2025-02-25,2025-02-27,Delivered
SHP006986,ORD006986,Ekart,2025-06-13,2025-06-15,Delivered
SHP006987,ORD006987,DTDC,2025-03-28,2025-04-03,Delivered
SHP006988,ORD006988,BlueDart,2025-02-27,2025-03-04,Delivered
SHP006989,ORD006989,BlueDart,2025-04-15,,Cancelled
SHP006990,ORD006990,BlueDart,2025-04-09,2025-04-15,Delivered
SHP006991,ORD006991,XpressBees,2025-04-04,2025-04-09,Delivered
SHP006992,ORD006992,DTDC,2025-02-04,2025-02-09,Returned
SHP006993,ORD006993,Delhivery,2025-04-05,2025-04-08,Delivered
SHP006994,ORD006994,DTDC,2025-03-28,,Processing
SHP006995,ORD006995,Ekart,2025-03-20,2025-03-25,Delivered
SHP006996,ORD006996,Delhivery,2025-04-02,2025-04-08,Delivered
SHP006997,ORD006997,Ekart,2025-04-07,2025-04-09,Delivered
SHP006998,ORD006998,Delhivery,2025-06-19,2025-06-22,Delivered
SHP006999,ORD006999,Amazon Logistics,2025-02-09,2025-02-12,Delivered
SHP007000,ORD007000,DTDC,2025-05-31,2025-06-05,Delivered
SHP007001,ORD007001,Amazon Logistics,2025-05-27,2025-05-30,Delivered
SHP007002,ORD007002,Amazon Logistics,2025-03-31,,Processing
SHP007003,ORD007003,Delhivery,2025-04-19,2025-04-23,Delivered
SHP007004,ORD007004,DTDC,2025-01-19,,Pending
SHP007005,ORD007005,Delhivery,2025-04-12,2025-04-15,Delivered
SHP007006,ORD007006,Amazon Logistics,2025-06-27,,Cancelled
SHP007007,ORD007007,BlueDart,2025-03-25,2025-03-28,Delivered
SHP007008,ORD007008,DTDC,2025-06-15,2025-06-17,Delivered
SHP007009,ORD007009,Amazon Logistics,2025-02-20,2025-02-26,Delivered
SHP007010,ORD007010,Ekart,2025-03-18,2025-03-20,Delivered
SHP007011,ORD007011,BlueDart,2025-03-12,2025-03-16,Delivered
SHP007012,ORD007012,Ekart,2025-02-13,,Processing
SHP007013,ORD007013,Ekart,2025-06-12,2025-06-17,Delivered
SHP007014,ORD007014,Delhivery,2025-03-11,2025-03-16,Delivered
SHP007015,ORD007015,XpressBees,2025-04-24,2025-04-28,Delivered
SHP007016,ORD007016,Ekart,2025-04-15,2025-04-19,Delivered
SHP007017,ORD007017,Delhivery,2025-03-30,2025-04-03,Delivered
SHP007018,ORD007018,Delhivery,2025-01-31,2025-02-04,Delivered
SHP007019,ORD007019,BlueDart,2025-04-13,2025-04-19,Delivered
SHP007020,ORD007020,Ekart,2025-05-15,2025-05-19,Delivered
SHP007021,ORD007021,Delhivery,2025-02-21,2025-02-23,Delivered
SHP007022,ORD007022,Amazon Logistics,2025-04-27,2025-05-03,Delivered
SHP007023,ORD007023,Ekart,2025-04-14,2025-04-19,Delivered
SHP007024,ORD007024,Ekart,2025-05-02,2025-05-04,Delivered
SHP007025,ORD007025,DTDC,2025-03-27,2025-03-29,Delivered
SHP007026,ORD007026,Delhivery,2025-05-22,,Processing
SHP007027,ORD007027,Delhivery,2025-03-16,2025-03-18,Returned
SHP007028,ORD007028,Ekart,2025-03-03,2025-03-09,Delivered
SHP007029,ORD007029,XpressBees,2025-06-10,2025-06-14,Delivered
SHP007030,ORD007030,BlueDart,2025-02-09,2025-02-15,Delivered
SHP007031,ORD007031,Ekart,2025-02-06,,Cancelled
SHP007032,ORD007032,DTDC,2025-03-24,2025-03-27,Delivered
SHP007033,ORD007033,DTDC,2025-03-14,2025-03-19,Delivered
SHP007034,ORD007034,DTDC,2025-01-09,,Cancelled
SHP007035,ORD007035,Delhivery,2025-01-11,2025-01-16,Delivered
SHP007036,ORD007036,Delhivery,2025-04-03,,Cancelled
SHP007037,ORD007037,Ekart,2025-02-13,2025-02-18,Delivered
SHP007038,ORD007038,XpressBees,2025-05-07,,Processing
SHP007039,ORD007039,BlueDart,2025-05-22,2025-05-26,Delivered
SHP007040,ORD007040,Delhivery,2025-04-19,2025-04-21,Delivered
SHP007041,ORD007041,XpressBees,2025-06-23,2025-06-28,Delivered
SHP007042,ORD007042,DTDC,2025-06-06,2025-06-08,Delivered
SHP007043,ORD007043,BlueDart,2025-06-02,2025-06-06,Delivered
SHP007044,ORD007044,Delhivery,2025-02-07,,Processing
SHP007045,ORD007045,Delhivery,2025-01-30,,Cancelled
SHP007046,ORD007046,XpressBees,2025-03-26,2025-03-30,Delivered
SHP007047,ORD007047,Ekart,2025-03-22,2025-03-27,Delivered
SHP007048,ORD007048,XpressBees,2025-05-22,,Processing
SHP007049,ORD007049,Amazon Logistics,2025-01-22,2025-01-24,Delivered
SHP007050,ORD007050,XpressBees,2025-04-23,2025-04-25,Delivered
SHP007051,ORD007051,Ekart,2025-04-07,2025-04-11,Delivered
SHP007052,ORD007052,BlueDart,2025-03-22,2025-03-25,Delivered
SHP007053,ORD007053,Amazon Logistics,2025-02-27,2025-03-01,Delivered
SHP007054,ORD007054,BlueDart,2025-06-13,2025-06-17,Delivered
SHP007055,ORD007055,Ekart,2025-03-04,,Shipped
SHP007056,ORD007056,Ekart,2025-03-16,,Processing
SHP007057,ORD007057,BlueDart,2025-03-31,2025-04-04,Delivered
SHP007058,ORD007058,Ekart,2025-03-21,2025-03-26,Delivered
SHP007059,ORD007059,DTDC,2025-02-26,2025-03-03,Delivered
SHP007060,ORD007060,BlueDart,2025-06-14,2025-06-19,Delivered
SHP007061,ORD007061,Ekart,2025-04-26,,Shipped
SHP007062,ORD007062,DTDC,2025-05-25,2025-05-30,Delivered
SHP007063,ORD007063,XpressBees,2025-04-15,2025-04-18,Delivered
SHP007064,ORD007064,BlueDart,2025-06-18,2025-06-23,Delivered
SHP007065,ORD007065,BlueDart,2025-04-07,,Pending
SHP007066,ORD007066,BlueDart,2025-04-29,2025-05-05,Delivered
SHP007067,ORD007067,Amazon Logistics,2025-05-25,2025-05-29,Delivered
SHP007068,ORD007068,Delhivery,2025-05-05,2025-05-11,Returned
SHP007069,ORD007069,DTDC,2025-05-13,2025-05-15,Delivered
SHP007070,ORD007070,Delhivery,2025-05-31,,Processing
SHP007071,ORD007071,XpressBees,2025-04-06,2025-04-11,Delivered
SHP007072,ORD007072,Amazon Logistics,2025-03-28,,Cancelled
SHP007073,ORD007073,Ekart,2025-03-02,2025-03-04,Delivered
SHP007074,ORD007074,DTDC,2025-02-20,,Cancelled
SHP007075,ORD007075,Ekart,2025-03-31,2025-04-05,Delivered
SHP007076,ORD007076,DTDC,2025-02-20,2025-02-23,Delivered
SHP007077,ORD007077,Ekart,2025-06-14,,Pending
SHP007078,ORD007078,DTDC,2025-04-29,2025-05-05,Delivered
SHP007079,ORD007079,Amazon Logistics,2025-05-11,2025-05-16,Delivered
SHP007080,ORD007080,Ekart,2025-04-16,2025-04-20,Delivered
SHP007081,ORD007081,BlueDart,2025-02-02,2025-02-07,Delivered
SHP007082,ORD007082,Amazon Logistics,2025-04-12,2025-04-15,Delivered
SHP007083,ORD007083,BlueDart,2025-02-06,,Pending
SHP007084,ORD007084,XpressBees,2025-05-06,,Cancelled
SHP007085,ORD007085,Ekart,2025-06-18,,Shipped
SHP007086,ORD007086,Ekart,2025-02-13,,Processing
SHP007087,ORD007087,DTDC,2025-02-02,2025-02-07,Delivered
SHP007088,ORD007088,DTDC,2025-03-02,2025-03-08,Delivered
SHP007089,ORD007089,XpressBees,2025-03-20,,Processing
SHP007090,ORD007090,Amazon Logistics,2025-04-16,2025-04-21,Delivered
SHP007091,ORD007091,Ekart,2025-04-13,2025-04-17,Delivered
SHP007092,ORD007092,BlueDart,2025-03-16,,Shipped
SHP007093,ORD007093,Amazon Logistics,2025-03-11,,Shipped
SHP007094,ORD007094,XpressBees,2025-02-24,2025-03-01,Delivered
SHP007095,ORD007095,BlueDart,2025-04-07,2025-04-09,Delivered
SHP007096,ORD007096,Delhivery,2025-02-01,2025-02-05,Delivered
SHP007097,ORD007097,Delhivery,2025-04-27,2025-04-29,Delivered
SHP007098,ORD007098,Delhivery,2025-02-14,2025-02-17,Delivered
SHP007099,ORD007099,XpressBees,2025-04-13,2025-04-15,Delivered
SHP007100,ORD007100,Delhivery,2025-05-10,2025-05-15,Delivered
SHP007101,ORD007101,Ekart,2025-03-30,,Processing
SHP007102,ORD007102,Amazon Logistics,2025-05-11,,Processing
SHP007103,ORD007103,Delhivery,2025-05-30,2025-06-04,Delivered
SHP007104,ORD007104,Delhivery,2025-06-10,2025-06-14,Returned
SHP007105,ORD007105,DTDC,2025-05-21,2025-05-27,Delivered
SHP007106,ORD007106,XpressBees,2025-06-02,2025-06-05,Delivered
SHP007107,ORD007107,Ekart,2025-06-30,2025-07-05,Delivered
SHP007108,ORD007108,DTDC,2025-01-26,,Shipped
SHP007109,ORD007109,Delhivery,2025-03-17,2025-03-23,Delivered
SHP007110,ORD007110,Ekart,2025-03-22,2025-03-24,Delivered
SHP007111,ORD007111,DTDC,2025-03-17,2025-03-23,Delivered
SHP007112,ORD007112,BlueDart,2025-06-09,2025-06-14,Delivered
SHP007113,ORD007113,BlueDart,2025-04-17,2025-04-19,Delivered
SHP007114,ORD007114,Amazon Logistics,2025-06-28,,Cancelled
SHP007115,ORD007115,Delhivery,2025-05-10,2025-05-12,Delivered
SHP007116,ORD007116,Delhivery,2025-01-29,2025-02-02,Delivered
SHP007117,ORD007117,DTDC,2025-03-14,2025-03-18,Delivered
SHP007118,ORD007118,Amazon Logistics,2025-02-21,2025-02-23,Delivered
SHP007119,ORD007119,BlueDart,2025-01-08,2025-01-14,Delivered
SHP007120,ORD007120,DTDC,2025-02-12,,Shipped
SHP007121,ORD007121,Amazon Logistics,2025-05-25,2025-05-31,Returned
SHP007122,ORD007122,DTDC,2025-03-08,2025-03-14,Returned
SHP007123,ORD007123,Ekart,2025-02-02,,Processing
SHP007124,ORD007124,Amazon Logistics,2025-06-21,2025-06-24,Delivered
SHP007125,ORD007125,XpressBees,2025-01-03,,Pending
SHP007126,ORD007126,Amazon Logistics,2025-05-14,2025-05-16,Delivered
SHP007127,ORD007127,DTDC,2025-04-17,2025-04-23,Delivered
SHP007128,ORD007128,XpressBees,2025-05-10,,Shipped
SHP007129,ORD007129,DTDC,2025-05-14,,Shipped
SHP007130,ORD007130,BlueDart,2025-06-01,,Pending
SHP007131,ORD007131,Amazon Logistics,2025-01-12,,Processing
SHP007132,ORD007132,Delhivery,2025-06-15,2025-06-17,Delivered
SHP007133,ORD007133,XpressBees,2025-07-01,2025-07-07,Delivered
SHP007134,ORD007134,Delhivery,2025-02-18,2025-02-21,Delivered
SHP007135,ORD007135,BlueDart,2025-05-03,2025-05-05,Delivered
SHP007136,ORD007136,Ekart,2025-06-23,,Cancelled
SHP007137,ORD007137,XpressBees,2025-02-21,2025-02-25,Delivered
SHP007138,ORD007138,BlueDart,2025-03-09,2025-03-15,Delivered
SHP007139,ORD007139,DTDC,2025-04-28,,Cancelled
SHP007140,ORD007140,DTDC,2025-04-11,2025-04-16,Delivered
SHP007141,ORD007141,DTDC,2025-05-27,2025-05-30,Delivered
SHP007142,ORD007142,XpressBees,2025-06-10,,Pending
SHP007143,ORD007143,Ekart,2025-02-01,2025-02-04,Delivered
SHP007144,ORD007144,Ekart,2025-03-05,2025-03-09,Delivered
SHP007145,ORD007145,DTDC,2025-02-03,2025-02-06,Delivered
SHP007146,ORD007146,Ekart,2025-06-04,2025-06-06,Delivered
SHP007147,ORD007147,XpressBees,2025-02-09,,Processing
SHP007148,ORD007148,DTDC,2025-01-23,2025-01-27,Delivered
SHP007149,ORD007149,DTDC,2025-04-11,2025-04-16,Delivered
SHP007150,ORD007150,Amazon Logistics,2025-01-31,,Cancelled
SHP007151,ORD007151,Ekart,2025-06-25,2025-06-27,Delivered
SHP007152,ORD007152,Delhivery,2025-06-26,,Processing
SHP007153,ORD007153,Amazon Logistics,2025-06-06,2025-06-09,Delivered
SHP007154,ORD007154,Ekart,2025-04-07,2025-04-11,Delivered
SHP007155,ORD007155,Delhivery,2025-01-13,,Pending
SHP007156,ORD007156,Amazon Logistics,2025-02-04,2025-02-07,Delivered
SHP007157,ORD007157,Ekart,2025-03-26,2025-04-01,Delivered
SHP007158,ORD007158,XpressBees,2025-05-28,,Cancelled
SHP007159,ORD007159,BlueDart,2025-02-21,2025-02-26,Delivered
SHP007160,ORD007160,DTDC,2025-06-11,2025-06-14,Delivered
SHP007161,ORD007161,XpressBees,2025-05-14,2025-05-19,Delivered
SHP007162,ORD007162,DTDC,2025-06-17,2025-06-21,Delivered
SHP007163,ORD007163,Ekart,2025-07-01,2025-07-07,Delivered
SHP007164,ORD007164,DTDC,2025-04-01,,Shipped
SHP007165,ORD007165,DTDC,2025-04-30,2025-05-04,Delivered
SHP007166,ORD007166,Delhivery,2025-05-06,2025-05-10,Delivered
SHP007167,ORD007167,DTDC,2025-03-21,2025-03-25,Delivered
SHP007168,ORD007168,DTDC,2025-01-17,2025-01-20,Delivered
SHP007169,ORD007169,Ekart,2025-03-20,2025-03-26,Delivered
SHP007170,ORD007170,XpressBees,2025-05-03,2025-05-07,Delivered
SHP007171,ORD007171,XpressBees,2025-06-12,2025-06-14,Delivered
SHP007172,ORD007172,Delhivery,2025-03-01,,Pending
SHP007173,ORD007173,Ekart,2025-05-07,,Shipped
SHP007174,ORD007174,DTDC,2025-04-07,,Shipped
SHP007175,ORD007175,Amazon Logistics,2025-04-23,2025-04-26,Delivered
SHP007176,ORD007176,Amazon Logistics,2025-01-11,2025-01-14,Delivered
SHP007177,ORD007177,Amazon Logistics,2025-03-29,2025-04-01,Delivered
SHP007178,ORD007178,Amazon Logistics,2025-02-03,2025-02-09,Delivered
SHP007179,ORD007179,Ekart,2025-06-25,,Shipped
SHP007180,ORD007180,Ekart,2025-06-21,2025-06-26,Delivered
SHP007181,ORD007181,XpressBees,2025-04-12,2025-04-15,Delivered
SHP007182,ORD007182,BlueDart,2025-02-12,2025-02-15,Delivered
SHP007183,ORD007183,Ekart,2025-02-26,2025-03-02,Delivered
SHP007184,ORD007184,Delhivery,2025-01-10,2025-01-13,Delivered
SHP007185,ORD007185,BlueDart,2025-04-18,2025-04-21,Delivered
SHP007186,ORD007186,Delhivery,2025-02-10,2025-02-16,Delivered
SHP007187,ORD007187,BlueDart,2025-04-01,,Shipped
SHP007188,ORD007188,BlueDart,2025-04-17,,Processing
SHP007189,ORD007189,XpressBees,2025-05-20,,Processing
SHP007190,ORD007190,DTDC,2025-04-28,,Cancelled
SHP007191,ORD007191,DTDC,2025-05-25,2025-05-30,Delivered
SHP007192,ORD007192,Ekart,2025-03-13,2025-03-17,Delivered
SHP007193,ORD007193,XpressBees,2025-06-12,2025-06-16,Delivered
SHP007194,ORD007194,XpressBees,2025-03-15,2025-03-21,Delivered
SHP007195,ORD007195,DTDC,2025-07-01,2025-07-07,Delivered
SHP007196,ORD007196,Delhivery,2025-04-20,2025-04-26,Delivered
SHP007197,ORD007197,Amazon Logistics,2025-03-29,2025-04-02,Delivered
SHP007198,ORD007198,Amazon Logistics,2025-01-10,2025-01-15,Delivered
SHP007199,ORD007199,DTDC,2025-06-21,2025-06-26,Delivered
SHP007200,ORD007200,DTDC,2025-06-12,,Processing
SHP007201,ORD007201,Ekart,2025-06-16,2025-06-20,Delivered
SHP007202,ORD007202,BlueDart,2025-06-24,2025-06-30,Delivered
SHP007203,ORD007203,DTDC,2025-01-17,2025-01-23,Delivered
SHP007204,ORD007204,Ekart,2025-03-19,2025-03-25,Delivered
SHP007205,ORD007205,Amazon Logistics,2025-03-23,2025-03-26,Delivered
SHP007206,ORD007206,DTDC,2025-06-02,2025-06-05,Delivered
SHP007207,ORD007207,XpressBees,2025-03-25,2025-03-30,Delivered
SHP007208,ORD007208,Ekart,2025-02-15,2025-02-18,Delivered
SHP007209,ORD007209,Amazon Logistics,2025-02-10,2025-02-12,Delivered
SHP007210,ORD007210,Delhivery,2025-05-28,2025-06-02,Delivered
SHP007211,ORD007211,BlueDart,2025-03-29,2025-03-31,Delivered
SHP007212,ORD007212,BlueDart,2025-01-25,2025-01-28,Delivered
SHP007213,ORD007213,BlueDart,2025-04-20,,Shipped
SHP007214,ORD007214,Amazon Logistics,2025-03-23,2025-03-27,Delivered
SHP007215,ORD007215,Ekart,2025-06-14,2025-06-20,Delivered
SHP007216,ORD007216,Ekart,2025-03-17,2025-03-22,Delivered
SHP007217,ORD007217,XpressBees,2025-02-09,2025-02-14,Delivered
SHP007218,ORD007218,Ekart,2025-06-06,2025-06-12,Delivered
SHP007219,ORD007219,XpressBees,2025-03-21,,Processing
SHP007220,ORD007220,XpressBees,2025-04-12,2025-04-17,Delivered
SHP007221,ORD007221,Delhivery,2025-01-25,2025-01-29,Delivered
SHP007222,ORD007222,Ekart,2025-05-19,2025-05-24,Delivered
SHP007223,ORD007223,BlueDart,2025-04-06,2025-04-08,Delivered
SHP007224,ORD007224,DTDC,2025-05-18,2025-05-22,Delivered
SHP007225,ORD007225,BlueDart,2025-01-31,2025-02-04,Delivered
SHP007226,ORD007226,Ekart,2025-03-18,2025-03-21,Delivered
SHP007227,ORD007227,BlueDart,2025-04-08,2025-04-13,Delivered
SHP007228,ORD007228,Amazon Logistics,2025-06-03,2025-06-07,Delivered
SHP007229,ORD007229,Amazon Logistics,2025-06-19,2025-06-21,Delivered
SHP007230,ORD007230,Amazon Logistics,2025-02-22,2025-02-25,Delivered
SHP007231,ORD007231,Amazon Logistics,2025-06-03,2025-06-08,Delivered
SHP007232,ORD007232,DTDC,2025-01-14,,Pending
SHP007233,ORD007233,DTDC,2025-03-11,2025-03-13,Delivered
SHP007234,ORD007234,DTDC,2025-02-13,2025-02-15,Delivered
SHP007235,ORD007235,XpressBees,2025-04-26,2025-05-02,Delivered
SHP007236,ORD007236,XpressBees,2025-01-07,2025-01-10,Delivered
SHP007237,ORD007237,DTDC,2025-01-27,2025-01-29,Delivered
SHP007238,ORD007238,XpressBees,2025-01-04,2025-01-06,Delivered
SHP007239,ORD007239,XpressBees,2025-01-03,2025-01-07,Delivered
SHP007240,ORD007240,Delhivery,2025-01-14,,Processing
SHP007241,ORD007241,Ekart,2025-04-02,2025-04-06,Delivered
SHP007242,ORD007242,Amazon Logistics,2025-05-07,2025-05-11,Delivered
SHP007243,ORD007243,DTDC,2025-03-11,2025-03-15,Delivered
SHP007244,ORD007244,Amazon Logistics,2025-01-06,2025-01-11,Delivered
SHP007245,ORD007245,BlueDart,2025-06-23,2025-06-28,Delivered
SHP007246,ORD007246,BlueDart,2025-05-07,2025-05-13,Delivered
SHP007247,ORD007247,BlueDart,2025-02-11,2025-02-16,Delivered
SHP007248,ORD007248,Delhivery,2025-05-14,,Pending
SHP007249,ORD007249,DTDC,2025-06-21,2025-06-25,Delivered
SHP007250,ORD007250,XpressBees,2025-04-22,2025-04-25,Delivered
SHP007251,ORD007251,DTDC,2025-04-21,,Shipped
SHP007252,ORD007252,Amazon Logistics,2025-03-19,2025-03-25,Delivered
SHP007253,ORD007253,Delhivery,2025-02-06,,Cancelled
SHP007254,ORD007254,BlueDart,2025-01-20,2025-01-24,Delivered
SHP007255,ORD007255,Delhivery,2025-06-09,2025-06-14,Delivered
SHP007256,ORD007256,DTDC,2025-01-25,2025-01-31,Delivered
SHP007257,ORD007257,BlueDart,2025-01-30,2025-02-04,Returned
SHP007258,ORD007258,Ekart,2025-04-13,2025-04-16,Delivered
SHP007259,ORD007259,BlueDart,2025-03-14,,Shipped
SHP007260,ORD007260,DTDC,2025-05-20,2025-05-26,Delivered
SHP007261,ORD007261,Delhivery,2025-01-21,2025-01-23,Delivered
SHP007262,ORD007262,DTDC,2025-05-02,,Processing
SHP007263,ORD007263,Ekart,2025-06-03,2025-06-09,Delivered
SHP007264,ORD007264,DTDC,2025-03-25,2025-03-31,Delivered
SHP007265,ORD007265,Ekart,2025-06-11,,Shipped
SHP007266,ORD007266,DTDC,2025-01-05,2025-01-08,Delivered
SHP007267,ORD007267,Amazon Logistics,2025-03-05,2025-03-11,Returned
SHP007268,ORD007268,XpressBees,2025-03-04,2025-03-08,Delivered
SHP007269,ORD007269,XpressBees,2025-05-11,2025-05-15,Delivered
SHP007270,ORD007270,Amazon Logistics,2025-03-17,2025-03-21,Delivered
SHP007271,ORD007271,XpressBees,2025-06-04,2025-06-06,Delivered
SHP007272,ORD007272,Delhivery,2025-04-26,,Processing
SHP007273,ORD007273,BlueDart,2025-05-08,2025-05-14,Delivered
SHP007274,ORD007274,BlueDart,2025-01-14,2025-01-20,Delivered
SHP007275,ORD007275,Amazon Logistics,2025-01-26,,Pending
SHP007276,ORD007276,XpressBees,2025-04-18,2025-04-22,Delivered
SHP007277,ORD007277,Amazon Logistics,2025-05-08,2025-05-12,Delivered
SHP007278,ORD007278,DTDC,2025-01-02,2025-01-04,Delivered
SHP007279,ORD007279,DTDC,2025-02-20,2025-02-25,Delivered
SHP007280,ORD007280,DTDC,2025-03-20,,Shipped
SHP007281,ORD007281,Amazon Logistics,2025-01-07,,Shipped
SHP007282,ORD007282,DTDC,2025-04-18,2025-04-22,Delivered
SHP007283,ORD007283,Amazon Logistics,2025-02-14,2025-02-16,Delivered
SHP007284,ORD007284,XpressBees,2025-03-31,,Pending
SHP007285,ORD007285,Delhivery,2025-02-01,2025-02-07,Delivered
SHP007286,ORD007286,Delhivery,2025-06-28,2025-06-30,Delivered
SHP007287,ORD007287,BlueDart,2025-05-01,,Shipped
SHP007288,ORD007288,DTDC,2025-01-26,2025-01-31,Delivered
SHP007289,ORD007289,Amazon Logistics,2025-02-17,2025-02-21,Delivered
SHP007290,ORD007290,Ekart,2025-04-07,2025-04-09,Delivered
SHP007291,ORD007291,XpressBees,2025-03-08,2025-03-14,Delivered
SHP007292,ORD007292,Delhivery,2025-04-09,2025-04-14,Delivered
SHP007293,ORD007293,XpressBees,2025-03-31,2025-04-06,Delivered
SHP007294,ORD007294,Amazon Logistics,2025-01-21,2025-01-27,Delivered
SHP007295,ORD007295,XpressBees,2025-03-22,2025-03-28,Delivered
SHP007296,ORD007296,Delhivery,2025-03-10,2025-03-15,Delivered
SHP007297,ORD007297,BlueDart,2025-03-12,2025-03-16,Delivered
SHP007298,ORD007298,Delhivery,2025-06-11,2025-06-17,Delivered
SHP007299,ORD007299,Ekart,2025-01-14,,Processing
SHP007300,ORD007300,DTDC,2025-01-28,,Cancelled
SHP007301,ORD007301,DTDC,2025-02-07,2025-02-09,Delivered
SHP007302,ORD007302,BlueDart,2025-02-06,2025-02-11,Delivered
SHP007303,ORD007303,Amazon Logistics,2025-04-13,2025-04-16,Delivered
SHP007304,ORD007304,XpressBees,2025-06-03,2025-06-07,Delivered
SHP007305,ORD007305,BlueDart,2025-04-20,2025-04-24,Delivered
SHP007306,ORD007306,BlueDart,2025-01-06,2025-01-09,Delivered
SHP007307,ORD007307,XpressBees,2025-06-17,,Shipped
SHP007308,ORD007308,DTDC,2025-02-23,,Processing
SHP007309,ORD007309,XpressBees,2025-05-27,2025-05-29,Delivered
SHP007310,ORD007310,Amazon Logistics,2025-05-06,2025-05-10,Delivered
SHP007311,ORD007311,DTDC,2025-02-18,2025-02-22,Delivered
SHP007312,ORD007312,Amazon Logistics,2025-03-10,2025-03-12,Delivered
SHP007313,ORD007313,Ekart,2025-01-23,2025-01-27,Delivered
SHP007314,ORD007314,BlueDart,2025-05-10,,Pending
SHP007315,ORD007315,BlueDart,2025-01-30,,Shipped
SHP007316,ORD007316,BlueDart,2025-04-21,2025-04-25,Delivered
SHP007317,ORD007317,Delhivery,2025-02-13,,Pending
SHP007318,ORD007318,XpressBees,2025-05-01,2025-05-07,Delivered
SHP007319,ORD007319,DTDC,2025-03-20,2025-03-22,Delivered
SHP007320,ORD007320,DTDC,2025-01-19,,Cancelled
SHP007321,ORD007321,Amazon Logistics,2025-02-11,,Pending
SHP007322,ORD007322,BlueDart,2025-05-24,2025-05-26,Delivered
SHP007323,ORD007323,BlueDart,2025-05-06,2025-05-08,Delivered
SHP007324,ORD007324,BlueDart,2025-05-15,2025-05-20,Delivered
SHP007325,ORD007325,Amazon Logistics,2025-05-13,2025-05-18,Delivered
SHP007326,ORD007326,Delhivery,2025-05-15,2025-05-18,Delivered
SHP007327,ORD007327,XpressBees,2025-06-07,,Shipped
SHP007328,ORD007328,Amazon Logistics,2025-04-07,,Shipped
SHP007329,ORD007329,Amazon Logistics,2025-07-01,2025-07-07,Delivered
SHP007330,ORD007330,Ekart,2025-05-06,,Processing
SHP007331,ORD007331,Delhivery,2025-01-17,2025-01-19,Delivered
SHP007332,ORD007332,BlueDart,2025-03-07,2025-03-12,Delivered
SHP007333,ORD007333,DTDC,2025-05-30,2025-06-05,Delivered
SHP007334,ORD007334,DTDC,2025-03-30,2025-04-02,Delivered
SHP007335,ORD007335,DTDC,2025-03-02,2025-03-08,Delivered
SHP007336,ORD007336,BlueDart,2025-04-25,,Shipped
SHP007337,ORD007337,Ekart,2025-04-12,2025-04-17,Delivered
SHP007338,ORD007338,Amazon Logistics,2025-05-20,2025-05-22,Delivered
SHP007339,ORD007339,Delhivery,2025-02-17,2025-02-19,Delivered
SHP007340,ORD007340,Amazon Logistics,2025-01-30,2025-02-03,Delivered
SHP007341,ORD007341,BlueDart,2025-04-10,2025-04-14,Delivered
SHP007342,ORD007342,Ekart,2025-03-12,2025-03-18,Delivered
SHP007343,ORD007343,Delhivery,2025-04-11,,Processing
SHP007344,ORD007344,Ekart,2025-01-14,2025-01-19,Delivered
SHP007345,ORD007345,Amazon Logistics,2025-04-09,,Processing
SHP007346,ORD007346,XpressBees,2025-06-24,2025-06-30,Delivered
SHP007347,ORD007347,Delhivery,2025-05-10,2025-05-13,Delivered
SHP007348,ORD007348,Delhivery,2025-03-26,2025-03-31,Delivered
SHP007349,ORD007349,XpressBees,2025-06-24,2025-06-28,Delivered
SHP007350,ORD007350,Delhivery,2025-03-29,2025-04-01,Delivered
SHP007351,ORD007351,Amazon Logistics,2025-06-07,2025-06-11,Delivered
SHP007352,ORD007352,DTDC,2025-04-03,,Shipped
SHP007353,ORD007353,Ekart,2025-04-11,,Shipped
SHP007354,ORD007354,Ekart,2025-05-14,2025-05-16,Delivered
SHP007355,ORD007355,Delhivery,2025-06-13,2025-06-16,Delivered
SHP007356,ORD007356,Amazon Logistics,2025-02-09,2025-02-15,Delivered
SHP007357,ORD007357,XpressBees,2025-05-23,2025-05-28,Delivered
SHP007358,ORD007358,Ekart,2025-01-24,2025-01-26,Delivered
SHP007359,ORD007359,BlueDart,2025-05-08,2025-05-10,Delivered
SHP007360,ORD007360,Delhivery,2025-04-02,2025-04-04,Delivered
SHP007361,ORD007361,DTDC,2025-04-22,,Processing
SHP007362,ORD007362,BlueDart,2025-01-17,2025-01-21,Delivered
SHP007363,ORD007363,Amazon Logistics,2025-01-30,,Pending
SHP007364,ORD007364,XpressBees,2025-06-01,,Processing
SHP007365,ORD007365,Amazon Logistics,2025-05-06,,Shipped
SHP007366,ORD007366,DTDC,2025-05-07,,Cancelled
SHP007367,ORD007367,BlueDart,2025-05-13,2025-05-17,Delivered
SHP007368,ORD007368,Delhivery,2025-03-28,2025-04-01,Delivered
SHP007369,ORD007369,Amazon Logistics,2025-01-27,2025-02-02,Delivered
SHP007370,ORD007370,Amazon Logistics,2025-04-18,,Pending
SHP007371,ORD007371,BlueDart,2025-02-23,2025-02-25,Delivered
SHP007372,ORD007372,Amazon Logistics,2025-06-09,2025-06-13,Delivered
SHP007373,ORD007373,Delhivery,2025-01-13,,Shipped
SHP007374,ORD007374,XpressBees,2025-01-16,2025-01-22,Delivered
SHP007375,ORD007375,BlueDart,2025-03-04,2025-03-10,Delivered
SHP007376,ORD007376,DTDC,2025-06-29,2025-07-04,Delivered
SHP007377,ORD007377,Delhivery,2025-06-27,2025-06-30,Delivered
SHP007378,ORD007378,Ekart,2025-06-09,2025-06-11,Delivered
SHP007379,ORD007379,Amazon Logistics,2025-03-22,2025-03-25,Delivered
SHP007380,ORD007380,Delhivery,2025-06-24,2025-06-27,Delivered
SHP007381,ORD007381,DTDC,2025-04-17,,Pending
SHP007382,ORD007382,BlueDart,2025-02-09,2025-02-11,Delivered
SHP007383,ORD007383,Ekart,2025-03-28,2025-03-30,Delivered
SHP007384,ORD007384,DTDC,2025-05-15,2025-05-21,Delivered
SHP007385,ORD007385,DTDC,2025-02-28,2025-03-06,Delivered
SHP007386,ORD007386,Ekart,2025-03-21,2025-03-25,Delivered
SHP007387,ORD007387,XpressBees,2025-05-11,2025-05-14,Delivered
SHP007388,ORD007388,DTDC,2025-03-20,,Pending
SHP007389,ORD007389,BlueDart,2025-02-26,2025-03-01,Delivered
SHP007390,ORD007390,XpressBees,2025-03-07,2025-03-11,Delivered
SHP007391,ORD007391,Ekart,2025-02-23,2025-02-25,Delivered
SHP007392,ORD007392,DTDC,2025-03-11,2025-03-16,Delivered
SHP007393,ORD007393,Amazon Logistics,2025-01-15,,Shipped
SHP007394,ORD007394,XpressBees,2025-02-27,,Shipped
SHP007395,ORD007395,Ekart,2025-01-18,,Cancelled
SHP007396,ORD007396,BlueDart,2025-03-09,2025-03-11,Delivered
SHP007397,ORD007397,DTDC,2025-05-19,,Cancelled
SHP007398,ORD007398,XpressBees,2025-01-22,2025-01-26,Delivered
SHP007399,ORD007399,XpressBees,2025-03-14,2025-03-16,Delivered
SHP007400,ORD007400,Delhivery,2025-05-30,2025-06-04,Delivered
SHP007401,ORD007401,Delhivery,2025-01-07,2025-01-11,Delivered
SHP007402,ORD007402,Delhivery,2025-03-15,2025-03-17,Delivered
SHP007403,ORD007403,BlueDart,2025-04-16,,Shipped
SHP007404,ORD007404,DTDC,2025-02-22,2025-02-25,Delivered
SHP007405,ORD007405,DTDC,2025-04-16,,Shipped
SHP007406,ORD007406,Delhivery,2025-01-24,2025-01-27,Delivered
SHP007407,ORD007407,DTDC,2025-03-05,,Cancelled
SHP007408,ORD007408,DTDC,2025-03-07,,Shipped
SHP007409,ORD007409,BlueDart,2025-04-19,2025-04-25,Delivered
SHP007410,ORD007410,BlueDart,2025-03-12,,Cancelled
SHP007411,ORD007411,DTDC,2025-06-15,2025-06-17,Delivered
SHP007412,ORD007412,Amazon Logistics,2025-05-22,2025-05-27,Delivered
SHP007413,ORD007413,Delhivery,2025-06-03,2025-06-09,Delivered
SHP007414,ORD007414,BlueDart,2025-02-14,,Processing
SHP007415,ORD007415,Delhivery,2025-06-06,2025-06-10,Delivered
SHP007416,ORD007416,XpressBees,2025-02-20,,Shipped
SHP007417,ORD007417,Amazon Logistics,2025-02-25,2025-03-02,Delivered
SHP007418,ORD007418,BlueDart,2025-07-01,2025-07-06,Delivered
SHP007419,ORD007419,BlueDart,2025-05-20,,Processing
SHP007420,ORD007420,Amazon Logistics,2025-01-26,,Shipped
SHP007421,ORD007421,DTDC,2025-05-20,2025-05-22,Delivered
SHP007422,ORD007422,Ekart,2025-06-23,2025-06-25,Delivered
SHP007423,ORD007423,Amazon Logistics,2025-03-15,2025-03-20,Delivered
SHP007424,ORD007424,BlueDart,2025-06-16,2025-06-20,Delivered
SHP007425,ORD007425,BlueDart,2025-03-27,2025-03-31,Delivered
SHP007426,ORD007426,BlueDart,2025-06-09,2025-06-13,Delivered
SHP007427,ORD007427,Ekart,2025-06-16,2025-06-21,Delivered
SHP007428,ORD007428,Ekart,2025-02-16,2025-02-18,Delivered
SHP007429,ORD007429,Delhivery,2025-01-15,2025-01-21,Delivered
SHP007430,ORD007430,Ekart,2025-03-05,2025-03-09,Delivered
SHP007431,ORD007431,Ekart,2025-03-19,,Shipped
SHP007432,ORD007432,Delhivery,2025-01-26,2025-01-30,Delivered
SHP007433,ORD007433,Delhivery,2025-04-14,,Processing
SHP007434,ORD007434,DTDC,2025-02-27,2025-03-05,Delivered
SHP007435,ORD007435,BlueDart,2025-06-28,2025-06-30,Delivered
SHP007436,ORD007436,XpressBees,2025-06-20,2025-06-23,Delivered
SHP007437,ORD007437,XpressBees,2025-01-23,2025-01-27,Delivered
SHP007438,ORD007438,Ekart,2025-05-22,,Shipped
SHP007439,ORD007439,DTDC,2025-06-18,,Shipped
SHP007440,ORD007440,Amazon Logistics,2025-02-24,2025-02-28,Delivered
SHP007441,ORD007441,Delhivery,2025-05-19,2025-05-25,Delivered
SHP007442,ORD007442,Delhivery,2025-03-26,2025-04-01,Delivered
SHP007443,ORD007443,XpressBees,2025-03-18,2025-03-22,Delivered
SHP007444,ORD007444,Amazon Logistics,2025-05-13,2025-05-18,Delivered
SHP007445,ORD007445,Ekart,2025-03-19,2025-03-23,Delivered
SHP007446,ORD007446,Delhivery,2025-05-22,,Processing
SHP007447,ORD007447,Amazon Logistics,2025-06-09,2025-06-13,Delivered
SHP007448,ORD007448,Amazon Logistics,2025-05-21,2025-05-25,Delivered
SHP007449,ORD007449,Delhivery,2025-03-19,2025-03-24,Delivered
SHP007450,ORD007450,Amazon Logistics,2025-05-28,2025-06-03,Delivered
SHP007451,ORD007451,XpressBees,2025-04-02,2025-04-04,Delivered
SHP007452,ORD007452,BlueDart,2025-04-12,2025-04-15,Delivered
SHP007453,ORD007453,BlueDart,2025-05-31,,Cancelled
SHP007454,ORD007454,Delhivery,2025-06-02,2025-06-05,Delivered
SHP007455,ORD007455,Delhivery,2025-03-24,2025-03-27,Delivered
SHP007456,ORD007456,XpressBees,2025-01-21,,Cancelled
SHP007457,ORD007457,DTDC,2025-03-30,2025-04-05,Delivered
SHP007458,ORD007458,Ekart,2025-04-17,2025-04-23,Delivered
SHP007459,ORD007459,Delhivery,2025-01-13,,Pending
SHP007460,ORD007460,Amazon Logistics,2025-06-18,2025-06-20,Delivered
SHP007461,ORD007461,Ekart,2025-05-19,2025-05-23,Delivered
SHP007462,ORD007462,DTDC,2025-06-11,2025-06-15,Delivered
SHP007463,ORD007463,DTDC,2025-02-06,,Processing
SHP007464,ORD007464,XpressBees,2025-04-02,2025-04-05,Delivered
SHP007465,ORD007465,Amazon Logistics,2025-03-17,2025-03-22,Delivered
SHP007466,ORD007466,XpressBees,2025-06-19,2025-06-22,Delivered
SHP007467,ORD007467,Ekart,2025-04-13,2025-04-15,Delivered
SHP007468,ORD007468,BlueDart,2025-04-04,2025-04-07,Delivered
SHP007469,ORD007469,Delhivery,2025-06-13,,Processing
SHP007470,ORD007470,Ekart,2025-06-19,2025-06-25,Delivered
SHP007471,ORD007471,DTDC,2025-05-25,,Shipped
SHP007472,ORD007472,DTDC,2025-02-28,2025-03-06,Delivered
SHP007473,ORD007473,Ekart,2025-06-23,,Shipped
SHP007474,ORD007474,Amazon Logistics,2025-01-10,,Shipped
SHP007475,ORD007475,BlueDart,2025-03-31,2025-04-05,Delivered
SHP007476,ORD007476,XpressBees,2025-02-20,2025-02-22,Delivered
SHP007477,ORD007477,DTDC,2025-04-03,2025-04-09,Delivered
SHP007478,ORD007478,Amazon Logistics,2025-01-10,2025-01-13,Delivered
SHP007479,ORD007479,BlueDart,2025-03-07,2025-03-13,Delivered
SHP007480,ORD007480,Amazon Logistics,2025-02-15,2025-02-18,Delivered
SHP007481,ORD007481,Ekart,2025-01-15,2025-01-19,Delivered
SHP007482,ORD007482,Amazon Logistics,2025-06-14,2025-06-20,Delivered
SHP007483,ORD007483,Ekart,2025-03-11,,Pending
SHP007484,ORD007484,BlueDart,2025-03-04,2025-03-07,Delivered
SHP007485,ORD007485,Amazon Logistics,2025-03-03,2025-03-08,Delivered
SHP007486,ORD007486,Delhivery,2025-06-05,,Pending
SHP007487,ORD007487,Amazon Logistics,2025-04-15,2025-04-19,Delivered
SHP007488,ORD007488,BlueDart,2025-05-29,2025-06-01,Delivered
SHP007489,ORD007489,Ekart,2025-04-01,,Shipped
SHP007490,ORD007490,XpressBees,2025-05-26,2025-05-29,Delivered
SHP007491,ORD007491,Amazon Logistics,2025-04-18,2025-04-24,Delivered
SHP007492,ORD007492,Ekart,2025-06-16,2025-06-19,Delivered
SHP007493,ORD007493,Ekart,2025-06-17,2025-06-19,Delivered
SHP007494,ORD007494,XpressBees,2025-05-19,2025-05-24,Delivered
SHP007495,ORD007495,DTDC,2025-01-29,2025-02-01,Delivered
SHP007496,ORD007496,Delhivery,2025-02-19,2025-02-22,Delivered
SHP007497,ORD007497,XpressBees,2025-01-15,2025-01-17,Delivered
SHP007498,ORD007498,BlueDart,2025-04-28,2025-05-03,Delivered
SHP007499,ORD007499,Delhivery,2025-05-14,2025-05-18,Delivered
SHP007500,ORD007500,Delhivery,2025-03-13,,Cancelled
SHP007501,ORD007501,Amazon Logistics,2025-02-25,,Cancelled
SHP007502,ORD007502,BlueDart,2025-01-11,,Processing
SHP007503,ORD007503,XpressBees,2025-04-12,2025-04-15,Delivered
SHP007504,ORD007504,Amazon Logistics,2025-02-01,2025-02-03,Delivered
SHP007505,ORD007505,Ekart,2025-02-04,,Shipped
SHP007506,ORD007506,BlueDart,2025-04-12,2025-04-14,Delivered
SHP007507,ORD007507,Amazon Logistics,2025-02-08,,Processing
SHP007508,ORD007508,BlueDart,2025-05-10,2025-05-13,Delivered
SHP007509,ORD007509,Amazon Logistics,2025-04-02,2025-04-07,Delivered
SHP007510,ORD007510,XpressBees,2025-01-17,2025-01-20,Delivered
SHP007511,ORD007511,BlueDart,2025-03-09,2025-03-13,Delivered
SHP007512,ORD007512,DTDC,2025-03-19,,Cancelled
SHP007513,ORD007513,XpressBees,2025-04-20,2025-04-23,Delivered
SHP007514,ORD007514,Ekart,2025-04-24,2025-04-29,Delivered
SHP007515,ORD007515,Delhivery,2025-06-09,,Pending
SHP007516,ORD007516,Amazon Logistics,2025-04-23,2025-04-29,Delivered
SHP007517,ORD007517,Amazon Logistics,2025-06-12,,Shipped
SHP007518,ORD007518,Ekart,2025-05-15,2025-05-18,Delivered
SHP007519,ORD007519,XpressBees,2025-02-05,,Cancelled
SHP007520,ORD007520,Delhivery,2025-03-06,,Shipped
SHP007521,ORD007521,DTDC,2025-03-26,2025-03-28,Delivered
SHP007522,ORD007522,Ekart,2025-03-21,2025-03-23,Delivered
SHP007523,ORD007523,DTDC,2025-03-09,2025-03-14,Delivered
SHP007524,ORD007524,Delhivery,2025-01-04,2025-01-07,Delivered
SHP007525,ORD007525,Ekart,2025-01-05,2025-01-08,Delivered
SHP007526,ORD007526,XpressBees,2025-05-31,2025-06-05,Delivered
SHP007527,ORD007527,DTDC,2025-05-23,2025-05-28,Delivered
SHP007528,ORD007528,DTDC,2025-05-18,2025-05-24,Delivered
SHP007529,ORD007529,XpressBees,2025-05-01,2025-05-05,Delivered
SHP007530,ORD007530,XpressBees,2025-03-12,,Processing
SHP007531,ORD007531,Delhivery,2025-04-19,2025-04-22,Delivered
SHP007532,ORD007532,Delhivery,2025-05-19,,Pending
SHP007533,ORD007533,Delhivery,2025-02-03,,Shipped
SHP007534,ORD007534,Amazon Logistics,2025-01-20,,Shipped
SHP007535,ORD007535,Delhivery,2025-03-08,2025-03-13,Returned
SHP007536,ORD007536,Ekart,2025-02-07,2025-02-13,Delivered
SHP007537,ORD007537,BlueDart,2025-03-04,,Shipped
SHP007538,ORD007538,Amazon Logistics,2025-03-31,2025-04-03,Delivered
SHP007539,ORD007539,XpressBees,2025-01-25,2025-01-27,Delivered
SHP007540,ORD007540,Ekart,2025-06-19,2025-06-23,Delivered
SHP007541,ORD007541,XpressBees,2025-01-31,,Processing
SHP007542,ORD007542,XpressBees,2025-04-23,2025-04-26,Returned
SHP007543,ORD007543,XpressBees,2025-07-01,2025-07-04,Returned
SHP007544,ORD007544,Amazon Logistics,2025-03-18,2025-03-22,Delivered
SHP007545,ORD007545,BlueDart,2025-06-26,,Pending
SHP007546,ORD007546,XpressBees,2025-05-21,2025-05-24,Delivered
SHP007547,ORD007547,Ekart,2025-05-09,2025-05-15,Delivered
SHP007548,ORD007548,Amazon Logistics,2025-01-29,2025-02-01,Delivered
SHP007549,ORD007549,BlueDart,2025-05-13,2025-05-18,Delivered
SHP007550,ORD007550,Amazon Logistics,2025-02-10,2025-02-16,Delivered
SHP007551,ORD007551,Amazon Logistics,2025-05-30,2025-06-05,Delivered
SHP007552,ORD007552,BlueDart,2025-06-05,2025-06-11,Delivered
SHP007553,ORD007553,Ekart,2025-01-18,,Pending
SHP007554,ORD007554,XpressBees,2025-01-13,2025-01-15,Delivered
SHP007555,ORD007555,Delhivery,2025-01-31,,Processing
SHP007556,ORD007556,Delhivery,2025-05-17,,Processing
SHP007557,ORD007557,XpressBees,2025-04-28,2025-05-01,Delivered
SHP007558,ORD007558,Ekart,2025-04-02,2025-04-04,Delivered
SHP007559,ORD007559,Ekart,2025-06-03,2025-06-08,Delivered
SHP007560,ORD007560,XpressBees,2025-06-07,,Processing
SHP007561,ORD007561,Ekart,2025-04-22,2025-04-26,Delivered
SHP007562,ORD007562,DTDC,2025-04-04,,Shipped
SHP007563,ORD007563,DTDC,2025-02-03,2025-02-07,Delivered
SHP007564,ORD007564,BlueDart,2025-04-06,2025-04-09,Delivered
SHP007565,ORD007565,Amazon Logistics,2025-04-02,2025-04-08,Delivered
SHP007566,ORD007566,BlueDart,2025-03-07,2025-03-10,Delivered
SHP007567,ORD007567,BlueDart,2025-05-26,2025-05-29,Delivered
SHP007568,ORD007568,Ekart,2025-05-17,2025-05-23,Delivered
SHP007569,ORD007569,DTDC,2025-01-22,2025-01-24,Delivered
SHP007570,ORD007570,XpressBees,2025-01-25,2025-01-27,Delivered
SHP007571,ORD007571,DTDC,2025-04-25,2025-04-28,Delivered
SHP007572,ORD007572,XpressBees,2025-06-14,2025-06-18,Delivered
SHP007573,ORD007573,Delhivery,2025-05-06,,Processing
SHP007574,ORD007574,Delhivery,2025-01-23,,Shipped
SHP007575,ORD007575,BlueDart,2025-05-15,,Processing
SHP007576,ORD007576,Amazon Logistics,2025-05-24,,Shipped
SHP007577,ORD007577,Amazon Logistics,2025-05-28,2025-05-30,Returned
SHP007578,ORD007578,BlueDart,2025-01-15,,Processing
SHP007579,ORD007579,Delhivery,2025-05-20,,Processing
SHP007580,ORD007580,Delhivery,2025-02-15,2025-02-17,Delivered
SHP007581,ORD007581,Delhivery,2025-04-28,2025-05-02,Delivered
SHP007582,ORD007582,Amazon Logistics,2025-06-09,,Pending
SHP007583,ORD007583,XpressBees,2025-05-10,,Shipped
SHP007584,ORD007584,Ekart,2025-05-31,,Pending
SHP007585,ORD007585,Delhivery,2025-02-07,2025-02-13,Delivered
SHP007586,ORD007586,XpressBees,2025-04-29,2025-05-01,Delivered
SHP007587,ORD007587,Amazon Logistics,2025-01-26,2025-01-31,Delivered
SHP007588,ORD007588,BlueDart,2025-04-09,2025-04-15,Delivered
SHP007589,ORD007589,Delhivery,2025-02-19,2025-02-24,Delivered
SHP007590,ORD007590,DTDC,2025-03-16,2025-03-20,Returned
SHP007591,ORD007591,XpressBees,2025-03-31,2025-04-06,Delivered
SHP007592,ORD007592,BlueDart,2025-06-13,2025-06-19,Delivered
SHP007593,ORD007593,Amazon Logistics,2025-03-14,2025-03-19,Delivered
SHP007594,ORD007594,DTDC,2025-03-09,2025-03-15,Delivered
SHP007595,ORD007595,Delhivery,2025-05-17,,Cancelled
SHP007596,ORD007596,BlueDart,2025-01-17,,Cancelled
SHP007597,ORD007597,BlueDart,2025-05-07,2025-05-09,Delivered
SHP007598,ORD007598,BlueDart,2025-04-03,2025-04-05,Delivered
SHP007599,ORD007599,BlueDart,2025-02-21,2025-02-23,Delivered
SHP007600,ORD007600,Ekart,2025-05-03,2025-05-06,Delivered
SHP007601,ORD007601,XpressBees,2025-04-20,2025-04-26,Delivered
SHP007602,ORD007602,Amazon Logistics,2025-02-11,,Shipped
SHP007603,ORD007603,DTDC,2025-02-27,2025-03-04,Delivered
SHP007604,ORD007604,Delhivery,2025-03-19,,Pending
SHP007605,ORD007605,Ekart,2025-03-23,,Cancelled
SHP007606,ORD007606,Delhivery,2025-03-13,2025-03-19,Delivered
SHP007607,ORD007607,Delhivery,2025-05-09,2025-05-14,Delivered
SHP007608,ORD007608,DTDC,2025-05-12,2025-05-14,Delivered
SHP007609,ORD007609,Ekart,2025-02-05,2025-02-08,Delivered
SHP007610,ORD007610,Amazon Logistics,2025-01-18,,Processing
SHP007611,ORD007611,Amazon Logistics,2025-03-10,2025-03-12,Delivered
SHP007612,ORD007612,XpressBees,2025-03-10,2025-03-15,Delivered
SHP007613,ORD007613,Delhivery,2025-02-11,2025-02-13,Delivered
SHP007614,ORD007614,BlueDart,2025-02-28,2025-03-03,Delivered
SHP007615,ORD007615,Ekart,2025-05-13,2025-05-19,Delivered
SHP007616,ORD007616,DTDC,2025-03-17,2025-03-22,Delivered
SHP007617,ORD007617,XpressBees,2025-01-25,2025-01-27,Delivered
SHP007618,ORD007618,DTDC,2025-03-10,2025-03-13,Delivered
SHP007619,ORD007619,Ekart,2025-03-12,2025-03-18,Delivered
SHP007620,ORD007620,DTDC,2025-02-03,,Processing
SHP007621,ORD007621,DTDC,2025-05-12,2025-05-18,Delivered
SHP007622,ORD007622,Ekart,2025-06-25,,Pending
SHP007623,ORD007623,Amazon Logistics,2025-05-31,2025-06-04,Delivered
SHP007624,ORD007624,Ekart,2025-06-12,2025-06-16,Delivered
SHP007625,ORD007625,Ekart,2025-06-04,,Cancelled
SHP007626,ORD007626,DTDC,2025-02-27,,Processing
SHP007627,ORD007627,XpressBees,2025-04-21,2025-04-24,Delivered
SHP007628,ORD007628,DTDC,2025-05-08,,Processing
SHP007629,ORD007629,BlueDart,2025-03-10,2025-03-15,Delivered
SHP007630,ORD007630,BlueDart,2025-03-06,2025-03-10,Delivered
SHP007631,ORD007631,XpressBees,2025-05-14,,Processing
SHP007632,ORD007632,DTDC,2025-05-06,2025-05-09,Delivered
SHP007633,ORD007633,XpressBees,2025-04-06,2025-04-09,Delivered
SHP007634,ORD007634,Amazon Logistics,2025-02-05,2025-02-07,Delivered
SHP007635,ORD007635,XpressBees,2025-02-06,2025-02-09,Delivered
SHP007636,ORD007636,DTDC,2025-03-24,2025-03-29,Delivered
SHP007637,ORD007637,Delhivery,2025-02-22,2025-02-27,Delivered
SHP007638,ORD007638,BlueDart,2025-03-07,2025-03-13,Delivered
SHP007639,ORD007639,DTDC,2025-03-31,2025-04-04,Delivered
SHP007640,ORD007640,DTDC,2025-02-03,,Shipped
SHP007641,ORD007641,XpressBees,2025-02-13,2025-02-16,Returned
SHP007642,ORD007642,DTDC,2025-05-27,2025-05-29,Delivered
SHP007643,ORD007643,Amazon Logistics,2025-03-12,2025-03-15,Delivered
SHP007644,ORD007644,XpressBees,2025-01-24,2025-01-30,Delivered
SHP007645,ORD007645,Ekart,2025-04-24,2025-04-28,Delivered
SHP007646,ORD007646,Delhivery,2025-03-07,2025-03-13,Delivered
SHP007647,ORD007647,Amazon Logistics,2025-01-31,2025-02-04,Delivered
SHP007648,ORD007648,DTDC,2025-03-26,2025-03-31,Delivered
SHP007649,ORD007649,Delhivery,2025-02-21,2025-02-23,Delivered
SHP007650,ORD007650,Amazon Logistics,2025-01-30,2025-02-03,Delivered
SHP007651,ORD007651,XpressBees,2025-01-28,2025-02-03,Delivered
SHP007652,ORD007652,Amazon Logistics,2025-02-04,,Shipped
SHP007653,ORD007653,BlueDart,2025-01-02,2025-01-04,Delivered
SHP007654,ORD007654,XpressBees,2025-02-11,2025-02-13,Delivered
SHP007655,ORD007655,BlueDart,2025-04-14,2025-04-18,Delivered
SHP007656,ORD007656,DTDC,2025-01-28,,Shipped
SHP007657,ORD007657,Ekart,2025-06-29,2025-07-04,Delivered
SHP007658,ORD007658,Amazon Logistics,2025-03-04,2025-03-07,Delivered
SHP007659,ORD007659,BlueDart,2025-03-09,2025-03-11,Delivered
SHP007660,ORD007660,Ekart,2025-06-02,,Cancelled
SHP007661,ORD007661,XpressBees,2025-04-25,2025-04-28,Delivered
SHP007662,ORD007662,DTDC,2025-03-23,2025-03-25,Delivered
SHP007663,ORD007663,Ekart,2025-04-05,,Cancelled
SHP007664,ORD007664,Delhivery,2025-06-12,2025-06-17,Delivered
SHP007665,ORD007665,Ekart,2025-01-29,2025-02-04,Delivered
SHP007666,ORD007666,Ekart,2025-04-07,2025-04-11,Delivered
SHP007667,ORD007667,XpressBees,2025-02-11,2025-02-15,Delivered
SHP007668,ORD007668,BlueDart,2025-03-21,2025-03-25,Delivered
SHP007669,ORD007669,BlueDart,2025-03-22,2025-03-25,Delivered
SHP007670,ORD007670,BlueDart,2025-03-24,2025-03-28,Delivered
SHP007671,ORD007671,DTDC,2025-06-09,,Processing
SHP007672,ORD007672,BlueDart,2025-01-09,2025-01-11,Delivered
SHP007673,ORD007673,BlueDart,2025-04-20,,Shipped
SHP007674,ORD007674,Amazon Logistics,2025-01-27,2025-02-01,Delivered
SHP007675,ORD007675,BlueDart,2025-05-22,2025-05-26,Delivered
SHP007676,ORD007676,Amazon Logistics,2025-06-11,2025-06-15,Delivered
SHP007677,ORD007677,Ekart,2025-03-20,2025-03-24,Delivered
SHP007678,ORD007678,Ekart,2025-05-21,2025-05-27,Returned
SHP007679,ORD007679,BlueDart,2025-01-26,,Shipped
SHP007680,ORD007680,XpressBees,2025-03-02,2025-03-06,Delivered
SHP007681,ORD007681,DTDC,2025-04-03,2025-04-07,Delivered
SHP007682,ORD007682,DTDC,2025-04-08,,Processing
SHP007683,ORD007683,DTDC,2025-06-28,2025-07-01,Delivered
SHP007684,ORD007684,Ekart,2025-03-21,2025-03-26,Delivered
SHP007685,ORD007685,Delhivery,2025-05-24,2025-05-29,Delivered
SHP007686,ORD007686,XpressBees,2025-03-12,2025-03-17,Delivered
SHP007687,ORD007687,BlueDart,2025-02-19,2025-02-23,Delivered
SHP007688,ORD007688,Delhivery,2025-01-12,2025-01-18,Delivered
SHP007689,ORD007689,DTDC,2025-04-17,2025-04-19,Delivered
SHP007690,ORD007690,Amazon Logistics,2025-03-11,2025-03-16,Delivered
SHP007691,ORD007691,Ekart,2025-02-15,2025-02-20,Delivered
SHP007692,ORD007692,DTDC,2025-02-27,,Shipped
SHP007693,ORD007693,Amazon Logistics,2025-01-08,2025-01-12,Delivered
SHP007694,ORD007694,DTDC,2025-06-05,2025-06-08,Delivered
SHP007695,ORD007695,Delhivery,2025-05-05,,Shipped
SHP007696,ORD007696,Amazon Logistics,2025-01-15,2025-01-19,Delivered
SHP007697,ORD007697,Delhivery,2025-01-09,2025-01-11,Delivered
SHP007698,ORD007698,Ekart,2025-01-15,,Shipped
SHP007699,ORD007699,BlueDart,2025-06-20,2025-06-22,Delivered
SHP007700,ORD007700,Delhivery,2025-06-06,,Processing
SHP007701,ORD007701,Amazon Logistics,2025-05-09,2025-05-12,Delivered
SHP007702,ORD007702,DTDC,2025-02-06,2025-02-12,Delivered
SHP007703,ORD007703,DTDC,2025-06-13,,Shipped
SHP007704,ORD007704,Ekart,2025-05-31,2025-06-04,Delivered
SHP007705,ORD007705,Ekart,2025-02-21,,Pending
SHP007706,ORD007706,Ekart,2025-05-19,2025-05-23,Delivered
SHP007707,ORD007707,DTDC,2025-06-29,,Processing
SHP007708,ORD007708,Ekart,2025-04-06,2025-04-08,Delivered
SHP007709,ORD007709,XpressBees,2025-03-06,2025-03-10,Delivered
SHP007710,ORD007710,Delhivery,2025-02-10,2025-02-14,Delivered
SHP007711,ORD007711,Ekart,2025-01-24,2025-01-26,Delivered
SHP007712,ORD007712,Delhivery,2025-03-11,2025-03-14,Delivered
SHP007713,ORD007713,BlueDart,2025-02-04,2025-02-06,Delivered
SHP007714,ORD007714,Amazon Logistics,2025-02-24,2025-02-26,Delivered
SHP007715,ORD007715,Amazon Logistics,2025-04-30,2025-05-03,Delivered
SHP007716,ORD007716,DTDC,2025-06-24,2025-06-29,Delivered
SHP007717,ORD007717,DTDC,2025-02-03,2025-02-08,Delivered
SHP007718,ORD007718,XpressBees,2025-03-31,2025-04-04,Delivered
SHP007719,ORD007719,DTDC,2025-02-24,2025-02-26,Delivered
SHP007720,ORD007720,BlueDart,2025-01-22,2025-01-28,Delivered
SHP007721,ORD007721,XpressBees,2025-04-05,2025-04-09,Delivered
SHP007722,ORD007722,BlueDart,2025-02-09,2025-02-12,Delivered
SHP007723,ORD007723,Delhivery,2025-05-22,2025-05-26,Delivered
SHP007724,ORD007724,BlueDart,2025-05-01,2025-05-05,Delivered
SHP007725,ORD007725,Delhivery,2025-03-25,,Shipped
SHP007726,ORD007726,XpressBees,2025-04-08,,Processing
SHP007727,ORD007727,Ekart,2025-06-01,,Shipped
SHP007728,ORD007728,Amazon Logistics,2025-02-19,2025-02-21,Delivered
SHP007729,ORD007729,Amazon Logistics,2025-03-20,,Pending
SHP007730,ORD007730,Ekart,2025-02-05,2025-02-09,Delivered
SHP007731,ORD007731,Ekart,2025-04-02,2025-04-07,Delivered
SHP007732,ORD007732,XpressBees,2025-03-12,2025-03-17,Delivered
SHP007733,ORD007733,Amazon Logistics,2025-01-27,,Pending
SHP007734,ORD007734,Amazon Logistics,2025-04-12,2025-04-17,Delivered
SHP007735,ORD007735,Delhivery,2025-04-01,2025-04-05,Delivered
SHP007736,ORD007736,BlueDart,2025-02-23,,Shipped
SHP007737,ORD007737,Delhivery,2025-04-23,2025-04-26,Delivered
SHP007738,ORD007738,XpressBees,2025-04-20,2025-04-23,Delivered
SHP007739,ORD007739,BlueDart,2025-04-02,,Cancelled
SHP007740,ORD007740,Delhivery,2025-02-19,2025-02-22,Delivered
SHP007741,ORD007741,XpressBees,2025-04-24,2025-04-28,Delivered
SHP007742,ORD007742,Ekart,2025-01-07,2025-01-12,Delivered
SHP007743,ORD007743,Delhivery,2025-04-06,2025-04-11,Delivered
SHP007744,ORD007744,XpressBees,2025-02-13,,Processing
SHP007745,ORD007745,Ekart,2025-01-14,2025-01-19,Delivered
SHP007746,ORD007746,Amazon Logistics,2025-02-15,,Cancelled
SHP007747,ORD007747,Delhivery,2025-06-07,2025-06-11,Delivered
SHP007748,ORD007748,Delhivery,2025-06-19,2025-06-22,Delivered
SHP007749,ORD007749,Amazon Logistics,2025-04-30,2025-05-02,Delivered
SHP007750,ORD007750,DTDC,2025-06-06,2025-06-09,Delivered
SHP007751,ORD007751,XpressBees,2025-04-28,,Processing
SHP007752,ORD007752,Delhivery,2025-01-11,2025-01-17,Delivered
SHP007753,ORD007753,XpressBees,2025-01-24,2025-01-29,Delivered
SHP007754,ORD007754,BlueDart,2025-04-22,2025-04-26,Delivered
SHP007755,ORD007755,Amazon Logistics,2025-05-01,2025-05-05,Delivered
SHP007756,ORD007756,DTDC,2025-02-14,2025-02-19,Delivered
SHP007757,ORD007757,XpressBees,2025-05-24,,Shipped
SHP007758,ORD007758,Delhivery,2025-06-26,2025-06-28,Delivered
SHP007759,ORD007759,DTDC,2025-05-27,2025-06-02,Delivered
SHP007760,ORD007760,DTDC,2025-05-08,2025-05-13,Delivered
SHP007761,ORD007761,BlueDart,2025-03-27,2025-04-02,Delivered
SHP007762,ORD007762,Delhivery,2025-06-07,,Pending
SHP007763,ORD007763,XpressBees,2025-03-06,2025-03-10,Delivered
SHP007764,ORD007764,Amazon Logistics,2025-02-24,2025-03-01,Delivered
SHP007765,ORD007765,Delhivery,2025-04-18,,Processing
SHP007766,ORD007766,Amazon Logistics,2025-03-27,,Pending
SHP007767,ORD007767,Amazon Logistics,2025-05-28,2025-05-31,Delivered
SHP007768,ORD007768,BlueDart,2025-04-30,2025-05-06,Delivered
SHP007769,ORD007769,Ekart,2025-03-09,,Pending
SHP007770,ORD007770,Amazon Logistics,2025-03-15,2025-03-19,Delivered
SHP007771,ORD007771,XpressBees,2025-01-12,2025-01-16,Delivered
SHP007772,ORD007772,Delhivery,2025-03-27,,Processing
SHP007773,ORD007773,Delhivery,2025-04-05,,Processing
SHP007774,ORD007774,XpressBees,2025-01-21,2025-01-24,Delivered
SHP007775,ORD007775,XpressBees,2025-02-22,,Cancelled
SHP007776,ORD007776,Delhivery,2025-01-11,2025-01-15,Delivered
SHP007777,ORD007777,Delhivery,2025-04-05,2025-04-08,Delivered
SHP007778,ORD007778,DTDC,2025-06-26,2025-06-30,Delivered
SHP007779,ORD007779,Amazon Logistics,2025-02-26,,Cancelled
SHP007780,ORD007780,BlueDart,2025-02-22,2025-02-25,Delivered
SHP007781,ORD007781,Delhivery,2025-03-03,2025-03-08,Delivered
SHP007782,ORD007782,BlueDart,2025-01-04,,Shipped
SHP007783,ORD007783,DTDC,2025-03-17,2025-03-22,Delivered
SHP007784,ORD007784,DTDC,2025-06-15,2025-06-18,Returned
SHP007785,ORD007785,XpressBees,2025-03-23,,Shipped
SHP007786,ORD007786,Amazon Logistics,2025-03-18,2025-03-24,Delivered
SHP007787,ORD007787,XpressBees,2025-01-30,,Shipped
SHP007788,ORD007788,Amazon Logistics,2025-05-03,,Processing
SHP007789,ORD007789,Amazon Logistics,2025-04-28,,Cancelled
SHP007790,ORD007790,Amazon Logistics,2025-06-28,2025-07-03,Delivered
SHP007791,ORD007791,Ekart,2025-05-24,2025-05-29,Delivered
SHP007792,ORD007792,Ekart,2025-06-14,,Shipped
SHP007793,ORD007793,Delhivery,2025-06-24,,Pending
SHP007794,ORD007794,BlueDart,2025-04-20,2025-04-22,Delivered
SHP007795,ORD007795,DTDC,2025-02-20,2025-02-26,Delivered
SHP007796,ORD007796,Amazon Logistics,2025-05-07,2025-05-10,Delivered
SHP007797,ORD007797,DTDC,2025-03-14,2025-03-20,Delivered
SHP007798,ORD007798,Delhivery,2025-06-29,,Processing
SHP007799,ORD007799,BlueDart,2025-06-08,,Shipped
SHP007800,ORD007800,BlueDart,2025-01-14,,Shipped
SHP007801,ORD007801,DTDC,2025-06-19,,Processing
SHP007802,ORD007802,Ekart,2025-05-02,2025-05-04,Delivered
SHP007803,ORD007803,Delhivery,2025-01-27,2025-01-29,Delivered
SHP007804,ORD007804,Amazon Logistics,2025-02-02,2025-02-06,Delivered
SHP007805,ORD007805,Delhivery,2025-04-11,,Processing
SHP007806,ORD007806,BlueDart,2025-04-10,2025-04-13,Delivered
SHP007807,ORD007807,Delhivery,2025-05-22,,Pending
SHP007808,ORD007808,Delhivery,2025-04-01,2025-04-06,Delivered
SHP007809,ORD007809,BlueDart,2025-04-03,2025-04-09,Delivered
SHP007810,ORD007810,XpressBees,2025-02-12,2025-02-15,Delivered
SHP007811,ORD007811,Delhivery,2025-05-28,2025-05-30,Delivered
SHP007812,ORD007812,XpressBees,2025-07-01,,Processing
SHP007813,ORD007813,Amazon Logistics,2025-05-27,2025-05-31,Delivered
SHP007814,ORD007814,Delhivery,2025-04-28,,Cancelled
SHP007815,ORD007815,Delhivery,2025-05-10,2025-05-16,Delivered
SHP007816,ORD007816,Amazon Logistics,2025-04-11,,Shipped
SHP007817,ORD007817,DTDC,2025-01-10,2025-01-16,Delivered
SHP007818,ORD007818,XpressBees,2025-02-15,2025-02-17,Delivered
SHP007819,ORD007819,Ekart,2025-04-29,,Shipped
SHP007820,ORD007820,XpressBees,2025-06-25,2025-06-29,Delivered
SHP007821,ORD007821,XpressBees,2025-04-07,2025-04-09,Returned
SHP007822,ORD007822,BlueDart,2025-05-12,,Shipped
SHP007823,ORD007823,Delhivery,2025-05-04,2025-05-08,Delivered
SHP007824,ORD007824,Ekart,2025-01-14,2025-01-19,Delivered
SHP007825,ORD007825,Ekart,2025-02-21,,Cancelled
SHP007826,ORD007826,Delhivery,2025-06-14,2025-06-19,Delivered
SHP007827,ORD007827,Amazon Logistics,2025-05-22,2025-05-28,Delivered
SHP007828,ORD007828,Ekart,2025-02-26,2025-03-03,Delivered
SHP007829,ORD007829,Amazon Logistics,2025-01-16,,Shipped
SHP007830,ORD007830,Ekart,2025-02-19,2025-02-23,Delivered
SHP007831,ORD007831,XpressBees,2025-01-30,,Processing
SHP007832,ORD007832,Amazon Logistics,2025-05-18,2025-05-24,Delivered
SHP007833,ORD007833,XpressBees,2025-04-16,2025-04-18,Delivered
SHP007834,ORD007834,BlueDart,2025-02-12,,Processing
SHP007835,ORD007835,Amazon Logistics,2025-01-09,,Shipped
SHP007836,ORD007836,BlueDart,2025-04-28,,Pending
SHP007837,ORD007837,DTDC,2025-06-28,2025-07-04,Delivered
SHP007838,ORD007838,XpressBees,2025-03-04,2025-03-10,Delivered
SHP007839,ORD007839,XpressBees,2025-01-21,2025-01-23,Delivered
SHP007840,ORD007840,Ekart,2025-02-15,2025-02-18,Delivered
SHP007841,ORD007841,BlueDart,2025-02-10,2025-02-15,Delivered
SHP007842,ORD007842,BlueDart,2025-05-28,2025-06-01,Delivered
SHP007843,ORD007843,DTDC,2025-04-04,2025-04-09,Delivered
SHP007844,ORD007844,Delhivery,2025-01-11,2025-01-14,Delivered
SHP007845,ORD007845,Ekart,2025-01-11,2025-01-14,Delivered
SHP007846,ORD007846,BlueDart,2025-06-15,,Cancelled
SHP007847,ORD007847,Ekart,2025-01-02,2025-01-08,Returned
SHP007848,ORD007848,Amazon Logistics,2025-04-13,2025-04-15,Delivered
SHP007849,ORD007849,Ekart,2025-05-12,2025-05-15,Delivered
SHP007850,ORD007850,Amazon Logistics,2025-01-20,2025-01-26,Delivered
SHP007851,ORD007851,Delhivery,2025-03-01,,Shipped
SHP007852,ORD007852,BlueDart,2025-03-29,2025-04-04,Delivered
SHP007853,ORD007853,Ekart,2025-03-18,2025-03-24,Delivered
SHP007854,ORD007854,Amazon Logistics,2025-05-29,2025-06-03,Delivered
SHP007855,ORD007855,Delhivery,2025-04-05,2025-04-11,Delivered
SHP007856,ORD007856,Ekart,2025-03-16,2025-03-18,Delivered
SHP007857,ORD007857,XpressBees,2025-04-29,2025-05-02,Delivered
SHP007858,ORD007858,BlueDart,2025-05-17,2025-05-20,Delivered
SHP007859,ORD007859,BlueDart,2025-03-22,2025-03-28,Delivered
SHP007860,ORD007860,Amazon Logistics,2025-02-11,2025-02-13,Delivered
SHP007861,ORD007861,Amazon Logistics,2025-01-15,2025-01-17,Delivered
SHP007862,ORD007862,BlueDart,2025-04-24,2025-04-29,Delivered
SHP007863,ORD007863,BlueDart,2025-02-05,2025-02-08,Delivered
SHP007864,ORD007864,Ekart,2025-03-22,2025-03-26,Delivered
SHP007865,ORD007865,Delhivery,2025-01-17,2025-01-20,Delivered
SHP007866,ORD007866,BlueDart,2025-06-26,2025-07-01,Delivered
SHP007867,ORD007867,BlueDart,2025-04-06,,Processing
SHP007868,ORD007868,Ekart,2025-06-19,2025-06-23,Delivered
SHP007869,ORD007869,BlueDart,2025-05-29,2025-06-03,Delivered
SHP007870,ORD007870,BlueDart,2025-02-07,2025-02-13,Delivered
SHP007871,ORD007871,XpressBees,2025-03-02,,Pending
SHP007872,ORD007872,Amazon Logistics,2025-03-09,2025-03-15,Delivered
SHP007873,ORD007873,BlueDart,2025-05-02,2025-05-06,Delivered
SHP007874,ORD007874,DTDC,2025-06-03,,Pending
SHP007875,ORD007875,XpressBees,2025-05-16,2025-05-18,Delivered
SHP007876,ORD007876,Delhivery,2025-04-12,2025-04-14,Delivered
SHP007877,ORD007877,XpressBees,2025-02-18,2025-02-23,Delivered
SHP007878,ORD007878,BlueDart,2025-02-18,,Processing
SHP007879,ORD007879,DTDC,2025-05-07,2025-05-09,Delivered
SHP007880,ORD007880,Ekart,2025-01-30,2025-02-02,Delivered
SHP007881,ORD007881,Amazon Logistics,2025-04-08,2025-04-10,Delivered
SHP007882,ORD007882,Ekart,2025-03-02,,Cancelled
SHP007883,ORD007883,XpressBees,2025-02-26,2025-03-02,Delivered
SHP007884,ORD007884,DTDC,2025-05-11,2025-05-14,Delivered
SHP007885,ORD007885,Ekart,2025-02-05,,Pending
SHP007886,ORD007886,Ekart,2025-04-04,2025-04-07,Delivered
SHP007887,ORD007887,BlueDart,2025-06-05,,Processing
SHP007888,ORD007888,Ekart,2025-03-06,2025-03-12,Delivered
SHP007889,ORD007889,Amazon Logistics,2025-01-21,2025-01-25,Delivered
SHP007890,ORD007890,Ekart,2025-06-07,2025-06-13,Delivered
SHP007891,ORD007891,XpressBees,2025-05-24,2025-05-28,Delivered
SHP007892,ORD007892,BlueDart,2025-04-01,2025-04-05,Delivered
SHP007893,ORD007893,BlueDart,2025-04-07,2025-04-13,Delivered
SHP007894,ORD007894,Delhivery,2025-01-28,2025-02-01,Delivered
SHP007895,ORD007895,Ekart,2025-04-24,2025-04-29,Delivered
SHP007896,ORD007896,Ekart,2025-04-17,2025-04-21,Delivered
SHP007897,ORD007897,DTDC,2025-05-10,2025-05-14,Delivered
SHP007898,ORD007898,Delhivery,2025-02-14,2025-02-20,Delivered
SHP007899,ORD007899,XpressBees,2025-05-05,,Processing
SHP007900,ORD007900,Ekart,2025-03-13,2025-03-15,Delivered
SHP007901,ORD007901,Amazon Logistics,2025-02-20,2025-02-25,Delivered
SHP007902,ORD007902,Delhivery,2025-04-04,2025-04-06,Delivered
SHP007903,ORD007903,BlueDart,2025-02-28,2025-03-02,Delivered
SHP007904,ORD007904,Amazon Logistics,2025-01-23,2025-01-28,Delivered
SHP007905,ORD007905,Ekart,2025-02-18,2025-02-21,Delivered
SHP007906,ORD007906,Ekart,2025-05-08,,Processing
SHP007907,ORD007907,DTDC,2025-03-02,2025-03-05,Delivered
SHP007908,ORD007908,XpressBees,2025-03-03,2025-03-08,Delivered
SHP007909,ORD007909,XpressBees,2025-06-19,2025-06-21,Delivered
SHP007910,ORD007910,Ekart,2025-01-08,2025-01-11,Returned
SHP007911,ORD007911,XpressBees,2025-06-09,,Cancelled
SHP007912,ORD007912,BlueDart,2025-03-02,2025-03-04,Delivered
SHP007913,ORD007913,Delhivery,2025-05-26,2025-05-31,Delivered
SHP007914,ORD007914,XpressBees,2025-02-04,2025-02-06,Delivered
SHP007915,ORD007915,Ekart,2025-02-22,2025-02-25,Delivered
SHP007916,ORD007916,DTDC,2025-02-24,2025-03-01,Delivered
SHP007917,ORD007917,Ekart,2025-01-06,,Cancelled
SHP007918,ORD007918,BlueDart,2025-02-20,,Processing
SHP007919,ORD007919,Delhivery,2025-03-14,2025-03-18,Delivered
SHP007920,ORD007920,Delhivery,2025-02-16,,Processing
SHP007921,ORD007921,XpressBees,2025-03-06,2025-03-10,Delivered
SHP007922,ORD007922,Delhivery,2025-06-26,2025-07-02,Delivered
SHP007923,ORD007923,Ekart,2025-04-10,2025-04-12,Delivered
SHP007924,ORD007924,Delhivery,2025-03-14,2025-03-16,Delivered
SHP007925,ORD007925,DTDC,2025-05-06,2025-05-11,Delivered
SHP007926,ORD007926,BlueDart,2025-03-31,,Cancelled
SHP007927,ORD007927,DTDC,2025-05-16,2025-05-19,Delivered
SHP007928,ORD007928,Amazon Logistics,2025-06-15,2025-06-17,Delivered
SHP007929,ORD007929,Amazon Logistics,2025-01-08,,Shipped
SHP007930,ORD007930,Ekart,2025-01-19,,Shipped
SHP007931,ORD007931,XpressBees,2025-05-13,2025-05-17,Delivered
SHP007932,ORD007932,Amazon Logistics,2025-02-27,2025-03-03,Delivered
SHP007933,ORD007933,BlueDart,2025-06-18,2025-06-21,Delivered
SHP007934,ORD007934,Amazon Logistics,2025-04-15,2025-04-17,Delivered
SHP007935,ORD007935,DTDC,2025-04-11,2025-04-14,Delivered
SHP007936,ORD007936,Delhivery,2025-05-31,2025-06-06,Delivered
SHP007937,ORD007937,BlueDart,2025-05-09,,Cancelled
SHP007938,ORD007938,BlueDart,2025-04-02,2025-04-07,Delivered
SHP007939,ORD007939,BlueDart,2025-05-23,2025-05-29,Delivered
SHP007940,ORD007940,Delhivery,2025-03-13,,Processing
SHP007941,ORD007941,DTDC,2025-01-12,2025-01-17,Delivered
SHP007942,ORD007942,Amazon Logistics,2025-04-17,2025-04-21,Delivered
SHP007943,ORD007943,BlueDart,2025-01-22,2025-01-24,Delivered
SHP007944,ORD007944,BlueDart,2025-05-14,2025-05-18,Delivered
SHP007945,ORD007945,XpressBees,2025-05-28,2025-05-30,Delivered
SHP007946,ORD007946,XpressBees,2025-05-17,2025-05-20,Delivered
SHP007947,ORD007947,Ekart,2025-02-03,2025-02-08,Delivered
SHP007948,ORD007948,BlueDart,2025-05-15,2025-05-18,Delivered
SHP007949,ORD007949,XpressBees,2025-03-31,,Processing
SHP007950,ORD007950,BlueDart,2025-05-09,2025-05-11,Delivered
SHP007951,ORD007951,BlueDart,2025-04-11,2025-04-13,Delivered
SHP007952,ORD007952,Amazon Logistics,2025-01-31,2025-02-03,Delivered
SHP007953,ORD007953,XpressBees,2025-05-10,2025-05-12,Delivered
SHP007954,ORD007954,Delhivery,2025-02-13,2025-02-16,Delivered
SHP007955,ORD007955,Amazon Logistics,2025-01-15,2025-01-21,Delivered
SHP007956,ORD007956,Amazon Logistics,2025-01-07,,Processing
SHP007957,ORD007957,BlueDart,2025-01-09,,Processing
SHP007958,ORD007958,DTDC,2025-03-31,2025-04-03,Delivered
SHP007959,ORD007959,BlueDart,2025-02-28,,Pending
SHP007960,ORD007960,XpressBees,2025-03-12,,Shipped
SHP007961,ORD007961,Amazon Logistics,2025-02-05,2025-02-08,Delivered
SHP007962,ORD007962,Ekart,2025-01-25,2025-01-31,Delivered
SHP007963,ORD007963,XpressBees,2025-04-12,2025-04-17,Delivered
SHP007964,ORD007964,DTDC,2025-04-12,2025-04-15,Delivered
SHP007965,ORD007965,DTDC,2025-05-12,2025-05-17,Delivered
SHP007966,ORD007966,Ekart,2025-02-03,2025-02-06,Delivered
SHP007967,ORD007967,DTDC,2025-03-19,2025-03-24,Returned
SHP007968,ORD007968,DTDC,2025-05-03,,Shipped
SHP007969,ORD007969,Delhivery,2025-05-15,,Shipped
SHP007970,ORD007970,Ekart,2025-03-23,2025-03-25,Delivered
SHP007971,ORD007971,DTDC,2025-06-04,2025-06-06,Delivered
SHP007972,ORD007972,Ekart,2025-01-28,2025-02-02,Delivered
SHP007973,ORD007973,BlueDart,2025-06-04,2025-06-09,Delivered
SHP007974,ORD007974,Amazon Logistics,2025-04-07,2025-04-12,Delivered
SHP007975,ORD007975,BlueDart,2025-05-08,2025-05-14,Delivered
SHP007976,ORD007976,DTDC,2025-02-04,,Shipped
SHP007977,ORD007977,Amazon Logistics,2025-04-26,2025-04-28,Delivered
SHP007978,ORD007978,DTDC,2025-04-12,2025-04-16,Delivered
SHP007979,ORD007979,BlueDart,2025-06-26,2025-06-30,Delivered
SHP007980,ORD007980,Delhivery,2025-01-05,2025-01-09,Delivered
SHP007981,ORD007981,BlueDart,2025-05-31,2025-06-05,Delivered
SHP007982,ORD007982,Delhivery,2025-03-28,,Processing
SHP007983,ORD007983,Amazon Logistics,2025-03-22,2025-03-24,Returned
SHP007984,ORD007984,Delhivery,2025-06-22,2025-06-28,Delivered
SHP007985,ORD007985,Delhivery,2025-02-14,2025-02-16,Delivered
SHP007986,ORD007986,BlueDart,2025-05-10,2025-05-12,Delivered
SHP007987,ORD007987,DTDC,2025-04-16,2025-04-21,Delivered
SHP007988,ORD007988,XpressBees,2025-03-21,,Shipped
SHP007989,ORD007989,DTDC,2025-03-27,,Cancelled
SHP007990,ORD007990,Amazon Logistics,2025-06-30,,Processing
SHP007991,ORD007991,Ekart,2025-03-19,2025-03-25,Delivered
SHP007992,ORD007992,Amazon Logistics,2025-04-24,,Cancelled
SHP007993,ORD007993,BlueDart,2025-01-12,,Processing
SHP007994,ORD007994,Delhivery,2025-04-17,,Shipped
SHP007995,ORD007995,Amazon Logistics,2025-03-26,,Cancelled
SHP007996,ORD007996,XpressBees,2025-02-21,,Shipped
SHP007997,ORD007997,DTDC,2025-03-03,,Shipped
SHP007998,ORD007998,BlueDart,2025-03-26,2025-04-01,Delivered
SHP007999,ORD007999,Delhivery,2025-06-26,2025-06-29,Delivered
SHP008000,ORD008000,Amazon Logistics,2025-05-21,2025-05-25,Delivered
SHP008001,ORD008001,Amazon Logistics,2025-03-20,2025-03-26,Delivered
SHP008002,ORD008002,Ekart,2025-01-14,2025-01-17,Delivered
SHP008003,ORD008003,Delhivery,2025-04-01,2025-04-03,Delivered
SHP008004,ORD008004,Delhivery,2025-04-11,2025-04-16,Delivered
SHP008005,ORD008005,XpressBees,2025-01-20,,Processing
SHP008006,ORD008006,BlueDart,2025-06-22,2025-06-26,Returned
SHP008007,ORD008007,DTDC,2025-05-03,2025-05-07,Delivered
SHP008008,ORD008008,BlueDart,2025-04-03,2025-04-08,Delivered
SHP008009,ORD008009,XpressBees,2025-01-15,2025-01-17,Delivered
SHP008010,ORD008010,Amazon Logistics,2025-03-28,,Processing
SHP008011,ORD008011,DTDC,2025-01-28,2025-01-31,Delivered
SHP008012,ORD008012,Amazon Logistics,2025-06-23,,Processing
SHP008013,ORD008013,XpressBees,2025-05-25,,Shipped
SHP008014,ORD008014,Amazon Logistics,2025-02-22,,Pending
SHP008015,ORD008015,BlueDart,2025-04-21,2025-04-26,Delivered
SHP008016,ORD008016,Delhivery,2025-01-03,,Processing
SHP008017,ORD008017,DTDC,2025-05-30,2025-06-02,Delivered
SHP008018,ORD008018,Delhivery,2025-05-03,,Shipped
SHP008019,ORD008019,Delhivery,2025-01-03,2025-01-08,Delivered
SHP008020,ORD008020,XpressBees,2025-05-28,2025-06-03,Delivered
SHP008021,ORD008021,Amazon Logistics,2025-03-04,,Cancelled
SHP008022,ORD008022,Ekart,2025-03-12,2025-03-16,Delivered
SHP008023,ORD008023,Ekart,2025-05-06,,Shipped
SHP008024,ORD008024,DTDC,2025-02-01,,Pending
SHP008025,ORD008025,Ekart,2025-01-31,2025-02-05,Delivered
SHP008026,ORD008026,Amazon Logistics,2025-06-26,,Shipped
SHP008027,ORD008027,BlueDart,2025-04-03,,Pending
SHP008028,ORD008028,Delhivery,2025-02-22,,Pending
SHP008029,ORD008029,Delhivery,2025-05-20,,Pending
SHP008030,ORD008030,XpressBees,2025-05-27,2025-06-02,Delivered
SHP008031,ORD008031,XpressBees,2025-04-03,2025-04-07,Delivered
SHP008032,ORD008032,DTDC,2025-06-12,2025-06-18,Delivered
SHP008033,ORD008033,Delhivery,2025-02-11,,Pending
SHP008034,ORD008034,Ekart,2025-04-17,2025-04-20,Delivered
SHP008035,ORD008035,XpressBees,2025-06-20,2025-06-26,Delivered
SHP008036,ORD008036,Amazon Logistics,2025-06-14,,Shipped
SHP008037,ORD008037,XpressBees,2025-06-10,,Processing
SHP008038,ORD008038,BlueDart,2025-03-09,,Processing
SHP008039,ORD008039,BlueDart,2025-06-25,2025-06-29,Delivered
SHP008040,ORD008040,BlueDart,2025-06-25,2025-06-28,Delivered
SHP008041,ORD008041,Delhivery,2025-01-06,2025-01-12,Delivered
SHP008042,ORD008042,Amazon Logistics,2025-04-12,2025-04-16,Delivered
SHP008043,ORD008043,Delhivery,2025-04-21,2025-04-27,Delivered
SHP008044,ORD008044,Amazon Logistics,2025-03-16,2025-03-21,Delivered
SHP008045,ORD008045,Delhivery,2025-01-27,,Processing
SHP008046,ORD008046,XpressBees,2025-06-17,,Pending
SHP008047,ORD008047,DTDC,2025-04-25,2025-04-27,Delivered
SHP008048,ORD008048,Delhivery,2025-04-09,,Pending
SHP008049,ORD008049,Delhivery,2025-01-09,2025-01-13,Delivered
SHP008050,ORD008050,BlueDart,2025-04-13,,Cancelled
SHP008051,ORD008051,XpressBees,2025-02-18,2025-02-21,Delivered
SHP008052,ORD008052,XpressBees,2025-04-14,2025-04-18,Delivered
SHP008053,ORD008053,Delhivery,2025-03-17,2025-03-20,Delivered
SHP008054,ORD008054,Delhivery,2025-03-02,2025-03-06,Delivered
SHP008055,ORD008055,Amazon Logistics,2025-04-27,2025-05-01,Delivered
SHP008056,ORD008056,BlueDart,2025-03-08,2025-03-13,Delivered
SHP008057,ORD008057,Delhivery,2025-01-24,2025-01-27,Delivered
SHP008058,ORD008058,DTDC,2025-06-08,2025-06-12,Delivered
SHP008059,ORD008059,DTDC,2025-01-03,2025-01-05,Delivered
SHP008060,ORD008060,Amazon Logistics,2025-04-25,2025-04-28,Delivered
SHP008061,ORD008061,DTDC,2025-06-03,2025-06-05,Delivered
SHP008062,ORD008062,DTDC,2025-05-06,,Shipped
SHP008063,ORD008063,Ekart,2025-05-07,2025-05-12,Delivered
SHP008064,ORD008064,Amazon Logistics,2025-02-27,2025-03-01,Delivered
SHP008065,ORD008065,Amazon Logistics,2025-05-11,2025-05-17,Delivered
SHP008066,ORD008066,Amazon Logistics,2025-03-23,2025-03-29,Delivered
SHP008067,ORD008067,DTDC,2025-04-30,2025-05-06,Delivered
SHP008068,ORD008068,XpressBees,2025-04-15,2025-04-17,Delivered
SHP008069,ORD008069,Amazon Logistics,2025-05-20,2025-05-23,Delivered
SHP008070,ORD008070,DTDC,2025-06-30,2025-07-06,Delivered
SHP008071,ORD008071,XpressBees,2025-02-13,2025-02-18,Delivered
SHP008072,ORD008072,DTDC,2025-03-11,2025-03-17,Delivered
SHP008073,ORD008073,Ekart,2025-04-26,2025-05-02,Delivered
SHP008074,ORD008074,BlueDart,2025-04-28,2025-04-30,Delivered
SHP008075,ORD008075,Delhivery,2025-02-25,2025-03-01,Delivered
SHP008076,ORD008076,BlueDart,2025-03-09,2025-03-12,Delivered
SHP008077,ORD008077,Amazon Logistics,2025-04-05,2025-04-11,Delivered
SHP008078,ORD008078,DTDC,2025-01-07,2025-01-13,Delivered
SHP008079,ORD008079,BlueDart,2025-04-04,2025-04-09,Delivered
SHP008080,ORD008080,DTDC,2025-04-11,2025-04-14,Delivered
SHP008081,ORD008081,Delhivery,2025-01-08,2025-01-11,Delivered
SHP008082,ORD008082,DTDC,2025-06-22,2025-06-24,Delivered
SHP008083,ORD008083,Delhivery,2025-05-18,2025-05-21,Delivered
SHP008084,ORD008084,DTDC,2025-05-21,2025-05-26,Delivered
SHP008085,ORD008085,Delhivery,2025-03-23,2025-03-25,Delivered
SHP008086,ORD008086,Amazon Logistics,2025-01-13,,Shipped
SHP008087,ORD008087,XpressBees,2025-04-04,2025-04-07,Delivered
SHP008088,ORD008088,DTDC,2025-02-09,2025-02-15,Returned
SHP008089,ORD008089,Ekart,2025-06-25,2025-06-27,Delivered
SHP008090,ORD008090,XpressBees,2025-03-12,2025-03-18,Delivered
SHP008091,ORD008091,DTDC,2025-04-08,,Processing
SHP008092,ORD008092,XpressBees,2025-06-11,2025-06-15,Delivered
SHP008093,ORD008093,Amazon Logistics,2025-01-25,2025-01-30,Delivered
SHP008094,ORD008094,XpressBees,2025-06-23,,Shipped
SHP008095,ORD008095,BlueDart,2025-04-28,,Shipped
SHP008096,ORD008096,Amazon Logistics,2025-02-27,2025-03-01,Delivered
SHP008097,ORD008097,XpressBees,2025-03-10,,Cancelled
SHP008098,ORD008098,Amazon Logistics,2025-04-24,,Shipped
SHP008099,ORD008099,XpressBees,2025-06-23,,Processing
SHP008100,ORD008100,DTDC,2025-06-30,2025-07-06,Delivered
SHP008101,ORD008101,Delhivery,2025-01-07,,Shipped
SHP008102,ORD008102,BlueDart,2025-04-20,2025-04-23,Delivered
SHP008103,ORD008103,DTDC,2025-03-30,,Processing
SHP008104,ORD008104,Amazon Logistics,2025-04-15,,Cancelled
SHP008105,ORD008105,Amazon Logistics,2025-01-11,2025-01-15,Delivered
SHP008106,ORD008106,BlueDart,2025-03-18,2025-03-22,Delivered
SHP008107,ORD008107,Ekart,2025-02-21,2025-02-25,Delivered
SHP008108,ORD008108,XpressBees,2025-02-16,2025-02-21,Delivered
SHP008109,ORD008109,BlueDart,2025-05-17,2025-05-20,Delivered
SHP008110,ORD008110,DTDC,2025-02-01,2025-02-03,Delivered
SHP008111,ORD008111,BlueDart,2025-03-18,2025-03-24,Delivered
SHP008112,ORD008112,Amazon Logistics,2025-01-29,2025-02-01,Delivered
SHP008113,ORD008113,DTDC,2025-04-28,2025-05-03,Delivered
SHP008114,ORD008114,DTDC,2025-02-23,,Pending
SHP008115,ORD008115,BlueDart,2025-06-18,2025-06-21,Delivered
SHP008116,ORD008116,DTDC,2025-03-31,2025-04-04,Delivered
SHP008117,ORD008117,Ekart,2025-03-18,2025-03-20,Delivered
SHP008118,ORD008118,Ekart,2025-03-16,2025-03-20,Delivered
SHP008119,ORD008119,Delhivery,2025-04-28,2025-05-03,Delivered
SHP008120,ORD008120,XpressBees,2025-02-27,,Cancelled
SHP008121,ORD008121,DTDC,2025-02-11,2025-02-16,Delivered
SHP008122,ORD008122,DTDC,2025-04-22,,Shipped
SHP008123,ORD008123,BlueDart,2025-06-22,,Cancelled
SHP008124,ORD008124,Ekart,2025-06-25,2025-06-27,Delivered
SHP008125,ORD008125,Delhivery,2025-04-25,2025-05-01,Delivered
SHP008126,ORD008126,Amazon Logistics,2025-01-30,2025-02-03,Delivered
SHP008127,ORD008127,Ekart,2025-04-28,2025-05-02,Delivered
SHP008128,ORD008128,Amazon Logistics,2025-02-21,2025-02-26,Delivered
SHP008129,ORD008129,BlueDart,2025-01-21,2025-01-23,Delivered
SHP008130,ORD008130,Amazon Logistics,2025-03-07,2025-03-13,Delivered
SHP008131,ORD008131,XpressBees,2025-02-27,2025-03-01,Delivered
SHP008132,ORD008132,BlueDart,2025-01-07,,Processing
SHP008133,ORD008133,Ekart,2025-01-29,2025-01-31,Delivered
SHP008134,ORD008134,Amazon Logistics,2025-05-10,2025-05-14,Delivered
SHP008135,ORD008135,XpressBees,2025-01-04,2025-01-07,Delivered
SHP008136,ORD008136,Amazon Logistics,2025-05-05,2025-05-08,Delivered
SHP008137,ORD008137,XpressBees,2025-06-10,,Pending
SHP008138,ORD008138,XpressBees,2025-05-26,,Cancelled
SHP008139,ORD008139,Amazon Logistics,2025-04-23,2025-04-25,Delivered
SHP008140,ORD008140,XpressBees,2025-02-15,,Cancelled
SHP008141,ORD008141,BlueDart,2025-05-31,2025-06-06,Delivered
SHP008142,ORD008142,Delhivery,2025-05-25,2025-05-31,Delivered
SHP008143,ORD008143,Delhivery,2025-06-24,,Cancelled
SHP008144,ORD008144,Ekart,2025-01-29,,Processing
SHP008145,ORD008145,BlueDart,2025-05-08,2025-05-10,Delivered
SHP008146,ORD008146,BlueDart,2025-06-12,,Pending
SHP008147,ORD008147,Amazon Logistics,2025-01-04,,Shipped
SHP008148,ORD008148,XpressBees,2025-05-06,,Cancelled
SHP008149,ORD008149,DTDC,2025-03-06,2025-03-12,Delivered
SHP008150,ORD008150,BlueDart,2025-03-11,,Pending
SHP008151,ORD008151,BlueDart,2025-01-31,2025-02-05,Delivered
SHP008152,ORD008152,Ekart,2025-06-10,2025-06-15,Delivered
SHP008153,ORD008153,Amazon Logistics,2025-01-21,2025-01-23,Delivered
SHP008154,ORD008154,XpressBees,2025-06-20,2025-06-24,Delivered
SHP008155,ORD008155,DTDC,2025-02-22,2025-02-25,Delivered
SHP008156,ORD008156,Amazon Logistics,2025-03-31,2025-04-06,Delivered
SHP008157,ORD008157,DTDC,2025-04-16,2025-04-20,Delivered
SHP008158,ORD008158,DTDC,2025-02-08,2025-02-11,Delivered
SHP008159,ORD008159,Delhivery,2025-01-02,2025-01-04,Delivered
SHP008160,ORD008160,Delhivery,2025-06-10,2025-06-14,Delivered
SHP008161,ORD008161,Amazon Logistics,2025-04-15,2025-04-18,Delivered
SHP008162,ORD008162,BlueDart,2025-05-14,2025-05-16,Delivered
SHP008163,ORD008163,BlueDart,2025-02-14,2025-02-17,Delivered
SHP008164,ORD008164,XpressBees,2025-06-25,,Shipped
SHP008165,ORD008165,Ekart,2025-04-21,2025-04-25,Delivered
SHP008166,ORD008166,Delhivery,2025-06-24,2025-06-26,Delivered
SHP008167,ORD008167,DTDC,2025-01-11,2025-01-13,Delivered
SHP008168,ORD008168,Amazon Logistics,2025-05-10,,Processing
SHP008169,ORD008169,Delhivery,2025-03-11,2025-03-16,Delivered
SHP008170,ORD008170,DTDC,2025-05-29,,Processing
SHP008171,ORD008171,Delhivery,2025-05-01,2025-05-03,Delivered
SHP008172,ORD008172,DTDC,2025-01-05,2025-01-10,Delivered
SHP008173,ORD008173,BlueDart,2025-05-29,2025-06-01,Delivered
SHP008174,ORD008174,Ekart,2025-02-05,2025-02-07,Delivered
SHP008175,ORD008175,Delhivery,2025-05-03,2025-05-07,Delivered
SHP008176,ORD008176,Amazon Logistics,2025-03-02,2025-03-08,Delivered
SHP008177,ORD008177,DTDC,2025-04-02,,Cancelled
SHP008178,ORD008178,Delhivery,2025-02-12,2025-02-16,Delivered
SHP008179,ORD008179,DTDC,2025-03-22,2025-03-27,Delivered
SHP008180,ORD008180,Amazon Logistics,2025-04-05,2025-04-07,Delivered
SHP008181,ORD008181,Ekart,2025-02-08,2025-02-12,Delivered
SHP008182,ORD008182,Amazon Logistics,2025-01-13,2025-01-19,Delivered
SHP008183,ORD008183,Ekart,2025-01-06,,Processing
SHP008184,ORD008184,XpressBees,2025-05-17,2025-05-20,Delivered
SHP008185,ORD008185,XpressBees,2025-04-23,2025-04-28,Delivered
SHP008186,ORD008186,Delhivery,2025-03-25,,Shipped
SHP008187,ORD008187,Amazon Logistics,2025-05-21,,Processing
SHP008188,ORD008188,Ekart,2025-03-11,2025-03-13,Delivered
SHP008189,ORD008189,Ekart,2025-05-06,2025-05-11,Delivered
SHP008190,ORD008190,Ekart,2025-04-27,,Shipped
SHP008191,ORD008191,BlueDart,2025-02-06,,Shipped
SHP008192,ORD008192,Amazon Logistics,2025-03-20,2025-03-22,Delivered
SHP008193,ORD008193,Amazon Logistics,2025-01-29,2025-02-04,Delivered
SHP008194,ORD008194,XpressBees,2025-05-22,2025-05-26,Delivered
SHP008195,ORD008195,Ekart,2025-05-20,,Shipped
SHP008196,ORD008196,Amazon Logistics,2025-05-21,2025-05-23,Delivered
SHP008197,ORD008197,DTDC,2025-03-28,2025-04-01,Delivered
SHP008198,ORD008198,DTDC,2025-02-12,,Processing
SHP008199,ORD008199,XpressBees,2025-03-13,2025-03-16,Delivered
SHP008200,ORD008200,XpressBees,2025-05-01,,Processing
SHP008201,ORD008201,BlueDart,2025-02-13,2025-02-18,Delivered
SHP008202,ORD008202,Amazon Logistics,2025-03-26,,Pending
SHP008203,ORD008203,BlueDart,2025-03-28,2025-04-01,Delivered
SHP008204,ORD008204,Ekart,2025-04-27,2025-05-01,Delivered
SHP008205,ORD008205,DTDC,2025-02-16,2025-02-18,Delivered
SHP008206,ORD008206,XpressBees,2025-05-14,,Cancelled
SHP008207,ORD008207,Ekart,2025-06-25,2025-07-01,Delivered
SHP008208,ORD008208,Delhivery,2025-02-27,2025-03-01,Delivered
SHP008209,ORD008209,Delhivery,2025-06-30,2025-07-03,Delivered
SHP008210,ORD008210,Ekart,2025-04-05,2025-04-10,Delivered
SHP008211,ORD008211,Ekart,2025-02-15,2025-02-20,Delivered
SHP008212,ORD008212,BlueDart,2025-02-22,2025-02-28,Delivered
SHP008213,ORD008213,DTDC,2025-06-17,,Shipped
SHP008214,ORD008214,BlueDart,2025-03-02,2025-03-08,Delivered
SHP008215,ORD008215,XpressBees,2025-04-28,2025-05-02,Delivered
SHP008216,ORD008216,DTDC,2025-01-22,2025-01-25,Delivered
SHP008217,ORD008217,Ekart,2025-03-25,2025-03-27,Delivered
SHP008218,ORD008218,Ekart,2025-03-30,2025-04-01,Delivered
SHP008219,ORD008219,Amazon Logistics,2025-06-26,2025-06-29,Delivered
SHP008220,ORD008220,Amazon Logistics,2025-06-17,2025-06-19,Delivered
SHP008221,ORD008221,DTDC,2025-01-05,2025-01-08,Delivered
SHP008222,ORD008222,Amazon Logistics,2025-05-07,2025-05-10,Delivered
SHP008223,ORD008223,BlueDart,2025-06-11,,Shipped
SHP008224,ORD008224,XpressBees,2025-06-08,,Cancelled
SHP008225,ORD008225,XpressBees,2025-05-07,,Cancelled
SHP008226,ORD008226,Delhivery,2025-03-03,,Cancelled
SHP008227,ORD008227,Ekart,2025-02-17,,Processing
SHP008228,ORD008228,DTDC,2025-06-14,2025-06-19,Delivered
SHP008229,ORD008229,XpressBees,2025-04-03,2025-04-09,Delivered
SHP008230,ORD008230,DTDC,2025-02-23,2025-02-25,Delivered
SHP008231,ORD008231,XpressBees,2025-04-03,2025-04-06,Delivered
SHP008232,ORD008232,DTDC,2025-04-07,2025-04-12,Delivered
SHP008233,ORD008233,DTDC,2025-01-24,2025-01-30,Delivered
SHP008234,ORD008234,XpressBees,2025-04-16,2025-04-18,Delivered
SHP008235,ORD008235,BlueDart,2025-02-11,2025-02-14,Delivered
SHP008236,ORD008236,Delhivery,2025-04-16,2025-04-20,Delivered
SHP008237,ORD008237,Amazon Logistics,2025-05-23,2025-05-29,Delivered
SHP008238,ORD008238,Delhivery,2025-04-28,2025-05-04,Delivered
SHP008239,ORD008239,BlueDart,2025-05-24,2025-05-28,Delivered
SHP008240,ORD008240,Delhivery,2025-05-22,2025-05-28,Delivered
SHP008241,ORD008241,BlueDart,2025-01-28,,Cancelled
SHP008242,ORD008242,Delhivery,2025-05-18,2025-05-21,Delivered
SHP008243,ORD008243,Ekart,2025-03-04,2025-03-09,Delivered
SHP008244,ORD008244,DTDC,2025-06-05,,Shipped
SHP008245,ORD008245,Ekart,2025-05-15,2025-05-17,Delivered
SHP008246,ORD008246,Delhivery,2025-06-12,2025-06-14,Delivered
SHP008247,ORD008247,XpressBees,2025-05-22,,Pending
SHP008248,ORD008248,BlueDart,2025-04-14,2025-04-16,Delivered
SHP008249,ORD008249,BlueDart,2025-01-16,2025-01-21,Delivered
SHP008250,ORD008250,XpressBees,2025-02-07,2025-02-11,Delivered
SHP008251,ORD008251,XpressBees,2025-04-13,2025-04-18,Delivered
SHP008252,ORD008252,BlueDart,2025-05-02,,Processing
SHP008253,ORD008253,Amazon Logistics,2025-05-13,2025-05-16,Delivered
SHP008254,ORD008254,XpressBees,2025-01-07,2025-01-11,Delivered
SHP008255,ORD008255,DTDC,2025-02-26,2025-03-01,Delivered
SHP008256,ORD008256,XpressBees,2025-01-24,2025-01-29,Delivered
SHP008257,ORD008257,XpressBees,2025-07-01,2025-07-05,Delivered
SHP008258,ORD008258,XpressBees,2025-03-04,2025-03-07,Delivered
SHP008259,ORD008259,Amazon Logistics,2025-03-25,,Shipped
SHP008260,ORD008260,XpressBees,2025-01-20,2025-01-25,Delivered
SHP008261,ORD008261,XpressBees,2025-05-11,2025-05-13,Delivered
SHP008262,ORD008262,Ekart,2025-04-04,2025-04-08,Delivered
SHP008263,ORD008263,BlueDart,2025-04-18,2025-04-22,Delivered
SHP008264,ORD008264,Delhivery,2025-02-23,,Pending
SHP008265,ORD008265,Amazon Logistics,2025-05-27,2025-06-01,Delivered
SHP008266,ORD008266,Amazon Logistics,2025-02-17,2025-02-21,Delivered
SHP008267,ORD008267,Delhivery,2025-01-31,2025-02-05,Delivered
SHP008268,ORD008268,Amazon Logistics,2025-04-14,2025-04-16,Delivered
SHP008269,ORD008269,Amazon Logistics,2025-03-03,2025-03-07,Delivered
SHP008270,ORD008270,Delhivery,2025-01-22,2025-01-24,Delivered
SHP008271,ORD008271,BlueDart,2025-06-21,,Shipped
SHP008272,ORD008272,Delhivery,2025-05-11,,Pending
SHP008273,ORD008273,BlueDart,2025-05-04,,Processing
SHP008274,ORD008274,BlueDart,2025-06-02,2025-06-04,Delivered
SHP008275,ORD008275,Delhivery,2025-06-06,,Processing
SHP008276,ORD008276,BlueDart,2025-06-12,2025-06-14,Delivered
SHP008277,ORD008277,Ekart,2025-01-08,2025-01-12,Delivered
SHP008278,ORD008278,DTDC,2025-05-21,2025-05-26,Returned
SHP008279,ORD008279,Ekart,2025-02-10,2025-02-13,Delivered
SHP008280,ORD008280,DTDC,2025-05-09,2025-05-14,Delivered
SHP008281,ORD008281,BlueDart,2025-03-17,2025-03-20,Delivered
SHP008282,ORD008282,BlueDart,2025-03-03,2025-03-08,Delivered
SHP008283,ORD008283,DTDC,2025-01-12,2025-01-17,Delivered
SHP008284,ORD008284,DTDC,2025-03-15,2025-03-20,Delivered
SHP008285,ORD008285,Delhivery,2025-01-05,2025-01-07,Delivered
SHP008286,ORD008286,XpressBees,2025-07-01,2025-07-06,Delivered
SHP008287,ORD008287,Delhivery,2025-04-06,2025-04-10,Delivered
SHP008288,ORD008288,Amazon Logistics,2025-05-08,,Pending
SHP008289,ORD008289,DTDC,2025-04-08,2025-04-14,Delivered
SHP008290,ORD008290,XpressBees,2025-02-25,,Pending
SHP008291,ORD008291,Delhivery,2025-06-04,2025-06-07,Delivered
SHP008292,ORD008292,Delhivery,2025-03-09,2025-03-11,Delivered
SHP008293,ORD008293,Amazon Logistics,2025-02-11,2025-02-16,Delivered
SHP008294,ORD008294,BlueDart,2025-05-21,2025-05-23,Delivered
SHP008295,ORD008295,Ekart,2025-05-07,2025-05-10,Delivered
SHP008296,ORD008296,Delhivery,2025-05-30,2025-06-05,Delivered
SHP008297,ORD008297,BlueDart,2025-05-20,,Pending
SHP008298,ORD008298,Amazon Logistics,2025-04-13,2025-04-17,Delivered
SHP008299,ORD008299,XpressBees,2025-06-26,2025-07-02,Delivered
SHP008300,ORD008300,Delhivery,2025-04-22,,Processing
SHP008301,ORD008301,DTDC,2025-04-14,2025-04-17,Delivered
SHP008302,ORD008302,BlueDart,2025-05-17,2025-05-23,Delivered
SHP008303,ORD008303,Delhivery,2025-03-31,2025-04-06,Delivered
SHP008304,ORD008304,Amazon Logistics,2025-04-29,2025-05-01,Delivered
SHP008305,ORD008305,BlueDart,2025-01-12,2025-01-14,Delivered
SHP008306,ORD008306,Delhivery,2025-05-19,,Pending
SHP008307,ORD008307,Ekart,2025-01-13,2025-01-18,Delivered
SHP008308,ORD008308,Delhivery,2025-04-18,2025-04-24,Delivered
SHP008309,ORD008309,Ekart,2025-01-08,2025-01-12,Delivered
SHP008310,ORD008310,Ekart,2025-03-16,2025-03-19,Delivered
SHP008311,ORD008311,DTDC,2025-04-24,,Shipped
SHP008312,ORD008312,Delhivery,2025-03-20,2025-03-25,Delivered
SHP008313,ORD008313,XpressBees,2025-06-24,,Cancelled
SHP008314,ORD008314,DTDC,2025-01-14,2025-01-16,Delivered
SHP008315,ORD008315,Delhivery,2025-02-24,2025-02-27,Delivered
SHP008316,ORD008316,BlueDart,2025-06-27,,Processing
SHP008317,ORD008317,XpressBees,2025-05-27,2025-05-30,Delivered
SHP008318,ORD008318,XpressBees,2025-01-18,,Processing
SHP008319,ORD008319,BlueDart,2025-03-31,2025-04-03,Delivered
SHP008320,ORD008320,Delhivery,2025-03-13,2025-03-17,Delivered
SHP008321,ORD008321,Delhivery,2025-04-03,2025-04-05,Delivered
SHP008322,ORD008322,Delhivery,2025-01-11,2025-01-14,Delivered
SHP008323,ORD008323,DTDC,2025-03-11,2025-03-14,Delivered
SHP008324,ORD008324,Delhivery,2025-05-25,,Pending
SHP008325,ORD008325,Delhivery,2025-06-20,2025-06-24,Delivered
SHP008326,ORD008326,Delhivery,2025-06-05,2025-06-11,Delivered
SHP008327,ORD008327,Amazon Logistics,2025-05-18,2025-05-23,Delivered
SHP008328,ORD008328,Amazon Logistics,2025-02-06,,Processing
SHP008329,ORD008329,Ekart,2025-03-03,2025-03-06,Delivered
SHP008330,ORD008330,XpressBees,2025-05-01,,Shipped
SHP008331,ORD008331,XpressBees,2025-06-24,2025-06-30,Delivered
SHP008332,ORD008332,Ekart,2025-04-01,,Processing
SHP008333,ORD008333,Amazon Logistics,2025-02-04,2025-02-07,Delivered
SHP008334,ORD008334,Amazon Logistics,2025-06-15,2025-06-21,Delivered
SHP008335,ORD008335,Delhivery,2025-05-13,,Cancelled
SHP008336,ORD008336,BlueDart,2025-06-08,2025-06-11,Delivered
SHP008337,ORD008337,XpressBees,2025-06-04,2025-06-06,Delivered
SHP008338,ORD008338,XpressBees,2025-06-27,2025-07-02,Delivered
SHP008339,ORD008339,DTDC,2025-05-17,2025-05-23,Delivered
SHP008340,ORD008340,Amazon Logistics,2025-04-18,2025-04-22,Delivered
SHP008341,ORD008341,BlueDart,2025-02-02,,Shipped
SHP008342,ORD008342,Amazon Logistics,2025-06-20,2025-06-23,Delivered
SHP008343,ORD008343,Amazon Logistics,2025-05-19,2025-05-21,Delivered
SHP008344,ORD008344,Delhivery,2025-02-14,2025-02-20,Delivered
SHP008345,ORD008345,Delhivery,2025-01-28,2025-02-01,Delivered
SHP008346,ORD008346,Ekart,2025-02-08,,Shipped
SHP008347,ORD008347,XpressBees,2025-03-09,2025-03-15,Delivered
SHP008348,ORD008348,Ekart,2025-03-25,,Shipped
SHP008349,ORD008349,DTDC,2025-06-29,,Processing
SHP008350,ORD008350,DTDC,2025-04-01,2025-04-07,Delivered
SHP008351,ORD008351,XpressBees,2025-06-01,2025-06-07,Delivered
SHP008352,ORD008352,Ekart,2025-02-26,2025-03-04,Delivered
SHP008353,ORD008353,Amazon Logistics,2025-06-18,,Shipped
SHP008354,ORD008354,XpressBees,2025-06-25,,Shipped
SHP008355,ORD008355,Delhivery,2025-02-05,2025-02-10,Delivered
SHP008356,ORD008356,XpressBees,2025-03-10,2025-03-14,Delivered
SHP008357,ORD008357,DTDC,2025-02-11,2025-02-14,Delivered
SHP008358,ORD008358,Amazon Logistics,2025-05-28,2025-05-30,Delivered
SHP008359,ORD008359,Amazon Logistics,2025-06-28,2025-06-30,Delivered
SHP008360,ORD008360,DTDC,2025-04-11,2025-04-17,Delivered
SHP008361,ORD008361,Delhivery,2025-05-26,2025-05-31,Delivered
SHP008362,ORD008362,Amazon Logistics,2025-05-02,2025-05-07,Delivered
SHP008363,ORD008363,Amazon Logistics,2025-03-04,2025-03-07,Delivered
SHP008364,ORD008364,BlueDart,2025-05-26,2025-05-29,Delivered
SHP008365,ORD008365,Amazon Logistics,2025-05-08,2025-05-11,Delivered
SHP008366,ORD008366,DTDC,2025-01-16,,Shipped
SHP008367,ORD008367,Delhivery,2025-03-25,2025-03-27,Delivered
SHP008368,ORD008368,Amazon Logistics,2025-06-05,2025-06-08,Delivered
SHP008369,ORD008369,Delhivery,2025-02-09,,Processing
SHP008370,ORD008370,DTDC,2025-05-16,2025-05-22,Delivered
SHP008371,ORD008371,XpressBees,2025-05-31,2025-06-04,Delivered
SHP008372,ORD008372,Ekart,2025-03-28,2025-03-30,Delivered
SHP008373,ORD008373,Ekart,2025-01-18,2025-01-21,Delivered
SHP008374,ORD008374,Delhivery,2025-04-25,2025-04-29,Delivered
SHP008375,ORD008375,DTDC,2025-04-09,2025-04-13,Delivered
SHP008376,ORD008376,XpressBees,2025-01-02,2025-01-06,Delivered
SHP008377,ORD008377,XpressBees,2025-05-15,2025-05-18,Delivered
SHP008378,ORD008378,BlueDart,2025-05-27,2025-06-01,Delivered
SHP008379,ORD008379,XpressBees,2025-05-14,2025-05-16,Delivered
SHP008380,ORD008380,DTDC,2025-06-08,,Processing
SHP008381,ORD008381,Ekart,2025-01-15,,Cancelled
SHP008382,ORD008382,Ekart,2025-04-13,2025-04-15,Delivered
SHP008383,ORD008383,DTDC,2025-06-04,2025-06-06,Delivered
SHP008384,ORD008384,Delhivery,2025-06-20,2025-06-25,Delivered
SHP008385,ORD008385,XpressBees,2025-03-17,2025-03-20,Delivered
SHP008386,ORD008386,XpressBees,2025-06-14,2025-06-20,Delivered
SHP008387,ORD008387,Ekart,2025-05-24,2025-05-29,Delivered
SHP008388,ORD008388,XpressBees,2025-01-28,2025-02-01,Delivered
SHP008389,ORD008389,Delhivery,2025-05-27,2025-05-31,Delivered
SHP008390,ORD008390,DTDC,2025-02-12,,Cancelled
SHP008391,ORD008391,Amazon Logistics,2025-03-18,2025-03-24,Delivered
SHP008392,ORD008392,BlueDart,2025-06-09,,Cancelled
SHP008393,ORD008393,DTDC,2025-06-01,,Pending
SHP008394,ORD008394,BlueDart,2025-01-09,2025-01-13,Delivered
SHP008395,ORD008395,DTDC,2025-03-09,,Shipped
SHP008396,ORD008396,XpressBees,2025-06-09,2025-06-11,Delivered
SHP008397,ORD008397,XpressBees,2025-03-26,,Shipped
SHP008398,ORD008398,Delhivery,2025-03-04,2025-03-08,Delivered
SHP008399,ORD008399,Delhivery,2025-05-27,,Shipped
SHP008400,ORD008400,Amazon Logistics,2025-06-17,2025-06-21,Delivered
SHP008401,ORD008401,Ekart,2025-02-19,2025-02-24,Delivered
SHP008402,ORD008402,Ekart,2025-01-05,2025-01-08,Delivered
SHP008403,ORD008403,Delhivery,2025-05-22,2025-05-28,Delivered
SHP008404,ORD008404,XpressBees,2025-04-28,2025-05-01,Delivered
SHP008405,ORD008405,DTDC,2025-04-22,,Shipped
SHP008406,ORD008406,Amazon Logistics,2025-02-18,2025-02-23,Delivered
SHP008407,ORD008407,Amazon Logistics,2025-05-22,2025-05-26,Delivered
SHP008408,ORD008408,DTDC,2025-04-23,2025-04-27,Delivered
SHP008409,ORD008409,DTDC,2025-01-02,,Cancelled
SHP008410,ORD008410,Amazon Logistics,2025-01-02,2025-01-05,Delivered
SHP008411,ORD008411,Ekart,2025-04-10,2025-04-12,Delivered
SHP008412,ORD008412,Ekart,2025-01-16,2025-01-22,Delivered
SHP008413,ORD008413,DTDC,2025-06-10,2025-06-14,Delivered
SHP008414,ORD008414,BlueDart,2025-04-30,2025-05-03,Delivered
SHP008415,ORD008415,BlueDart,2025-01-28,,Processing
SHP008416,ORD008416,XpressBees,2025-06-04,2025-06-07,Delivered
SHP008417,ORD008417,DTDC,2025-04-20,2025-04-24,Delivered
SHP008418,ORD008418,DTDC,2025-03-17,2025-03-19,Delivered
SHP008419,ORD008419,DTDC,2025-01-31,2025-02-06,Delivered
SHP008420,ORD008420,Amazon Logistics,2025-06-22,2025-06-26,Delivered
SHP008421,ORD008421,Ekart,2025-04-29,2025-05-02,Delivered
SHP008422,ORD008422,DTDC,2025-03-16,,Processing
SHP008423,ORD008423,Delhivery,2025-03-14,2025-03-18,Delivered
SHP008424,ORD008424,Amazon Logistics,2025-01-25,2025-01-29,Delivered
SHP008425,ORD008425,DTDC,2025-03-06,,Pending
SHP008426,ORD008426,BlueDart,2025-05-06,2025-05-10,Delivered
SHP008427,ORD008427,DTDC,2025-01-08,,Shipped
SHP008428,ORD008428,Ekart,2025-05-14,2025-05-19,Delivered
SHP008429,ORD008429,Ekart,2025-06-04,2025-06-10,Delivered
SHP008430,ORD008430,BlueDart,2025-03-15,2025-03-19,Delivered
SHP008431,ORD008431,DTDC,2025-03-10,,Pending
SHP008432,ORD008432,DTDC,2025-02-10,2025-02-16,Delivered
SHP008433,ORD008433,Amazon Logistics,2025-06-26,2025-06-30,Delivered
SHP008434,ORD008434,Delhivery,2025-05-05,2025-05-08,Delivered
SHP008435,ORD008435,BlueDart,2025-04-04,2025-04-09,Delivered
SHP008436,ORD008436,XpressBees,2025-06-09,2025-06-11,Delivered
SHP008437,ORD008437,Amazon Logistics,2025-05-28,2025-05-30,Delivered
SHP008438,ORD008438,Delhivery,2025-06-23,2025-06-27,Delivered
SHP008439,ORD008439,Delhivery,2025-04-29,,Processing
SHP008440,ORD008440,BlueDart,2025-03-22,,Shipped
SHP008441,ORD008441,Ekart,2025-01-15,2025-01-17,Delivered
SHP008442,ORD008442,XpressBees,2025-03-15,2025-03-20,Delivered
SHP008443,ORD008443,XpressBees,2025-06-08,2025-06-10,Delivered
SHP008444,ORD008444,Amazon Logistics,2025-02-26,2025-03-03,Delivered
SHP008445,ORD008445,DTDC,2025-05-17,2025-05-20,Delivered
SHP008446,ORD008446,Amazon Logistics,2025-03-16,,Pending
SHP008447,ORD008447,Delhivery,2025-03-15,2025-03-18,Delivered
SHP008448,ORD008448,DTDC,2025-01-22,2025-01-26,Delivered
SHP008449,ORD008449,DTDC,2025-02-27,2025-03-05,Delivered
SHP008450,ORD008450,Ekart,2025-02-05,2025-02-08,Delivered
SHP008451,ORD008451,BlueDart,2025-06-22,2025-06-28,Delivered
SHP008452,ORD008452,DTDC,2025-05-14,,Pending
SHP008453,ORD008453,Ekart,2025-04-23,,Processing
SHP008454,ORD008454,Delhivery,2025-03-21,,Pending
SHP008455,ORD008455,XpressBees,2025-05-01,2025-05-05,Delivered
SHP008456,ORD008456,Ekart,2025-04-07,,Shipped
SHP008457,ORD008457,BlueDart,2025-06-14,2025-06-16,Delivered
SHP008458,ORD008458,Delhivery,2025-06-13,2025-06-17,Delivered
SHP008459,ORD008459,BlueDart,2025-06-20,2025-06-22,Delivered
SHP008460,ORD008460,Delhivery,2025-05-01,2025-05-03,Delivered
SHP008461,ORD008461,Amazon Logistics,2025-06-07,2025-06-13,Delivered
SHP008462,ORD008462,Ekart,2025-05-07,2025-05-10,Delivered
SHP008463,ORD008463,Delhivery,2025-01-02,2025-01-06,Delivered
SHP008464,ORD008464,DTDC,2025-06-14,2025-06-19,Delivered
SHP008465,ORD008465,XpressBees,2025-04-18,,Shipped
SHP008466,ORD008466,Delhivery,2025-05-01,2025-05-07,Delivered
SHP008467,ORD008467,Amazon Logistics,2025-01-22,2025-01-25,Delivered
SHP008468,ORD008468,DTDC,2025-02-01,,Shipped
SHP008469,ORD008469,DTDC,2025-04-27,2025-04-30,Delivered
SHP008470,ORD008470,BlueDart,2025-03-01,2025-03-06,Delivered
SHP008471,ORD008471,Ekart,2025-06-28,,Cancelled
SHP008472,ORD008472,Amazon Logistics,2025-02-26,,Shipped
SHP008473,ORD008473,Amazon Logistics,2025-02-22,,Pending
SHP008474,ORD008474,BlueDart,2025-02-18,2025-02-20,Delivered
SHP008475,ORD008475,BlueDart,2025-03-02,2025-03-08,Delivered
SHP008476,ORD008476,Delhivery,2025-05-14,,Shipped
SHP008477,ORD008477,Amazon Logistics,2025-01-04,2025-01-10,Delivered
SHP008478,ORD008478,Delhivery,2025-01-26,2025-02-01,Delivered
SHP008479,ORD008479,BlueDart,2025-03-31,2025-04-03,Delivered
SHP008480,ORD008480,Delhivery,2025-05-21,2025-05-23,Returned
SHP008481,ORD008481,Ekart,2025-04-08,2025-04-14,Delivered
SHP008482,ORD008482,Ekart,2025-05-13,2025-05-15,Delivered
SHP008483,ORD008483,Ekart,2025-06-04,2025-06-06,Delivered
SHP008484,ORD008484,Ekart,2025-06-16,,Processing
SHP008485,ORD008485,DTDC,2025-01-27,,Shipped
SHP008486,ORD008486,Amazon Logistics,2025-03-27,2025-04-01,Delivered
SHP008487,ORD008487,XpressBees,2025-06-21,2025-06-23,Delivered
SHP008488,ORD008488,Amazon Logistics,2025-04-25,2025-04-28,Delivered
SHP008489,ORD008489,XpressBees,2025-06-13,2025-06-19,Delivered
SHP008490,ORD008490,Amazon Logistics,2025-06-10,2025-06-16,Delivered
SHP008491,ORD008491,DTDC,2025-06-02,2025-06-04,Delivered
SHP008492,ORD008492,Ekart,2025-06-03,2025-06-09,Delivered
SHP008493,ORD008493,XpressBees,2025-03-12,2025-03-17,Delivered
SHP008494,ORD008494,XpressBees,2025-06-20,2025-06-22,Delivered
SHP008495,ORD008495,Ekart,2025-06-17,2025-06-21,Delivered
SHP008496,ORD008496,Ekart,2025-03-23,2025-03-25,Delivered
SHP008497,ORD008497,Delhivery,2025-03-01,2025-03-03,Delivered
SHP008498,ORD008498,Ekart,2025-02-23,2025-02-25,Delivered
SHP008499,ORD008499,DTDC,2025-03-23,2025-03-26,Delivered
SHP008500,ORD008500,Ekart,2025-06-22,2025-06-26,Returned
SHP008501,ORD008501,XpressBees,2025-04-19,,Pending
SHP008502,ORD008502,XpressBees,2025-03-05,,Cancelled
SHP008503,ORD008503,DTDC,2025-03-19,2025-03-21,Delivered
SHP008504,ORD008504,XpressBees,2025-04-07,2025-04-09,Delivered
SHP008505,ORD008505,XpressBees,2025-02-26,2025-03-03,Delivered
SHP008506,ORD008506,BlueDart,2025-01-06,2025-01-10,Delivered
SHP008507,ORD008507,XpressBees,2025-02-07,2025-02-10,Delivered
SHP008508,ORD008508,Delhivery,2025-01-19,2025-01-23,Delivered
SHP008509,ORD008509,DTDC,2025-04-28,2025-05-04,Delivered
SHP008510,ORD008510,DTDC,2025-02-23,2025-02-27,Delivered
SHP008511,ORD008511,DTDC,2025-04-17,,Processing
SHP008512,ORD008512,Ekart,2025-04-22,2025-04-25,Delivered
SHP008513,ORD008513,Delhivery,2025-06-21,,Shipped
SHP008514,ORD008514,XpressBees,2025-02-22,,Shipped
SHP008515,ORD008515,XpressBees,2025-06-24,2025-06-30,Delivered
SHP008516,ORD008516,Amazon Logistics,2025-06-23,2025-06-29,Delivered
SHP008517,ORD008517,DTDC,2025-05-11,,Processing
SHP008518,ORD008518,XpressBees,2025-02-02,,Pending
SHP008519,ORD008519,Delhivery,2025-05-02,2025-05-06,Delivered
SHP008520,ORD008520,Delhivery,2025-04-29,2025-05-05,Delivered
SHP008521,ORD008521,Ekart,2025-02-13,2025-02-17,Delivered
SHP008522,ORD008522,Ekart,2025-06-24,,Shipped
SHP008523,ORD008523,XpressBees,2025-03-19,2025-03-21,Delivered
SHP008524,ORD008524,DTDC,2025-04-14,2025-04-19,Delivered
SHP008525,ORD008525,Delhivery,2025-05-26,2025-05-28,Delivered
SHP008526,ORD008526,DTDC,2025-01-10,,Pending
SHP008527,ORD008527,Delhivery,2025-06-19,2025-06-22,Delivered
SHP008528,ORD008528,XpressBees,2025-01-18,2025-01-22,Delivered
SHP008529,ORD008529,DTDC,2025-02-07,2025-02-11,Delivered
SHP008530,ORD008530,Delhivery,2025-06-04,2025-06-06,Delivered
SHP008531,ORD008531,Delhivery,2025-01-05,2025-01-09,Delivered
SHP008532,ORD008532,XpressBees,2025-06-03,2025-06-06,Delivered
SHP008533,ORD008533,Amazon Logistics,2025-02-27,,Cancelled
SHP008534,ORD008534,BlueDart,2025-01-11,2025-01-13,Delivered
SHP008535,ORD008535,BlueDart,2025-03-12,2025-03-18,Delivered
SHP008536,ORD008536,XpressBees,2025-05-12,2025-05-14,Delivered
SHP008537,ORD008537,Amazon Logistics,2025-03-05,2025-03-11,Delivered
SHP008538,ORD008538,XpressBees,2025-05-02,,Processing
SHP008539,ORD008539,BlueDart,2025-02-23,,Processing
SHP008540,ORD008540,Delhivery,2025-03-26,2025-03-31,Delivered
SHP008541,ORD008541,Delhivery,2025-02-02,2025-02-06,Delivered
SHP008542,ORD008542,DTDC,2025-06-10,2025-06-15,Delivered
SHP008543,ORD008543,Ekart,2025-06-12,2025-06-15,Delivered
SHP008544,ORD008544,Ekart,2025-04-08,2025-04-13,Delivered
SHP008545,ORD008545,Amazon Logistics,2025-03-12,,Shipped
SHP008546,ORD008546,Amazon Logistics,2025-06-27,,Pending
SHP008547,ORD008547,Delhivery,2025-02-16,,Processing
SHP008548,ORD008548,Ekart,2025-02-28,,Processing
SHP008549,ORD008549,DTDC,2025-05-17,2025-05-19,Delivered
SHP008550,ORD008550,DTDC,2025-05-12,2025-05-16,Delivered
SHP008551,ORD008551,DTDC,2025-03-28,2025-03-31,Delivered
SHP008552,ORD008552,BlueDart,2025-01-30,,Processing
SHP008553,ORD008553,DTDC,2025-01-30,2025-02-02,Delivered
SHP008554,ORD008554,DTDC,2025-02-26,2025-03-01,Delivered
SHP008555,ORD008555,DTDC,2025-04-19,2025-04-21,Delivered
SHP008556,ORD008556,Delhivery,2025-06-17,,Cancelled
SHP008557,ORD008557,BlueDart,2025-01-16,2025-01-19,Delivered
SHP008558,ORD008558,Delhivery,2025-03-15,,Processing
SHP008559,ORD008559,BlueDart,2025-04-21,2025-04-25,Delivered
SHP008560,ORD008560,Ekart,2025-03-14,,Pending
SHP008561,ORD008561,XpressBees,2025-03-29,2025-04-04,Delivered
SHP008562,ORD008562,Ekart,2025-05-08,2025-05-10,Delivered
SHP008563,ORD008563,Amazon Logistics,2025-02-14,2025-02-16,Delivered
SHP008564,ORD008564,DTDC,2025-02-11,2025-02-14,Delivered
SHP008565,ORD008565,XpressBees,2025-06-17,2025-06-23,Delivered
SHP008566,ORD008566,DTDC,2025-01-25,2025-01-31,Delivered
SHP008567,ORD008567,Delhivery,2025-03-23,,Processing
SHP008568,ORD008568,DTDC,2025-01-06,2025-01-11,Delivered
SHP008569,ORD008569,Amazon Logistics,2025-04-15,,Cancelled
SHP008570,ORD008570,XpressBees,2025-02-19,,Pending
SHP008571,ORD008571,Ekart,2025-02-07,2025-02-11,Delivered
SHP008572,ORD008572,Delhivery,2025-02-23,2025-02-27,Delivered
SHP008573,ORD008573,Delhivery,2025-04-24,2025-04-28,Delivered
SHP008574,ORD008574,BlueDart,2025-04-22,2025-04-25,Delivered
SHP008575,ORD008575,Ekart,2025-05-10,,Cancelled
SHP008576,ORD008576,Delhivery,2025-01-13,2025-01-17,Delivered
SHP008577,ORD008577,DTDC,2025-05-08,2025-05-11,Delivered
SHP008578,ORD008578,Delhivery,2025-04-01,2025-04-05,Delivered
SHP008579,ORD008579,XpressBees,2025-06-23,2025-06-27,Delivered
SHP008580,ORD008580,DTDC,2025-03-09,2025-03-15,Delivered
SHP008581,ORD008581,DTDC,2025-03-06,2025-03-08,Delivered
SHP008582,ORD008582,Delhivery,2025-02-05,2025-02-09,Delivered
SHP008583,ORD008583,Ekart,2025-02-22,2025-02-27,Delivered
SHP008584,ORD008584,DTDC,2025-02-11,2025-02-15,Delivered
SHP008585,ORD008585,Amazon Logistics,2025-02-05,,Pending
SHP008586,ORD008586,Ekart,2025-01-19,2025-01-21,Delivered
SHP008587,ORD008587,BlueDart,2025-01-27,2025-02-02,Delivered
SHP008588,ORD008588,XpressBees,2025-05-21,2025-05-26,Delivered
SHP008589,ORD008589,BlueDart,2025-05-16,2025-05-20,Delivered
SHP008590,ORD008590,BlueDart,2025-02-17,2025-02-23,Delivered
SHP008591,ORD008591,BlueDart,2025-03-27,2025-04-01,Delivered
SHP008592,ORD008592,Ekart,2025-01-03,,Pending
SHP008593,ORD008593,DTDC,2025-04-29,,Shipped
SHP008594,ORD008594,BlueDart,2025-02-04,2025-02-07,Delivered
SHP008595,ORD008595,Ekart,2025-03-12,2025-03-14,Delivered
SHP008596,ORD008596,Ekart,2025-04-22,2025-04-24,Delivered
SHP008597,ORD008597,Amazon Logistics,2025-06-10,2025-06-14,Delivered
SHP008598,ORD008598,DTDC,2025-01-11,2025-01-15,Delivered
SHP008599,ORD008599,Delhivery,2025-02-07,2025-02-12,Delivered
SHP008600,ORD008600,Delhivery,2025-01-05,,Cancelled
SHP008601,ORD008601,Amazon Logistics,2025-04-15,2025-04-21,Delivered
SHP008602,ORD008602,Delhivery,2025-04-15,2025-04-17,Delivered
SHP008603,ORD008603,Ekart,2025-01-02,,Shipped
SHP008604,ORD008604,Delhivery,2025-03-17,,Shipped
SHP008605,ORD008605,Amazon Logistics,2025-01-14,2025-01-18,Delivered
SHP008606,ORD008606,XpressBees,2025-02-03,2025-02-08,Delivered
SHP008607,ORD008607,BlueDart,2025-01-15,,Shipped
SHP008608,ORD008608,Delhivery,2025-03-05,2025-03-08,Delivered
SHP008609,ORD008609,Ekart,2025-02-17,2025-02-20,Delivered
SHP008610,ORD008610,Ekart,2025-06-11,2025-06-13,Delivered
SHP008611,ORD008611,BlueDart,2025-03-14,2025-03-19,Delivered
SHP008612,ORD008612,XpressBees,2025-04-24,2025-04-27,Delivered
SHP008613,ORD008613,XpressBees,2025-05-10,2025-05-13,Delivered
SHP008614,ORD008614,Amazon Logistics,2025-06-05,2025-06-11,Delivered
SHP008615,ORD008615,DTDC,2025-01-02,,Pending
SHP008616,ORD008616,Amazon Logistics,2025-03-12,2025-03-17,Delivered
SHP008617,ORD008617,Amazon Logistics,2025-06-22,,Shipped
SHP008618,ORD008618,DTDC,2025-05-10,2025-05-14,Delivered
SHP008619,ORD008619,BlueDart,2025-06-21,2025-06-23,Delivered
SHP008620,ORD008620,DTDC,2025-06-27,2025-07-02,Delivered
SHP008621,ORD008621,Amazon Logistics,2025-01-08,2025-01-11,Delivered
SHP008622,ORD008622,Ekart,2025-02-03,,Shipped
SHP008623,ORD008623,XpressBees,2025-01-31,,Shipped
SHP008624,ORD008624,Ekart,2025-06-01,2025-06-04,Delivered
SHP008625,ORD008625,Ekart,2025-01-25,,Pending
SHP008626,ORD008626,BlueDart,2025-03-11,2025-03-13,Delivered
SHP008627,ORD008627,Ekart,2025-01-26,2025-01-28,Delivered
SHP008628,ORD008628,Amazon Logistics,2025-06-16,2025-06-19,Delivered
SHP008629,ORD008629,Amazon Logistics,2025-01-28,2025-02-02,Delivered
SHP008630,ORD008630,Delhivery,2025-06-25,2025-06-28,Delivered
SHP008631,ORD008631,Amazon Logistics,2025-06-17,,Pending
SHP008632,ORD008632,DTDC,2025-02-06,,Processing
SHP008633,ORD008633,Delhivery,2025-05-21,2025-05-27,Delivered
SHP008634,ORD008634,XpressBees,2025-06-02,,Processing
SHP008635,ORD008635,Delhivery,2025-06-12,2025-06-18,Delivered
SHP008636,ORD008636,Delhivery,2025-01-14,,Processing
SHP008637,ORD008637,Amazon Logistics,2025-02-12,2025-02-16,Delivered
SHP008638,ORD008638,BlueDart,2025-04-13,2025-04-15,Delivered
SHP008639,ORD008639,DTDC,2025-02-03,2025-02-06,Delivered
SHP008640,ORD008640,DTDC,2025-04-14,2025-04-19,Delivered
SHP008641,ORD008641,DTDC,2025-05-27,2025-05-29,Delivered
SHP008642,ORD008642,Amazon Logistics,2025-05-08,2025-05-12,Delivered
SHP008643,ORD008643,Ekart,2025-02-23,2025-03-01,Delivered
SHP008644,ORD008644,DTDC,2025-05-01,2025-05-04,Delivered
SHP008645,ORD008645,Amazon Logistics,2025-03-14,2025-03-16,Delivered
SHP008646,ORD008646,Ekart,2025-05-29,2025-06-04,Delivered
SHP008647,ORD008647,Delhivery,2025-06-29,2025-07-03,Delivered
SHP008648,ORD008648,Amazon Logistics,2025-04-15,2025-04-20,Delivered
SHP008649,ORD008649,Delhivery,2025-05-20,2025-05-23,Returned
SHP008650,ORD008650,Amazon Logistics,2025-03-06,2025-03-10,Delivered
SHP008651,ORD008651,BlueDart,2025-02-28,2025-03-04,Delivered
SHP008652,ORD008652,XpressBees,2025-05-10,2025-05-14,Delivered
SHP008653,ORD008653,DTDC,2025-01-15,2025-01-19,Delivered
SHP008654,ORD008654,DTDC,2025-04-07,,Shipped
SHP008655,ORD008655,Ekart,2025-06-19,,Shipped
SHP008656,ORD008656,Amazon Logistics,2025-05-10,,Pending
SHP008657,ORD008657,XpressBees,2025-03-01,2025-03-05,Delivered
SHP008658,ORD008658,Delhivery,2025-05-21,2025-05-25,Delivered
SHP008659,ORD008659,XpressBees,2025-04-11,2025-04-13,Delivered
SHP008660,ORD008660,Delhivery,2025-03-19,2025-03-25,Delivered
SHP008661,ORD008661,BlueDart,2025-02-09,2025-02-14,Delivered
SHP008662,ORD008662,Amazon Logistics,2025-05-16,,Shipped
SHP008663,ORD008663,BlueDart,2025-05-04,2025-05-08,Delivered
SHP008664,ORD008664,XpressBees,2025-05-02,,Shipped
SHP008665,ORD008665,Ekart,2025-06-26,2025-06-28,Delivered
SHP008666,ORD008666,BlueDart,2025-05-02,,Processing
SHP008667,ORD008667,Amazon Logistics,2025-01-03,2025-01-08,Delivered
SHP008668,ORD008668,Delhivery,2025-05-20,2025-05-25,Delivered
SHP008669,ORD008669,Ekart,2025-06-07,2025-06-11,Delivered
SHP008670,ORD008670,XpressBees,2025-02-28,2025-03-02,Delivered
SHP008671,ORD008671,Delhivery,2025-06-12,2025-06-15,Delivered
SHP008672,ORD008672,XpressBees,2025-02-26,,Processing
SHP008673,ORD008673,DTDC,2025-06-16,2025-06-22,Delivered
SHP008674,ORD008674,Ekart,2025-03-20,2025-03-25,Delivered
SHP008675,ORD008675,BlueDart,2025-01-05,2025-01-08,Delivered
SHP008676,ORD008676,XpressBees,2025-03-04,,Shipped
SHP008677,ORD008677,Delhivery,2025-01-07,2025-01-12,Returned
SHP008678,ORD008678,Amazon Logistics,2025-01-08,2025-01-10,Delivered
SHP008679,ORD008679,XpressBees,2025-05-03,2025-05-09,Delivered
SHP008680,ORD008680,Delhivery,2025-03-26,,Processing
SHP008681,ORD008681,Amazon Logistics,2025-01-10,2025-01-12,Delivered
SHP008682,ORD008682,Ekart,2025-05-27,2025-05-31,Returned
SHP008683,ORD008683,Ekart,2025-04-07,2025-04-09,Delivered
SHP008684,ORD008684,DTDC,2025-05-29,2025-06-03,Delivered
SHP008685,ORD008685,Delhivery,2025-05-20,,Processing
SHP008686,ORD008686,Delhivery,2025-06-29,2025-07-02,Delivered
SHP008687,ORD008687,BlueDart,2025-02-25,2025-02-27,Delivered
SHP008688,ORD008688,Amazon Logistics,2025-06-27,2025-07-02,Delivered
SHP008689,ORD008689,Amazon Logistics,2025-03-02,,Shipped
SHP008690,ORD008690,DTDC,2025-01-03,,Cancelled
SHP008691,ORD008691,Amazon Logistics,2025-05-25,2025-05-29,Delivered
SHP008692,ORD008692,DTDC,2025-01-22,,Pending
SHP008693,ORD008693,Ekart,2025-05-20,2025-05-22,Delivered
SHP008694,ORD008694,Amazon Logistics,2025-06-10,2025-06-16,Delivered
SHP008695,ORD008695,BlueDart,2025-03-27,2025-04-01,Delivered
SHP008696,ORD008696,BlueDart,2025-02-19,2025-02-24,Delivered
SHP008697,ORD008697,BlueDart,2025-06-14,2025-06-18,Delivered
SHP008698,ORD008698,XpressBees,2025-04-25,2025-04-28,Delivered
SHP008699,ORD008699,BlueDart,2025-06-12,2025-06-17,Delivered
SHP008700,ORD008700,Amazon Logistics,2025-01-30,2025-02-05,Delivered
SHP008701,ORD008701,DTDC,2025-05-28,2025-05-31,Delivered
SHP008702,ORD008702,BlueDart,2025-01-29,2025-02-04,Delivered
SHP008703,ORD008703,Ekart,2025-05-19,2025-05-23,Delivered
SHP008704,ORD008704,Delhivery,2025-02-05,2025-02-08,Delivered
SHP008705,ORD008705,XpressBees,2025-04-29,2025-05-03,Delivered
SHP008706,ORD008706,DTDC,2025-01-20,,Shipped
SHP008707,ORD008707,DTDC,2025-05-17,2025-05-21,Delivered
SHP008708,ORD008708,Delhivery,2025-06-21,2025-06-27,Delivered
SHP008709,ORD008709,DTDC,2025-06-09,2025-06-12,Delivered
SHP008710,ORD008710,DTDC,2025-05-02,2025-05-08,Delivered
SHP008711,ORD008711,Delhivery,2025-06-15,2025-06-21,Delivered
SHP008712,ORD008712,XpressBees,2025-01-14,2025-01-18,Delivered
SHP008713,ORD008713,BlueDart,2025-01-09,2025-01-11,Delivered
SHP008714,ORD008714,XpressBees,2025-05-12,2025-05-17,Delivered
SHP008715,ORD008715,Delhivery,2025-02-17,2025-02-23,Delivered
SHP008716,ORD008716,BlueDart,2025-06-04,,Shipped
SHP008717,ORD008717,BlueDart,2025-06-29,2025-07-01,Delivered
SHP008718,ORD008718,DTDC,2025-02-25,2025-03-01,Delivered
SHP008719,ORD008719,Ekart,2025-01-19,,Cancelled
SHP008720,ORD008720,Ekart,2025-04-12,2025-04-18,Delivered
SHP008721,ORD008721,BlueDart,2025-02-20,2025-02-22,Delivered
SHP008722,ORD008722,Amazon Logistics,2025-05-10,2025-05-13,Delivered
SHP008723,ORD008723,Ekart,2025-01-26,2025-01-30,Delivered
SHP008724,ORD008724,Ekart,2025-01-17,,Cancelled
SHP008725,ORD008725,DTDC,2025-03-20,,Shipped
SHP008726,ORD008726,XpressBees,2025-02-28,2025-03-02,Delivered
SHP008727,ORD008727,BlueDart,2025-01-30,2025-02-04,Delivered
SHP008728,ORD008728,DTDC,2025-04-06,,Shipped
SHP008729,ORD008729,Ekart,2025-01-19,2025-01-21,Delivered
SHP008730,ORD008730,DTDC,2025-02-06,2025-02-10,Delivered
SHP008731,ORD008731,BlueDart,2025-05-22,2025-05-28,Delivered
SHP008732,ORD008732,Delhivery,2025-03-14,2025-03-16,Delivered
SHP008733,ORD008733,Ekart,2025-06-21,2025-06-27,Delivered
SHP008734,ORD008734,Amazon Logistics,2025-03-07,2025-03-09,Delivered
SHP008735,ORD008735,Ekart,2025-04-06,2025-04-10,Delivered
SHP008736,ORD008736,XpressBees,2025-01-06,2025-01-11,Delivered
SHP008737,ORD008737,Delhivery,2025-01-05,2025-01-11,Delivered
SHP008738,ORD008738,Ekart,2025-06-13,,Shipped
SHP008739,ORD008739,XpressBees,2025-03-14,2025-03-20,Delivered
SHP008740,ORD008740,XpressBees,2025-06-22,,Processing
SHP008741,ORD008741,Amazon Logistics,2025-01-02,2025-01-05,Delivered
SHP008742,ORD008742,BlueDart,2025-06-30,,Processing
SHP008743,ORD008743,DTDC,2025-01-22,2025-01-25,Delivered
SHP008744,ORD008744,DTDC,2025-02-01,,Processing
SHP008745,ORD008745,DTDC,2025-03-29,2025-04-02,Delivered
SHP008746,ORD008746,BlueDart,2025-05-15,2025-05-17,Delivered
SHP008747,ORD008747,BlueDart,2025-01-27,,Cancelled
SHP008748,ORD008748,XpressBees,2025-01-13,,Processing
SHP008749,ORD008749,XpressBees,2025-02-22,2025-02-25,Delivered
SHP008750,ORD008750,DTDC,2025-07-01,2025-07-04,Delivered
SHP008751,ORD008751,Amazon Logistics,2025-04-11,,Cancelled
SHP008752,ORD008752,Amazon Logistics,2025-01-29,2025-02-04,Delivered
SHP008753,ORD008753,XpressBees,2025-02-18,2025-02-23,Delivered
SHP008754,ORD008754,Amazon Logistics,2025-02-13,2025-02-17,Delivered
SHP008755,ORD008755,Delhivery,2025-05-25,,Cancelled
SHP008756,ORD008756,Ekart,2025-04-26,2025-04-29,Delivered
SHP008757,ORD008757,XpressBees,2025-03-12,2025-03-14,Delivered
SHP008758,ORD008758,Amazon Logistics,2025-02-10,,Shipped
SHP008759,ORD008759,Delhivery,2025-05-04,,Pending
SHP008760,ORD008760,Ekart,2025-06-30,2025-07-03,Delivered
SHP008761,ORD008761,Ekart,2025-06-15,2025-06-17,Delivered
SHP008762,ORD008762,Delhivery,2025-04-27,2025-04-29,Delivered
SHP008763,ORD008763,BlueDart,2025-03-27,2025-03-30,Delivered
SHP008764,ORD008764,DTDC,2025-04-10,2025-04-16,Delivered
SHP008765,ORD008765,Delhivery,2025-02-12,,Shipped
SHP008766,ORD008766,Delhivery,2025-01-11,2025-01-16,Delivered
SHP008767,ORD008767,DTDC,2025-02-25,2025-02-28,Delivered
SHP008768,ORD008768,Amazon Logistics,2025-02-02,,Processing
SHP008769,ORD008769,XpressBees,2025-02-17,2025-02-20,Delivered
SHP008770,ORD008770,XpressBees,2025-05-22,,Cancelled
SHP008771,ORD008771,Ekart,2025-01-19,2025-01-25,Delivered
SHP008772,ORD008772,BlueDart,2025-02-02,2025-02-04,Delivered
SHP008773,ORD008773,Amazon Logistics,2025-04-06,2025-04-10,Delivered
SHP008774,ORD008774,Amazon Logistics,2025-04-27,,Shipped
SHP008775,ORD008775,BlueDart,2025-01-12,,Pending
SHP008776,ORD008776,Amazon Logistics,2025-01-21,2025-01-26,Delivered
SHP008777,ORD008777,Ekart,2025-02-07,,Shipped
SHP008778,ORD008778,BlueDart,2025-02-07,2025-02-11,Delivered
SHP008779,ORD008779,XpressBees,2025-02-20,2025-02-25,Delivered
SHP008780,ORD008780,DTDC,2025-06-24,2025-06-29,Delivered
SHP008781,ORD008781,Amazon Logistics,2025-03-15,2025-03-19,Delivered
SHP008782,ORD008782,Delhivery,2025-03-10,2025-03-16,Delivered
SHP008783,ORD008783,DTDC,2025-01-04,2025-01-10,Delivered
SHP008784,ORD008784,BlueDart,2025-05-08,2025-05-12,Delivered
SHP008785,ORD008785,XpressBees,2025-06-07,2025-06-09,Delivered
SHP008786,ORD008786,Delhivery,2025-06-14,2025-06-17,Delivered
SHP008787,ORD008787,Ekart,2025-05-16,2025-05-22,Delivered
SHP008788,ORD008788,Ekart,2025-02-17,,Processing
SHP008789,ORD008789,BlueDart,2025-01-30,2025-02-04,Returned
SHP008790,ORD008790,DTDC,2025-06-06,2025-06-10,Delivered
SHP008791,ORD008791,XpressBees,2025-05-18,2025-05-23,Delivered
SHP008792,ORD008792,Ekart,2025-04-16,,Processing
SHP008793,ORD008793,Amazon Logistics,2025-02-17,,Processing
SHP008794,ORD008794,XpressBees,2025-03-10,2025-03-14,Delivered
SHP008795,ORD008795,Delhivery,2025-02-03,2025-02-07,Delivered
SHP008796,ORD008796,DTDC,2025-06-18,,Pending
SHP008797,ORD008797,Ekart,2025-06-28,,Pending
SHP008798,ORD008798,Amazon Logistics,2025-03-18,2025-03-23,Delivered
SHP008799,ORD008799,Amazon Logistics,2025-03-08,,Processing
SHP008800,ORD008800,BlueDart,2025-05-02,2025-05-05,Delivered
SHP008801,ORD008801,Delhivery,2025-03-09,2025-03-11,Delivered
SHP008802,ORD008802,Delhivery,2025-06-15,2025-06-20,Delivered
SHP008803,ORD008803,DTDC,2025-06-16,2025-06-21,Delivered
SHP008804,ORD008804,Amazon Logistics,2025-05-22,2025-05-24,Delivered
SHP008805,ORD008805,Amazon Logistics,2025-06-16,,Processing
SHP008806,ORD008806,XpressBees,2025-03-31,2025-04-05,Delivered
SHP008807,ORD008807,BlueDart,2025-02-28,2025-03-03,Delivered
SHP008808,ORD008808,Amazon Logistics,2025-04-30,,Shipped
SHP008809,ORD008809,Ekart,2025-02-15,2025-02-20,Delivered
SHP008810,ORD008810,XpressBees,2025-05-12,2025-05-16,Delivered
SHP008811,ORD008811,XpressBees,2025-06-05,,Cancelled
SHP008812,ORD008812,DTDC,2025-03-08,,Pending
SHP008813,ORD008813,XpressBees,2025-06-09,,Shipped
SHP008814,ORD008814,Amazon Logistics,2025-05-28,2025-06-03,Delivered
SHP008815,ORD008815,XpressBees,2025-06-03,2025-06-08,Delivered
SHP008816,ORD008816,Amazon Logistics,2025-02-17,,Shipped
SHP008817,ORD008817,XpressBees,2025-06-27,2025-07-02,Delivered
SHP008818,ORD008818,Amazon Logistics,2025-06-06,2025-06-12,Delivered
SHP008819,ORD008819,XpressBees,2025-04-11,2025-04-17,Delivered
SHP008820,ORD008820,BlueDart,2025-02-01,2025-02-05,Delivered
SHP008821,ORD008821,Ekart,2025-06-29,2025-07-02,Delivered
SHP008822,ORD008822,Ekart,2025-01-16,,Cancelled
SHP008823,ORD008823,BlueDart,2025-05-29,,Shipped
SHP008824,ORD008824,Ekart,2025-04-15,2025-04-18,Delivered
SHP008825,ORD008825,XpressBees,2025-01-21,2025-01-26,Delivered
SHP008826,ORD008826,BlueDart,2025-04-19,,Cancelled
SHP008827,ORD008827,Amazon Logistics,2025-05-22,2025-05-24,Delivered
SHP008828,ORD008828,Delhivery,2025-02-09,,Cancelled
SHP008829,ORD008829,Ekart,2025-04-08,2025-04-13,Delivered
SHP008830,ORD008830,DTDC,2025-01-11,,Processing
SHP008831,ORD008831,Ekart,2025-04-20,,Pending
SHP008832,ORD008832,Amazon Logistics,2025-06-05,2025-06-10,Delivered
SHP008833,ORD008833,XpressBees,2025-06-11,2025-06-15,Delivered
SHP008834,ORD008834,Amazon Logistics,2025-03-13,2025-03-19,Delivered
SHP008835,ORD008835,BlueDart,2025-02-27,2025-03-03,Delivered
SHP008836,ORD008836,Amazon Logistics,2025-02-14,2025-02-18,Delivered
SHP008837,ORD008837,Delhivery,2025-05-24,,Processing
SHP008838,ORD008838,XpressBees,2025-06-08,2025-06-13,Delivered
SHP008839,ORD008839,Delhivery,2025-02-12,2025-02-17,Delivered
SHP008840,ORD008840,Amazon Logistics,2025-06-22,2025-06-27,Delivered
SHP008841,ORD008841,XpressBees,2025-03-03,2025-03-06,Delivered
SHP008842,ORD008842,DTDC,2025-02-11,,Pending
SHP008843,ORD008843,BlueDart,2025-03-15,,Processing
SHP008844,ORD008844,Amazon Logistics,2025-06-21,2025-06-24,Delivered
SHP008845,ORD008845,Amazon Logistics,2025-04-17,2025-04-23,Delivered
SHP008846,ORD008846,BlueDart,2025-03-07,,Pending
SHP008847,ORD008847,BlueDart,2025-02-27,,Shipped
SHP008848,ORD008848,Delhivery,2025-03-07,2025-03-09,Delivered
SHP008849,ORD008849,Amazon Logistics,2025-01-26,2025-02-01,Delivered
SHP008850,ORD008850,Delhivery,2025-06-20,2025-06-24,Delivered
SHP008851,ORD008851,XpressBees,2025-03-29,,Cancelled
SHP008852,ORD008852,DTDC,2025-01-28,2025-02-02,Delivered
SHP008853,ORD008853,Amazon Logistics,2025-06-13,2025-06-15,Delivered
SHP008854,ORD008854,Ekart,2025-03-02,2025-03-05,Delivered
SHP008855,ORD008855,Ekart,2025-06-01,,Shipped
SHP008856,ORD008856,Ekart,2025-05-12,,Cancelled
SHP008857,ORD008857,Ekart,2025-05-11,2025-05-13,Delivered
SHP008858,ORD008858,Amazon Logistics,2025-05-23,,Shipped
SHP008859,ORD008859,Delhivery,2025-02-23,2025-02-28,Delivered
SHP008860,ORD008860,BlueDart,2025-05-23,,Processing
SHP008861,ORD008861,Delhivery,2025-04-24,2025-04-30,Delivered
SHP008862,ORD008862,Amazon Logistics,2025-06-15,,Pending
SHP008863,ORD008863,Amazon Logistics,2025-04-21,,Processing
SHP008864,ORD008864,Delhivery,2025-03-07,2025-03-13,Delivered
SHP008865,ORD008865,XpressBees,2025-05-26,2025-05-29,Delivered
SHP008866,ORD008866,Ekart,2025-02-03,,Shipped
SHP008867,ORD008867,Delhivery,2025-03-22,,Shipped
SHP008868,ORD008868,BlueDart,2025-01-08,2025-01-13,Delivered
SHP008869,ORD008869,XpressBees,2025-01-09,2025-01-15,Delivered
SHP008870,ORD008870,DTDC,2025-05-06,2025-05-09,Delivered
SHP008871,ORD008871,XpressBees,2025-03-25,2025-03-31,Delivered
SHP008872,ORD008872,DTDC,2025-04-04,,Pending
SHP008873,ORD008873,Amazon Logistics,2025-05-18,,Processing
SHP008874,ORD008874,XpressBees,2025-03-17,2025-03-20,Delivered
SHP008875,ORD008875,Amazon Logistics,2025-03-17,,Processing
SHP008876,ORD008876,DTDC,2025-03-23,2025-03-25,Delivered
SHP008877,ORD008877,Delhivery,2025-05-05,2025-05-08,Delivered
SHP008878,ORD008878,Delhivery,2025-06-17,,Pending
SHP008879,ORD008879,Amazon Logistics,2025-04-13,2025-04-16,Delivered
SHP008880,ORD008880,Amazon Logistics,2025-03-31,2025-04-03,Delivered
SHP008881,ORD008881,XpressBees,2025-01-23,,Pending
SHP008882,ORD008882,BlueDart,2025-04-08,,Processing
SHP008883,ORD008883,Ekart,2025-03-07,2025-03-12,Delivered
SHP008884,ORD008884,Amazon Logistics,2025-04-29,2025-05-02,Delivered
SHP008885,ORD008885,Amazon Logistics,2025-03-15,2025-03-17,Delivered
SHP008886,ORD008886,Delhivery,2025-02-09,2025-02-14,Delivered
SHP008887,ORD008887,DTDC,2025-01-08,2025-01-10,Delivered
SHP008888,ORD008888,BlueDart,2025-06-19,2025-06-25,Delivered
SHP008889,ORD008889,DTDC,2025-06-11,2025-06-14,Returned
SHP008890,ORD008890,DTDC,2025-04-05,2025-04-10,Delivered
SHP008891,ORD008891,Amazon Logistics,2025-03-26,2025-03-29,Delivered
SHP008892,ORD008892,Ekart,2025-06-17,2025-06-19,Delivered
SHP008893,ORD008893,DTDC,2025-04-08,2025-04-10,Delivered
SHP008894,ORD008894,DTDC,2025-04-02,,Cancelled
SHP008895,ORD008895,DTDC,2025-05-05,2025-05-11,Delivered
SHP008896,ORD008896,BlueDart,2025-05-01,2025-05-05,Delivered
SHP008897,ORD008897,XpressBees,2025-02-22,2025-02-28,Returned
SHP008898,ORD008898,XpressBees,2025-04-09,2025-04-13,Delivered
SHP008899,ORD008899,XpressBees,2025-01-04,2025-01-08,Delivered
SHP008900,ORD008900,Amazon Logistics,2025-04-19,2025-04-25,Delivered
SHP008901,ORD008901,XpressBees,2025-04-04,2025-04-10,Delivered
SHP008902,ORD008902,DTDC,2025-01-02,,Processing
SHP008903,ORD008903,Ekart,2025-02-15,2025-02-20,Delivered
SHP008904,ORD008904,XpressBees,2025-05-04,2025-05-06,Delivered
SHP008905,ORD008905,BlueDart,2025-05-15,2025-05-18,Delivered
SHP008906,ORD008906,XpressBees,2025-01-29,2025-02-02,Delivered
SHP008907,ORD008907,Amazon Logistics,2025-04-23,2025-04-25,Delivered
SHP008908,ORD008908,Amazon Logistics,2025-05-26,2025-06-01,Delivered
SHP008909,ORD008909,Delhivery,2025-01-30,2025-02-05,Delivered
SHP008910,ORD008910,DTDC,2025-06-18,,Pending
SHP008911,ORD008911,XpressBees,2025-04-07,2025-04-11,Delivered
SHP008912,ORD008912,BlueDart,2025-05-30,2025-06-01,Returned
SHP008913,ORD008913,XpressBees,2025-02-21,2025-02-24,Delivered
SHP008914,ORD008914,XpressBees,2025-01-20,2025-01-22,Delivered
SHP008915,ORD008915,XpressBees,2025-04-08,2025-04-11,Delivered
SHP008916,ORD008916,Amazon Logistics,2025-06-20,,Shipped
SHP008917,ORD008917,Ekart,2025-04-14,2025-04-18,Delivered
SHP008918,ORD008918,Ekart,2025-06-04,2025-06-08,Delivered
SHP008919,ORD008919,Ekart,2025-05-18,2025-05-20,Delivered
SHP008920,ORD008920,DTDC,2025-04-23,2025-04-28,Delivered
SHP008921,ORD008921,BlueDart,2025-01-19,2025-01-24,Delivered
SHP008922,ORD008922,Amazon Logistics,2025-05-08,,Shipped
SHP008923,ORD008923,Amazon Logistics,2025-05-15,2025-05-19,Delivered
SHP008924,ORD008924,Amazon Logistics,2025-03-26,,Pending
SHP008925,ORD008925,DTDC,2025-06-22,2025-06-26,Delivered
SHP008926,ORD008926,DTDC,2025-02-28,2025-03-06,Delivered
SHP008927,ORD008927,Delhivery,2025-01-30,2025-02-04,Delivered
SHP008928,ORD008928,XpressBees,2025-04-02,2025-04-07,Delivered
SHP008929,ORD008929,XpressBees,2025-04-14,2025-04-18,Delivered
SHP008930,ORD008930,DTDC,2025-05-21,2025-05-26,Delivered
SHP008931,ORD008931,Ekart,2025-04-20,2025-04-24,Delivered
SHP008932,ORD008932,Delhivery,2025-06-24,,Cancelled
SHP008933,ORD008933,Ekart,2025-05-04,2025-05-07,Delivered
SHP008934,ORD008934,Ekart,2025-05-18,2025-05-23,Delivered
SHP008935,ORD008935,XpressBees,2025-01-10,2025-01-16,Delivered
SHP008936,ORD008936,Ekart,2025-01-25,2025-01-30,Delivered
SHP008937,ORD008937,BlueDart,2025-03-13,2025-03-16,Delivered
SHP008938,ORD008938,Delhivery,2025-03-10,2025-03-12,Delivered
SHP008939,ORD008939,BlueDart,2025-01-02,2025-01-06,Delivered
SHP008940,ORD008940,Delhivery,2025-05-19,2025-05-23,Delivered
SHP008941,ORD008941,DTDC,2025-06-06,,Processing
SHP008942,ORD008942,XpressBees,2025-06-29,2025-07-02,Delivered
SHP008943,ORD008943,BlueDart,2025-02-04,2025-02-08,Returned
SHP008944,ORD008944,Delhivery,2025-01-19,2025-01-24,Delivered
SHP008945,ORD008945,Amazon Logistics,2025-04-11,2025-04-15,Delivered
SHP008946,ORD008946,BlueDart,2025-04-12,2025-04-18,Delivered
SHP008947,ORD008947,Ekart,2025-05-13,2025-05-18,Delivered
SHP008948,ORD008948,XpressBees,2025-01-12,2025-01-15,Delivered
SHP008949,ORD008949,Delhivery,2025-04-29,2025-05-02,Delivered
SHP008950,ORD008950,Amazon Logistics,2025-05-18,,Shipped
SHP008951,ORD008951,DTDC,2025-05-29,2025-06-04,Delivered
SHP008952,ORD008952,BlueDart,2025-03-19,,Cancelled
SHP008953,ORD008953,DTDC,2025-03-05,,Cancelled
SHP008954,ORD008954,Ekart,2025-04-25,2025-04-27,Delivered
SHP008955,ORD008955,BlueDart,2025-06-19,2025-06-24,Delivered
SHP008956,ORD008956,BlueDart,2025-04-27,2025-05-02,Delivered
SHP008957,ORD008957,BlueDart,2025-02-18,2025-02-20,Delivered
SHP008958,ORD008958,Delhivery,2025-06-30,,Pending
SHP008959,ORD008959,Ekart,2025-06-08,2025-06-11,Delivered
SHP008960,ORD008960,Ekart,2025-06-22,2025-06-26,Delivered
SHP008961,ORD008961,Ekart,2025-01-19,2025-01-24,Delivered
SHP008962,ORD008962,DTDC,2025-03-15,2025-03-19,Delivered
SHP008963,ORD008963,Amazon Logistics,2025-05-10,2025-05-12,Delivered
SHP008964,ORD008964,XpressBees,2025-01-07,2025-01-12,Delivered
SHP008965,ORD008965,DTDC,2025-05-25,,Shipped
SHP008966,ORD008966,Amazon Logistics,2025-06-17,2025-06-22,Delivered
SHP008967,ORD008967,Ekart,2025-03-05,2025-03-09,Delivered
SHP008968,ORD008968,Ekart,2025-03-06,2025-03-08,Delivered
SHP008969,ORD008969,Delhivery,2025-02-24,2025-02-27,Delivered
SHP008970,ORD008970,Ekart,2025-02-26,2025-03-01,Delivered
SHP008971,ORD008971,XpressBees,2025-03-28,,Cancelled
SHP008972,ORD008972,DTDC,2025-05-04,2025-05-06,Delivered
SHP008973,ORD008973,Ekart,2025-05-23,,Processing
SHP008974,ORD008974,XpressBees,2025-02-09,2025-02-13,Delivered
SHP008975,ORD008975,DTDC,2025-05-09,2025-05-12,Delivered
SHP008976,ORD008976,BlueDart,2025-06-07,2025-06-11,Delivered
SHP008977,ORD008977,DTDC,2025-06-17,2025-06-19,Delivered
SHP008978,ORD008978,DTDC,2025-04-15,,Pending
SHP008979,ORD008979,XpressBees,2025-05-03,2025-05-08,Delivered
SHP008980,ORD008980,Delhivery,2025-05-25,2025-05-27,Delivered
SHP008981,ORD008981,DTDC,2025-06-09,2025-06-11,Delivered
SHP008982,ORD008982,Ekart,2025-04-06,2025-04-11,Delivered
SHP008983,ORD008983,XpressBees,2025-02-06,2025-02-10,Delivered
SHP008984,ORD008984,Ekart,2025-06-12,,Pending
SHP008985,ORD008985,BlueDart,2025-05-18,,Pending
SHP008986,ORD008986,Ekart,2025-04-20,2025-04-25,Delivered
SHP008987,ORD008987,BlueDart,2025-03-10,2025-03-16,Delivered
SHP008988,ORD008988,Ekart,2025-03-21,2025-03-24,Delivered
SHP008989,ORD008989,DTDC,2025-05-06,,Shipped
SHP008990,ORD008990,XpressBees,2025-05-12,2025-05-16,Delivered
SHP008991,ORD008991,BlueDart,2025-04-30,2025-05-04,Delivered
SHP008992,ORD008992,Ekart,2025-02-01,2025-02-06,Delivered
SHP008993,ORD008993,XpressBees,2025-02-17,,Pending
SHP008994,ORD008994,BlueDart,2025-05-28,,Pending
SHP008995,ORD008995,DTDC,2025-04-30,2025-05-04,Delivered
SHP008996,ORD008996,Amazon Logistics,2025-03-09,2025-03-15,Delivered
SHP008997,ORD008997,DTDC,2025-06-27,2025-07-03,Delivered
SHP008998,ORD008998,Ekart,2025-01-15,2025-01-18,Delivered
SHP008999,ORD008999,Delhivery,2025-01-26,2025-01-28,Delivered
SHP009000,ORD009000,XpressBees,2025-03-03,,Cancelled
SHP009001,ORD009001,XpressBees,2025-04-01,,Pending
SHP009002,ORD009002,XpressBees,2025-03-26,2025-03-29,Delivered
SHP009003,ORD009003,XpressBees,2025-04-07,,Processing
SHP009004,ORD009004,XpressBees,2025-05-11,,Shipped
SHP009005,ORD009005,BlueDart,2025-02-09,2025-02-15,Delivered
SHP009006,ORD009006,BlueDart,2025-01-20,2025-01-25,Delivered
SHP009007,ORD009007,Ekart,2025-01-02,2025-01-04,Delivered
SHP009008,ORD009008,Delhivery,2025-03-22,,Shipped
SHP009009,ORD009009,XpressBees,2025-01-23,2025-01-26,Delivered
SHP009010,ORD009010,DTDC,2025-05-19,2025-05-24,Returned
SHP009011,ORD009011,BlueDart,2025-02-14,2025-02-18,Delivered
SHP009012,ORD009012,DTDC,2025-05-06,2025-05-09,Delivered
SHP009013,ORD009013,DTDC,2025-06-21,2025-06-24,Delivered
SHP009014,ORD009014,Ekart,2025-06-11,2025-06-14,Delivered
SHP009015,ORD009015,DTDC,2025-03-17,2025-03-21,Delivered
SHP009016,ORD009016,XpressBees,2025-03-09,2025-03-13,Delivered
SHP009017,ORD009017,XpressBees,2025-01-11,,Shipped
SHP009018,ORD009018,BlueDart,2025-05-18,,Shipped
SHP009019,ORD009019,BlueDart,2025-04-06,2025-04-12,Delivered
SHP009020,ORD009020,Amazon Logistics,2025-06-21,2025-06-25,Delivered
SHP009021,ORD009021,XpressBees,2025-03-18,2025-03-20,Delivered
SHP009022,ORD009022,Ekart,2025-03-20,,Pending
SHP009023,ORD009023,Ekart,2025-06-13,,Shipped
SHP009024,ORD009024,BlueDart,2025-04-09,2025-04-14,Delivered
SHP009025,ORD009025,BlueDart,2025-02-26,2025-03-03,Delivered
SHP009026,ORD009026,Delhivery,2025-03-20,2025-03-23,Delivered
SHP009027,ORD009027,XpressBees,2025-05-24,2025-05-29,Delivered
SHP009028,ORD009028,Ekart,2025-03-04,2025-03-06,Returned
SHP009029,ORD009029,BlueDart,2025-04-10,,Shipped
SHP009030,ORD009030,DTDC,2025-02-18,2025-02-22,Delivered
SHP009031,ORD009031,Delhivery,2025-05-13,,Shipped
SHP009032,ORD009032,Delhivery,2025-01-12,2025-01-17,Delivered
SHP009033,ORD009033,XpressBees,2025-03-08,2025-03-13,Delivered
SHP009034,ORD009034,Amazon Logistics,2025-04-04,2025-04-07,Delivered
SHP009035,ORD009035,XpressBees,2025-03-05,2025-03-10,Delivered
SHP009036,ORD009036,BlueDart,2025-06-19,2025-06-24,Delivered
SHP009037,ORD009037,DTDC,2025-06-01,,Pending
SHP009038,ORD009038,Amazon Logistics,2025-01-08,2025-01-11,Delivered
SHP009039,ORD009039,Amazon Logistics,2025-04-03,,Shipped
SHP009040,ORD009040,XpressBees,2025-03-30,,Processing
SHP009041,ORD009041,Amazon Logistics,2025-01-31,2025-02-03,Delivered
SHP009042,ORD009042,XpressBees,2025-06-13,2025-06-19,Delivered
SHP009043,ORD009043,BlueDart,2025-04-30,2025-05-02,Delivered
SHP009044,ORD009044,BlueDart,2025-01-20,2025-01-23,Delivered
SHP009045,ORD009045,Ekart,2025-06-12,2025-06-18,Delivered
SHP009046,ORD009046,Ekart,2025-07-01,2025-07-03,Delivered
SHP009047,ORD009047,Ekart,2025-05-21,,Shipped
SHP009048,ORD009048,Amazon Logistics,2025-05-19,2025-05-24,Delivered
SHP009049,ORD009049,Amazon Logistics,2025-06-10,,Pending
SHP009050,ORD009050,Delhivery,2025-06-15,2025-06-21,Delivered
SHP009051,ORD009051,Delhivery,2025-05-16,2025-05-20,Delivered
SHP009052,ORD009052,BlueDart,2025-01-16,,Cancelled
SHP009053,ORD009053,DTDC,2025-04-25,2025-04-28,Delivered
SHP009054,ORD009054,Amazon Logistics,2025-05-26,2025-05-30,Delivered
SHP009055,ORD009055,Amazon Logistics,2025-01-20,2025-01-23,Delivered
SHP009056,ORD009056,BlueDart,2025-03-10,,Processing
SHP009057,ORD009057,XpressBees,2025-02-09,,Shipped
SHP009058,ORD009058,Delhivery,2025-06-06,2025-06-10,Delivered
SHP009059,ORD009059,XpressBees,2025-02-16,2025-02-19,Delivered
SHP009060,ORD009060,Amazon Logistics,2025-03-15,2025-03-18,Delivered
SHP009061,ORD009061,BlueDart,2025-06-07,2025-06-09,Delivered
SHP009062,ORD009062,Delhivery,2025-02-25,,Shipped
SHP009063,ORD009063,DTDC,2025-02-09,,Cancelled
SHP009064,ORD009064,Ekart,2025-02-02,2025-02-05,Delivered
SHP009065,ORD009065,XpressBees,2025-03-26,2025-04-01,Delivered
SHP009066,ORD009066,BlueDart,2025-03-13,2025-03-16,Delivered
SHP009067,ORD009067,Ekart,2025-03-17,2025-03-23,Delivered
SHP009068,ORD009068,Ekart,2025-06-23,2025-06-25,Delivered
SHP009069,ORD009069,BlueDart,2025-01-22,2025-01-28,Delivered
SHP009070,ORD009070,BlueDart,2025-04-13,2025-04-18,Delivered
SHP009071,ORD009071,Delhivery,2025-06-06,2025-06-10,Delivered
SHP009072,ORD009072,BlueDart,2025-01-29,,Cancelled
SHP009073,ORD009073,Delhivery,2025-03-26,,Shipped
SHP009074,ORD009074,XpressBees,2025-06-01,2025-06-04,Delivered
SHP009075,ORD009075,BlueDart,2025-01-29,2025-02-01,Delivered
SHP009076,ORD009076,DTDC,2025-02-15,,Processing
SHP009077,ORD009077,Amazon Logistics,2025-03-17,2025-03-22,Delivered
SHP009078,ORD009078,XpressBees,2025-04-13,2025-04-15,Returned
SHP009079,ORD009079,DTDC,2025-04-24,2025-04-26,Delivered
SHP009080,ORD009080,XpressBees,2025-03-14,2025-03-20,Delivered
SHP009081,ORD009081,XpressBees,2025-03-12,2025-03-18,Returned
SHP009082,ORD009082,XpressBees,2025-03-06,2025-03-10,Delivered
SHP009083,ORD009083,Delhivery,2025-06-23,2025-06-27,Delivered
SHP009084,ORD009084,Ekart,2025-04-08,2025-04-13,Delivered
SHP009085,ORD009085,DTDC,2025-03-23,2025-03-28,Delivered
SHP009086,ORD009086,BlueDart,2025-02-02,2025-02-08,Delivered
SHP009087,ORD009087,Ekart,2025-05-09,,Shipped
SHP009088,ORD009088,BlueDart,2025-06-30,2025-07-06,Delivered
SHP009089,ORD009089,Amazon Logistics,2025-01-16,2025-01-22,Delivered
SHP009090,ORD009090,BlueDart,2025-02-26,2025-03-04,Delivered
SHP009091,ORD009091,Amazon Logistics,2025-02-27,2025-03-02,Delivered
SHP009092,ORD009092,DTDC,2025-01-30,,Processing
SHP009093,ORD009093,XpressBees,2025-03-15,2025-03-20,Delivered
SHP009094,ORD009094,DTDC,2025-05-03,2025-05-06,Delivered
SHP009095,ORD009095,Amazon Logistics,2025-01-23,2025-01-25,Delivered
SHP009096,ORD009096,BlueDart,2025-01-21,,Pending
SHP009097,ORD009097,DTDC,2025-03-05,2025-03-07,Delivered
SHP009098,ORD009098,XpressBees,2025-05-26,2025-05-30,Delivered
SHP009099,ORD009099,Ekart,2025-04-04,2025-04-08,Delivered
SHP009100,ORD009100,BlueDart,2025-05-20,,Processing
SHP009101,ORD009101,BlueDart,2025-02-28,2025-03-06,Delivered
SHP009102,ORD009102,XpressBees,2025-04-19,2025-04-22,Returned
SHP009103,ORD009103,Delhivery,2025-02-07,,Cancelled
SHP009104,ORD009104,XpressBees,2025-04-17,2025-04-19,Delivered
SHP009105,ORD009105,XpressBees,2025-05-31,2025-06-03,Delivered
SHP009106,ORD009106,Amazon Logistics,2025-03-16,2025-03-22,Delivered
SHP009107,ORD009107,Ekart,2025-02-08,2025-02-13,Returned
SHP009108,ORD009108,Ekart,2025-06-25,,Shipped
SHP009109,ORD009109,Amazon Logistics,2025-02-25,2025-02-28,Delivered
SHP009110,ORD009110,Ekart,2025-03-17,,Cancelled
SHP009111,ORD009111,XpressBees,2025-03-30,2025-04-03,Delivered
SHP009112,ORD009112,Delhivery,2025-06-07,2025-06-13,Delivered
SHP009113,ORD009113,Ekart,2025-06-04,2025-06-08,Delivered
SHP009114,ORD009114,Delhivery,2025-01-16,2025-01-20,Delivered
SHP009115,ORD009115,DTDC,2025-02-25,2025-03-02,Delivered
SHP009116,ORD009116,XpressBees,2025-01-19,2025-01-25,Delivered
SHP009117,ORD009117,Amazon Logistics,2025-05-16,2025-05-19,Delivered
SHP009118,ORD009118,XpressBees,2025-06-07,2025-06-11,Delivered
SHP009119,ORD009119,XpressBees,2025-02-27,2025-03-01,Delivered
SHP009120,ORD009120,DTDC,2025-06-21,,Pending
SHP009121,ORD009121,Amazon Logistics,2025-01-02,,Cancelled
SHP009122,ORD009122,DTDC,2025-02-21,2025-02-24,Delivered
SHP009123,ORD009123,Delhivery,2025-04-14,2025-04-18,Delivered
SHP009124,ORD009124,XpressBees,2025-01-15,2025-01-18,Delivered
SHP009125,ORD009125,Amazon Logistics,2025-05-13,2025-05-17,Delivered
SHP009126,ORD009126,XpressBees,2025-01-07,2025-01-09,Delivered
SHP009127,ORD009127,DTDC,2025-01-11,2025-01-15,Delivered
SHP009128,ORD009128,Amazon Logistics,2025-05-14,2025-05-16,Delivered
SHP009129,ORD009129,XpressBees,2025-04-30,2025-05-02,Delivered
SHP009130,ORD009130,Amazon Logistics,2025-07-01,2025-07-04,Delivered
SHP009131,ORD009131,Ekart,2025-01-13,,Shipped
SHP009132,ORD009132,Ekart,2025-06-27,2025-06-30,Delivered
SHP009133,ORD009133,Ekart,2025-03-01,2025-03-03,Returned
SHP009134,ORD009134,Delhivery,2025-03-21,2025-03-27,Delivered
SHP009135,ORD009135,XpressBees,2025-05-21,2025-05-27,Delivered
SHP009136,ORD009136,Amazon Logistics,2025-05-18,2025-05-21,Returned
SHP009137,ORD009137,BlueDart,2025-01-08,2025-01-11,Delivered
SHP009138,ORD009138,DTDC,2025-02-04,2025-02-10,Delivered
SHP009139,ORD009139,DTDC,2025-06-07,2025-06-11,Delivered
SHP009140,ORD009140,Amazon Logistics,2025-02-15,,Shipped
SHP009141,ORD009141,Amazon Logistics,2025-03-27,2025-03-31,Delivered
SHP009142,ORD009142,DTDC,2025-05-23,,Shipped
SHP009143,ORD009143,Ekart,2025-03-28,2025-04-02,Delivered
SHP009144,ORD009144,DTDC,2025-06-23,2025-06-29,Delivered
SHP009145,ORD009145,XpressBees,2025-01-04,2025-01-10,Delivered
SHP009146,ORD009146,Ekart,2025-06-19,2025-06-21,Delivered
SHP009147,ORD009147,BlueDart,2025-02-08,2025-02-12,Returned
SHP009148,ORD009148,BlueDart,2025-06-23,,Processing
SHP009149,ORD009149,Delhivery,2025-03-04,2025-03-08,Delivered
SHP009150,ORD009150,Amazon Logistics,2025-06-03,2025-06-06,Delivered
SHP009151,ORD009151,Amazon Logistics,2025-02-15,2025-02-19,Delivered
SHP009152,ORD009152,DTDC,2025-03-04,2025-03-06,Delivered
SHP009153,ORD009153,Delhivery,2025-01-13,2025-01-16,Delivered
SHP009154,ORD009154,Delhivery,2025-04-15,2025-04-18,Delivered
SHP009155,ORD009155,Delhivery,2025-02-01,2025-02-07,Delivered
SHP009156,ORD009156,DTDC,2025-02-15,,Pending
SHP009157,ORD009157,XpressBees,2025-01-16,,Shipped
SHP009158,ORD009158,Delhivery,2025-01-20,2025-01-24,Delivered
SHP009159,ORD009159,DTDC,2025-01-13,,Pending
SHP009160,ORD009160,Amazon Logistics,2025-01-29,,Shipped
SHP009161,ORD009161,XpressBees,2025-01-07,2025-01-10,Delivered
SHP009162,ORD009162,BlueDart,2025-05-12,,Pending
SHP009163,ORD009163,XpressBees,2025-06-05,2025-06-10,Delivered
SHP009164,ORD009164,BlueDart,2025-03-18,2025-03-24,Delivered
SHP009165,ORD009165,Ekart,2025-03-29,2025-03-31,Delivered
SHP009166,ORD009166,DTDC,2025-03-11,,Pending
SHP009167,ORD009167,Amazon Logistics,2025-02-24,,Cancelled
SHP009168,ORD009168,Ekart,2025-01-14,2025-01-18,Delivered
SHP009169,ORD009169,Ekart,2025-05-21,2025-05-27,Delivered
SHP009170,ORD009170,XpressBees,2025-04-18,2025-04-23,Delivered
SHP009171,ORD009171,DTDC,2025-02-08,2025-02-12,Delivered
SHP009172,ORD009172,Amazon Logistics,2025-06-30,2025-07-05,Delivered
SHP009173,ORD009173,DTDC,2025-02-03,2025-02-08,Delivered
SHP009174,ORD009174,XpressBees,2025-06-06,2025-06-11,Delivered
SHP009175,ORD009175,BlueDart,2025-06-21,2025-06-27,Delivered
SHP009176,ORD009176,DTDC,2025-06-17,2025-06-23,Delivered
SHP009177,ORD009177,BlueDart,2025-03-12,2025-03-15,Delivered
SHP009178,ORD009178,BlueDart,2025-04-06,2025-04-09,Delivered
SHP009179,ORD009179,DTDC,2025-03-11,,Processing
SHP009180,ORD009180,Delhivery,2025-03-26,2025-03-30,Delivered
SHP009181,ORD009181,BlueDart,2025-05-02,,Processing
SHP009182,ORD009182,Ekart,2025-05-03,,Shipped
SHP009183,ORD009183,Amazon Logistics,2025-02-02,,Shipped
SHP009184,ORD009184,XpressBees,2025-04-04,2025-04-09,Delivered
SHP009185,ORD009185,Ekart,2025-04-12,2025-04-14,Delivered
SHP009186,ORD009186,BlueDart,2025-06-23,2025-06-28,Delivered
SHP009187,ORD009187,Delhivery,2025-05-19,2025-05-24,Delivered
SHP009188,ORD009188,BlueDart,2025-01-05,,Shipped
SHP009189,ORD009189,Amazon Logistics,2025-02-21,2025-02-24,Delivered
SHP009190,ORD009190,BlueDart,2025-04-14,,Processing
SHP009191,ORD009191,Delhivery,2025-06-27,2025-07-02,Delivered
SHP009192,ORD009192,BlueDart,2025-06-15,2025-06-21,Delivered
SHP009193,ORD009193,BlueDart,2025-04-26,2025-05-02,Delivered
SHP009194,ORD009194,Delhivery,2025-01-28,2025-01-30,Delivered
SHP009195,ORD009195,BlueDart,2025-03-30,2025-04-02,Delivered
SHP009196,ORD009196,Delhivery,2025-01-26,2025-02-01,Delivered
SHP009197,ORD009197,XpressBees,2025-03-20,2025-03-26,Delivered
SHP009198,ORD009198,Ekart,2025-01-20,2025-01-25,Delivered
SHP009199,ORD009199,XpressBees,2025-03-20,2025-03-26,Delivered
SHP009200,ORD009200,Ekart,2025-06-11,2025-06-15,Delivered
SHP009201,ORD009201,XpressBees,2025-01-11,2025-01-17,Delivered
SHP009202,ORD009202,Ekart,2025-04-30,2025-05-02,Returned
SHP009203,ORD009203,Amazon Logistics,2025-06-15,2025-06-18,Delivered
SHP009204,ORD009204,Delhivery,2025-04-22,2025-04-26,Delivered
SHP009205,ORD009205,Amazon Logistics,2025-04-11,2025-04-17,Delivered
SHP009206,ORD009206,Delhivery,2025-03-02,2025-03-06,Delivered
SHP009207,ORD009207,XpressBees,2025-06-21,2025-06-27,Delivered
SHP009208,ORD009208,DTDC,2025-01-24,2025-01-30,Delivered
SHP009209,ORD009209,XpressBees,2025-01-28,,Cancelled
SHP009210,ORD009210,Delhivery,2025-01-08,,Processing
SHP009211,ORD009211,BlueDart,2025-02-25,,Pending
SHP009212,ORD009212,XpressBees,2025-05-21,2025-05-23,Delivered
SHP009213,ORD009213,Delhivery,2025-06-20,,Shipped
SHP009214,ORD009214,XpressBees,2025-03-15,,Shipped
SHP009215,ORD009215,DTDC,2025-04-27,2025-04-30,Delivered
SHP009216,ORD009216,DTDC,2025-01-06,2025-01-08,Delivered
SHP009217,ORD009217,Ekart,2025-04-13,2025-04-19,Delivered
SHP009218,ORD009218,Ekart,2025-01-11,2025-01-17,Delivered
SHP009219,ORD009219,Ekart,2025-06-30,2025-07-04,Delivered
SHP009220,ORD009220,DTDC,2025-07-01,2025-07-04,Delivered
SHP009221,ORD009221,Amazon Logistics,2025-03-26,,Shipped
SHP009222,ORD009222,BlueDart,2025-03-25,2025-03-29,Delivered
SHP009223,ORD009223,BlueDart,2025-04-10,,Pending
SHP009224,ORD009224,DTDC,2025-04-28,2025-05-02,Delivered
SHP009225,ORD009225,BlueDart,2025-02-05,,Processing
SHP009226,ORD009226,BlueDart,2025-04-08,,Pending
SHP009227,ORD009227,Ekart,2025-03-10,,Processing
SHP009228,ORD009228,BlueDart,2025-04-12,,Shipped
SHP009229,ORD009229,BlueDart,2025-03-20,2025-03-22,Delivered
SHP009230,ORD009230,Ekart,2025-03-26,2025-03-30,Returned
SHP009231,ORD009231,Delhivery,2025-03-21,2025-03-27,Delivered
SHP009232,ORD009232,Delhivery,2025-03-21,2025-03-23,Delivered
SHP009233,ORD009233,BlueDart,2025-01-23,2025-01-29,Delivered
SHP009234,ORD009234,DTDC,2025-03-18,,Pending
SHP009235,ORD009235,DTDC,2025-05-11,2025-05-16,Delivered
SHP009236,ORD009236,Delhivery,2025-05-09,,Processing
SHP009237,ORD009237,DTDC,2025-03-21,2025-03-27,Delivered
SHP009238,ORD009238,Amazon Logistics,2025-02-25,2025-02-28,Delivered
SHP009239,ORD009239,Amazon Logistics,2025-04-18,2025-04-22,Delivered
SHP009240,ORD009240,BlueDart,2025-02-05,2025-02-11,Delivered
SHP009241,ORD009241,Delhivery,2025-02-27,2025-03-02,Delivered
SHP009242,ORD009242,XpressBees,2025-06-26,2025-07-02,Delivered
SHP009243,ORD009243,XpressBees,2025-05-21,2025-05-23,Delivered
SHP009244,ORD009244,XpressBees,2025-03-11,,Processing
SHP009245,ORD009245,Ekart,2025-03-27,2025-04-02,Delivered
SHP009246,ORD009246,Amazon Logistics,2025-01-22,2025-01-26,Delivered
SHP009247,ORD009247,XpressBees,2025-04-22,2025-04-24,Delivered
SHP009248,ORD009248,Ekart,2025-06-10,,Processing
SHP009249,ORD009249,Amazon Logistics,2025-05-10,2025-05-14,Delivered
SHP009250,ORD009250,Delhivery,2025-02-07,2025-02-10,Delivered
SHP009251,ORD009251,XpressBees,2025-01-04,2025-01-09,Delivered
SHP009252,ORD009252,Ekart,2025-02-20,2025-02-25,Delivered
SHP009253,ORD009253,DTDC,2025-03-24,,Processing
SHP009254,ORD009254,Delhivery,2025-03-30,2025-04-05,Delivered
SHP009255,ORD009255,XpressBees,2025-06-22,2025-06-28,Delivered
SHP009256,ORD009256,Amazon Logistics,2025-01-09,,Shipped
SHP009257,ORD009257,Delhivery,2025-03-17,2025-03-19,Returned
SHP009258,ORD009258,BlueDart,2025-04-26,,Processing
SHP009259,ORD009259,DTDC,2025-05-16,2025-05-18,Delivered
SHP009260,ORD009260,BlueDart,2025-05-25,2025-05-28,Delivered
SHP009261,ORD009261,Amazon Logistics,2025-06-17,2025-06-21,Delivered
SHP009262,ORD009262,Delhivery,2025-06-11,2025-06-13,Delivered
SHP009263,ORD009263,Delhivery,2025-03-31,2025-04-04,Delivered
SHP009264,ORD009264,BlueDart,2025-05-04,2025-05-06,Delivered
SHP009265,ORD009265,BlueDart,2025-04-29,,Processing
SHP009266,ORD009266,Delhivery,2025-05-01,2025-05-04,Delivered
SHP009267,ORD009267,Delhivery,2025-02-15,,Pending
SHP009268,ORD009268,Delhivery,2025-06-11,2025-06-14,Delivered
SHP009269,ORD009269,DTDC,2025-01-29,2025-02-01,Delivered
SHP009270,ORD009270,Ekart,2025-03-24,,Processing
SHP009271,ORD009271,BlueDart,2025-02-17,2025-02-22,Delivered
SHP009272,ORD009272,Delhivery,2025-06-30,2025-07-03,Delivered
SHP009273,ORD009273,BlueDart,2025-03-11,2025-03-16,Delivered
SHP009274,ORD009274,Amazon Logistics,2025-03-18,,Shipped
SHP009275,ORD009275,Amazon Logistics,2025-04-14,2025-04-16,Delivered
SHP009276,ORD009276,Ekart,2025-01-27,,Shipped
SHP009277,ORD009277,Amazon Logistics,2025-02-08,2025-02-13,Delivered
SHP009278,ORD009278,Ekart,2025-02-23,2025-02-28,Delivered
SHP009279,ORD009279,Delhivery,2025-06-28,2025-07-02,Delivered
SHP009280,ORD009280,DTDC,2025-06-02,2025-06-07,Delivered
SHP009281,ORD009281,BlueDart,2025-02-17,2025-02-20,Delivered
SHP009282,ORD009282,DTDC,2025-02-26,,Processing
SHP009283,ORD009283,DTDC,2025-01-12,2025-01-18,Delivered
SHP009284,ORD009284,BlueDart,2025-05-16,2025-05-19,Delivered
SHP009285,ORD009285,BlueDart,2025-06-15,2025-06-21,Delivered
SHP009286,ORD009286,XpressBees,2025-02-10,2025-02-15,Delivered
SHP009287,ORD009287,XpressBees,2025-04-21,2025-04-23,Delivered
SHP009288,ORD009288,BlueDart,2025-05-25,2025-05-30,Delivered
SHP009289,ORD009289,Amazon Logistics,2025-03-01,2025-03-05,Delivered
SHP009290,ORD009290,Delhivery,2025-02-07,2025-02-12,Delivered
SHP009291,ORD009291,Ekart,2025-03-30,2025-04-01,Delivered
SHP009292,ORD009292,Amazon Logistics,2025-06-24,2025-06-26,Delivered
SHP009293,ORD009293,DTDC,2025-04-05,,Cancelled
SHP009294,ORD009294,BlueDart,2025-02-20,,Shipped
SHP009295,ORD009295,Amazon Logistics,2025-06-24,2025-06-27,Delivered
SHP009296,ORD009296,Delhivery,2025-05-30,2025-06-04,Delivered
SHP009297,ORD009297,DTDC,2025-06-30,,Pending
SHP009298,ORD009298,Ekart,2025-06-09,2025-06-13,Delivered
SHP009299,ORD009299,XpressBees,2025-03-22,2025-03-27,Delivered
SHP009300,ORD009300,Amazon Logistics,2025-05-01,,Processing
SHP009301,ORD009301,XpressBees,2025-06-28,2025-06-30,Delivered
SHP009302,ORD009302,BlueDart,2025-01-23,2025-01-29,Delivered
SHP009303,ORD009303,DTDC,2025-01-20,,Processing
SHP009304,ORD009304,Amazon Logistics,2025-05-06,2025-05-10,Delivered
SHP009305,ORD009305,Amazon Logistics,2025-04-03,2025-04-08,Delivered
SHP009306,ORD009306,Amazon Logistics,2025-04-25,,Processing
SHP009307,ORD009307,XpressBees,2025-03-30,2025-04-03,Returned
SHP009308,ORD009308,Ekart,2025-04-30,,Shipped
SHP009309,ORD009309,Ekart,2025-05-02,,Pending
SHP009310,ORD009310,DTDC,2025-02-14,2025-02-19,Returned
SHP009311,ORD009311,XpressBees,2025-05-30,2025-06-03,Delivered
SHP009312,ORD009312,XpressBees,2025-04-15,,Processing
SHP009313,ORD009313,BlueDart,2025-06-27,2025-07-02,Delivered
SHP009314,ORD009314,Ekart,2025-04-19,2025-04-22,Delivered
SHP009315,ORD009315,XpressBees,2025-06-18,2025-06-24,Delivered
SHP009316,ORD009316,Amazon Logistics,2025-06-05,2025-06-11,Delivered
SHP009317,ORD009317,Ekart,2025-01-27,2025-01-30,Delivered
SHP009318,ORD009318,XpressBees,2025-01-25,2025-01-31,Delivered
SHP009319,ORD009319,Delhivery,2025-02-23,2025-02-28,Delivered
SHP009320,ORD009320,Ekart,2025-02-07,2025-02-11,Delivered
SHP009321,ORD009321,Amazon Logistics,2025-05-20,2025-05-23,Delivered
SHP009322,ORD009322,BlueDart,2025-01-06,,Shipped
SHP009323,ORD009323,DTDC,2025-06-20,2025-06-25,Delivered
SHP009324,ORD009324,DTDC,2025-01-09,,Shipped
SHP009325,ORD009325,Delhivery,2025-01-29,2025-02-03,Delivered
SHP009326,ORD009326,BlueDart,2025-05-08,2025-05-14,Delivered
SHP009327,ORD009327,BlueDart,2025-06-12,2025-06-14,Delivered
SHP009328,ORD009328,BlueDart,2025-06-02,2025-06-08,Delivered
SHP009329,ORD009329,BlueDart,2025-04-04,2025-04-06,Delivered
SHP009330,ORD009330,Ekart,2025-03-20,,Processing
SHP009331,ORD009331,Delhivery,2025-02-11,2025-02-17,Delivered
SHP009332,ORD009332,BlueDart,2025-06-28,,Pending
SHP009333,ORD009333,Amazon Logistics,2025-04-26,2025-04-29,Delivered
SHP009334,ORD009334,BlueDart,2025-06-16,2025-06-21,Delivered
SHP009335,ORD009335,DTDC,2025-04-22,2025-04-25,Delivered
SHP009336,ORD009336,Delhivery,2025-01-28,2025-02-01,Delivered
SHP009337,ORD009337,Delhivery,2025-01-23,2025-01-28,Delivered
SHP009338,ORD009338,DTDC,2025-03-26,,Processing
SHP009339,ORD009339,BlueDart,2025-05-08,,Cancelled
SHP009340,ORD009340,XpressBees,2025-01-25,2025-01-30,Delivered
SHP009341,ORD009341,DTDC,2025-01-04,2025-01-08,Delivered
SHP009342,ORD009342,BlueDart,2025-04-08,2025-04-10,Delivered
SHP009343,ORD009343,XpressBees,2025-06-09,,Processing
SHP009344,ORD009344,Amazon Logistics,2025-07-01,2025-07-05,Delivered
SHP009345,ORD009345,XpressBees,2025-06-01,2025-06-05,Delivered
SHP009346,ORD009346,XpressBees,2025-06-15,2025-06-18,Delivered
SHP009347,ORD009347,Delhivery,2025-06-27,,Pending
SHP009348,ORD009348,Amazon Logistics,2025-01-05,2025-01-10,Delivered
SHP009349,ORD009349,Delhivery,2025-05-01,2025-05-05,Delivered
SHP009350,ORD009350,Ekart,2025-01-28,,Shipped
SHP009351,ORD009351,XpressBees,2025-01-13,2025-01-15,Delivered
SHP009352,ORD009352,BlueDart,2025-03-24,2025-03-29,Delivered
SHP009353,ORD009353,Delhivery,2025-03-24,2025-03-29,Delivered
SHP009354,ORD009354,BlueDart,2025-02-27,2025-03-04,Returned
SHP009355,ORD009355,BlueDart,2025-06-19,2025-06-25,Delivered
SHP009356,ORD009356,Amazon Logistics,2025-02-26,2025-03-02,Delivered
SHP009357,ORD009357,DTDC,2025-06-18,2025-06-24,Delivered
SHP009358,ORD009358,Delhivery,2025-03-02,,Shipped
SHP009359,ORD009359,Amazon Logistics,2025-02-25,2025-02-27,Delivered
SHP009360,ORD009360,DTDC,2025-02-01,2025-02-06,Delivered
SHP009361,ORD009361,XpressBees,2025-02-13,2025-02-18,Delivered
SHP009362,ORD009362,DTDC,2025-01-04,2025-01-07,Delivered
SHP009363,ORD009363,Delhivery,2025-05-28,,Processing
SHP009364,ORD009364,DTDC,2025-02-16,2025-02-22,Returned
SHP009365,ORD009365,DTDC,2025-04-15,2025-04-17,Delivered
SHP009366,ORD009366,Amazon Logistics,2025-06-07,2025-06-10,Delivered
SHP009367,ORD009367,Ekart,2025-02-22,2025-02-25,Delivered
SHP009368,ORD009368,DTDC,2025-02-28,,Processing
SHP009369,ORD009369,Delhivery,2025-05-06,2025-05-08,Delivered
SHP009370,ORD009370,DTDC,2025-02-22,2025-02-28,Delivered
SHP009371,ORD009371,XpressBees,2025-03-13,2025-03-17,Delivered
SHP009372,ORD009372,Ekart,2025-05-03,2025-05-06,Delivered
SHP009373,ORD009373,Delhivery,2025-01-06,2025-01-10,Delivered
SHP009374,ORD009374,BlueDart,2025-04-15,2025-04-18,Delivered
SHP009375,ORD009375,Ekart,2025-01-15,2025-01-20,Delivered
SHP009376,ORD009376,DTDC,2025-02-20,2025-02-23,Delivered
SHP009377,ORD009377,BlueDart,2025-01-10,,Cancelled
SHP009378,ORD009378,XpressBees,2025-03-19,2025-03-23,Delivered
SHP009379,ORD009379,Delhivery,2025-04-20,,Shipped
SHP009380,ORD009380,Amazon Logistics,2025-01-21,2025-01-27,Delivered
SHP009381,ORD009381,Ekart,2025-06-05,2025-06-09,Delivered
SHP009382,ORD009382,Delhivery,2025-03-21,2025-03-23,Delivered
SHP009383,ORD009383,BlueDart,2025-05-16,2025-05-18,Delivered
SHP009384,ORD009384,XpressBees,2025-05-30,2025-06-05,Delivered
SHP009385,ORD009385,Ekart,2025-01-18,2025-01-23,Delivered
SHP009386,ORD009386,XpressBees,2025-02-26,2025-03-01,Delivered
SHP009387,ORD009387,Ekart,2025-03-13,2025-03-15,Delivered
SHP009388,ORD009388,Ekart,2025-06-28,2025-07-01,Delivered
SHP009389,ORD009389,Delhivery,2025-05-16,,Shipped
SHP009390,ORD009390,XpressBees,2025-05-06,2025-05-09,Delivered
SHP009391,ORD009391,Amazon Logistics,2025-03-18,2025-03-20,Delivered
SHP009392,ORD009392,Amazon Logistics,2025-06-18,,Pending
SHP009393,ORD009393,Amazon Logistics,2025-01-19,2025-01-24,Delivered
SHP009394,ORD009394,Delhivery,2025-06-02,,Cancelled
SHP009395,ORD009395,XpressBees,2025-04-10,,Processing
SHP009396,ORD009396,DTDC,2025-02-22,,Processing
SHP009397,ORD009397,BlueDart,2025-01-10,,Processing
SHP009398,ORD009398,Ekart,2025-04-30,2025-05-05,Delivered
SHP009399,ORD009399,BlueDart,2025-04-15,2025-04-20,Delivered
SHP009400,ORD009400,DTDC,2025-06-02,,Shipped
SHP009401,ORD009401,BlueDart,2025-06-20,,Processing
SHP009402,ORD009402,BlueDart,2025-03-10,2025-03-13,Delivered
SHP009403,ORD009403,Amazon Logistics,2025-06-29,2025-07-05,Delivered
SHP009404,ORD009404,XpressBees,2025-03-15,2025-03-17,Delivered
SHP009405,ORD009405,XpressBees,2025-02-20,2025-02-22,Delivered
SHP009406,ORD009406,Amazon Logistics,2025-05-02,,Processing
SHP009407,ORD009407,XpressBees,2025-02-22,,Shipped
SHP009408,ORD009408,Amazon Logistics,2025-06-20,2025-06-22,Delivered
SHP009409,ORD009409,DTDC,2025-03-04,2025-03-10,Delivered
SHP009410,ORD009410,Ekart,2025-04-05,2025-04-09,Delivered
SHP009411,ORD009411,DTDC,2025-04-29,,Processing
SHP009412,ORD009412,DTDC,2025-02-17,2025-02-21,Delivered
SHP009413,ORD009413,BlueDart,2025-01-12,2025-01-17,Delivered
SHP009414,ORD009414,Amazon Logistics,2025-05-28,,Shipped
SHP009415,ORD009415,Amazon Logistics,2025-07-01,2025-07-04,Delivered
SHP009416,ORD009416,Delhivery,2025-02-09,2025-02-13,Delivered
SHP009417,ORD009417,Ekart,2025-04-18,2025-04-20,Delivered
SHP009418,ORD009418,Ekart,2025-02-01,2025-02-05,Delivered
SHP009419,ORD009419,Ekart,2025-01-22,2025-01-27,Delivered
SHP009420,ORD009420,Delhivery,2025-05-23,2025-05-28,Delivered
SHP009421,ORD009421,Amazon Logistics,2025-04-17,2025-04-20,Delivered
SHP009422,ORD009422,Delhivery,2025-02-13,2025-02-17,Delivered
SHP009423,ORD009423,BlueDart,2025-02-15,2025-02-21,Returned
SHP009424,ORD009424,Ekart,2025-06-02,,Pending
SHP009425,ORD009425,XpressBees,2025-05-18,,Shipped
SHP009426,ORD009426,Amazon Logistics,2025-03-23,,Processing
SHP009427,ORD009427,Amazon Logistics,2025-05-07,2025-05-10,Delivered
SHP009428,ORD009428,DTDC,2025-01-17,,Cancelled
SHP009429,ORD009429,Ekart,2025-05-16,2025-05-22,Delivered
SHP009430,ORD009430,Delhivery,2025-05-13,2025-05-15,Delivered
SHP009431,ORD009431,BlueDart,2025-02-01,,Shipped
SHP009432,ORD009432,Ekart,2025-01-31,2025-02-03,Delivered
SHP009433,ORD009433,BlueDart,2025-05-01,2025-05-04,Delivered
SHP009434,ORD009434,BlueDart,2025-05-23,,Processing
SHP009435,ORD009435,DTDC,2025-06-08,,Processing
SHP009436,ORD009436,Ekart,2025-03-01,2025-03-06,Delivered
SHP009437,ORD009437,BlueDart,2025-01-05,2025-01-11,Delivered
SHP009438,ORD009438,BlueDart,2025-02-07,2025-02-09,Delivered
SHP009439,ORD009439,BlueDart,2025-01-27,,Cancelled
SHP009440,ORD009440,Ekart,2025-04-04,2025-04-06,Delivered
SHP009441,ORD009441,XpressBees,2025-01-24,2025-01-27,Delivered
SHP009442,ORD009442,BlueDart,2025-03-22,,Processing
SHP009443,ORD009443,Delhivery,2025-02-20,,Pending
SHP009444,ORD009444,BlueDart,2025-05-07,2025-05-09,Delivered
SHP009445,ORD009445,Ekart,2025-06-28,,Shipped
SHP009446,ORD009446,XpressBees,2025-01-26,,Processing
SHP009447,ORD009447,Delhivery,2025-04-05,2025-04-11,Delivered
SHP009448,ORD009448,Amazon Logistics,2025-03-07,,Shipped
SHP009449,ORD009449,Amazon Logistics,2025-01-22,2025-01-28,Delivered
SHP009450,ORD009450,Amazon Logistics,2025-04-26,,Cancelled
SHP009451,ORD009451,XpressBees,2025-03-09,,Cancelled
SHP009452,ORD009452,XpressBees,2025-02-22,2025-02-28,Delivered
SHP009453,ORD009453,Amazon Logistics,2025-05-29,2025-05-31,Delivered
SHP009454,ORD009454,Delhivery,2025-02-22,2025-02-26,Delivered
SHP009455,ORD009455,XpressBees,2025-05-18,2025-05-21,Delivered
SHP009456,ORD009456,XpressBees,2025-01-08,2025-01-14,Delivered
SHP009457,ORD009457,Ekart,2025-04-22,2025-04-28,Delivered
SHP009458,ORD009458,Delhivery,2025-06-05,2025-06-11,Delivered
SHP009459,ORD009459,Delhivery,2025-03-04,,Shipped
SHP009460,ORD009460,Amazon Logistics,2025-02-15,2025-02-19,Delivered
SHP009461,ORD009461,XpressBees,2025-02-04,2025-02-07,Delivered
SHP009462,ORD009462,Amazon Logistics,2025-05-17,2025-05-19,Delivered
SHP009463,ORD009463,Delhivery,2025-06-14,,Shipped
SHP009464,ORD009464,Delhivery,2025-01-13,2025-01-19,Delivered
SHP009465,ORD009465,BlueDart,2025-01-03,,Processing
SHP009466,ORD009466,Amazon Logistics,2025-01-08,2025-01-11,Delivered
SHP009467,ORD009467,Amazon Logistics,2025-05-08,,Pending
SHP009468,ORD009468,DTDC,2025-03-31,,Processing
SHP009469,ORD009469,XpressBees,2025-04-29,,Cancelled
SHP009470,ORD009470,Amazon Logistics,2025-05-10,2025-05-12,Delivered
SHP009471,ORD009471,Delhivery,2025-01-19,2025-01-24,Delivered
SHP009472,ORD009472,BlueDart,2025-04-28,2025-05-03,Delivered
SHP009473,ORD009473,DTDC,2025-06-24,2025-06-28,Delivered
SHP009474,ORD009474,XpressBees,2025-04-09,2025-04-14,Delivered
SHP009475,ORD009475,Ekart,2025-04-17,2025-04-21,Delivered
SHP009476,ORD009476,Amazon Logistics,2025-02-15,2025-02-21,Delivered
SHP009477,ORD009477,Amazon Logistics,2025-04-29,2025-05-01,Delivered
SHP009478,ORD009478,XpressBees,2025-04-14,2025-04-17,Delivered
SHP009479,ORD009479,DTDC,2025-02-26,2025-03-02,Delivered
SHP009480,ORD009480,Ekart,2025-04-19,2025-04-22,Returned
SHP009481,ORD009481,Delhivery,2025-06-03,,Shipped
SHP009482,ORD009482,Ekart,2025-03-10,2025-03-15,Delivered
SHP009483,ORD009483,Amazon Logistics,2025-04-04,2025-04-10,Delivered
SHP009484,ORD009484,DTDC,2025-01-18,2025-01-22,Delivered
SHP009485,ORD009485,BlueDart,2025-03-05,2025-03-10,Delivered
SHP009486,ORD009486,Amazon Logistics,2025-06-13,,Shipped
SHP009487,ORD009487,Delhivery,2025-05-21,,Processing
SHP009488,ORD009488,Amazon Logistics,2025-03-02,2025-03-04,Delivered
SHP009489,ORD009489,Amazon Logistics,2025-03-08,2025-03-10,Delivered
SHP009490,ORD009490,Delhivery,2025-05-11,2025-05-14,Delivered
SHP009491,ORD009491,Delhivery,2025-02-14,2025-02-16,Delivered
SHP009492,ORD009492,DTDC,2025-02-25,2025-03-03,Delivered
SHP009493,ORD009493,Delhivery,2025-05-13,,Shipped
SHP009494,ORD009494,BlueDart,2025-02-24,2025-03-02,Delivered
SHP009495,ORD009495,DTDC,2025-01-14,2025-01-16,Delivered
SHP009496,ORD009496,Delhivery,2025-05-20,2025-05-25,Delivered
SHP009497,ORD009497,BlueDart,2025-01-28,,Shipped
SHP009498,ORD009498,Delhivery,2025-06-13,2025-06-15,Delivered
SHP009499,ORD009499,DTDC,2025-05-02,2025-05-08,Delivered
SHP009500,ORD009500,Ekart,2025-05-20,,Shipped
SHP009501,ORD009501,Amazon Logistics,2025-04-30,2025-05-06,Delivered
SHP009502,ORD009502,Delhivery,2025-02-18,2025-02-24,Delivered
SHP009503,ORD009503,XpressBees,2025-01-28,2025-02-02,Delivered
SHP009504,ORD009504,BlueDart,2025-05-07,2025-05-09,Delivered
SHP009505,ORD009505,Delhivery,2025-04-04,,Shipped
SHP009506,ORD009506,Ekart,2025-03-02,2025-03-05,Delivered
SHP009507,ORD009507,BlueDart,2025-05-01,2025-05-07,Delivered
SHP009508,ORD009508,Delhivery,2025-03-19,2025-03-25,Delivered
SHP009509,ORD009509,DTDC,2025-03-29,,Shipped
SHP009510,ORD009510,DTDC,2025-06-21,,Cancelled
SHP009511,ORD009511,DTDC,2025-05-06,2025-05-11,Delivered
SHP009512,ORD009512,XpressBees,2025-03-16,2025-03-20,Delivered
SHP009513,ORD009513,Ekart,2025-02-01,2025-02-05,Delivered
SHP009514,ORD009514,BlueDart,2025-04-13,2025-04-16,Delivered
SHP009515,ORD009515,Amazon Logistics,2025-02-07,2025-02-12,Delivered
SHP009516,ORD009516,BlueDart,2025-06-03,2025-06-06,Delivered
SHP009517,ORD009517,BlueDart,2025-01-16,2025-01-19,Delivered
SHP009518,ORD009518,BlueDart,2025-05-21,2025-05-23,Delivered
SHP009519,ORD009519,Delhivery,2025-04-07,2025-04-09,Delivered
SHP009520,ORD009520,BlueDart,2025-06-03,2025-06-06,Delivered
SHP009521,ORD009521,Amazon Logistics,2025-03-03,2025-03-08,Delivered
SHP009522,ORD009522,Amazon Logistics,2025-02-11,,Shipped
SHP009523,ORD009523,BlueDart,2025-01-30,,Processing
SHP009524,ORD009524,DTDC,2025-06-17,2025-06-19,Delivered
SHP009525,ORD009525,Delhivery,2025-04-20,2025-04-22,Delivered
SHP009526,ORD009526,Amazon Logistics,2025-04-18,,Pending
SHP009527,ORD009527,Delhivery,2025-01-19,,Pending
SHP009528,ORD009528,DTDC,2025-02-27,2025-03-04,Delivered
SHP009529,ORD009529,Ekart,2025-06-12,,Cancelled
SHP009530,ORD009530,XpressBees,2025-01-10,,Cancelled
SHP009531,ORD009531,DTDC,2025-04-18,,Shipped
SHP009532,ORD009532,Delhivery,2025-04-05,2025-04-11,Delivered
SHP009533,ORD009533,Delhivery,2025-05-21,2025-05-23,Delivered
SHP009534,ORD009534,DTDC,2025-04-19,,Pending
SHP009535,ORD009535,Delhivery,2025-06-16,,Cancelled
SHP009536,ORD009536,DTDC,2025-04-05,2025-04-11,Delivered
SHP009537,ORD009537,XpressBees,2025-04-08,2025-04-14,Delivered
SHP009538,ORD009538,Delhivery,2025-01-05,2025-01-10,Delivered
SHP009539,ORD009539,XpressBees,2025-05-30,,Shipped
SHP009540,ORD009540,Delhivery,2025-04-12,2025-04-17,Delivered
SHP009541,ORD009541,DTDC,2025-02-17,2025-02-22,Delivered
SHP009542,ORD009542,BlueDart,2025-04-22,,Processing
SHP009543,ORD009543,XpressBees,2025-05-23,2025-05-28,Delivered
SHP009544,ORD009544,Amazon Logistics,2025-02-24,2025-03-02,Delivered
SHP009545,ORD009545,Ekart,2025-06-14,2025-06-18,Returned
SHP009546,ORD009546,Amazon Logistics,2025-01-21,2025-01-25,Delivered
SHP009547,ORD009547,DTDC,2025-01-20,2025-01-22,Delivered
SHP009548,ORD009548,BlueDart,2025-04-11,2025-04-13,Delivered
SHP009549,ORD009549,Delhivery,2025-04-01,2025-04-07,Delivered
SHP009550,ORD009550,BlueDart,2025-04-01,2025-04-06,Delivered
SHP009551,ORD009551,Ekart,2025-04-28,,Shipped
SHP009552,ORD009552,Ekart,2025-02-14,,Shipped
SHP009553,ORD009553,BlueDart,2025-01-18,2025-01-23,Delivered
SHP009554,ORD009554,Delhivery,2025-03-05,2025-03-10,Delivered
SHP009555,ORD009555,Amazon Logistics,2025-03-25,2025-03-28,Delivered
SHP009556,ORD009556,DTDC,2025-02-09,2025-02-15,Delivered
SHP009557,ORD009557,Delhivery,2025-01-31,2025-02-04,Delivered
SHP009558,ORD009558,XpressBees,2025-01-25,2025-01-28,Delivered
SHP009559,ORD009559,DTDC,2025-05-02,2025-05-08,Delivered
SHP009560,ORD009560,Amazon Logistics,2025-04-26,2025-04-28,Delivered
SHP009561,ORD009561,Delhivery,2025-06-03,2025-06-08,Delivered
SHP009562,ORD009562,DTDC,2025-01-13,2025-01-19,Delivered
SHP009563,ORD009563,Ekart,2025-06-04,2025-06-10,Delivered
SHP009564,ORD009564,Delhivery,2025-05-26,2025-05-28,Delivered
SHP009565,ORD009565,Ekart,2025-05-05,2025-05-10,Delivered
SHP009566,ORD009566,Delhivery,2025-06-22,2025-06-25,Delivered
SHP009567,ORD009567,XpressBees,2025-01-25,,Processing
SHP009568,ORD009568,DTDC,2025-06-10,2025-06-14,Delivered
SHP009569,ORD009569,Delhivery,2025-06-05,2025-06-07,Delivered
SHP009570,ORD009570,BlueDart,2025-03-05,2025-03-08,Delivered
SHP009571,ORD009571,XpressBees,2025-03-02,2025-03-06,Delivered
SHP009572,ORD009572,DTDC,2025-02-28,2025-03-02,Returned
SHP009573,ORD009573,Amazon Logistics,2025-02-24,2025-03-01,Delivered
SHP009574,ORD009574,XpressBees,2025-04-19,,Pending
SHP009575,ORD009575,XpressBees,2025-06-19,2025-06-24,Delivered
SHP009576,ORD009576,Ekart,2025-03-14,2025-03-20,Delivered
SHP009577,ORD009577,DTDC,2025-01-03,2025-01-05,Delivered
SHP009578,ORD009578,Amazon Logistics,2025-01-14,2025-01-20,Delivered
SHP009579,ORD009579,Delhivery,2025-06-27,,Shipped
SHP009580,ORD009580,XpressBees,2025-03-02,,Shipped
SHP009581,ORD009581,Delhivery,2025-06-30,,Shipped
SHP009582,ORD009582,XpressBees,2025-02-26,,Cancelled
SHP009583,ORD009583,DTDC,2025-06-20,2025-06-23,Delivered
SHP009584,ORD009584,Delhivery,2025-03-13,2025-03-15,Delivered
SHP009585,ORD009585,DTDC,2025-01-16,2025-01-21,Delivered
SHP009586,ORD009586,Amazon Logistics,2025-05-10,2025-05-13,Delivered
SHP009587,ORD009587,XpressBees,2025-05-04,2025-05-06,Delivered
SHP009588,ORD009588,DTDC,2025-06-06,2025-06-10,Delivered
SHP009589,ORD009589,Amazon Logistics,2025-01-13,2025-01-19,Delivered
SHP009590,ORD009590,XpressBees,2025-04-07,2025-04-13,Delivered
SHP009591,ORD009591,Delhivery,2025-01-28,,Processing
SHP009592,ORD009592,DTDC,2025-03-03,2025-03-06,Delivered
SHP009593,ORD009593,DTDC,2025-06-05,,Processing
SHP009594,ORD009594,Delhivery,2025-02-26,2025-03-03,Delivered
SHP009595,ORD009595,Amazon Logistics,2025-05-30,,Processing
SHP009596,ORD009596,Delhivery,2025-06-18,2025-06-20,Delivered
SHP009597,ORD009597,DTDC,2025-02-25,2025-03-02,Delivered
SHP009598,ORD009598,Ekart,2025-06-03,2025-06-05,Delivered
SHP009599,ORD009599,XpressBees,2025-06-27,2025-07-02,Delivered
SHP009600,ORD009600,Ekart,2025-01-02,,Processing
SHP009601,ORD009601,DTDC,2025-01-07,2025-01-09,Delivered
SHP009602,ORD009602,BlueDart,2025-05-24,2025-05-28,Delivered
SHP009603,ORD009603,BlueDart,2025-03-26,2025-03-30,Delivered
SHP009604,ORD009604,XpressBees,2025-03-08,2025-03-11,Delivered
SHP009605,ORD009605,XpressBees,2025-03-25,2025-03-27,Delivered
SHP009606,ORD009606,Amazon Logistics,2025-05-13,2025-05-17,Delivered
SHP009607,ORD009607,Delhivery,2025-05-08,2025-05-14,Delivered
SHP009608,ORD009608,Amazon Logistics,2025-04-14,,Shipped
SHP009609,ORD009609,BlueDart,2025-04-18,2025-04-20,Delivered
SHP009610,ORD009610,Ekart,2025-03-02,2025-03-07,Delivered
SHP009611,ORD009611,XpressBees,2025-04-12,2025-04-18,Delivered
SHP009612,ORD009612,Amazon Logistics,2025-04-11,,Cancelled
SHP009613,ORD009613,Ekart,2025-04-16,2025-04-22,Delivered
SHP009614,ORD009614,DTDC,2025-03-17,2025-03-20,Delivered
SHP009615,ORD009615,Delhivery,2025-04-01,2025-04-03,Delivered
SHP009616,ORD009616,DTDC,2025-05-19,,Pending
SHP009617,ORD009617,DTDC,2025-05-01,2025-05-05,Delivered
SHP009618,ORD009618,DTDC,2025-06-25,2025-06-29,Delivered
SHP009619,ORD009619,Delhivery,2025-01-04,,Shipped
SHP009620,ORD009620,Amazon Logistics,2025-03-07,,Shipped
SHP009621,ORD009621,Amazon Logistics,2025-01-31,,Shipped
SHP009622,ORD009622,BlueDart,2025-06-11,2025-06-13,Delivered
SHP009623,ORD009623,Amazon Logistics,2025-02-19,2025-02-22,Delivered
SHP009624,ORD009624,BlueDart,2025-03-04,2025-03-06,Delivered
SHP009625,ORD009625,BlueDart,2025-05-17,2025-05-19,Delivered
SHP009626,ORD009626,DTDC,2025-06-28,2025-07-03,Delivered
SHP009627,ORD009627,Ekart,2025-01-02,2025-01-06,Delivered
SHP009628,ORD009628,Delhivery,2025-01-25,,Shipped
SHP009629,ORD009629,DTDC,2025-03-27,2025-04-01,Delivered
SHP009630,ORD009630,BlueDart,2025-06-03,,Shipped
SHP009631,ORD009631,XpressBees,2025-03-21,2025-03-24,Delivered
SHP009632,ORD009632,Ekart,2025-01-29,2025-01-31,Delivered
SHP009633,ORD009633,Delhivery,2025-04-23,2025-04-28,Delivered
SHP009634,ORD009634,DTDC,2025-03-11,2025-03-14,Delivered
SHP009635,ORD009635,Amazon Logistics,2025-01-25,,Shipped
SHP009636,ORD009636,Amazon Logistics,2025-05-31,2025-06-03,Delivered
SHP009637,ORD009637,Amazon Logistics,2025-01-19,2025-01-21,Delivered
SHP009638,ORD009638,DTDC,2025-04-19,2025-04-24,Delivered
SHP009639,ORD009639,Ekart,2025-04-30,2025-05-02,Delivered
SHP009640,ORD009640,Delhivery,2025-04-18,,Shipped
SHP009641,ORD009641,Amazon Logistics,2025-06-15,,Shipped
SHP009642,ORD009642,Delhivery,2025-01-17,2025-01-19,Delivered
SHP009643,ORD009643,DTDC,2025-03-01,2025-03-05,Delivered
SHP009644,ORD009644,BlueDart,2025-06-29,,Processing
SHP009645,ORD009645,BlueDart,2025-06-17,,Shipped
SHP009646,ORD009646,DTDC,2025-03-10,2025-03-16,Delivered
SHP009647,ORD009647,DTDC,2025-04-01,2025-04-06,Delivered
SHP009648,ORD009648,Ekart,2025-01-07,2025-01-12,Delivered
SHP009649,ORD009649,DTDC,2025-06-04,2025-06-10,Delivered
SHP009650,ORD009650,Ekart,2025-04-25,2025-05-01,Delivered
SHP009651,ORD009651,BlueDart,2025-02-17,2025-02-23,Delivered
SHP009652,ORD009652,Amazon Logistics,2025-06-15,2025-06-21,Delivered
SHP009653,ORD009653,XpressBees,2025-03-29,2025-04-04,Delivered
SHP009654,ORD009654,Ekart,2025-06-30,2025-07-02,Delivered
SHP009655,ORD009655,BlueDart,2025-02-06,2025-02-08,Delivered
SHP009656,ORD009656,XpressBees,2025-04-15,2025-04-20,Delivered
SHP009657,ORD009657,Ekart,2025-05-10,2025-05-13,Delivered
SHP009658,ORD009658,Delhivery,2025-02-11,2025-02-17,Delivered
SHP009659,ORD009659,BlueDart,2025-03-22,2025-03-26,Delivered
SHP009660,ORD009660,Delhivery,2025-01-03,2025-01-08,Delivered
SHP009661,ORD009661,Amazon Logistics,2025-04-22,,Processing
SHP009662,ORD009662,BlueDart,2025-06-25,2025-06-27,Delivered
SHP009663,ORD009663,BlueDart,2025-05-23,2025-05-25,Delivered
SHP009664,ORD009664,BlueDart,2025-06-24,,Processing
SHP009665,ORD009665,Delhivery,2025-05-10,,Processing
SHP009666,ORD009666,XpressBees,2025-04-19,2025-04-21,Delivered
SHP009667,ORD009667,Amazon Logistics,2025-05-13,,Processing
SHP009668,ORD009668,Amazon Logistics,2025-05-03,2025-05-08,Delivered
SHP009669,ORD009669,Amazon Logistics,2025-03-08,2025-03-13,Delivered
SHP009670,ORD009670,XpressBees,2025-03-28,,Processing
SHP009671,ORD009671,DTDC,2025-02-22,2025-02-24,Delivered
SHP009672,ORD009672,BlueDart,2025-02-20,2025-02-22,Delivered
SHP009673,ORD009673,BlueDart,2025-06-12,2025-06-16,Delivered
SHP009674,ORD009674,XpressBees,2025-01-10,2025-01-14,Delivered
SHP009675,ORD009675,Ekart,2025-04-13,2025-04-17,Delivered
SHP009676,ORD009676,XpressBees,2025-04-29,2025-05-05,Delivered
SHP009677,ORD009677,XpressBees,2025-04-05,,Processing
SHP009678,ORD009678,Delhivery,2025-04-21,2025-04-25,Delivered
SHP009679,ORD009679,Delhivery,2025-05-27,2025-05-29,Delivered
SHP009680,ORD009680,BlueDart,2025-01-31,,Shipped
SHP009681,ORD009681,DTDC,2025-01-13,2025-01-15,Delivered
SHP009682,ORD009682,Amazon Logistics,2025-02-27,2025-03-04,Delivered
SHP009683,ORD009683,Delhivery,2025-03-21,2025-03-25,Delivered
SHP009684,ORD009684,Delhivery,2025-05-08,2025-05-12,Delivered
SHP009685,ORD009685,XpressBees,2025-02-26,2025-02-28,Delivered
SHP009686,ORD009686,Amazon Logistics,2025-01-15,2025-01-18,Delivered
SHP009687,ORD009687,DTDC,2025-05-26,2025-05-31,Delivered
SHP009688,ORD009688,Amazon Logistics,2025-05-23,,Processing
SHP009689,ORD009689,BlueDart,2025-04-24,2025-04-27,Delivered
SHP009690,ORD009690,Delhivery,2025-05-22,,Shipped
SHP009691,ORD009691,XpressBees,2025-02-25,2025-02-27,Delivered
SHP009692,ORD009692,DTDC,2025-02-18,2025-02-21,Delivered
SHP009693,ORD009693,BlueDart,2025-01-30,,Shipped
SHP009694,ORD009694,Amazon Logistics,2025-01-24,2025-01-29,Delivered
SHP009695,ORD009695,XpressBees,2025-06-27,2025-07-02,Delivered
SHP009696,ORD009696,BlueDart,2025-06-29,2025-07-03,Delivered
SHP009697,ORD009697,Delhivery,2025-05-31,2025-06-04,Delivered
SHP009698,ORD009698,Ekart,2025-03-28,2025-04-01,Delivered
SHP009699,ORD009699,DTDC,2025-04-03,,Cancelled
SHP009700,ORD009700,Delhivery,2025-03-08,2025-03-12,Delivered
SHP009701,ORD009701,BlueDart,2025-03-20,,Pending
SHP009702,ORD009702,Delhivery,2025-05-13,2025-05-18,Delivered
SHP009703,ORD009703,Delhivery,2025-05-06,,Cancelled
SHP009704,ORD009704,Amazon Logistics,2025-05-10,2025-05-12,Delivered
SHP009705,ORD009705,Delhivery,2025-04-17,,Pending
SHP009706,ORD009706,DTDC,2025-05-29,,Processing
SHP009707,ORD009707,DTDC,2025-06-13,,Pending
SHP009708,ORD009708,BlueDart,2025-05-30,2025-06-03,Delivered
SHP009709,ORD009709,Amazon Logistics,2025-04-06,,Cancelled
SHP009710,ORD009710,Delhivery,2025-02-08,2025-02-13,Delivered
SHP009711,ORD009711,Delhivery,2025-04-22,2025-04-27,Delivered
SHP009712,ORD009712,XpressBees,2025-02-12,2025-02-18,Delivered
SHP009713,ORD009713,DTDC,2025-03-31,2025-04-04,Delivered
SHP009714,ORD009714,Delhivery,2025-04-09,2025-04-12,Delivered
SHP009715,ORD009715,BlueDart,2025-01-17,2025-01-20,Delivered
SHP009716,ORD009716,Amazon Logistics,2025-03-29,2025-04-03,Delivered
SHP009717,ORD009717,Amazon Logistics,2025-01-15,,Processing
SHP009718,ORD009718,Amazon Logistics,2025-05-17,2025-05-19,Delivered
SHP009719,ORD009719,XpressBees,2025-06-26,2025-06-29,Delivered
SHP009720,ORD009720,DTDC,2025-01-19,2025-01-21,Delivered
SHP009721,ORD009721,Ekart,2025-03-29,,Pending
SHP009722,ORD009722,Amazon Logistics,2025-05-15,2025-05-19,Delivered
SHP009723,ORD009723,BlueDart,2025-05-01,2025-05-07,Delivered
SHP009724,ORD009724,Amazon Logistics,2025-02-12,2025-02-16,Delivered
SHP009725,ORD009725,Delhivery,2025-02-24,2025-03-02,Delivered
SHP009726,ORD009726,XpressBees,2025-03-05,2025-03-10,Delivered
SHP009727,ORD009727,Ekart,2025-06-02,2025-06-06,Delivered
SHP009728,ORD009728,BlueDart,2025-03-02,2025-03-08,Delivered
SHP009729,ORD009729,Delhivery,2025-03-10,,Cancelled
SHP009730,ORD009730,DTDC,2025-05-23,2025-05-28,Delivered
SHP009731,ORD009731,Ekart,2025-05-31,2025-06-03,Delivered
SHP009732,ORD009732,Ekart,2025-01-20,2025-01-24,Delivered
SHP009733,ORD009733,Amazon Logistics,2025-02-15,,Processing
SHP009734,ORD009734,Amazon Logistics,2025-03-23,2025-03-26,Delivered
SHP009735,ORD009735,DTDC,2025-03-16,2025-03-21,Delivered
SHP009736,ORD009736,Amazon Logistics,2025-06-23,,Processing
SHP009737,ORD009737,DTDC,2025-06-29,2025-07-02,Delivered
SHP009738,ORD009738,DTDC,2025-05-19,2025-05-23,Delivered
SHP009739,ORD009739,BlueDart,2025-02-11,2025-02-17,Delivered
SHP009740,ORD009740,BlueDart,2025-05-31,2025-06-06,Delivered
SHP009741,ORD009741,XpressBees,2025-04-17,,Processing
SHP009742,ORD009742,Amazon Logistics,2025-06-01,,Pending
SHP009743,ORD009743,BlueDart,2025-05-10,,Processing
SHP009744,ORD009744,BlueDart,2025-03-12,,Processing
SHP009745,ORD009745,DTDC,2025-06-02,2025-06-06,Delivered
SHP009746,ORD009746,XpressBees,2025-04-16,2025-04-21,Delivered
SHP009747,ORD009747,DTDC,2025-04-22,2025-04-26,Delivered
SHP009748,ORD009748,BlueDart,2025-02-27,2025-03-01,Delivered
SHP009749,ORD009749,XpressBees,2025-02-01,2025-02-05,Delivered
SHP009750,ORD009750,XpressBees,2025-02-13,2025-02-15,Delivered
SHP009751,ORD009751,Ekart,2025-03-03,2025-03-05,Delivered
SHP009752,ORD009752,XpressBees,2025-06-27,2025-06-30,Delivered
SHP009753,ORD009753,Delhivery,2025-06-06,2025-06-10,Delivered
SHP009754,ORD009754,Amazon Logistics,2025-04-22,2025-04-24,Delivered
SHP009755,ORD009755,DTDC,2025-01-10,2025-01-13,Delivered
SHP009756,ORD009756,DTDC,2025-04-21,2025-04-25,Delivered
SHP009757,ORD009757,Delhivery,2025-01-23,,Processing
SHP009758,ORD009758,Delhivery,2025-05-16,,Processing
SHP009759,ORD009759,Amazon Logistics,2025-04-24,,Processing
SHP009760,ORD009760,XpressBees,2025-03-26,2025-03-31,Delivered
SHP009761,ORD009761,DTDC,2025-06-06,2025-06-11,Delivered
SHP009762,ORD009762,BlueDart,2025-04-21,2025-04-26,Delivered
SHP009763,ORD009763,DTDC,2025-04-05,2025-04-08,Delivered
SHP009764,ORD009764,Ekart,2025-06-13,2025-06-16,Delivered
SHP009765,ORD009765,BlueDart,2025-04-06,2025-04-12,Delivered
SHP009766,ORD009766,Amazon Logistics,2025-04-25,2025-04-29,Delivered
SHP009767,ORD009767,Delhivery,2025-04-13,2025-04-19,Delivered
SHP009768,ORD009768,DTDC,2025-01-12,2025-01-17,Delivered
SHP009769,ORD009769,XpressBees,2025-01-17,2025-01-21,Delivered
SHP009770,ORD009770,XpressBees,2025-04-25,2025-05-01,Delivered
SHP009771,ORD009771,XpressBees,2025-04-08,2025-04-13,Delivered
SHP009772,ORD009772,Delhivery,2025-04-30,,Shipped
SHP009773,ORD009773,XpressBees,2025-02-19,,Pending
SHP009774,ORD009774,XpressBees,2025-03-24,2025-03-28,Delivered
SHP009775,ORD009775,Amazon Logistics,2025-04-22,2025-04-26,Delivered
SHP009776,ORD009776,Amazon Logistics,2025-02-21,2025-02-25,Delivered
SHP009777,ORD009777,Delhivery,2025-05-10,2025-05-13,Delivered
SHP009778,ORD009778,Ekart,2025-03-03,2025-03-06,Delivered
SHP009779,ORD009779,BlueDart,2025-06-25,2025-06-29,Delivered
SHP009780,ORD009780,XpressBees,2025-02-16,2025-02-21,Delivered
SHP009781,ORD009781,Delhivery,2025-01-17,2025-01-21,Delivered
SHP009782,ORD009782,Delhivery,2025-02-04,2025-02-09,Delivered
SHP009783,ORD009783,Ekart,2025-06-10,2025-06-12,Delivered
SHP009784,ORD009784,XpressBees,2025-04-29,2025-05-02,Delivered
SHP009785,ORD009785,Delhivery,2025-03-19,,Processing
SHP009786,ORD009786,XpressBees,2025-03-08,2025-03-10,Delivered
SHP009787,ORD009787,Delhivery,2025-03-10,2025-03-12,Delivered
SHP009788,ORD009788,Delhivery,2025-04-08,2025-04-10,Delivered
SHP009789,ORD009789,Amazon Logistics,2025-03-20,2025-03-23,Delivered
SHP009790,ORD009790,Delhivery,2025-02-23,2025-02-28,Delivered
SHP009791,ORD009791,Amazon Logistics,2025-02-12,2025-02-15,Delivered
SHP009792,ORD009792,DTDC,2025-01-06,,Processing
SHP009793,ORD009793,Amazon Logistics,2025-06-17,2025-06-19,Delivered
SHP009794,ORD009794,Ekart,2025-02-26,2025-02-28,Delivered
SHP009795,ORD009795,DTDC,2025-01-04,2025-01-09,Delivered
SHP009796,ORD009796,DTDC,2025-02-05,2025-02-10,Delivered
SHP009797,ORD009797,Amazon Logistics,2025-05-01,2025-05-03,Delivered
SHP009798,ORD009798,Delhivery,2025-01-08,2025-01-10,Delivered
SHP009799,ORD009799,BlueDart,2025-07-01,2025-07-07,Delivered
SHP009800,ORD009800,Ekart,2025-05-03,2025-05-07,Delivered
SHP009801,ORD009801,Delhivery,2025-03-18,2025-03-22,Delivered
SHP009802,ORD009802,XpressBees,2025-06-01,2025-06-06,Delivered
SHP009803,ORD009803,XpressBees,2025-06-18,2025-06-20,Delivered
SHP009804,ORD009804,Delhivery,2025-03-11,,Processing
SHP009805,ORD009805,BlueDart,2025-03-17,2025-03-23,Delivered
SHP009806,ORD009806,XpressBees,2025-01-10,2025-01-16,Delivered
SHP009807,ORD009807,BlueDart,2025-06-07,,Shipped
SHP009808,ORD009808,DTDC,2025-02-20,2025-02-22,Delivered
SHP009809,ORD009809,Amazon Logistics,2025-03-22,2025-03-27,Delivered
SHP009810,ORD009810,Delhivery,2025-02-09,2025-02-15,Delivered
SHP009811,ORD009811,XpressBees,2025-06-29,2025-07-01,Delivered
SHP009812,ORD009812,DTDC,2025-01-07,2025-01-09,Delivered
SHP009813,ORD009813,BlueDart,2025-04-27,2025-05-01,Delivered
SHP009814,ORD009814,DTDC,2025-04-21,,Shipped
SHP009815,ORD009815,Delhivery,2025-05-16,,Cancelled
SHP009816,ORD009816,DTDC,2025-04-19,2025-04-21,Delivered
SHP009817,ORD009817,DTDC,2025-04-19,2025-04-23,Delivered
SHP009818,ORD009818,Amazon Logistics,2025-03-13,2025-03-19,Delivered
SHP009819,ORD009819,Ekart,2025-04-13,2025-04-16,Delivered
SHP009820,ORD009820,XpressBees,2025-01-30,2025-02-03,Delivered
SHP009821,ORD009821,Amazon Logistics,2025-02-17,2025-02-19,Delivered
SHP009822,ORD009822,DTDC,2025-04-29,2025-05-03,Delivered
SHP009823,ORD009823,DTDC,2025-01-19,2025-01-25,Delivered
SHP009824,ORD009824,DTDC,2025-03-23,2025-03-25,Delivered
SHP009825,ORD009825,Delhivery,2025-03-03,2025-03-08,Delivered
SHP009826,ORD009826,XpressBees,2025-06-10,2025-06-13,Delivered
SHP009827,ORD009827,XpressBees,2025-07-01,,Shipped
SHP009828,ORD009828,Amazon Logistics,2025-06-12,2025-06-15,Delivered
SHP009829,ORD009829,Delhivery,2025-04-10,2025-04-15,Delivered
SHP009830,ORD009830,Ekart,2025-03-06,2025-03-10,Delivered
SHP009831,ORD009831,Amazon Logistics,2025-06-14,2025-06-19,Returned
SHP009832,ORD009832,Ekart,2025-02-02,,Shipped
SHP009833,ORD009833,Amazon Logistics,2025-03-29,2025-04-04,Delivered
SHP009834,ORD009834,DTDC,2025-06-25,2025-06-30,Delivered
SHP009835,ORD009835,DTDC,2025-01-04,2025-01-09,Delivered
SHP009836,ORD009836,BlueDart,2025-03-25,2025-03-28,Delivered
SHP009837,ORD009837,XpressBees,2025-01-29,,Processing
SHP009838,ORD009838,BlueDart,2025-03-02,2025-03-07,Delivered
SHP009839,ORD009839,Delhivery,2025-07-01,,Processing
SHP009840,ORD009840,Ekart,2025-04-18,2025-04-22,Delivered
SHP009841,ORD009841,BlueDart,2025-06-20,2025-06-25,Delivered
SHP009842,ORD009842,BlueDart,2025-04-27,,Shipped
SHP009843,ORD009843,Delhivery,2025-06-03,2025-06-09,Delivered
SHP009844,ORD009844,Ekart,2025-01-13,2025-01-16,Delivered
SHP009845,ORD009845,XpressBees,2025-02-19,2025-02-24,Delivered
SHP009846,ORD009846,Delhivery,2025-02-22,,Cancelled
SHP009847,ORD009847,Amazon Logistics,2025-01-20,2025-01-23,Delivered
SHP009848,ORD009848,DTDC,2025-06-26,2025-07-02,Delivered
SHP009849,ORD009849,BlueDart,2025-01-05,2025-01-11,Delivered
SHP009850,ORD009850,BlueDart,2025-01-13,2025-01-19,Delivered
SHP009851,ORD009851,Delhivery,2025-01-10,2025-01-16,Delivered
SHP009852,ORD009852,Ekart,2025-06-21,2025-06-24,Delivered
SHP009853,ORD009853,DTDC,2025-01-17,2025-01-22,Delivered
SHP009854,ORD009854,Delhivery,2025-02-04,2025-02-06,Delivered
SHP009855,ORD009855,Delhivery,2025-02-07,2025-02-13,Delivered
SHP009856,ORD009856,XpressBees,2025-02-28,2025-03-04,Delivered
SHP009857,ORD009857,BlueDart,2025-03-31,2025-04-04,Delivered
SHP009858,ORD009858,BlueDart,2025-06-04,,Processing
SHP009859,ORD009859,Ekart,2025-05-05,,Pending
SHP009860,ORD009860,Ekart,2025-01-17,2025-01-21,Delivered
SHP009861,ORD009861,DTDC,2025-02-19,2025-02-21,Delivered
SHP009862,ORD009862,Delhivery,2025-02-04,2025-02-10,Delivered
SHP009863,ORD009863,BlueDart,2025-04-13,,Cancelled
SHP009864,ORD009864,Ekart,2025-06-17,2025-06-23,Delivered
SHP009865,ORD009865,Ekart,2025-02-17,,Pending
SHP009866,ORD009866,Delhivery,2025-06-13,2025-06-15,Delivered
SHP009867,ORD009867,BlueDart,2025-01-17,2025-01-21,Delivered
SHP009868,ORD009868,Amazon Logistics,2025-06-12,2025-06-15,Delivered
SHP009869,ORD009869,Ekart,2025-02-23,,Shipped
SHP009870,ORD009870,Amazon Logistics,2025-04-06,2025-04-08,Delivered
SHP009871,ORD009871,DTDC,2025-02-18,,Processing
SHP009872,ORD009872,Delhivery,2025-05-16,2025-05-19,Delivered
SHP009873,ORD009873,XpressBees,2025-06-11,2025-06-16,Delivered
SHP009874,ORD009874,Ekart,2025-01-29,,Processing
SHP009875,ORD009875,BlueDart,2025-06-08,2025-06-10,Delivered
SHP009876,ORD009876,Ekart,2025-02-02,,Shipped
SHP009877,ORD009877,BlueDart,2025-06-18,,Shipped
SHP009878,ORD009878,BlueDart,2025-01-27,2025-02-01,Returned
SHP009879,ORD009879,DTDC,2025-03-09,2025-03-13,Delivered
SHP009880,ORD009880,Ekart,2025-04-12,,Shipped
SHP009881,ORD009881,BlueDart,2025-04-14,,Shipped
SHP009882,ORD009882,DTDC,2025-04-14,,Shipped
SHP009883,ORD009883,XpressBees,2025-03-02,,Pending
SHP009884,ORD009884,Ekart,2025-06-01,2025-06-05,Delivered
SHP009885,ORD009885,XpressBees,2025-01-21,2025-01-27,Delivered
SHP009886,ORD009886,XpressBees,2025-04-03,2025-04-07,Delivered
SHP009887,ORD009887,XpressBees,2025-03-01,2025-03-04,Delivered
SHP009888,ORD009888,XpressBees,2025-01-06,,Shipped
SHP009889,ORD009889,Amazon Logistics,2025-06-23,2025-06-29,Delivered
SHP009890,ORD009890,Ekart,2025-03-13,,Shipped
SHP009891,ORD009891,Delhivery,2025-03-16,2025-03-21,Delivered
SHP009892,ORD009892,DTDC,2025-01-30,,Processing
SHP009893,ORD009893,Ekart,2025-03-18,2025-03-20,Delivered
SHP009894,ORD009894,BlueDart,2025-04-28,,Shipped
SHP009895,ORD009895,BlueDart,2025-05-12,,Shipped
SHP009896,ORD009896,XpressBees,2025-02-06,,Processing
SHP009897,ORD009897,Delhivery,2025-04-06,2025-04-09,Delivered
SHP009898,ORD009898,XpressBees,2025-01-14,,Processing
SHP009899,ORD009899,Ekart,2025-03-31,2025-04-05,Delivered
SHP009900,ORD009900,DTDC,2025-05-07,2025-05-12,Delivered
SHP009901,ORD009901,BlueDart,2025-01-18,2025-01-22,Delivered
SHP009902,ORD009902,BlueDart,2025-03-08,2025-03-13,Delivered
SHP009903,ORD009903,XpressBees,2025-06-07,2025-06-10,Delivered
SHP009904,ORD009904,BlueDart,2025-02-02,,Processing
SHP009905,ORD009905,Delhivery,2025-01-24,2025-01-30,Delivered
SHP009906,ORD009906,Amazon Logistics,2025-06-18,,Shipped
SHP009907,ORD009907,Amazon Logistics,2025-02-25,2025-03-02,Delivered
SHP009908,ORD009908,XpressBees,2025-03-23,2025-03-27,Delivered
SHP009909,ORD009909,Ekart,2025-06-01,2025-06-04,Delivered
SHP009910,ORD009910,Delhivery,2025-03-20,2025-03-22,Delivered
SHP009911,ORD009911,DTDC,2025-05-03,,Processing
SHP009912,ORD009912,BlueDart,2025-01-07,2025-01-12,Delivered
SHP009913,ORD009913,DTDC,2025-04-22,2025-04-25,Returned
SHP009914,ORD009914,XpressBees,2025-03-18,2025-03-21,Delivered
SHP009915,ORD009915,XpressBees,2025-04-06,,Pending
SHP009916,ORD009916,Delhivery,2025-02-08,2025-02-12,Delivered
SHP009917,ORD009917,Ekart,2025-04-25,2025-04-29,Delivered
SHP009918,ORD009918,Delhivery,2025-05-14,2025-05-20,Delivered
SHP009919,ORD009919,Ekart,2025-04-25,2025-04-28,Delivered
SHP009920,ORD009920,Ekart,2025-01-13,,Shipped
SHP009921,ORD009921,XpressBees,2025-02-04,2025-02-08,Delivered
SHP009922,ORD009922,XpressBees,2025-02-19,2025-02-23,Delivered
SHP009923,ORD009923,Amazon Logistics,2025-02-04,2025-02-09,Delivered
SHP009924,ORD009924,DTDC,2025-01-14,,Pending
SHP009925,ORD009925,XpressBees,2025-04-28,,Shipped
SHP009926,ORD009926,BlueDart,2025-02-12,2025-02-14,Delivered
SHP009927,ORD009927,DTDC,2025-06-25,2025-07-01,Delivered
SHP009928,ORD009928,BlueDart,2025-05-12,2025-05-16,Delivered
SHP009929,ORD009929,Ekart,2025-01-08,2025-01-11,Delivered
SHP009930,ORD009930,BlueDart,2025-03-10,2025-03-15,Returned
SHP009931,ORD009931,DTDC,2025-01-10,2025-01-14,Delivered
SHP009932,ORD009932,Amazon Logistics,2025-05-27,2025-05-31,Delivered
SHP009933,ORD009933,BlueDart,2025-06-13,2025-06-17,Delivered
SHP009934,ORD009934,BlueDart,2025-01-14,,Shipped
SHP009935,ORD009935,Delhivery,2025-05-01,2025-05-06,Delivered
SHP009936,ORD009936,Ekart,2025-01-03,2025-01-07,Delivered
SHP009937,ORD009937,BlueDart,2025-05-26,2025-05-30,Delivered
SHP009938,ORD009938,Amazon Logistics,2025-06-27,2025-06-29,Returned
SHP009939,ORD009939,Delhivery,2025-04-12,2025-04-18,Delivered
SHP009940,ORD009940,XpressBees,2025-01-20,2025-01-24,Delivered
SHP009941,ORD009941,Delhivery,2025-06-10,2025-06-15,Delivered
SHP009942,ORD009942,Ekart,2025-05-25,2025-05-29,Delivered
SHP009943,ORD009943,DTDC,2025-05-05,,Processing
SHP009944,ORD009944,Delhivery,2025-06-01,2025-06-03,Delivered
SHP009945,ORD009945,XpressBees,2025-04-07,,Processing
SHP009946,ORD009946,BlueDart,2025-06-26,2025-07-02,Delivered
SHP009947,ORD009947,Delhivery,2025-01-21,2025-01-24,Delivered
SHP009948,ORD009948,BlueDart,2025-03-25,,Cancelled
SHP009949,ORD009949,BlueDart,2025-01-17,,Cancelled
SHP009950,ORD009950,BlueDart,2025-06-14,2025-06-18,Delivered
SHP009951,ORD009951,Amazon Logistics,2025-01-25,2025-01-29,Delivered
SHP009952,ORD009952,DTDC,2025-06-23,2025-06-25,Delivered
SHP009953,ORD009953,Delhivery,2025-02-03,,Processing
SHP009954,ORD009954,Ekart,2025-05-10,2025-05-13,Delivered
SHP009955,ORD009955,XpressBees,2025-01-25,2025-01-29,Delivered
SHP009956,ORD009956,DTDC,2025-05-17,2025-05-19,Delivered
SHP009957,ORD009957,DTDC,2025-03-18,2025-03-23,Delivered
SHP009958,ORD009958,Ekart,2025-05-04,,Cancelled
SHP009959,ORD009959,Ekart,2025-01-16,2025-01-22,Delivered
SHP009960,ORD009960,BlueDart,2025-05-19,,Shipped
SHP009961,ORD009961,DTDC,2025-05-20,2025-05-24,Delivered
SHP009962,ORD009962,Delhivery,2025-06-03,2025-06-09,Delivered
SHP009963,ORD009963,Delhivery,2025-04-10,,Shipped
SHP009964,ORD009964,Ekart,2025-03-27,2025-03-30,Delivered
SHP009965,ORD009965,BlueDart,2025-02-21,2025-02-26,Delivered
SHP009966,ORD009966,BlueDart,2025-04-23,2025-04-28,Delivered
SHP009967,ORD009967,Delhivery,2025-01-13,2025-01-18,Delivered
SHP009968,ORD009968,DTDC,2025-05-15,2025-05-19,Delivered
SHP009969,ORD009969,Ekart,2025-06-11,2025-06-15,Delivered
SHP009970,ORD009970,BlueDart,2025-05-12,2025-05-18,Delivered
SHP009971,ORD009971,Ekart,2025-01-23,,Processing
SHP009972,ORD009972,Amazon Logistics,2025-03-19,2025-03-24,Delivered
SHP009973,ORD009973,XpressBees,2025-06-03,2025-06-07,Delivered
SHP009974,ORD009974,DTDC,2025-02-17,2025-02-19,Delivered
SHP009975,ORD009975,Delhivery,2025-01-10,2025-01-15,Delivered
SHP009976,ORD009976,Amazon Logistics,2025-06-10,2025-06-16,Delivered
SHP009977,ORD009977,XpressBees,2025-02-08,2025-02-11,Delivered
SHP009978,ORD009978,DTDC,2025-06-25,2025-06-29,Delivered
SHP009979,ORD009979,Ekart,2025-03-05,,Shipped
SHP009980,ORD009980,XpressBees,2025-06-16,2025-06-18,Delivered
SHP009981,ORD009981,XpressBees,2025-04-11,,Cancelled
SHP009982,ORD009982,Amazon Logistics,2025-03-21,2025-03-26,Delivered
SHP009983,ORD009983,Ekart,2025-01-09,2025-01-13,Delivered
SHP009984,ORD009984,BlueDart,2025-01-21,2025-01-23,Delivered
SHP009985,ORD009985,Delhivery,2025-05-02,2025-05-05,Delivered
SHP009986,ORD009986,DTDC,2025-05-16,2025-05-19,Delivered
SHP009987,ORD009987,Delhivery,2025-06-04,2025-06-07,Delivered
SHP009988,ORD009988,Delhivery,2025-02-08,2025-02-11,Delivered
SHP009989,ORD009989,Ekart,2025-05-14,,Pending
SHP009990,ORD009990,Ekart,2025-04-20,,Processing
SHP009991,ORD009991,Delhivery,2025-06-14,2025-06-17,Delivered
SHP009992,ORD009992,XpressBees,2025-01-16,2025-01-18,Delivered
SHP009993,ORD009993,XpressBees,2025-03-29,,Shipped
SHP009994,ORD009994,DTDC,2025-04-24,2025-04-29,Delivered
SHP009995,ORD009995,Amazon Logistics,2025-02-05,,Shipped
SHP009996,ORD009996,BlueDart,2025-04-06,2025-04-09,Delivered
SHP009997,ORD009997,Amazon Logistics,2025-04-04,,Processing
SHP009998,ORD009998,Delhivery,2025-04-05,2025-04-08,Delivered
SHP009999,ORD009999,DTDC,2025-06-23,2025-06-26,Delivered
SHP010000,ORD010000,BlueDart,2025-05-27,2025-05-31,Delivered
